0	0.0000021662
1	0.0100175311
2	0.0000063008
3	0.0017033250
4	0.0002155051
5	0.0000504376
6	0.0017620696
7	0.0008837934
8	0.0017909949
9	0.0009395698
10	0.0005814436
11	0.0003392647
12	0.0008635004
13	0.0004239523
14	0.0004258009
15	0.0015672142
16	0.0016570681
17	0.0005975809
18	0.4155663892
19	0.0015967711
20	0.0005237349
21	0.0005206216
22	0.0007268695
23	0.0007628031
24	0.0007490829
25	0.0002974926
26	0.0000057224
27	0.0007265223
28	0.3675618153
29	0.0013655456
30	0.0004674460
31	0.0000197835
32	0.0013753911
33	0.0004325410
34	0.0006721250
35	0.0006582079
36	0.0006584822
37	0.0013101199
38	0.0004182712
39	0.0002563815
40	0.0003167508
41	0.0386457955
42	0.0003065450
43	0.0011695152
44	0.0012163225
45	0.0005593870
46	0.0011919093
47	0.0000041699
48	0.0001568556
49	0.0003424375
50	0.0000243449
51	0.0419070664
52	0.0011349416
53	0.0000043912
54	0.0000171754
55	0.0010884173
56	0.0005423323
57	0.0002707911
58	0.0005005154
59	0.0005196959
60	0.0018360690
61	0.0038562331
62	0.0010359048
63	0.0876324856
64	0.0074469308
65	0.0047856663
66	0.0009932042
67	0.0004328854
68	0.0008780356
69	0.0000649489
70	0.0003761517
71	0.2458775462
72	0.0003805041
73	0.0004698253
74	0.0001268079
75	0.0002321292
76	0.0009123971
77	0.0001456432
78	0.0000154259
79	0.0000000000
80	0.0004365166
81	0.0047744417
82	0.0004382562
83	0.0002202220
84	0.2240937009
85	0.0021597046
86	0.0002871639
87	0.0008563735
88	0.0362761319
89	0.0008441565
90	0.0003284171
91	0.0000029180
92	0.0004153275
93	0.0000000000
94	0.0003912567
95	0.0347759555
96	0.0004023808
97	0.0003747210
98	0.0001439602
99	0.0007257205
100	0.0071819899
101	0.0004230206
102	0.0042019613
103	0.0000063354
104	0.0000258620
105	0.0001542362
106	0.1964432635
107	0.0000574688
108	0.0003724655
109	0.0000626143
110	0.0007497143
111	0.0378761332
112	0.0000025788
113	0.0000319642
114	0.0001693975
115	0.0003612833
116	0.0007289454
117	0.0463872240
118	0.0000000000
119	0.0458212985
120	0.0007060978
121	0.0006937710
122	0.0000066993
123	0.0003501711
124	0.0001945845
125	0.0027955336
126	0.2609231758
127	0.0000187764
128	0.0010009368
129	0.0001585139
130	0.0000944966
131	0.0006683100
132	0.0002275255
133	0.0000505897
134	0.0002234434
135	0.0002201661
136	0.0002121096
137	0.0154343235
138	0.0844087113
139	0.0000000000
140	0.0000027362
141	0.1669280020
142	0.0000610751
143	0.0000339447
144	0.2593560469
145	0.0009251821
146	0.0002371908
147	0.0001049900
148	0.0002148846
149	0.0038950798
150	0.0102669071
151	0.0006448383
152	0.0000086600
153	0.0000279252
154	0.0820842540
155	0.0003188827
156	0.0001622145
157	0.0000287138
158	0.0009280904
159	0.0000005703
160	0.0267703173
161	0.0000036074
162	0.0000000000
163	0.0002069047
164	0.0039514085
165	0.0000760980
166	0.0000295442
167	0.0009130860
168	0.0004517779
169	0.0058691305
170	0.0002085527
171	0.0008394418
172	0.0004122619
173	0.0072626289
174	0.0004163424
175	0.0001863991
176	0.0111932219
177	0.0004064711
178	0.0000059926
179	0.0003962349
180	0.0001183023
181	0.0000281037
182	0.1547544249
183	0.0000859092
184	0.0001263631
185	0.0004208914
186	0.0746244557
187	0.0000010476
188	0.0000054293
189	0.0000315044
190	0.1982848579
191	0.0000819995
192	0.0044129403
193	0.0000021755
194	0.0082515758
195	0.0000394875
196	0.0000021607
197	0.0000877585
198	0.0003605817
199	0.0004496797
200	0.0007216275
201	0.0045723168
202	0.0038671425
203	0.0005687103
204	0.0000246595
205	0.0002807602
206	0.0007071795
207	0.0007025998
208	0.0001371525
209	0.0000005827
210	0.0003415105
211	0.0000795489
212	0.0090100835
213	0.0053974114
214	0.0006680370
215	0.0000858777
216	0.0001189008
217	0.0000567507
218	0.0000183496
219	0.0000502445
220	0.0000466609
221	0.0016620186
222	0.0002776768
223	0.0269135745
224	0.0003112733
225	0.0198168320
226	0.0299330680
227	0.0000000000
228	0.0006112888
229	0.1556934832
230	0.0000015908
231	0.0000446501
232	0.0000045014
233	0.0303235224
234	0.0005871327
235	0.0002910484
236	0.0005771465
237	0.0005722794
238	0.0005674935
239	0.1440734224
240	0.0000287907
241	0.1417223308
242	0.0005491219
243	0.0697231915
244	0.0005603787
245	0.0005320594
246	0.0005576523
247	0.0021856523
248	0.0000446751
249	0.0021751089
250	0.0000952627
251	0.0000015524
252	0.0005469918
253	0.0000457678
254	0.0010587924
255	0.0170206861
256	0.0001732077
257	0.0000601372
258	0.0000027218
259	0.0000000000
260	0.0001261491
261	0.0005249398
262	0.0005021050
263	0.0001748164
264	0.0000550639
265	0.0000000000
266	0.1342338780
267	0.0000206280
268	0.1336175184
269	0.0040304977
270	0.0000056992
271	0.0000422902
272	0.0001330659
273	0.0005148428
274	0.0000032227
275	0.0040335798
276	0.0001690774
277	0.0435377872
278	0.0004067325
279	0.0317951887
280	0.0004911423
281	0.0002443294
282	0.0005079203
283	0.0002503805
284	0.0002492662
285	0.0002496096
286	0.0004989558
287	0.0207400978
288	0.1235528441
289	0.0317926744
290	0.0003475282
291	0.0211022143
292	0.1260603960
293	0.0004902811
294	0.0004758367
295	0.0001180124
296	0.0002310056
297	0.0000619550
298	0.0004618989
299	0.0004596507
300	0.0002278261
301	0.0002267371
302	0.0002252232
303	0.0004474578
304	0.0000884867
305	0.0004415951
306	0.0004353186
307	0.0557926666
308	0.0004330764
309	0.0004269717
310	0.0004259088
311	0.0004232181
312	0.0004205600
313	0.0001396737
314	0.0002080748
315	0.0004111767
316	0.0004118462
317	0.0004093335
318	0.0002436023
319	0.0002034251
320	0.0004028222
321	0.0004019697
322	0.0003995715
323	0.1016834103
324	0.0003771769
325	0.0001285040
326	0.0003902484
327	0.0496617776
328	0.0003834950
329	0.0003820338
330	0.0003709645
331	0.0004860481
332	0.0970666659
333	0.0003770224
334	0.0479873517
335	0.0001856761
336	0.0001850020
337	0.0003644021
338	0.0003666399
339	0.0001213848
340	0.0001207223
341	0.0000513236
342	0.0001790100
343	0.0913381763
344	0.0003521289
345	0.0003523014
346	0.0898862306
347	0.0003452199
348	0.0003474313
349	0.0003351421
350	0.0001719086
351	0.0000281639
352	0.0871100842
353	0.0004837207
354	0.0004818823
355	0.0000015121
356	0.0136483328
357	0.0032097456
358	0.0004496774
359	0.0152242045
360	0.0000044379
361	0.0037740157
362	0.0000384056
363	0.0075163687
364	0.0016867495
365	0.0298150982
366	0.0004109529
367	0.0002274504
368	0.0003991962
369	0.0001055436
370	0.0001649656
371	0.0003333904
372	0.0000552851
373	0.0001490157
374	0.0003283983
375	0.0001089218
376	0.0002121210
377	0.0001606908
378	0.0002277247
379	0.0092030672
380	0.0003207048
381	0.0000314247
382	0.0000734046
383	0.0000000000
384	0.0001879542
385	0.0004337282
386	0.0002235850
387	0.1140164302
388	0.0003163542
389	0.0021374731
390	0.0004129481
391	0.0006722009
392	0.0004418296
393	0.0000104450
394	0.0280533857
395	0.0558854918
396	0.0000348020
397	0.0003130112
398	0.0002161704
399	0.0004464707
400	0.0000941708
401	0.0000121916
402	0.0001427154
403	0.0023230108
404	0.0000447943
405	0.0001530263
406	0.0003127308
407	0.0001126593
408	0.0008270424
409	0.1071062699
410	0.0000000000
411	0.0033217583
412	0.0003112411
413	0.0004136541
414	0.0001218122
415	0.0000285444
416	0.0000000000
417	0.0003042249
418	0.0000789060
419	0.0517425469
420	0.0206266416
421	0.0389104821
422	0.0000888572
423	0.0018370071
424	0.0000335032
425	0.0000787316
426	0.0115480111
427	0.1035473831
428	0.0132281884
429	0.0003011749
430	0.0515826272
431	0.0029517435
432	0.0147947235
433	0.0000000000
434	0.0002368958
435	0.0031246299
436	0.0000677683
437	0.0002909408
438	0.0375065495
439	0.0000420706
440	0.0001183766
441	0.0740083714
442	0.1027856884
443	0.1024086590
444	0.0000942144
445	0.1016621095
446	0.0000115466
447	0.0733523727
448	0.0000614200
449	0.1012925397
450	0.0003942399
451	0.0002840121
452	0.0002827673
453	0.0002782715
454	0.0000467179
455	0.0000692995
456	0.0201121376
457	0.0003121444
458	0.0002778875
459	0.0000682422
460	0.0001080139
461	0.0003842073
462	0.0001916052
463	0.0196843498
464	0.0089157524
465	0.0244317593
466	0.0069559292
467	0.0161735282
468	0.0050895526
469	0.0000491402
470	0.0001875558
471	0.0003738098
472	0.0001419109
473	0.0006692604
474	0.0003699527
475	0.0002734870
476	0.0003672484
477	0.0001621721
478	0.0000157116
479	0.0003661671
480	0.0003649207
481	0.0003255336
482	0.0003610406
483	0.0002743292
484	0.0000687030
485	0.0000295310
486	0.0053556573
487	0.0001260777
488	0.0918533698
489	0.0348164453
490	0.0000489812
491	0.0002708543
492	0.0000881546
493	0.0001184064
494	0.0036253625
495	0.0003461065
496	0.0002697140
497	0.0002685826
498	0.0000667998
499	0.0001329134
500	0.0001152828
501	0.0000270591
502	0.0000385032
503	0.0000076901
504	0.0001279520
505	0.0665184798
506	2.1199385883
507	0.0023569559
508	0.0082474625
509	0.0657133144
510	0.0016370054
511	0.0002556598
512	0.0050143416
513	0.0897385800
514	0.0000097062
515	0.0000841811
516	0.0037024543
517	0.0162314771
518	0.0323336424
519	0.0644105484
520	0.0320778392
521	0.0014523331
522	0.0159128643
523	0.0126804132
524	0.0315772306
525	0.0209695415
526	1.7824579236
527	0.0000000000
528	0.0000809655
529	0.0077428224
530	0.0000091701
531	0.0002401160
532	0.0612357051
533	0.0002373671
534	0.0002373930
535	0.0001180184
536	0.0003459731
537	0.0147135049
538	0.0603158609
539	0.0000733289
540	0.0016691621
541	0.0000105509
542	0.0000116943
543	0.0001162434
544	0.0000379646
545	0.0000773710
546	0.0004588668
547	0.0045371165
548	0.0146913764
549	0.0000000000
550	0.0002287107
551	0.0000969359
552	0.0003393184
553	0.0000014056
554	0.0000861681
555	0.0000168360
556	0.0000738671
557	0.0000199661
558	0.0000420886
559	0.0001922358
560	0.0000353221
561	0.0002221718
562	0.0000096695
563	0.0002180349
564	0.0001571802
565	0.0002181762
566	0.0000153288
567	0.0556766394
568	0.0001401040
569	0.0000187668
570	0.0000335122
571	0.0000238084
572	0.0002119583
573	0.0005563508
574	0.0008489719
575	0.0001650829
576	0.0000344141
577	0.0000179270
578	0.0003371510
579	0.0003347689
580	0.0004143099
581	0.0002100651
582	0.0002093481
583	0.0000053722
584	0.0000098829
585	0.0004378918
586	0.0001650754
587	0.0000087953
588	0.0093797606
589	0.0008614630
590	0.0001342161
591	0.0015828425
592	0.0000190131
593	0.0003256614
594	0.0001054706
595	0.0001000553
596	0.0007801355
597	0.0528701195
598	0.0002050277
599	0.0002051375
600	0.0002044505
601	0.0008150708
602	0.0519907833
603	0.0001599323
604	0.0258231993
605	0.0000260637
606	0.0002128884
607	0.0000141773
608	0.0000995504
609	0.0001121483
610	0.0051783608
611	0.0027532710
612	0.0137239823
613	0.0000932853
614	0.0003196859
615	0.0003126035
616	0.0001579433
617	0.0050637488
618	0.0054062282
619	0.0000007469
620	0.0001575973
621	0.0806026935
622	0.0000298747
623	0.0001878136
624	0.0049984384
625	0.0498234695
626	0.0000000000
627	0.0001439082
628	0.0000007186
629	0.0000090956
630	0.0000695499
631	0.0005618069
632	0.0000585608
633	0.0002592236
634	0.0003129580
635	0.0199691159
636	0.0003110819
637	0.0000828821
638	0.0000992485
639	0.0001891253
640	0.0003021444
641	0.0000516532
642	0.0002800416
643	0.0001541424
644	0.0000267243
645	0.0006014120
646	0.0260755085
647	0.0159875586
648	0.0194989428
649	0.0000893865
650	0.0043076600
651	0.0036814631
652	0.0000044600
653	0.0002987781
654	0.0000741520
655	0.0000386838
656	0.0003694932
657	0.0222160599
658	0.0013974536
659	0.0255454368
660	0.0000079847
661	0.0000052676
662	0.0001848904
663	0.0001760961
664	0.0001844676
665	0.0001831842
666	0.0007333405
667	0.0001820624
668	0.0001822150
669	0.0001816596
670	0.0001736432
671	0.0004814871
672	0.0005486054
673	0.0000134181
674	0.0000612370
675	0.0000010249
676	0.0000445538
677	0.0001289822
678	0.0113486339
679	0.0056573836
680	0.0000000000
681	0.0000321130
682	0.0001752225
683	0.0017889733
684	0.0761924864
685	0.0002967667
686	0.0000870945
687	0.0000311357
688	0.0001224234
689	0.0000492599
690	0.0000715264
691	0.0001736764
692	0.0000111496
693	0.0000005555
694	0.0057606171
695	0.0062228718
696	0.0000024095
697	0.0000080241
698	0.0001582324
699	0.0052885869
700	0.0002796626
701	0.0245408905
702	0.0001916853
703	0.0000487737
704	0.0006348185
705	0.0007491651
706	0.0000827273
707	0.0055843733
708	0.0180986807
709	0.0180483966
710	0.0239978123
711	0.0358971334
712	0.0440715478
713	0.0439430221
714	0.0087630323
715	0.0218439803
716	0.0435614146
717	0.0434355185
718	0.0216551337
719	0.0143952187
720	0.0430616804
721	0.0429383350
722	0.0002775041
723	0.0044624273
724	0.0000668569
725	0.0118345405
726	0.0002766128
727	0.0001049402
728	0.0001379286
729	0.0000456725
730	0.0043897087
731	0.0001667715
732	0.0012735396
733	0.0349274622
734	0.0002721331
735	0.0002682553
736	0.0009254790
737	0.0000179878
738	0.0000000000
739	0.0000031920
740	0.0000485492
741	0.0209868549
742	0.0005231979
743	0.0001630412
744	0.0001619526
745	0.0025941055
746	0.0000758061
747	0.0015875050
748	0.0001829364
749	0.0006413567
750	0.0006395861
751	0.0001159680
752	0.0000131658
753	0.0000453090
754	0.0000414388
755	0.0011215316
756	0.0002153213
757	0.0000066461
758	0.0001540251
759	0.0003095973
760	0.0012069722
761	0.0003484441
762	0.0004042417
763	0.0005896902
764	0.0002478196
765	0.0001505666
766	0.0011197983
767	0.0001520953
768	0.0000144395
769	0.0001999207
770	0.0009720268
771	0.0000031697
772	0.0016815468
773	0.0014286499
774	0.0009159997
775	0.0095927251
776	0.0023918924
777	0.0063616868
778	0.0000055432
779	0.0011865994
780	0.0000000000
781	0.0094435149
782	0.0125587239
783	0.0187893644
784	0.0187408640
785	0.0000142598
786	0.0000019896
787	0.0000347846
788	0.0000044941
789	0.0000134462
790	0.0001729124
791	0.0000313851
792	0.0000395433
793	0.0011127662
794	0.0000522513
795	0.0001427164
796	0.0000820790
797	0.0010386042
798	0.0000013209
799	0.0001407335
800	0.0004625360
801	0.0035987497
802	0.0016317082
803	0.0005595009
804	0.0000736852
805	0.0000786760
806	0.0001381015
807	0.0012587194
808	0.0005226737
809	0.0000502179
810	0.0001314730
811	0.0001220727
812	0.0351921709
813	0.0351056993
814	0.0019455333
815	0.0021833666
816	0.0000034562
817	0.0000336201
818	0.0000048724
819	0.0000558782
820	0.0000036702
821	0.0098193157
822	0.0001342220
823	0.0002501886
824	0.0000000000
825	0.0000387647
826	0.0173394289
827	0.0000078893
828	0.0002500227
829	0.0037681138
830	0.0002505435
831	0.0003039112
832	0.0002234642
833	0.0001465368
834	0.0001307380
835	0.0667626715
836	0.0036993495
837	0.0664147114
838	0.0165604813
839	0.0002570814
840	0.0000825798
841	0.0021202671
842	0.0327793080
843	0.0003792379
844	0.0010379321
845	0.0023293425
846	0.0001128757
847	0.0000000000
848	0.0038067780
849	0.0002531292
850	0.0000566209
851	0.0000059817
852	0.0001287325
853	0.0000755932
854	0.0001252766
855	0.0001311397
856	0.0000608225
857	0.0320328031
858	0.0639033983
859	0.0040834463
860	0.0000023445
861	0.0000406258
862	0.0000000000
863	0.0002467746
864	0.0000084858
865	0.0002408513
866	0.0001328691
867	0.0000712467
868	0.0314725421
869	0.0000152324
870	0.0156578064
871	0.0002331169
872	0.0169665007
873	0.0001765442
874	0.0023024276
875	0.0001086019
876	0.0002416346
877	0.0002410386
878	0.0000341587
879	0.0307013735
880	0.0001322338
881	0.0000052506
882	0.0001319182
883	0.0001115004
884	0.0001887086
885	0.0050670174
886	0.0003441485
887	0.0121017503
888	0.0000017201
889	0.0004561802
890	0.0100117068
891	0.0000647141
892	0.0003396646
893	0.0004353084
894	0.0002323989
895	0.0000635671
896	0.0008312826
897	0.0084788003
898	0.0000433683
899	0.0002312878
900	0.0002289470
901	0.0001360914
902	0.0012247378
903	0.0001309790
904	0.0001229116
905	0.0002628474
906	0.0000125473
907	0.0001264091
908	0.0097514697
909	0.0386228758
910	0.0291851903
911	0.0332931861
912	0.0000576644
913	0.0165682549
914	0.0330586523
915	0.0001288325
916	0.0083189304
917	0.0012186626
918	0.0000620548
919	0.0000056888
920	0.0002269344
921	0.0003184531
922	0.0144555735
923	0.0032048151
924	0.0287758006
925	0.0574170808
926	0.0002098282
927	0.0001250015
928	0.0142013054
929	0.0017859274
930	0.0017817745
931	0.0002187863
932	0.0008252348
933	0.0001108449
934	0.0033306657
935	0.0004153717
936	0.0000388960
937	0.0002196508
938	0.0000989443
939	0.0003886994
940	0.0002172939
941	0.0001274986
942	0.0005672420
943	0.0002166526
944	0.0000636682
945	0.0034585563
946	0.0014529275
947	0.0001232351
948	0.0000942734
949	0.0182790749
950	0.0005820588
951	0.0006823789
952	0.0001797610
953	0.0000286934
954	0.0067779429
955	0.0000106668
956	0.0000030529
957	0.0001339489
958	0.0059845582
959	0.0107482233
960	0.0004848642
961	0.0000317664
962	0.0048638804
963	0.0002085319
964	0.0054078471
965	0.0000138460
966	0.0000878978
967	0.0000908521
968	0.0001050625
969	0.0021212511
970	0.0002050952
971	0.0002038543
972	0.0002808722
973	0.0000104786
974	0.0001496660
975	0.0002446762
976	0.0001026700
977	0.0004334880
978	0.0044273422
979	0.0001571697
980	0.0002032039
981	0.0005664102
982	0.0006584110
983	0.0014443471
984	0.0039910519
985	0.0001184662
986	0.0002022315
987	0.0629505171
988	0.0034439533
989	0.0003124105
990	0.0003873329
991	0.0064295743
992	0.0001248045
993	0.0000000000
994	0.0006665697
995	0.0002000607
996	0.0000398140
997	0.0000000000
998	0.0000724377
999	0.0002353029
1000	0.0127217571
1001	0.0000641141
1002	0.0319279116
1003	0.0000000000
1004	0.0317822218
1005	0.0158549046
1006	0.0013694604
1007	0.0000499626
1008	0.0014015175
1009	0.0014380765
1010	0.0000017898
1011	0.0001932339
1012	0.0000604758
1013	0.0500285324
1014	0.0000176947
1015	0.0000610940
1016	0.0499229767
1017	0.0001946008
1018	0.0006904585
1019	0.0000861260
1020	0.0001014438
1021	0.0000475924
1022	0.0001925688
1023	0.0315658404
1024	0.0001906772
1025	0.0314942808
1026	0.0001217946
1027	0.0025837982
1028	0.0000922599
1029	0.0001837901
1030	0.0044351572
1031	0.0000472676
1032	0.0028579364
1033	0.0025916486
1034	0.0042669056
1035	0.0000130792
1036	0.0013063335
1037	0.0000505149
1038	0.0000143788
1039	0.0012706548
1040	0.0000417915
1041	0.0004170838
1042	0.0001773343
1043	0.0020760445
1044	0.0001669674
1045	0.0000109812
1046	0.0025205139
1047	0.0001852397
1048	0.0001093906
1049	0.0005876180
1050	0.0003991611
1051	0.0004514631
1052	0.0059134267
1053	0.0005131689
1054	0.0000229644
1055	0.0103337147
1056	0.1979634470
1057	0.0471159955
1058	0.0012056611
1059	0.0000401076
1060	0.0013008709
1061	0.0000013568
1062	0.0467371253
1063	0.0015595577
1064	0.0021077017
1065	0.0001814911
1066	0.0003117445
1067	0.0019395686
1068	0.0000041970
1069	0.0001149025
1070	0.0001811072
1071	0.0000499685
1072	0.0000515385
1073	0.0115216385
1074	0.0005749360
1075	0.0459035248
1076	0.0000894775
1077	0.0001786005
1078	0.0000161071
1079	0.0001674308
1080	0.0000876163
1081	0.0006886570
1082	0.0000107825
1083	0.0001761581
1084	0.0003734191
1085	0.0002324490
1086	0.0001758077
1087	0.0307253270
1088	0.0306570365
1089	0.0000524140
1090	0.0000034136
1091	0.0002001385
1092	0.0015979855
1093	0.0005380295
1094	0.0001552948
1095	0.0001730857
1096	0.0000009217
1097	0.0000000000
1098	0.0006803854
1099	0.0010031734
1100	0.0000922092
1101	0.0001801996
1102	0.0001245348
1103	0.0001500965
1104	0.0001626492
1105	0.0000706938
1106	0.0018356037
1107	0.0001154025
1108	0.0013740508
1109	0.0000983970
1110	0.0002979642
1111	0.0062452445
1112	0.0001697780
1113	0.0000560710
1114	0.0001701152
1115	0.0013583210
1116	0.0003189951
1117	0.0144335579
1118	0.0002000846
1119	0.0002630253
1120	0.0000045368
1121	0.0001562643
1122	0.0000079004
1123	0.0005864423
1124	0.0011244599
1125	0.0426489254
1126	0.0425686345
1127	0.0003727070
1128	0.0001600333
1129	0.0052911629
1130	0.0001643970
1131	0.0001026998
1132	0.0084342043
1133	0.0013153831
1134	0.0299228475
1135	0.0149288062
1136	0.0297926226
1137	0.0297278771
1138	0.0210068734
1139	0.0004177940
1140	0.0000102507
1141	0.0001628695
1142	0.0000000000
1143	0.0003971636
1144	0.0000404912
1145	0.0024439925
1146	0.0008639809
1147	0.0025871584
1148	0.0103295566
1149	0.0000972355
1150	0.0002204709
1151	0.0001031054
1152	0.0000000000
1153	0.0001017152
1154	0.0082181469
1155	0.0001589743
1156	0.0009037808
1157	0.0000778332
1158	0.0000241628
1159	0.0000149469
1160	0.0001897242
1161	0.0000995652
1162	0.0135720964
1163	0.0081284194
1164	0.0000027521
1165	0.0101420336
1166	0.0101236002
1167	0.0000765547
1168	0.0067246026
1169	0.0001549022
1170	0.0134005779
1171	0.0401291287
1172	0.0147038830
1173	0.0146722290
1174	0.0146406925
1175	0.0006258867
1176	0.0000229664
1177	0.0001547002
1178	0.0398409262
1179	0.0000770725
1180	0.0011675924
1181	0.0004127820
1182	0.0002104055
1183	0.0000771203
1184	0.0001539655
1185	0.0000038639
1186	0.0001507470
1187	0.0392749638
1188	0.0000000000
1189	0.0001499448
1190	0.0001526025
1191	0.0001096381
1192	0.0127324382
1193	0.0001100224
1194	0.0047180790
1195	0.0001132045
1196	0.0000325464
1197	0.0000804708
1198	0.0001357174
1199	0.0001096819
1200	0.0000246448
1201	0.0009090751
1202	0.0000000000
1203	0.0000190703
1204	0.0008667496
1205	0.0142711938
1206	0.0000696388
1207	0.0008881983
1208	0.0000095007
1209	0.0003724101
1210	0.0047073178
1211	0.0070462139
1212	0.0070315042
1213	0.0000197102
1214	0.0002353695
1215	0.0002153395
1216	0.0384856206
1217	0.0001205953
1218	0.0000922300
1219	0.1215666140
1220	0.0004696026
1221	0.0001116821
1222	0.0004586670
1223	0.0000364661
1224	0.0002203439
1225	0.0005748563
1226	0.0000178043
1227	0.0002246966
1228	0.0000296861
1229	0.0000282859
1230	0.0000250565
1231	0.0000067154
1232	0.0005403635
1233	0.0000313510
1234	0.0000667180
1235	0.0000694711
1236	0.0001516658
1237	0.0000350517
1238	0.0004461912
1239	0.0000809421
1240	0.0000075226
1241	0.0002418422
1242	0.0000476316
1243	0.0000227831
1244	0.0000724480
1245	0.0000249106
1246	0.0014573465
1247	0.0002250545
1248	0.0002966058
1249	0.0000255894
1250	0.0000008152
1251	0.0000012792
1252	0.0034014670
1253	0.0033640774
1254	0.0004159341
1255	0.0007745022
1256	0.0001017669
1257	0.0000895048
1258	0.0000019362
1259	0.0005259226
1260	0.0001301345
1261	0.0000241529
1262	0.0000463718
1263	0.0000018587
1264	0.0002500256
1265	0.0000802235
1266	0.0000304158
1267	0.0000270585
1268	0.0001517568
1269	0.0004367307
1270	0.0007199376
1271	0.0014145848
1272	0.0000326015
1273	0.0004042429
1274	0.0008664166
1275	0.0000618555
1276	0.0000083793
1277	0.0000489753
1278	0.0001418606
1279	0.0000174831
1280	0.0003443633
1281	0.0004295702
1282	0.0000584992
1283	0.0000457859
1284	0.0000033258
1285	0.0001063060
1286	0.0000315604
1287	0.0000634326
1288	0.0029710669
1289	0.0001371576
1290	0.0001566590
1291	0.0242063874
1292	0.0000106109
1293	0.0001901077
1294	0.0000429094
1295	0.0003785096
1296	0.0002236149
1297	0.0000731000
1298	0.0000065400
1299	0.0334803504
1300	0.0043609321
1301	0.0033650878
1302	0.0000948506
1303	0.0001050122
1304	0.0000344950
1305	0.0002146310
1306	0.0029749797
1307	0.0021493358
1308	0.0008350296
1309	0.0000107319
1310	0.0003272463
1311	0.0056966361
1312	0.0000266106
1313	0.0041873811
1314	0.0000136952
1315	0.0000086701
1316	0.0000401071
1317	0.0129383080
1318	0.0127948048
1319	0.0006819649
1320	0.0016667037
1321	0.0222265481
1322	0.0219522386
1323	0.0008585084
1324	0.0030974751
1325	0.0265604420
1326	0.0132536540
1327	0.0264543563
1328	0.0264015858
1329	0.0087829985
1330	0.0007513310
1331	0.0262443525
1332	0.0003539500
1333	0.0006535105
1334	0.0079043875
1335	0.0017392479
1336	0.0010198617
1337	0.0014465106
1338	0.0021057468
1339	0.0004881583
1340	0.0259858388
1341	0.0000832943
1342	0.0003602036
1343	0.0000746478
1344	0.0002976877
1345	0.0002994472
1346	0.0000000000
1347	0.0004540992
1348	0.0003007043
1349	0.0120587337
1350	0.0012100789
1351	0.0003019875
1352	0.0002473618
1353	0.0011024706
1354	0.0012037109
1355	0.0013596220
1356	0.0054930327
1357	0.0011994972
1358	0.0383167886
1359	0.0127499557
1360	0.0000363303
1361	0.0011210770
1362	0.0011530390
1363	0.0002030091
1364	0.0022343619
1365	0.0001272423
1366	0.0000045649
1367	0.0000353810
1368	0.0000313302
1369	0.0000045033
1370	0.0001663336
1371	0.0006823021
1372	0.0124873376
1373	0.0074795201
1374	0.0002304529
1375	0.0001791795
1376	0.0002861960
1377	0.0002901704
1378	0.0001140652
1379	0.0001111291
1380	0.0006854636
1381	0.0015396632
1382	0.0000306133
1383	0.0001438524
1384	0.0022977283
1385	0.0004514326
1386	0.0016050833
1387	0.0016019485
1388	0.0015988242
1389	0.0013437560
1390	0.0007963034
1391	0.0015895135
1392	0.0000442279
1393	0.0367012592
1394	0.0000354343
1395	0.0009378720
1396	0.0000197914
1397	0.0000594673
1398	0.0005513933
1399	0.0007932153
1400	0.0000017823
1401	0.0085483830
1402	0.0181347355
1403	0.0000187706
1404	0.0000467024
1405	0.0000071559
1406	0.0001300598
1407	0.0004795504
1408	0.0004378800
1409	0.0000442546
1410	0.0014911007
1411	0.0027482153
1412	0.0031667155
1413	0.0000950553
1414	0.0252358836
1415	0.0251872054
1416	0.0062846719
1417	0.0000976277
1418	0.0016694753
1419	0.0000976332
1420	0.0020788504
1421	0.0082994926
1422	0.0000233781
1423	0.0124017451
1424	0.0082520761
1425	0.0049418240
1426	0.0000754195
1427	0.0000074928
1428	0.0007032961
1429	0.0061421776
1430	0.0000851466
1431	0.0000104020
1432	0.0000819787
1433	0.0003533856
1434	0.0003202329
1435	0.0000068340
1436	0.0001499503
1437	0.0000082209
1438	0.0000684925
1439	0.0003142970
1440	0.0001019221
1441	0.0007534492
1442	0.0001253403
1443	0.0007506392
1444	0.0000145323
1445	0.0029969638
1446	0.0000636466
1447	0.0000000000
1448	0.0000931341
1449	0.0001127874
1450	0.0000163146
1451	0.0000000000
1452	0.0000823271
1453	0.0003585823
1454	0.0000557902
1455	0.0004917431
1456	0.0000894803
1457	0.0003684268
1458	0.0000865293
1459	0.0001044122
1460	0.0005719429
1461	0.0000807128
1462	0.0012541555
1463	0.0025959883
1464	0.0000165516
1465	0.0000071671
1466	0.0007261326
1467	0.0002416037
1468	0.0007015698
1469	0.0003501481
1470	0.0006007206
1471	0.0000082343
1472	0.0007208713
1473	0.0007195661
1474	0.0000832771
1475	0.0000376732
1476	0.0032716547
1477	0.0003571926
1478	0.0000891375
1479	0.0000886311
1480	0.0012631841
1481	0.0226965584
1482	0.0004623659
1483	0.0007067319
1484	0.0014109398
1485	0.0022534774
1486	0.0000671522
1487	0.0000739955
1488	0.0000201567
1489	0.0022414717
1490	0.0223749397
1491	0.0000174358
1492	0.0020268857
1493	0.0004542107
1494	0.0000000000
1495	0.0000768755
1496	0.0000693057
1497	0.0005305763
1498	0.0221387696
1499	0.0073666064
1500	0.0000045699
1501	0.0006894058
1502	0.0006881958
1503	0.0001945457
1504	0.0000077463
1505	0.0002281958
1506	0.0002277973
1507	0.0000017078
1508	0.0000804146
1509	0.0000737438
1510	0.0000969492
1511	0.0000407697
1512	0.0000830610
1513	0.0002607390
1514	0.0001728308
1515	0.0000746245
1516	0.0002419014
1517	0.0006716274
1518	0.0000834826
1519	0.0001586526
1520	0.0006681648
1521	0.0006998214
1522	0.0000260170
1523	0.0002148630
1524	0.0000780700
1525	0.0000155297
1526	0.0001893493
1527	0.0006624606
1528	0.0052906372
1529	0.0000105055
1530	0.0005281341
1531	0.0006590775
1532	0.0026318253
1533	0.0001281636
1534	0.0013114472
1535	0.0006347753
1536	0.0000306917
1537	0.0006535037
1538	0.0006523984
1539	0.0000645247
1540	0.0001576236
1541	0.0000455256
1542	0.0041542509
1543	0.0006480090
1544	0.0006469195
1545	0.0001602066
1546	0.0001611874
1547	0.0000464589
1548	0.0034638436
1549	0.0000624648
1550	0.0013731613
1551	0.0006231196
1552	0.0000242082
1553	0.0051235737
1554	0.0001510332
1555	0.0029228734
1556	0.0000000000
1557	0.0002002552
1558	0.0000286405
1559	0.0001033061
1560	0.0000484718
1561	0.0001174818
1562	0.0000000000
1563	0.0000783423
1564	0.0000255126
1565	0.0000420792
1566	0.0000277352
1567	0.0006319849
1568	0.0000038947
1569	0.0000048829
1570	0.0001547964
1571	0.0000891684
1572	0.0009566850
1573	0.0000517760
1574	0.0000675331
1575	0.0002781163
1576	0.0006247345
1577	0.0001247420
1578	0.0006226887
1579	0.0006216700
1580	0.0001426695
1581	0.0356080668
1582	0.0001641399
1583	0.0176366884
1584	0.0000769848
1585	0.0009324003
1586	0.0044215739
1587	0.0353141326
1588	0.0000089847
1589	0.0003744437
1590	0.0000457549
1591	0.0007159576
1592	0.0002135626
1593	0.0001314541
1594	0.0015867931
1595	0.0001340472
1596	0.0000835676
1597	0.0001353901
1598	0.0000102262
1599	0.0000325650
1600	0.0000045412
1601	0.0010820361
1602	0.0002147128
1603	0.0000002653
1604	0.0000065033
1605	0.0000260395
1606	0.0000027288
1607	0.0000082254
1608	0.0000393355
1609	0.0000382765
1610	0.0000810085
1611	0.0001348146
1612	0.0005383820
1613	0.0002008541
1614	0.0001202815
1615	0.0000764545
1616	0.0001336371
1617	0.0000102112
1618	0.0001444458
1619	0.0012658639
1620	0.0068246313
1621	0.0000529559
1622	0.0008309302
1623	0.0001328643
1624	0.0000111929
1625	0.0005068439
1626	0.0001324374
1627	0.0000654730
1628	0.0000658777
1629	0.0048201614
1630	0.0002145678
1631	0.0001690116
1632	0.0111932010
1633	0.0001269926
1634	0.0011954514
1635	0.0000108330
1636	0.0003341937
1637	0.0037073611
1638	0.0000716414
1639	0.0000649618
1640	0.0010377415
1641	0.0001295124
1642	0.0194463525
1643	0.0009736102
1644	0.0000936274
1645	0.0006599665
1646	0.0011518868
1647	0.0194150662
1648	0.0001470818
1649	0.0000642470
1650	0.0018984932
1651	0.0010263353
1652	0.0000051785
1653	0.0000999168
1654	0.0000788248
1655	0.0010231150
1656	0.0000507583
1657	0.0004799584
1658	0.0325861236
1659	0.0004784589
1660	0.0003184747
1661	0.0000479435
1662	0.0004693226
1663	0.0002046384
1664	0.0193527475
1665	0.0038643429
1666	0.0192907649
1667	0.0096299494
1668	0.0000751137
1669	0.0191984155
1670	0.0001441188
1671	0.0191372619
1672	0.0095534040
1673	0.0000736542
1674	0.0095230720
1675	0.0000731382
1676	0.0063286012
1677	0.0189557539
1678	0.0000736412
1679	0.0188958938
1680	0.0047165207
1681	0.0000680013
1682	0.0094033489
1683	0.0187771231
1684	0.0000000000
1685	0.0000728335
1686	0.0046722166
1687	0.0186596021
1688	0.0000727751
1689	0.0023251631
1690	0.0000725479
1691	0.0000721530
1692	0.0000000000
1693	0.0000689762
1694	0.0184568913
1695	0.0000000000
1696	0.0000718736
1697	0.0061237150
1698	0.0000342854
1699	0.0000712621
1700	0.0001261040
1701	0.0000591782
1702	0.0000677396
1703	0.0000402906
1704	0.0053637502
1705	0.0001316911
1706	0.0001601566
1707	0.0000185639
1708	0.0001248362
1709	0.0001221202
1710	0.0004054856
1711	0.0000138853
1712	0.0000624684
1713	0.0007257837
1714	0.0001122720
1715	0.0000112297
1716	0.0000474414
1717	0.0004882826
1718	0.0000056207
1719	0.0000697381
1720	0.0026367554
1721	0.0001595586
1722	0.0002371749
1723	0.0000503937
1724	0.0008818518
1725	0.0000614218
1726	0.0000937313
1727	0.0001219928
1728	0.0004816065
1729	0.0001220969
1730	0.0000174647
1731	0.0004582644
1732	0.0000000000
1733	0.0001419816
1734	0.0000401910
1735	0.0000049412
1736	0.0103245798
1737	0.0001153992
1738	0.0008577870
1739	0.0001417635
1740	0.0001407936
1741	0.0007159860
1742	0.0000167801
1743	0.0019184331
1744	0.0003783811
1745	0.0000191521
1746	0.0001172526
1747	0.0000544882
1748	0.0025464249
1749	0.0000098647
1750	0.0152328925
1751	0.0043457571
1752	0.0303749278
1753	0.0060207968
1754	0.0000190036
1755	0.0022543442
1756	0.0000371134
1757	0.0011630573
1758	0.0000033184
1759	0.0000101480
1760	0.0017708858
1761	0.0000587119
1762	0.0000450015
1763	0.0007310153
1764	0.0099757893
1765	0.0004269031
1766	0.0000420270
1767	0.0001221117
1768	0.0000000000
1769	0.0001160457
1770	0.0029664100
1771	0.0148102991
1772	0.0147886015
1773	0.0009229348
1774	0.0000000000
1775	0.0021064808
1776	0.0001094708
1777	0.0001057722
1778	0.0048936355
1779	0.0001145275
1780	0.0008132331
1781	0.0000255317
1782	0.0001801937
1783	0.0000568207
1784	0.0000712106
1785	0.0000584474
1786	0.0004591716
1787	0.0004541350
1788	0.0000226739
1789	0.0008523722
1790	0.0005359039
1791	0.0001003371
1792	0.0002003850
1793	0.0008232541
1794	0.0004052458
1795	0.0057462228
1796	0.0001992352
1797	0.0001125449
1798	0.0057297460
1799	0.0057215372
1800	0.0007324805
1801	0.0000475432
1802	0.0000256854
1803	0.0071111215
1804	0.0001105211
1805	0.0005672694
1806	0.0000042474
1807	0.0000027084
1808	0.0005892257
1809	0.0000401332
1810	0.0001103229
1811	0.0000536171
1812	0.0001100101
1813	0.0000695824
1814	0.0003347941
1815	0.0000046713
1816	0.0002503858
1817	0.0000206974
1818	0.0011203071
1819	0.0013316232
1820	0.0011169866
1821	0.0004357084
1822	0.0000526391
1823	0.0011586230
1824	0.0046279831
1825	0.0002858653
1826	0.0000270147
1827	0.0017282052
1828	0.0001917541
1829	0.0002104885
1830	0.0001075605
1831	0.0000910499
1832	0.0011441137
1833	0.0008309238
1834	0.0001303921
1835	0.0004482666
1836	0.0001066652
1837	0.0002726840
1838	0.0000579374
1839	0.0000201777
1840	0.0000661867
1841	0.0000375648
1842	0.0000341306
1843	0.0000449222
1844	0.0000493396
1845	0.0000429428
1846	0.0000258142
1847	0.0044204584
1848	0.0003399110
1849	0.0033944061
1850	0.0000029780
1851	0.0000774349
1852	0.0000685305
1853	0.0270428806
1854	0.0004822428
1855	0.0001049354
1856	0.0000357004
1857	0.0012824421
1858	0.0134471274
1859	0.0000523103
1860	0.0052295908
1861	0.0000714290
1862	0.0001068544
1863	0.0000169413
1864	0.0000488753
1865	0.0008358432
1866	0.0015711985
1867	0.0005443643
1868	0.0000829826
1869	0.0014778360
1870	0.0004150745
1871	0.0011053573
1872	0.0000677557
1873	0.0001824581
1874	0.0000165972
1875	0.0016512800
1876	0.0005492364
1877	0.0001680548
1878	0.0000088627
1879	0.0037590165
1880	0.0000104984
1881	0.0000971924
1882	0.0007941356
1883	0.0000159683
1884	0.0002726155
1885	0.0261357777
1886	0.0016312843
1887	0.0002687154
1888	0.0001016810
1889	0.0001011492
1890	0.0015270833
1891	0.0051851156
1892	0.0005475885
1893	0.0004623360
1894	0.0000000000
1895	0.0002689743
1896	0.0005467677
1897	0.0000831839
1898	0.0000125500
1899	0.0000059974
1900	0.0000207669
1901	0.0002624303
1902	0.0000775948
1903	0.0009160588
1904	0.0204985051
1905	0.0001000605
1906	0.0000127716
1907	0.0011107576
1908	0.0002603419
1909	0.0000995299
1910	0.0084819598
1911	0.0005186159
1912	0.0253785532
1913	0.0036207144
1914	0.0004290088
1915	0.0002524371
1916	0.0000792765
1917	0.0000058706
1918	0.0003888941
1919	0.0001022056
1920	0.0002717524
1921	0.0063028810
1922	0.0083927789
1923	0.0004460350
1924	0.0000000000
1925	0.0002559103
1926	0.0035780442
1927	0.0015633426
1928	0.0000269244
1929	0.0000953463
1930	0.0007796263
1931	0.0007550129
1932	0.0006548127
1933	0.0000000000
1934	0.0008016261
1935	0.0002103221
1936	0.0022532428
1937	0.0123767037
1938	0.0004847297
1939	0.0000766742
1940	0.0009132234
1941	0.0001457103
1942	0.0010692664
1943	0.0003837700
1944	0.0040882492
1945	0.0007655557
1946	0.0034951622
1947	0.0000501982
1948	0.0002019385
1949	0.0000695243
1950	0.0121858015
1951	0.0016226818
1952	0.0000408553
1953	0.0018675133
1954	0.0001759569
1955	0.0005100099
1956	0.0015154060
1957	0.0002496432
1958	0.0000989401
1959	0.0001889402
1960	0.0001916934
1961	0.0000948652
1962	0.0003601829
1963	0.0001190558
1964	0.0005386711
1965	0.0003741722
1966	0.0000000000
1967	0.0003575208
1968	0.0000000000
1969	0.0021387911
1970	0.0005025026
1971	0.0005331221
1972	0.0005323372
1973	0.0000154004
1974	0.0000474434
1975	0.0000110415
1976	0.0084674698
1977	0.0169101294
1978	0.0000586298
1979	0.0028101152
1980	0.0168360622
1981	0.0002626796
1982	0.0009326103
1983	0.0002619146
1984	0.0002066438
1985	0.0005223067
1986	0.0002781591
1987	0.0002603958
1988	0.0002521391
1989	0.0000995035
1990	0.0000864221
1991	0.0005177833
1992	0.0002433109
1993	0.0000645362
1994	0.0001231155
1995	0.0000220827
1996	0.0000625476
1997	0.0004562888
1998	0.0152981695
1999	0.0002073523
2000	0.0001438844
2001	0.0000310214
2002	0.0000601317
2003	0.0000507218
2004	0.0081545323
2005	0.0081428830
2006	0.0004680809
2007	0.0000508204
2008	0.0000458937
2009	0.0000084536
2010	0.0000723938
2011	0.0080965623
2012	0.0000631645
2013	0.0000385373
2014	0.0000500752
2015	0.0005750485
2016	0.0000152259
2017	0.0000716777
2018	0.0002004138
2019	0.0000625408
2020	0.0000000000
2021	0.0001005526
2022	0.0079826631
2023	0.0004982138
2024	0.0000292655
2025	0.0145231840
2026	0.0004817584
2027	0.0002334662
2028	0.0000762184
2029	0.0003298166
2030	0.0002470160
2031	0.0002466704
2032	0.0001970605
2033	0.0004254816
2034	0.0000000000
2035	0.0000606983
2036	0.0004905918
2037	0.0001616193
2038	0.0000611534
2039	0.0002895092
2040	0.0000286981
2041	0.0000898589
2042	0.0000608989
2043	0.0000171082
2044	0.0012955786
2045	0.0004851697
2046	0.0004559990
2047	0.0008601417
2048	0.0004831620
2049	0.0003765822
2050	0.0000216858
2051	0.0000596798
2052	0.0000600633
2053	0.0000308335
2054	0.0000024038
2055	0.0019141237
2056	0.0000597344
2057	0.0004127319
2058	0.0004765687
2059	0.0000462899
2060	0.0000177256
2061	0.0000527355
2062	0.0000026829
2063	0.0004596104
2064	0.0000525920
2065	0.0015816160
2066	0.0004726842
2067	0.0000547295
2068	0.0000773581
2069	0.0000111671
2070	0.0002279388
2071	0.0001548824
2072	0.0002885243
2073	0.0000919202
2074	0.0001168965
2075	0.0000778259
2076	0.0004663258
2077	0.0004656978
2078	0.0004650712
2079	0.0009288920
2080	0.0004638222
2081	0.0000926399
2082	0.0009868345
2083	0.0000864485
2084	0.0000574432
2085	0.0004607238
2086	0.0000629217
2087	0.0002944693
2088	0.0004455700
2089	0.0036710501
2090	0.0004313127
2091	0.0003328434
2092	0.0000002223
2093	0.0000559624
2094	0.0003557755
2095	0.0000569041
2096	0.0000568286
2097	0.0008071593
2098	0.0004396861
2099	0.0006037691
2100	0.0000207029
2101	0.0004361595
2102	0.0000562343
2103	0.0004510363
2104	0.0001071621
2105	0.0034555978
2106	0.0000523461
2107	0.0004492575
2108	0.0000897334
2109	0.0004521062
2110	0.0142884952
2111	0.0004276410
2112	0.0069693189
2113	0.0001675170
2114	0.0000510267
2115	0.0013384223
2116	0.0000936219
2117	0.0143196885
2118	0.0240301011
2119	0.0000919519
2120	0.0012615189
2121	0.0004274703
2122	0.0000491932
2123	0.0059693703
2124	0.0007452234
2125	0.0039694802
2126	0.0009514671
2127	0.0002932906
2128	0.0000674047
2129	0.0004557008
2130	0.0000924472
2131	0.0000461652
2132	0.0000670647
2133	0.0143009200
2134	0.0000238634
2135	0.0033639003
2136	0.0007349269
2137	0.0005728800
2138	0.0013032534
2139	0.0029286379
2140	0.0001124986
2141	0.0003651620
2142	0.0000360759
2143	0.0000181840
2144	0.0013695722
2145	0.0004559536
2146	0.0007491806
2147	0.0006269088
2148	0.0000226958
2149	0.0002821690
2150	0.0000300118
2151	0.0000557679
2152	0.0008877047
2153	0.0000547210
2154	0.0014263505
2155	0.0115258224
2156	0.0000278308
2157	0.0000598814
2158	0.0008833063
2159	0.0038229199
2160	0.0000077370
2161	0.0000329742
2162	0.0000573639
2163	0.0000001999
2164	0.0004439902
2165	0.0000274670
2166	0.0003566301
2167	0.0006161127
2168	0.0028460089
2169	0.0000077347
2170	0.0007097515
2171	0.0025204577
2172	0.0005523981
2173	0.0006756743
2174	0.0032366070
2175	0.0113142176
2176	0.0000015887
2177	0.0000881757
2178	0.0004048764
2179	0.0000873850
2180	0.0005117668
2181	0.0074967353
2182	0.0003352646
2183	0.0001974491
2184	0.0028044130
2185	0.0006224426
2186	0.0008845142
2187	0.0009325259
2188	0.0000565908
2189	0.0000067125
2190	0.0000771592
2191	0.0006550563
2192	0.0001588920
2193	0.0002208410
2194	0.9033891102
2195	0.0003132695
2196	0.0009257453
2197	0.0055477387
2198	0.0000381479
2199	0.0110686250
2200	0.0221104779
2201	0.0036806265
2202	0.0003802947
2203	0.0024478312
2204	0.0012943483
2205	0.0000897037
2206	0.0073169865
2207	0.0031320796
2208	0.0000832631
2209	0.0005608182
2210	0.0008799275
2211	0.0000072037
2212	0.0031208091
2213	0.0000158457
2214	0.0019812116
2215	0.0004535675
2216	0.0000019011
2217	0.0108705983
2218	0.0000420023
2219	0.0010801832
2220	0.0002551679
2221	0.0006769808
2222	0.0004507823
2223	0.0002019791
2224	0.0000481831
2225	0.0107801732
2226	0.0000136955
2227	0.0006729598
2228	0.0043018259
2229	0.0107417978
2230	0.0002189603
2231	0.0000045533
2232	0.0000000000
2233	0.0008872092
2234	0.0000449733
2235	0.0002349666
2236	0.0000788069
2237	0.0001939221
2238	0.0000813216
2239	0.0000546406
2240	0.0006650347
2241	0.0001328501
2242	0.0000576929
2243	0.0000000000
2244	0.0027939865
2245	0.0069759584
2246	0.0026476299
2247	0.0000826412
2248	0.0000330693
2249	0.0002638312
2250	0.0026352176
2251	0.0000410369
2252	0.0004123996
2253	0.0013129855
2254	0.0034972009
2255	0.0000070687
2256	0.0006541944
2257	0.0006534312
2258	0.0002245745
2259	0.0000814887
2260	0.0000202299
2261	0.0208125790
2262	0.0062666138
2263	0.0103941949
2264	0.0002662083
2265	0.0000810162
2266	0.0000516611
2267	0.0000252035
2268	0.0034446889
2269	0.0000621814
2270	0.0004208235
2271	0.0003886137
2272	0.0205727486
2273	0.0002140522
2274	0.0000403210
2275	0.0002565666
2276	0.0000398865
2277	0.0004266268
2278	0.0002589181
2279	0.0000707307
2280	0.0000000000
2281	0.0000000000
2282	0.0001035916
2283	0.0000796255
2284	0.0004963607
2285	0.0000795342
2286	0.0000238083
2287	0.0005084355
2288	0.0000927586
2289	0.0101454430
2290	0.0067558946
2291	0.0138624127
2292	0.0012652828
2293	0.0002945665
2294	0.0000789899
2295	0.0006311980
2296	0.0201753082
2297	0.0004580073
2298	0.0000540112
2299	0.0000786304
2300	0.0000295684
2301	0.0002070476
2302	0.0066869354
2303	0.0005273167
2304	0.0000431364
2305	0.0138091653
2306	0.0005261215
2307	0.0022188855
2308	0.0009498746
2309	0.0004981201
2310	0.0002073155
2311	0.0006212439
2312	0.0006017384
2313	0.0000774804
2314	0.0000773930
2315	0.0007916123
2316	0.0000772189
2317	0.0004309841
2318	0.0032909674
2319	0.0197236146
2320	0.0039402932
2321	0.0000002988
2322	0.0001729539
2323	0.0000930581
2324	0.0014009483
2325	0.0002759342
2326	0.0000764431
2327	0.0000555328
2328	0.0000765715
2329	0.0000506596
2330	0.0019676935
2331	0.0194821997
2332	0.0012162808
2333	0.0027512511
2334	0.0000674959
2335	0.0005883999
2336	0.0000490668
2337	0.0000217796
2338	0.0004282400
2339	0.0014919700
2340	0.0000748033
2341	0.0000172483
2342	0.0002221963
2343	0.0000748436
2344	0.0002138473
2345	0.0002381266
2346	0.0005070237
2347	0.0026371250
2348	0.0000350469
2349	0.0012028491
2350	0.0000572152
2351	0.0002680160
2352	0.0006401023
2353	0.0001706430
2354	0.0001646094
2355	0.0008521309
2356	0.0003954041
2357	0.0000810523
2358	0.0000529164
2359	0.0000215592
2360	0.0000002888
2361	0.0000067768
2362	0.0000365380
2363	0.0006525771
2364	0.0003796633
2365	0.0051707296
2366	0.0000138242
2367	0.0008478182
2368	0.0006773965
2369	0.0000752113
2370	0.0004228377
2371	0.0004138724
2372	0.0000679081
2373	0.0002689532
2374	0.0001040211
2375	0.0000916887
2376	0.0000607828
2377	0.0075276977
2378	0.0058285220
2379	0.0000143259
2380	0.0001787240
2381	0.0000708252
2382	0.0000106626
2383	0.0006544258
2384	0.0001722601
2385	0.0001707165
2386	0.0000483430
2387	0.1717359495
2388	0.0000229307
2389	0.0004394911
2390	0.0003267912
2391	0.0003240120
2392	0.0000358221
2393	0.0001592964
2394	0.0000902716
2395	0.0003133514
2396	0.0002925126
2397	0.0006165579
2398	0.0005436506
2399	0.0000377733
2400	0.0025299743
2401	0.0000000000
2402	0.0008236863
2403	0.0000934420
2404	0.0000777837
2405	0.0000184797
2406	0.0000496201
2407	0.0015182345
2408	0.0005149879
2409	0.0002106195
2410	0.0000251542
2411	0.0037173176
2412	0.0176480390
2413	0.0134626632
2414	0.0002585715
2415	0.0174655237
2416	0.0001809699
2417	0.0027819501
2418	0.0024141977
2419	0.0010086446
2420	0.0000188463
2421	0.0003720751
2422	0.0043216757
2423	0.0001425956
2424	0.0000248682
2425	0.0000049015
2426	0.0000037071
2427	0.0000123866
2428	0.0000127447
2429	0.0000209218
2430	0.0000607679
2431	0.0036713495
2432	0.0019159896
2433	0.0033487714
2434	0.0000943280
2435	0.0039943373
2436	0.0004054024
2437	0.0000519903
2438	0.0004522133
2439	0.0002010304
2440	0.0004170240
2441	0.0002776681
2442	0.0077679901
2443	0.0137681330
2444	0.0001999250
2445	0.0001096836
2446	0.0015255035
2447	0.0016798154
2448	0.0000520280
2449	0.0021217377
2450	0.0147225588
2451	0.0013268358
2452	0.0144700101
2453	0.0066556991
2454	0.0003323691
2455	0.0000785690
2456	0.0047823173
2457	0.0024243771
2458	0.0935007912
2459	0.0003411895
2460	0.0026902006
2461	0.0018850348
2462	0.0895170114
2463	0.0000491170
2464	0.0066225341
2465	0.0028451930
2466	0.0003206135
2467	0.0000322648
2468	0.0000516098
2469	0.0069949968
2470	0.0004123649
2471	0.0001982130
2472	0.0018130197
2473	0.0006228618
2474	0.0017688226
2475	0.0001026891
2476	0.0013179282
2477	0.0000508221
2478	0.0003931913
2479	0.0131465908
2480	0.0027300609
2481	0.0007126681
2482	0.0001120064
2483	0.0003366742
2484	0.0004522080
2485	0.0002985071
2486	0.0001794220
2487	0.0011615239
2488	0.0003823963
2489	0.0000394024
2490	0.0004082952
2491	0.0004077911
2492	0.0048155072
2493	0.0047777365
2494	0.0002962843
2495	0.0002939957
2496	0.0005834837
2497	0.0018529403
2498	0.0000813693
2499	0.0005703617
2500	0.0000118249
2501	0.0000946414
2502	0.0001115621
2503	0.0001384367
2504	0.0009773175
2505	0.0001364480
2506	0.0005418984
2507	0.0005380591
2508	0.0000113826
2509	0.0000241154
2510	0.0000405273
2511	0.0002616106
2512	0.0002598181
2513	0.0000124361
2514	0.0002563043
2515	0.0002545820
2516	0.0000181017
2517	0.0003701843
2518	0.0065085773
2519	0.0000485117
2520	0.0014691231
2521	0.0010091687
2522	0.0003019796
2523	0.0000000000
2524	0.0005665419
2525	0.0000111323
2526	0.0000241665
2527	0.0002021456
2528	0.0000439390
2529	0.0003770518
2530	0.0063614674
2531	0.0000986527
2532	0.0191818700
2533	0.0000249164
2534	0.0000091621
2535	0.0001819923
2536	0.0063728329
2537	0.0000647571
2538	0.0000647371
2539	0.0190764413
2540	0.0012703646
2541	0.0000029874
2542	0.0000371768
2543	0.0062085349
2544	0.0005133184
2545	0.0000647507
2546	0.0000603541
2547	0.0002783886
2548	0.0000687626
2549	0.0047222605
2550	0.0000129676
2551	0.0023585507
2552	0.0000736242
2553	0.0000619317
2554	0.0005877099
2555	0.0093931140
2556	0.0001954768
2557	0.0002883901
2558	0.0000728598
2559	0.0000531382
2560	0.0000765751
2561	0.0010571980
2562	0.0003361421
2563	0.0001362340
2564	0.0000000000
2565	0.0001034645
2566	0.0062011509
2567	0.0030972207
2568	0.0000806457
2569	0.0000069734
2570	0.0000285178
2571	0.0000319160
2572	0.0003631990
2573	0.0000722780
2574	0.0005600973
2575	0.0005769779
2576	0.0000714861
2577	0.0011514728
2578	0.0005751173
2579	0.0005744992
2580	0.0005738823
2581	0.0008267151
2582	0.0002583736
2583	0.0001889160
2584	0.0006101738
2585	0.0004459904
2586	0.0003805424
2587	0.0000651661
2588	0.0060756664
2589	0.0000028229
2590	0.0002841890
2591	0.0000450836
2592	0.0000652854
2593	0.0002832812
2594	0.0002208622
2595	0.0000381676
2596	0.0003218508
2597	0.0005647562
2598	0.0000352598
2599	0.0000000000
2600	0.0000505149
2601	0.0042860971
2602	0.0000638253
2603	0.0000696155
2604	0.0059921781
2605	0.0002805859
2606	0.0005786613
2607	0.0000522435
2608	0.0008136635
2609	0.0059605646
2610	0.0000793903
2611	0.0000313234
2612	0.0000369651
2613	0.0000210365
2614	0.0000200494
2615	0.0005570369
2616	0.0178064072
2617	0.0000686782
2618	0.0000546822
2619	0.0002776400
2620	0.0009128610
2621	0.0000272662
2622	0.0059105454
2623	0.0025304319
2624	0.0000460793
2625	0.0005891964
2626	0.0014714480
2627	0.0000159628
2628	0.0003146506
2629	0.0001575864
2630	0.0013131269
2631	0.0176020125
2632	0.0003663254
2633	0.0005489144
2634	0.0035093863
2635	0.0087643169
2636	0.0005471990
2637	0.0000000000
2638	0.0034947852
2639	0.0002209589
2640	0.0174376089
2641	0.0004707972
2642	0.0008700707
2643	0.0013371818
2644	0.0002894224
2645	0.0000559592
2646	0.0002707717
2647	0.0004808739
2648	0.0010808476
2649	0.0000526698
2650	0.0015936224
2651	0.0028763088
2652	0.0000384822
2653	0.0000543289
2654	0.0042444961
2655	0.0014337095
2656	0.0003028102
2657	0.0024121816
2658	0.0000705700
2659	0.0000670668
2660	0.0004635525
2661	0.0010708632
2662	0.0000176344
2663	0.0000823844
2664	0.0003017103
2665	0.0012225864
2666	0.0003955155
2667	0.0005343324
2668	0.0000148402
2669	0.0001777456
2670	0.0000403872
2671	0.0021307620
2672	0.0034057282
2673	0.0000165963
2674	0.0000102249
2675	0.0016168047
2676	0.0000320588
2677	0.0000263891
2678	0.0001175314
2679	0.0003450462
2680	0.0002111255
2681	0.0031564785
2682	0.0001117407
2683	0.0012039768
2684	0.0002631021
2685	0.0000557925
2686	0.0002710378
2687	0.0000180703
2688	0.0000084015
2689	0.0009864860
2690	0.0000304605
2691	0.0017993505
2692	0.0000471445
2693	0.0005224797
2694	0.0000395792
2695	0.0000172332
2696	0.0000558449
2697	0.0000356534
2698	0.0001279071
2699	0.0002607117
2700	0.0003912446
2701	0.0000034774
2702	0.0007346934
2703	0.0007796758
2704	0.0007787416
2705	0.0000646073
2706	0.0002378837
2707	0.0001732818
2708	0.0002276477
2709	0.0009765607
2710	0.0020731013
2711	0.0082840585
2712	0.0005517150
2713	0.0165348112
2714	0.0055060664
2715	0.0001527927
2716	0.0005151580
2717	0.0032937050
2718	0.0000043159
2719	0.0002080449
2720	0.0012444949
2721	0.0013811179
2722	0.0000123273
2723	0.0000159719
2724	0.0000141082
2725	0.0001291706
2726	0.0000967623
2727	0.0054675567
2728	0.0016386273
2729	0.0001016764
2730	0.0000308558
2731	0.0010210776
2732	0.0032641901
2733	0.0081523431
2734	0.0000631335
2735	0.0002428692
2736	0.0003386677
2737	0.0003776719
2738	0.0004771693
2739	0.0030927008
2740	0.0003861269
2741	0.0005064891
2742	0.0000570126
2743	0.0000502345
2744	0.0000214317
2745	0.0002017935
2746	0.0000020212
2747	0.0000010786
2748	0.0000629357
2749	0.0000564759
2750	0.0020816009
2751	0.0080398594
2752	0.0080319213
2753	0.0003275100
2754	0.0000049386
2755	0.0032064334
2756	0.0003140464
2757	0.0000829046
2758	0.0031969685
2759	0.0009980699
2760	0.0022790599
2761	0.0053125816
2762	0.0000617135
2763	0.0000621347
2764	0.0006111874
2765	0.0001894155
2766	0.0000464052
2767	0.0002506691
2768	0.0001251859
2769	0.0000419646
2770	0.0003824737
2771	0.0000118629
2772	0.0040700726
2773	0.0003811184
2774	0.0010151157
2775	0.0000345654
2776	0.0001898855
2777	0.0003793236
2778	0.0002474299
2779	0.0000034043
2780	0.0002421961
2781	0.0004148651
2782	0.0001889933
2783	0.0002157386
2784	0.0000471374
2785	0.0060265159
2786	0.0007524317
2787	0.0000043220
2788	0.0012010740
2789	0.0003635363
2790	0.0003744587
2791	0.0003740216
2792	0.0009195945
2793	0.0003731498
2794	0.0000910449
2795	0.0000120822
2796	0.0002902230
2797	0.0065590107
2798	0.0000365702
2799	0.0001854924
2800	0.0118577343
2801	0.0001850622
2802	0.0001848478
2803	0.0001846338
2804	0.0003688403
2805	0.0000334922
2806	0.0000367988
2807	0.0001837817
2808	0.0001468557
2809	0.0003667161
2810	0.0003766835
2811	0.0002700751
2812	0.0002790809
2813	0.0001829360
2814	0.0000442971
2815	0.0000763464
2816	0.0003646119
2817	0.0003641934
2818	0.0003233562
2819	0.0001816794
2820	0.0000714718
2821	0.0002230938
2822	0.0000329194
2823	0.0000448619
2824	0.0001778639
2825	0.0000419794
2826	0.0000902185
2827	0.0000448825
2828	0.0001140758
2829	0.0001198806
2830	0.0000506407
2831	0.0003588243
2832	0.0007168334
2833	0.0003580098
2834	0.0003576037
2835	0.0000273270
2836	0.0001785992
2837	0.0006343000
2838	0.0000445487
2839	0.0003350464
2840	0.0000000000
2841	0.0001183943
2842	0.0000091927
2843	0.0003543818
2844	0.0001179942
2845	0.0003535838
2846	0.0113019485
2847	0.0003527887
2848	0.0056382761
2849	0.0000310300
2850	0.0028128123
2851	0.0003512073
2852	0.0056130196
2853	0.0000386671
2854	0.0004000329
2855	0.0000998964
2856	0.0003492467
2857	0.0133085484
2858	0.0000697714
2859	0.0000387186
2860	0.0003010413
2861	0.0001567059
2862	0.0009261442
2863	0.0003828057
2864	0.0000242648
2865	0.0055383512
2866	0.0000192090
2867	0.0000059741
2868	0.0003449961
2869	0.0110276450
2870	0.0003442324
2871	0.0001196005
2872	0.0109910848
2873	0.0000686184
2874	0.0001612768
2875	0.0036515742
2876	0.0003419577
2877	0.0000061329
2878	0.0003312300
2879	0.0001706024
2880	0.0000109945
2881	0.0010894555
2882	0.0021765172
2883	0.0002787343
2884	0.0013573391
2885	0.0001129876
2886	0.0000137674
2887	0.0000580881
2888	0.0013528829
2889	0.0000409516
2890	0.0001124938
2891	0.0000122223
2892	0.0003172825
2893	0.0003367446
2894	0.0003363772
2895	0.0001629142
2896	0.0000372938
2897	0.0000356443
2898	0.0002977015
2899	0.0000000000
2900	0.0000229978
2901	0.0000945342
2902	0.0005335386
2903	0.0000341641
2904	0.0000326615
2905	0.0001661894
2906	0.0000553365
2907	0.0003316602
2908	0.0003212624
2909	0.0004236085
2910	0.0000364786
2911	0.0001991931
2912	0.0001320922
2913	0.0000078309
2914	0.0052723120
2915	0.0000565266
2916	0.0003098023
2917	0.0003288109
2918	0.0013138303
2919	0.0003281049
2920	0.0002280019
2921	0.0003274012
2922	0.0002180336
2923	0.0034848010
2924	0.0001956550
2925	0.0000406351
2926	0.0006520028
2927	0.0002816458
2928	0.0000326570
2929	0.0013012205
2930	0.0003354404
2931	0.0103875611
2932	0.0000050965
2933	0.0000484326
2934	0.0000170484
2935	0.0000100139
2936	0.0003232308
2937	0.0025830977
2938	0.0025803535
2939	0.0002864016
2940	0.0003218599
2941	0.0001607593
2942	0.0000041111
2943	0.0005703786
2944	0.0003107864
2945	0.0003013267
2946	0.0000219620
2947	0.0004259781
2948	0.0003871099
2949	0.0000388315
2950	0.0064062023
2951	0.0020403830
2952	0.0012738954
2953	0.0033934767
2954	0.0000397255
2955	0.0002558598
2956	0.0000207751
2957	0.0000453051
2958	0.0000085191
2959	0.0001054900
2960	0.0006322760
2961	0.0050529058
2962	0.0025238062
2963	0.0002801293
2964	0.0002289569
2965	0.0003144866
2966	0.0006283161
2967	0.0000475951
2968	0.0003135025
2969	0.0003131756
2970	0.0003033690
2971	0.0050003748
2972	0.0000267838
2973	0.0000188301
2974	0.0003115493
2975	0.0000170535
2976	0.0000218177
2977	0.0003105801
2978	0.0003102581
2979	0.0000387421
2980	0.0006144314
2981	0.0000191811
2982	0.0003089757
2983	0.0000128607
2984	0.0014071531
2985	0.0003083377
2986	0.0002053463
2987	0.0000384627
2988	0.0007566393
2989	0.0001853996
2990	0.0024540163
2991	0.0001421155
2992	0.0002389241
2993	0.0003058070
2994	0.0003054931
2995	0.0004069062
2996	0.0001500882
2997	0.0003045543
2998	0.0000475657
2999	0.0000784035
3000	0.0024339398
3001	0.0000125010
3002	0.0001023347
3003	0.0024289624
3004	0.0001866523
3005	0.0003030002
3006	0.0003026909
3007	0.0000177872
3008	0.0003020739
3009	0.0001005887
3010	0.0003014589
3011	0.0001482595
3012	0.0032090236
3013	0.0000143114
3014	0.0003002350
3015	0.0000333256
3016	0.0003710581
3017	0.0010653374
3018	0.0002588735
3019	0.0002990192
3020	0.0004779465
3021	0.0001304112
3022	0.0000077510
3023	0.0001490563
3024	0.0000920014
3025	0.0002978114
3026	0.0002380086
3027	0.0000990702
3028	0.0002879135
3029	0.0002966115
3030	0.0010535565
3031	0.0005572038
3032	0.0001785460
3033	0.0003650029
3034	0.0000937700
3035	0.0007877852
3036	0.0000105401
3037	0.0001810243
3038	0.0047172214
3039	0.0000294531
3040	0.0003824624
3041	0.0001471176
3042	0.0023515223
3043	0.0002936459
3044	0.0001795706
3045	0.0000172560
3046	0.0002930586
3047	0.0002927656
3048	0.0000000000
3049	0.0005499880
3050	0.0001459448
3051	0.0093311524
3052	0.0003562801
3053	0.0001456540
3054	0.0001164071
3055	0.0000323031
3056	0.0002733543
3057	0.0000086370
3058	0.0001344288
3059	0.0000965247
3060	0.0002892869
3061	0.0023120003
3062	0.0002887136
3063	0.0003782154
3064	0.0002884277
3065	0.0092205511
3066	0.0003427528
3067	0.0003070477
3068	0.0003506914
3069	0.0000742123
3070	0.0013133190
3071	0.0002870049
3072	0.0006549869
3073	0.0000358402
3074	0.0005092248
3075	0.0091570131
3076	0.0002511084
3077	0.0002811299
3078	0.0000000000
3079	0.0002855934
3080	0.0001141250
3081	0.0003400199
3082	0.0002026894
3083	0.0003374518
3084	0.0002847520
3085	0.0000283586
3086	0.0006062788
3087	0.0005678290
3088	0.0000567272
3089	0.0000925252
3090	0.0002101470
3091	0.0018117186
3092	0.0000353505
3093	0.0000551273
3094	0.0022580122
3095	0.0000366798
3096	0.0000133349
3097	0.0000825220
3098	0.0002814260
3099	0.0002726319
3100	0.0000351097
3101	0.0001662144
3102	0.0000209309
3103	0.0025991669
3104	0.0089706005
3105	0.0002800587
3106	0.0002797865
3107	0.0004707617
3108	0.0000458246
3109	0.0005579452
3110	0.0002787021
3111	0.0022274568
3112	0.0001935043
3113	0.0000694733
3114	0.0000347031
3115	0.0005547124
3116	0.0000692721
3117	0.0000042356
3118	0.0022145664
3119	0.0002765537
3120	0.0000302780
3121	0.0000181343
3122	0.0002760208
3123	0.0001378775
3124	0.0001377448
3125	0.0002668844
3126	0.0005865812
3127	0.0002746958
3128	0.0002744320
3129	0.0087733967
3130	0.0002739057
3131	0.0002736432
3132	0.0003251652
3133	0.0002650967
3134	0.0000754016
3135	0.0000039565
3136	0.0021828638
3137	0.0005131239
3138	0.0000000000
3139	0.0005441529
3140	0.0000378180
3141	0.0000452596
3142	0.0000187102
3143	0.0043366401
3144	0.0028883402
3145	0.0001352621
3146	0.0043242700
3147	0.0001200044
3148	0.0000674384
3149	0.0001051697
3150	0.0000187492
3151	0.0002692416
3152	0.0002689862
3153	0.0002529236
3154	0.0000223731
3155	0.0005364451
3156	0.0000291667
3157	0.0002677154
3158	0.0005705864
3159	0.0002591125
3160	0.0002669575
3161	0.0042672909
3162	0.0000109315
3163	0.0002581364
3164	0.0000204579
3165	0.0002657021
3166	0.0002654522
3167	0.0002652026
3168	0.0002569246
3169	0.0000220587
3170	0.0001301938
3171	0.0002642082
3172	0.0000449295
3173	0.0002411093
3174	0.0002634663
3175	0.0001316099
3176	0.0002629736
3177	0.0000955374
3178	0.0020998593
3179	0.0041957977
3180	0.0002619927
3181	0.0002617484
3182	0.0002615044
3183	0.0002612608
3184	0.0001305088
3185	0.0002607748
3186	0.0003169696
3187	0.0000641310
3188	0.0000528554
3189	0.0000849927
3190	0.0002600484
3191	0.0003063789
3192	0.0002598070
3193	0.0001186587
3194	0.0001034985
3195	0.0082984102
3196	0.0002590850
3197	0.0001314769
3198	0.0002586055
3199	0.0000835123
3200	0.0041300378
3201	0.0117120944
3202	0.0000322361
3203	0.0002576507
3204	0.0002496125
3205	0.0002571754
3206	0.0000413167
3207	0.0000320877
3208	0.0001206895
3209	0.0003115371
3210	0.0081993326
3211	0.0001011332
3212	0.0027280865
3213	0.0000851744
3214	0.0020423078
3215	0.0000282413
3216	0.0040771237
3217	0.0002545866
3218	0.0003255723
3219	0.0002710618
3220	0.0081244126
3221	0.0000390239
3222	0.0020273903
3223	0.0000070761
3224	0.0001264805
3225	0.0000237980
3226	0.0002450717
3227	0.0002524997
3228	0.0003072403
3229	0.0000157361
3230	0.0002520397
3231	0.0001438915
3232	0.0000624077
3233	0.0080432694
3234	0.0003051352
3235	0.0002511237
3236	0.0001515291
3237	0.0002508955
3238	0.0013368944
3239	0.0000150504
3240	0.0004714169
3241	0.0002426308
3242	0.0002499862
3243	0.0002421913
3244	0.0006654229
3245	0.0001534202
3246	0.0002415343
3247	0.0000248857
3248	0.0001993239
3249	0.0039781156
3250	0.0039745234
3251	0.0001846947
3252	0.0001763269
3253	0.0000428517
3254	0.0039602065
3255	0.0039566403
3256	0.0002969896
3257	0.0002776650
3258	0.0019765396
3259	0.0002930740
3260	0.0019747617
3261	0.0039459727
3262	0.0002588033
3263	0.0019712135
3264	0.0001396051
3265	0.0001230902
3266	0.0078707027
3267	0.0000193686
3268	0.0019641480
3269	0.0002012706
3270	0.0002376522
3271	0.0000304883
3272	0.0000578516
3273	0.0000035011
3274	0.0000305527
3275	0.0026048347
3276	0.0000716559
3277	0.0015615050
3278	0.0001218837
3279	0.0001948399
3280	0.0001216664
3281	0.0001196878
3282	0.0000194806
3283	0.0077658592
3284	0.0045981716
3285	0.0002424672
3286	0.0002280015
3287	0.0012908601
3288	0.0000230306
3289	0.0002416066
3290	0.0001931138
3291	0.0005936693
3292	0.0001606429
3293	0.0002407509
3294	0.0003207170
3295	0.0002403249
3296	0.0001324758
3297	0.0000713843
3298	0.0002837114
3299	0.0002399001
3300	0.0001090882
3301	0.0004793763
3302	0.0000957906
3303	0.0000221286
3304	0.0009562165
3305	0.0019107471
3306	0.0002386329
3307	0.0076295295
3308	0.0002382129
3309	0.0002240032
3310	0.0000792647
3311	0.0002375852
3312	0.0075960488
3313	0.0000042589
3314	0.0006318936
3315	0.0002367523
3316	0.0002365448
3317	0.0002363376
3318	0.0002042212
3319	0.0002359241
3320	0.0000294647
3321	0.0000212292
3322	0.0002353060
3323	0.0018808047
3324	0.0000223710
3325	0.0075100977
3326	0.0009379439
3327	0.0000000000
3328	0.0000624751
3329	0.0001040345
3330	0.0008315517
3331	0.0000438587
3332	0.0000579648
3333	0.0002263926
3334	0.0002195430
3335	0.0004661237
3336	0.0000776199
3337	0.0018612603
3338	0.0000385419
3339	0.0002252163
3340	0.0002320532
3341	0.0001159261
3342	0.0002316516
3343	0.0000925805
3344	0.0002312512
3345	0.0002053791
3346	0.0044820363
3347	0.0000461704
3348	0.0014761774
3349	0.0002304538
3350	0.0006362696
3351	0.0036840814
3352	0.0073618139
3353	0.0002298586
3354	0.0000287076
3355	0.0024476067
3356	0.0002292658
3357	0.0002155942
3358	0.0000572180
3359	0.0018294043
3360	0.0001142397
3361	0.0004565667
3362	0.0002280877
3363	0.0000031214
3364	0.0000227892
3365	0.0002276971
3366	0.0002275023
3367	0.0000757692
3368	0.0002271133
3369	0.0000283649
3370	0.0000067734
3371	0.0018122554
3372	0.0072428368
3373	0.0000540049
3374	0.0002259529
3375	0.0000031274
3376	0.0006015152
3377	0.0000526426
3378	0.0036029531
3379	0.0001499954
3380	0.0000085843
3381	0.0001157592
3382	0.0002246111
3383	0.0008976817
3384	0.0002242300
3385	0.0000746800
3386	0.0000429132
3387	0.0000069446
3388	0.0000209450
3389	0.0000722943
3390	0.0001117355
3391	0.0001361229
3392	0.0002232820
3393	0.0001115466
3394	0.0001033760
3395	0.0000101668
3396	0.0002649368
3397	0.0055060052
3398	0.0000370880
3399	0.0000276844
3400	0.0035544449
3401	0.0002715396
3402	0.0014205792
3403	0.0001108892
3404	0.0002215917
3405	0.0001012138
3406	0.0002212188
3407	0.0002281629
3408	0.0002208470
3409	0.0007061166
3410	0.0000296439
3411	0.0002467500
3412	0.0007049315
3413	0.0000270900
3414	0.0001466145
3415	0.0000203225
3416	0.0001097767
3417	0.0001403966
3418	0.0002125441
3419	0.0000655256
3420	0.0017520221
3421	0.0000000000
3422	0.0000262525
3423	0.0002650277
3424	0.0001668048
3425	0.0002188197
3426	0.0000313739
3427	0.0011650897
3428	0.0000853405
3429	0.0002182720
3430	0.0017447192
3431	0.0000207531
3432	0.0002177265
3433	0.0001023742
3434	0.0016860582
3435	0.0069556483
3436	0.0034749302
3437	0.0002104267
3438	0.0004476893
3439	0.0062667776
3440	0.0007709231
3441	0.0002452191
3442	0.0002166420
3443	0.0000333019
3444	0.0003642651
3445	0.0002033910
3446	0.0007677290
3447	0.0002157448
3448	0.0068981162
3449	0.0068924050
3450	0.0001912973
3451	0.0000491500
3452	0.0000399728
3453	0.0003659099
3454	0.0017174089
3455	0.0034319812
3456	0.0000857287
3457	0.0001370528
3458	0.0019759458
3459	0.0001956282
3460	0.0000477031
3461	0.0034206718
3462	0.0015213765
3463	0.0004272317
3464	0.0003776119
3465	0.0001382022
3466	0.0039991265
3467	0.0010829434
3468	0.0000030424
3469	0.0110715370
3470	0.0017887139
3471	0.0108425677
3472	0.0002900421
3473	0.0003319617
3474	0.0026290400
3475	0.0000163673
3476	0.0039428500
3477	0.0007341171
3478	0.0004165829
3479	0.0003640908
3480	0.0115838732
3481	0.0001513751
3482	0.0003412229
3483	0.0003808731
3484	0.0068188440
3485	0.0002838849
3486	0.0000265923
3487	0.0002061226
3488	0.0003439066
3489	0.0056363278
3490	0.0001510325
3491	0.0000092017
3492	0.0000795956
3493	0.0001421297
3494	0.0011723836
3495	0.0008199203
3496	0.0001798652
3497	0.0001399674
3498	0.0006179498
3499	0.0002120411
3500	0.0001190094
3501	0.0003190226
3502	0.0000063581
3503	0.0002075344
3504	0.0024796779
3505	0.0024564162
3506	0.0000040637
3507	0.0001354840
3508	0.0016921629
3509	0.0000772710
3510	0.0000260120
3511	0.0000232219
3512	0.0000429653
3513	0.0033760262
3514	0.0000421658
3515	0.0006128202
3516	0.0051658163
3517	0.0013471036
3518	0.0000350522
3519	0.0000000000
3520	0.0000619783
3521	0.0001641991
3522	0.0004894094
3523	0.0000442056
3524	0.0000301970
3525	0.0000300051
3526	0.0002385242
3527	0.0075848372
3528	0.0004710925
3529	0.0000234084
3530	0.0000290799
3531	0.0000289015
3532	0.0004596025
3533	0.0002284071
3534	0.0001513528
3535	0.0001128336
3536	0.0002175233
3537	0.0000445980
3538	0.0001108371
3539	0.0008814927
3540	0.0002190868
3541	0.0000947117
3542	0.0007789912
3543	0.0018058826
3544	0.0002239683
3545	0.0000632332
3546	0.0003944293
3547	0.0000249607
3548	0.0063607291
3549	0.0004195983
3550	0.0005458180
3551	0.0503150557
3552	0.0039024583
3553	0.0492094106
3554	0.0021531193
3555	0.0067081050
3556	0.0000259792
3557	0.0000197477
3558	0.0000138661
3559	0.0000257584
3560	0.0000000000
3561	0.0017827939
3562	0.0000290151
3563	0.0026571950
3564	0.0002571655
3565	0.0000130231
3566	0.0000260760
3567	0.0000260548
3568	0.0006664614
3569	0.0004162006
3570	0.0000000000
3571	0.0066538121
3572	0.0016621054
3573	0.0066430380
3574	0.0000109669
3575	0.0002074269
3576	0.0102693106
3577	0.0002072591
3578	0.0003041983
3579	0.0024111776
3580	0.0191134193
3581	0.0000353369
3582	0.0093854395
3583	0.0019081201
3584	0.0006478142
3585	0.0003219081
3586	0.0004141831
3587	0.0000452602
3588	0.0033107867
3589	0.0000682085
3590	0.0002644353
3591	0.0004128467
3592	0.0000594614
3593	0.0000253650
3594	0.0001248518
3595	0.0333290001
3596	0.0025438463
3597	0.0003160517
3598	0.0000268963
3599	0.0002305050
3600	0.0002812228
3601	0.0002831460
3602	0.0718636635
3603	0.0118754183
3604	0.0148740295
3605	0.0700607938
3606	0.0023159906
3607	0.0000498809
3608	0.0000413772
3609	0.0005290863
3610	0.0002434697
3611	0.0000081595
3612	0.0002050973
3613	0.0018302187
3614	0.0000178202
3615	0.0024980832
3616	0.0000386299
3617	0.0016381437
3618	0.0000909349
3619	0.0000322269
3620	0.0000000000
3621	0.0049077620
3622	0.0001301056
3623	0.0032684077
3624	0.0612517009
3625	0.0024409249
3626	0.0677926894
3627	0.0074720352
3628	0.0667125652
3629	0.0529481811
3630	0.0002524406
3631	0.0002515637
3632	0.0032657879
3633	0.0000354693
3634	0.0032605583
3635	0.0065158971
3636	0.0081417494
3637	0.0000671205
3638	0.0032336535
3639	0.0001121469
3640	0.0015981565
3641	0.0004646770
3642	0.0000366687
3643	0.0004787210
3644	0.0002872537
3645	0.0006500279
3646	0.0064950857
3647	0.0004098037
3648	0.0000324297
3649	0.0002218917
3650	0.0000217782
3651	0.0006484720
3652	0.0006479547
3653	0.0015445480
3654	0.0003839866
3655	0.0183292314
3656	0.0646517034
3657	0.0019441231
3658	0.0035371050
3659	0.0210623376
3660	0.0052261053
3661	0.0622464799
3662	0.0018723184
3663	0.0000052339
3664	0.0000143124
3665	0.0004340043
3666	0.0022660234
3667	0.0064640675
3668	0.0000270696
3669	0.0000269141
3670	0.0000062053
3671	0.0004257310
3672	0.0002116617
3673	0.0000233856
3674	0.0000380532
3675	0.0000640391
3676	0.0004139480
3677	0.0004116658
3678	0.0000409408
3679	0.0002035864
3680	0.0002024806
3681	0.0000171393
3682	0.0000250379
3683	0.0003984617
3684	0.0003963391
3685	0.0001314126
3686	0.0000653596
3687	0.0000975246
3688	0.0000031808
3689	0.0001930202
3690	0.0000078376
3691	0.0003820618
3692	0.0001900507
3693	0.0721169423
3694	0.0000633228
3695	0.0023589689
3696	0.0374685456
3697	0.0302229744
3698	0.0028577019
3699	0.0037239765
3700	0.0084516386
3701	0.0033568658
3702	0.0145836365
3703	0.0000959098
3704	0.0575299922
3705	0.0190452715
3706	0.0122695975
3707	0.0004980919
3708	0.0000252101
3709	0.0000086323
3710	0.0002015734
3711	0.0003041985
3712	0.0001954135
3713	0.0002013600
3714	0.0000220493
3715	0.0003574048
3716	0.0000387240
3717	0.0017549526
3718	0.0002007212
3719	0.0000340947
3720	0.0021705472
3721	0.0010795743
3722	0.0064179824
3723	0.0064128943
3724	0.0002322014
3725	0.0000000000
3726	0.0010061885
3727	0.0000552723
3728	0.0001157476
3729	0.0019460796
3730	0.0064027374
3731	0.0004403368
3732	0.0093307275
3733	0.2224422468
3734	0.0014164512
3735	0.0027438690
3736	0.0002621049
3737	0.0014638595
3738	0.0269061330
3739	0.0178220379
3740	0.0001581079
3741	0.0043988859
3742	0.0016391606
3743	0.0260618534
3744	0.0086330437
3745	0.0000824948
3746	0.0255795189
3747	0.0127112790
3748	0.0084224827
3749	0.0062785389
3750	0.0499252960
3751	0.0008411150
3752	0.0493297230
3753	0.0490370424
3754	0.0000885674
3755	0.0015994172
3756	0.0000269066
3757	0.0042293350
3758	0.0000228307
3759	0.0084152695
3760	0.0011613728
3761	0.0001579677
3762	0.0006941434
3763	0.0001994531
3764	0.0001356906
3765	0.0000278272
3766	0.0015918475
3767	0.0056554364
3768	0.0001816385
3769	0.0031761684
3770	0.0000961717
3771	0.0027625201
3772	0.0000431956
3773	0.0000440440
3774	0.0007921675
3775	0.0001978861
3776	0.0011779716
3777	0.0082044379
3778	0.0012654748
3779	0.0001904207
3780	0.0007572125
3781	0.0060223400
3782	0.0319326649
3783	0.0009921328
3784	0.0094697611
3785	0.0000612998
3786	0.0004634714
3787	0.0005818235
3788	0.0028927504
3789	0.0460249355
3790	0.0000074455
3791	0.0015970184
3792	0.0452640953
3793	0.0225078967
3794	0.0026335339
3795	0.0013493001
3796	0.0442862351
3797	0.0016941550
3798	0.0013691329
3799	0.0871577288
3800	0.0013546196
3801	0.0215595529
3802	0.0001612506
3803	0.0213342349
3804	0.0027697050
3805	0.0004802038
3806	0.0001728271
3807	0.0007024889
3808	0.0000789679
3809	0.0000302722
3810	0.0002744553
3811	0.0080428274
3812	0.0000246387
3813	0.0000262405
3814	0.0004676258
3815	0.0000145730
3816	0.0000820268
3817	0.0014886368
3818	0.0000844689
3819	0.0466412458
3820	0.0000597140
3821	0.0013437143
3822	0.0000121307
3823	0.0009732458
3824	0.0018468499
3825	0.0004260991
3826	0.0001234673
3827	0.0000000000
3828	0.0000832608
3829	0.0001199598
3830	0.0013071792
3831	0.0003946760
3832	0.0001425673
3833	0.0025427963
3834	0.0002732933
3835	0.0001969552
3836	0.0002464722
3837	0.0001124576
3838	0.0000028867
3839	0.0000610941
3840	0.0000078179
3841	0.0000025897
3842	0.0001963386
3843	0.0003588326
3844	0.0001743866
3845	0.0001960314
3846	0.0000949712
3847	0.0298238357
3848	0.0000313963
3849	0.0002159724
3850	0.0053058109
3851	0.0007540479
3852	0.0186706776
3853	0.0002612093
3854	0.0001605406
3855	0.0413686135
3856	0.0000533151
3857	0.0068253062
3858	0.0407464100
3859	0.0033785766
3860	0.0044823708
3861	0.0005017704
3862	0.0399437897
3863	0.0397477721
3864	0.0030425813
3865	0.0015138893
3866	0.0152860242
3867	0.0519753098
3868	0.0387942329
3869	0.0025739110
3870	0.0011643866
3871	0.0016627167
3872	0.0380618270
3873	0.0000763208
3874	0.0001737061
3875	0.0001562134
3876	0.0000243893
3877	0.0062387929
3878	0.0006509467
3879	0.0001005473
3880	0.0003460596
3881	0.0001807906
3882	0.0031121110
3883	0.0000942330
3884	0.0010357564
3885	0.0001293689
3886	0.0031024394
3887	0.0006399505
3888	0.0002275578
3889	0.0011000376
3890	0.0000380372
3891	0.0000968007
3892	0.0000468972
3893	0.0001933010
3894	0.0000027204
3895	0.0000593850
3896	0.0001186780
3897	0.0007663887
3898	0.0000375474
3899	0.0001069855
3900	0.0000451688
3901	0.0000207958
3902	0.0000188577
3903	0.0012323411
3904	0.0003078469
3905	0.0025426107
3906	0.0000130959
3907	0.0000058094
3908	0.0000698571
3909	0.0001861416
3910	0.0061379275
3911	0.0002051853
3912	0.0000117707
3913	0.0005919182
3914	0.0377052691
3915	0.0187646633
3916	0.0093387286
3917	0.0014872805
3918	0.0010885471
3919	0.0011512706
3920	0.0045840213
3921	0.0060841857
3922	0.0001397672
3923	0.0010962190
3924	0.0000000000
3925	0.0044813571
3926	0.0178453478
3927	0.0177659310
3928	0.0353743389
3929	0.0018535847
3930	0.0004938473
3931	0.0279275771
3932	0.0347570301
3933	0.0346058206
3934	0.0021534892
3935	0.0343070367
3936	0.0034159433
3937	0.0017006501
3938	0.0000295182
3939	0.0012535913
3940	0.0001916622
3941	0.0000972771
3942	0.0003743331
3943	0.0000232779
3944	0.0000211759
3945	0.0003687279
3946	0.0000229309
3947	0.0001825392
3948	0.0000403643
3949	0.0000200831
3950	0.0000899325
3951	0.0001193266
3952	0.0001781228
3953	0.0001772635
3954	0.0001176080
3955	0.0003511363
3956	0.0000044236
3957	0.0003478060
3958	0.0000104898
3959	0.0001722672
3960	0.0000857300
3961	0.0000110103
3962	0.0000212334
3963	0.0003005878
3964	0.0003366023
3965	0.0001094063
3966	0.0000820983
3967	0.0003320051
3968	0.0002115191
3969	0.0000211894
3970	0.0001133150
3971	0.0000236988
3972	0.0000449234
3973	0.0000953888
3974	0.0001270872
3975	0.0001792792
3976	0.0030454042
3977	0.0602093001
3978	0.0337236051
3979	0.0020987882
3980	0.0041798418
3981	0.0013874151
3982	0.0241151157
3983	0.0001006698
3984	0.0001284459
3985	0.0036384081
3986	0.1304409489
3987	0.0001268587
3988	0.0020214028
3989	0.0064420128
3990	0.0213857862
3991	0.0159741395
3992	0.0028926229
3993	0.0019806492
3994	0.0024279133
3995	0.0026196917
3996	0.0001901915
3997	0.0001900454
3998	0.0001066103
3999	0.0074867334
4000	0.0001897538
4001	0.0001896083
4002	0.0007452219
4003	0.0000000000
4004	0.0008661162
4005	0.0060581677
4006	0.0010436886
4007	0.0000135123
4008	0.0002109736
4009	0.0000198324
4010	0.0002878221
4011	0.0001887388
4012	0.0000182847
4013	0.0000471486
4014	0.0001884504
4015	0.0000107604
4016	0.0001881626
4017	0.0000578520
4018	0.0024390283
4019	0.0001486533
4020	0.0001878756
4021	0.0001877324
4022	0.0012266296
4023	0.0006669842
4024	0.0000503557
4025	0.0059982848
4026	0.0009023375
4027	0.0007492147
4028	0.0001761516
4029	0.0011969200
4030	0.0000575005
4031	0.0015987468
4032	0.0035932257
4033	0.0033668093
4034	0.0014938760
4035	0.0000932963
4036	0.0008764462
4037	0.0000414113
4038	0.0017356425
4039	0.0059664304
4040	0.0006624335
4041	0.0001323862
4042	0.0008864118
4043	0.0001412019
4044	0.0029764305
4045	0.0003717718
4046	0.0062371873
4047	0.0023893942
4048	0.0004834252
4049	0.0102723974
4050	0.0009592516
4051	0.0004496439
4052	0.0304563742
4053	0.0303378189
4054	0.0146521730
4055	0.0042813482
4056	0.0074967943
4057	0.0000889046
4058	0.0297575142
4059	0.0296438864
4060	0.0024609208
4061	0.0008405428
4062	0.0117230871
4063	0.0022459389
4064	0.0096958177
4065	0.0048297419
4066	0.0144350965
4067	0.0287626706
4068	0.0057311753
4069	0.0008921814
4070	0.0094814813
4071	0.0283397909
4072	0.0009108335
4073	0.0017582860
4074	0.0014015000
4075	0.0139640520
4076	0.0055653759
4077	0.0001083059
4078	0.0027626419
4079	0.0000588499
4080	0.0059393407
4081	0.0000618213
4082	0.0059303544
4083	0.0000481778
4084	0.0003700869
4085	0.0008646582
4086	0.0070291490
4087	0.0069984545
4088	0.0003381095
4089	0.0011824893
4090	0.0001846245
4091	0.0069680079
4092	0.0000138756
4093	0.0003689703
4094	0.0014747681
4095	0.0157823669
4096	0.0026278274
4097	0.0157515862
4098	0.0002357850
4099	0.0021418847
4100	0.0069078467
4101	0.0017195315
4102	0.0003678591
4103	0.0002352526
4104	0.0031472465
4105	0.0157209026
4106	0.0000581689
4107	0.0031380632
4108	0.0004354183
4109	0.0000611712
4110	0.0156446164
4111	0.0004596892
4112	0.0022306100
4113	0.0012999277
4114	0.0020318548
4115	0.0003995902
4116	0.0004897407
4117	0.0002395220
4118	0.0000201736
4119	0.0009711762
4120	0.0000568637
4121	0.0001398207
4122	0.0038772012
4123	0.0002065844
4124	0.0019348605
4125	0.0154639585
4126	0.0000815007
4127	0.0000601131
4128	0.0019292722
4129	0.0007709661
4130	0.0000802317
4131	0.0038474201
4132	0.0005863642
4133	0.0153748939
4134	0.0013963755
4135	0.0006671909
4136	0.0000309086
4137	0.0002098079
4138	0.0000921765
4139	0.0008045609
4140	0.0000203446
4141	0.0016968923
4142	0.0076287137
4143	0.0152428463
4144	0.0012690240
4145	0.0000594287
4146	0.0000588553
4147	0.0005428299
4148	0.0075923735
4149	0.0018962848
4150	0.0050519439
4151	0.0000554630
4152	0.0004727189
4153	0.0009445391
4154	0.0075491340
4155	0.0001178432
4156	0.0000000000
4157	0.0018819159
4158	0.0004700330
4159	0.0009391756
4160	0.0002056518
4161	0.0000585874
4162	0.0049947323
4163	0.0001829637
4164	0.0001559379
4165	0.0000584215
4166	0.0004394641
4167	0.0024879472
4168	0.0004519275
4169	0.0148995558
4170	0.0002862601
4171	0.0000193388
4172	0.0002321488
4173	0.0008246421
4174	0.0037074027
4175	0.0074078429
4176	0.0000440529
4177	0.0000192551
4178	0.0039999654
4179	0.0029548073
4180	0.0000576570
4181	0.0073731878
4182	0.0009207860
4183	0.0147187984
4184	0.0000457066
4185	0.0000456723
4186	0.0000228190
4187	0.0000574416
4188	0.0000019002
4189	0.0000047715
4190	0.0000457246
4191	0.0000503914
4192	0.0006659190
4193	0.0000121015
4194	0.0000464653
4195	0.0000606761
4196	0.0000559744
4197	0.0000572381
4198	0.0009113847
4199	0.0009105377
4200	0.0003032307
4201	0.0000568030
4202	0.0003885700
4203	0.0010377193
4204	0.0000006908
4205	0.0000559890
4206	0.0072438598
4207	0.0005360855
4208	0.0000556189
4209	0.0020639357
4210	0.0036085499
4211	0.0003004348
4212	0.0144075594
4213	0.0000350855
4214	0.0003271425
4215	0.0000000000
4216	0.0001661565
4217	0.0000178256
4218	0.0071904992
4219	0.0023946246
4220	0.0000448579
4221	0.0035853263
4222	0.0002238768
4223	0.0293169995
4224	0.0017877236
4225	0.0010991273
4226	0.0000217284
4227	0.0000557127
4228	0.0000556616
4229	0.0000078308
4230	0.0000000000
4231	0.0000053362
4232	0.0017746583
4233	0.0000541385
4234	0.0070856641
4235	0.0141583880
4236	0.0000190897
4237	0.0000475844
4238	0.0141196814
4239	0.0047022724
4240	0.0070469859
4241	0.0140811454
4242	0.0011723615
4243	0.0004133985
4244	0.0011702316
4245	0.0000548048
4246	0.0007787386
4247	0.0000136497
4248	0.0004663962
4249	0.0011649340
4250	0.0002327758
4251	0.0001036926
4252	0.0000545075
4253	0.0017426611
4254	0.0000544089
4255	0.0004348782
4256	0.0019844159
4257	0.0000223171
4258	0.0069517673
4259	0.0004961067
4260	0.0034696142
4261	0.0138659453
4262	0.0000541150
4263	0.0046136589
4264	0.0000344851
4265	0.0000197215
4266	0.0001031051
4267	0.0003730719
4268	0.0002089584
4269	0.0002335402
4270	0.0002868022
4271	0.0068770776
4272	0.0017177280
4273	0.0006537862
4274	0.0045724049
4275	0.0068524683
4276	0.0008557923
4277	0.0068402168
4278	0.0004141881
4279	0.0022760002
4280	0.0002236690
4281	0.0000966783
4282	0.0005921515
4283	0.0000106142
4284	0.0015105808
4285	0.0003621120
4286	0.0004244726
4287	0.0000567595
4288	0.0019387199
4289	0.0000044808
4290	0.0003564979
4291	0.0003615721
4292	0.0000000000
4293	0.0002600552
4294	0.0022518121
4295	0.0067494454
4296	0.0016858658
4297	0.0003133716
4298	0.0000133166
4299	0.0008967423
4300	0.0022398730
4301	0.0000524506
4302	0.0019164994
4303	0.0134036499
4304	0.0007048327
4305	0.0009557149
4306	0.0000491478
4307	0.0004946828
4308	0.0004043840
4309	0.0000520817
4310	0.0044403996
4311	0.0026618973
4312	0.0000903257
4313	0.0014441341
4314	0.0002607410
4315	0.0004151910
4316	0.0000484698
4317	0.0003160583
4318	0.0000039852
4319	0.0005521323
4320	0.0002758242
4321	0.0002099677
4322	0.0013216384
4323	0.0002298814
4324	0.0001803824
4325	0.0003070888
4326	0.0131932725
4327	0.0001305123
4328	0.0014633584
4329	0.0000171338
4330	0.0131472435
4331	0.0004436876
4332	0.0004104930
4333	0.0000441896
4334	0.0000489287
4335	0.0065507363
4336	0.0000411689
4337	0.0002517321
4338	0.0004843957
4339	0.0000138446
4340	0.0016334140
4341	0.0000000000
4342	0.0000621172
4343	0.0006516648
4344	0.0000045247
4345	0.0000506253
4346	0.0004062319
4347	0.0005195264
4348	0.0009269226
4349	0.0002025889
4350	0.0000988891
4351	0.0025886552
4352	0.0002486941
4353	0.0000403779
4354	0.0032274441
4355	0.0003071105
4356	0.0008054701
4357	0.0000499086
4358	0.0064326634
4359	0.0000485066
4360	0.0000249382
4361	0.0000501256
4362	0.0003465168
4363	0.0004417279
4364	0.0007110618
4365	0.0042627100
4366	0.0005110865
4367	0.0021277017
4368	0.0003986023
4369	0.0000000000
4370	0.0000581321
4371	0.0009095317
4372	0.0003438528
4373	0.0019169353
4374	0.0000294924
4375	0.0006690355
4376	0.0127008127
4377	0.0000667893
4378	0.0000247639
4379	0.0000460666
4380	0.0000097440
4381	0.0002128346
4382	0.0000133970
4383	0.0003828180
4384	0.0000957269
4385	0.0005489215
4386	0.0001940685
4387	0.0031509302
4388	0.0000787063
4389	0.0005702156
4390	0.0031455767
4391	0.0000244109
4392	0.0002059172
4393	0.0003486193
4394	0.0002559113
4395	0.0006960570
4396	0.0125184143
4397	0.0001302898
4398	0.0000850152
4399	0.0057380092
4400	0.0000047821
4401	0.0002601388
4402	0.0005424395
4403	0.0000242050
4404	0.0001946100
4405	0.0000097147
4406	0.0001295212
4407	0.0003882359
4408	0.0000149196
4409	0.0001790470
4410	0.0001291940
4411	0.0000484070
4412	0.0000000000
4413	0.0015464177
4414	0.0004775122
4415	0.0000275914
4416	0.0003250147
4417	0.0123401873
4418	0.0030824576
4419	0.0002230390
4420	0.0123194875
4421	0.0000894572
4422	0.0061545792
4423	0.0017569776
4424	0.0004726362
4425	0.0002455651
4426	0.0000510805
4427	0.0001105224
4428	0.0009429016
4429	0.0013608306
4430	0.0012237243
4431	0.0000477618
4432	0.0014291954
4433	0.0000477220
4434	0.0122066281
4435	0.0000245896
4436	0.0000076730
4437	0.0000164032
4438	0.0000352105
4439	0.0060931432
4440	0.0003805043
4441	0.0020276665
4442	0.0006753264
4443	0.0000147939
4444	0.0014249724
4445	0.0000248173
4446	0.0024251174
4447	0.0000294781
4448	0.0003668322
4449	0.0000453012
4450	0.0040284632
4451	0.0015094217
4452	0.0001725963
4453	0.0000592862
4454	0.0060326854
4455	0.0012055381
4456	0.0009265696
4457	0.0004011814
4458	0.0060127464
4459	0.0002452154
4460	0.0000000000
4461	0.0000111080
4462	0.0059978614
4463	0.0039952753
4464	0.0029939855
4465	0.0001759716
4466	0.0059781065
4467	0.0000191291
4468	0.0000466655
4469	0.0000186508
4470	0.0000465887
4471	0.0000494478
4472	0.0099627519
4473	0.0019845197
4474	0.0000231917
4475	0.0014859464
4476	0.0006598787
4477	0.0006246355
4478	0.0039527820
4479	0.0013165145
4480	0.0000127138
4481	0.0002041194
4482	0.0007393273
4483	0.0007098608
4484	0.0023639117
4485	0.0016871276
4486	0.0000000000
4487	0.0000054993
4488	0.0000460194
4489	0.0004636019
4490	0.0039237863
4491	0.0004704703
4492	0.0028373501
4493	0.0000006505
4494	0.0039141968
4495	0.0117330258
4496	0.0117234738
4497	0.0002268208
4498	0.0023427868
4499	0.0002438418
4500	0.0009443905
4501	0.0023389785
4502	0.0038951300
4503	0.0003648719
4504	0.0003535279
4505	0.0008966890
4506	0.0000080829
4507	0.0005819032
4508	0.0058143172
4509	0.0000397918
4510	0.0002418711
4511	0.0000302094
4512	0.0005795521
4513	0.0028954187
4514	0.0005786160
4515	0.0001959826
4516	0.0007221028
4517	0.0000450950
4518	0.0002403129
4519	0.0000450224
4520	0.0014395549
4521	0.0001717488
4522	0.0000000000
4523	0.0028721654
4524	0.0000197921
4525	0.0002440469
4526	0.0002010700
4527	0.0056621718
4528	0.0028629477
4529	0.0006022422
4530	0.0009527855
4531	0.0003570082
4532	0.0006341727
4533	0.0114059678
4534	0.0113968384
4535	0.0000444833
4536	0.0001067548
4537	0.0004602483
4538	0.0000571178
4539	0.0000427767
4540	0.0000220853
4541	0.0006316400
4542	0.0004733516
4543	0.0028378416
4544	0.0004536923
4545	0.0000442705
4546	0.0000000000
4547	0.0000882764
4548	0.0000122724
4549	0.0005950623
4550	0.0001262421
4551	0.0000441296
4552	0.0001881365
4553	0.0028198032
4554	0.0000440244
4555	0.0005362518
4556	0.0003516357
4557	0.0008031008
4558	0.0144149776
4559	0.0000427167
4560	0.0028063944
4561	0.0001110562
4562	0.0022415580
4563	0.0004666214
4564	0.0000437111
4565	0.0003021944
4566	0.0000696980
4567	0.0000121320
4568	0.0015960499
4569	0.0003189576
4570	0.0000183465
4571	0.0000430324
4572	0.0000352069
4573	0.0000140724
4574	0.0000158446
4575	0.0006966179
4576	0.0111370875
4577	0.0000691199
4578	0.0004633135
4579	0.0000878239
4580	0.0056166090
4581	0.0004629482
4582	0.0111020034
4583	0.0006162922
4584	0.0022169055
4585	0.0110758061
4586	0.0055335478
4587	0.0018430660
4588	0.0036832358
4589	0.0000049580
4590	0.0000431290
4591	0.0000430952
4592	0.0001360951
4593	0.0004079653
4594	0.0110064278
4595	0.0002499501
4596	0.0003330058
4597	0.0000427260
4598	0.0009862471
4599	0.0006449070
4600	0.0013693561
4601	0.0012162544
4602	0.0000214881
4603	0.0001139348
4604	0.0012143560
4605	0.0054603384
4606	0.0000426256
4607	0.0027259137
4608	0.0000425592
4609	0.0006804172
4610	0.0004028963
4611	0.0013587172
4612	0.0108612843
4613	0.0004933110
4614	0.0000367607
4615	0.0001041922
4616	0.0006767236
4617	0.0006761985
4618	0.0054053930
4619	0.0002700602
4620	0.0001799006
4621	0.0010785677
4622	0.0017962214
4623	0.0000420664
4624	0.0000373634
4625	0.0002389410
4626	0.0053720180
4627	0.0001807834
4628	0.0003701979
4629	0.0004876114
4630	0.0006699484
4631	0.0000875029
4632	0.0013388634
4633	0.0000328302
4634	0.0008226465
4635	0.0009714698
4636	0.0008898285
4637	0.0000318499
4638	0.0053307597
4639	0.0000441776
4640	0.0006995114
4641	0.0000216011
4642	0.0000414526
4643	0.0000349021
4644	0.0002799200
4645	0.0106287958
4646	0.0002236801
4647	0.0003662290
4648	0.0000582075
4649	0.0001538043
4650	0.0000205910
4651	0.0004415097
4652	0.0035293720
4653	0.0017633350
4654	0.0105719137
4655	0.0000409451
4656	0.0035185836
4657	0.0000407246
4658	0.0000329363
4659	0.0008101216
4660	0.0000542877
4661	0.0000965463
4662	0.0000410762
4663	0.0001568283
4664	0.0013124363
4665	0.0002331443
4666	0.0001564702
4667	0.0000396800
4668	0.0001377310
4669	0.0003268624
4670	0.0000051385
4671	0.0026109266
4672	0.0000558384
4673	0.0017392960
4674	0.0000734179
4675	0.0013034819
4676	0.0003256232
4677	0.0000406720
4678	0.0008003192
4679	0.0001792460
4680	0.0000583618
4681	0.0051902652
4682	0.0001852264
4683	0.0000191233
4684	0.0025892491
4685	0.0051745852
4686	0.0034471180
4687	0.0002323205
4688	0.0017222579
4689	0.0000189287
4690	0.0001709446
4691	0.0009387045
4692	0.0003224363
4693	0.0051550913
4694	0.0051512065
4695	0.0006434158
4696	0.0005414159
4697	0.0000046554
4698	0.0000399666
4699	0.0027837830
4700	0.0001425515
4701	0.0005397890
4702	0.0025620717
4703	0.0000193951
4704	0.0025582264
4705	0.0004090091
4706	0.0003784282
4707	0.0034033008
4708	0.0002833959
4709	0.0001213644
4710	0.0101869815
4711	0.0012724199
4712	0.0003254959
4713	0.0000000000
4714	0.0025391369
4715	0.0101489618
4716	0.0001878034
4717	0.0101338172
4718	0.0000973679
4719	0.0012648386
4720	0.0000173136
4721	0.0014433765
4722	0.0000217325
4723	0.0050480564
4724	0.0001261075
4725	0.0000204485
4726	0.0000250587
4727	0.0001118457
4728	0.0004023453
4729	0.0000380726
4730	0.0003138656
4731	0.0006272655
4732	0.0011118917
4733	0.0006268003
4734	0.0005274406
4735	0.0000391170
4736	0.0000255921
4737	0.0001736066
4738	0.0000195295
4739	0.0014273887
4740	0.0049921650
4741	0.0000211481
4742	0.0000389725
4743	0.0000058783
4744	0.0000030977
4745	0.0099548538
4746	0.0011052785
4747	0.0007100120
4748	0.0003467083
4749	0.0019865675
4750	0.0009023196
4751	0.0012397754
4752	0.0000163008
4753	0.0000955741
4754	0.0049518014
4755	0.0013848178
4756	0.0006919060
4757	0.0000386575
4758	0.0139214167
4759	0.0001030108
4760	0.0000088785
4761	0.0000667196
4762	0.0003083516
4763	0.0016433345
4764	0.0000000000
4765	0.0004320829
4766	0.0006153464
4767	0.0006558882
4768	0.0012288890
4769	0.0001327555
4770	0.0032722385
4771	0.0010899477
4772	0.0002692773
4773	0.0006126470
4774	0.0097951832
4775	0.0032626741
4776	0.0010867633
4777	0.0000063548
4778	0.0024416475
4779	0.0000524648
4780	0.0001175839
4781	0.0000110072
4782	0.0000379192
4783	0.0019476259
4784	0.0027656146
4785	0.0055272150
4786	0.0000363098
4787	0.0009723949
4788	0.0048584352
4789	0.0097098006
4790	0.0000230469
4791	0.0003029902
4792	0.0048443199
4793	0.0048408013
4794	0.0003023304
4795	0.0048337762
4796	0.0007431184
4797	0.0027616028
4798	0.0000348503
4799	0.0001398049
4800	0.0001963736
4801	0.0001785102
4802	0.0024081421
4803	0.0002916847
4804	0.0000354931
4805	0.0000375456
4806	0.0000564984
4807	0.0001999539
4808	0.0000705210
4809	0.0023959820
4810	0.0000374102
4811	0.0000186916
4812	0.0013661716
4813	0.0005621358
4814	0.0008681294
4815	0.0047712730
4816	0.0000372487
4817	0.0002443286
4818	0.0002322430
4819	0.0000303029
4820	0.0005593105
4821	0.0000311523
4822	0.0000105328
4823	0.0005934141
4824	0.0004743905
4825	0.0023702509
4826	0.0000041005
4827	0.0000599633
4828	0.0047337066
4829	0.0000077296
4830	0.0094606295
4831	0.0027536068
4832	0.0009453854
4833	0.0008588259
4834	0.0003045266
4835	0.0007256594
4836	0.0031422757
4837	0.0001471889
4838	0.0002038232
4839	0.0005883350
4840	0.0023516594
4841	0.0093999229
4842	0.0000000000
4843	0.0001400973
4844	0.0003607625
4845	0.0023432851
4846	0.0046832320
4847	0.0002228523
4848	0.0031177111
4849	0.0004248400
4850	0.0031132776
4851	0.0000000000
4852	0.0005181423
4853	0.0001083714
4854	0.0046566608
4855	0.0001501083
4856	0.0000000000
4857	0.0000222866
4858	0.0046434649
4859	0.0001344978
4860	0.0003566838
4861	0.0001930670
4862	0.0046303283
4863	0.0007856065
4864	0.0008412824
4865	0.0010275071
4866	0.0000352711
4867	0.0023086253
4868	0.0008412426
4869	0.0010253312
4870	0.0092214674
4871	0.0011518702
4872	0.0001438822
4873	0.0092019715
4874	0.0030651625
4875	0.0004375719
4876	0.0045912704
4877	0.0011470098
4878	0.0001730118
4879	0.0000606833
4880	0.0002191990
4881	0.0000357685
4882	0.0002859469
4883	0.0005378750
4884	0.0004568728
4885	0.0073048344
4886	0.0002851449
4887	0.0011397800
4888	0.0002531069
4889	0.0000355682
4890	0.0083802729
4891	0.0000832616
4892	0.0004025311
4893	0.0002843465
4894	0.0002841475
4895	0.0030287858
4896	0.0002837501
4897	0.0090736538
4898	0.0015112188
4899	0.0004314752
4900	0.0013728238
4901	0.0000000000
4902	0.0000348013
4903	0.0000641278
4904	0.0000352957
4905	0.0000086655
4906	0.0000352466
4907	0.0003468013
4908	0.0002815799
4909	0.0045021424
4910	0.0000214349
4911	0.0089980203
4912	0.0002305580
4913	0.0002807972
4914	0.0022448170
4915	0.0002492509
4916	0.0065985141
4917	0.0022417003
4918	0.0000068542
4919	0.0000248905
4920	0.0001790872
4921	0.0009942391
4922	0.0000349295
4923	0.0005584846
4924	0.0029765214
4925	0.0005577114
4926	0.0005573254
4927	0.0000115878
4928	0.0000690300
4929	0.0044493602
4930	0.0002021039
4931	0.0008886430
4932	0.0001305926
4933	0.0000342632
4934	0.0002850352
4935	0.0000346408
4936	0.0088619302
4937	0.0007379852
4938	0.0008045200
4939	0.0011054532
4940	0.0000292634
4941	0.0014719093
4942	0.0029417935
4943	0.0002756035
4944	0.0022033126
4945	0.0007339329
4946	0.0000804153
4947	0.0017602293
4948	0.0054794045
4949	0.0000114520
4950	0.0087890692
4951	0.0029276801
4952	0.0002737725
4953	0.0001709844
4954	0.0003989554
4955	0.0000495537
4956	0.0000440452
4957	0.0000151278
4958	0.0012504277
4959	0.0009718894
4960	0.0000338799
4961	0.0087350444
4962	0.0000210339
4963	0.0043615552
4964	0.0043585765
4965	0.0001555572
4966	0.0002072680
4967	0.0000339817
4968	0.0000976785
4969	0.0000298538
4970	0.0000477008
4971	0.0002711135
4972	0.0010837157
4973	0.0002707445
4974	0.0000318306
4975	0.0002621832
4976	0.0014410274
4977	0.0000336198
4978	0.0010793028
4979	0.0043142802
4980	0.0086227051
4981	0.0007180713
4982	0.0010763766
4983	0.0000896373
4984	0.0001139074
4985	0.0021498365
4986	0.0021483805
4987	0.0085877043
4988	0.0000335230
4989	0.0000217667
4990	0.0042851441
4991	0.0085644953
4992	0.0000951763
4993	0.0002276506
4994	0.0005705806
4995	0.0042764640
4996	0.0085471536
4997	0.0085413854
4998	0.0042678117
4999	0.0085298674
5000	0.0000186932
5001	0.0000158040
5002	0.0000827224
5003	0.0085126366
5004	0.0010633631
5005	0.0000165393
5006	0.0004196727
5007	0.0028318202
5008	0.0000317968
5009	0.0021210102
5010	0.0028261132
5011	0.0001129686
5012	0.0042334780
5013	0.0002115318
5014	0.0000337574
5015	0.0000587194
5016	0.0001157524
5017	0.0001319416
5018	0.0009376225
5019	0.0001081147
5020	0.0006019502
5021	0.0001093722
5022	0.0001702467
5023	0.0000000000
5024	0.0000327472
5025	0.0001314125
5026	0.0000276473
5027	0.0005999399
5028	0.0041967738
5029	0.0027959809
5030	0.0000327435
5031	0.0000192127
5032	0.0000326999
5033	0.0016731163
5034	0.0000163281
5035	0.0020886091
5036	0.0001490870
5037	0.0020858287
5038	0.0027792542
5039	0.0041661081
5040	0.0001321695
5041	0.0001188734
5042	0.0013859354
5043	0.0001700020
5044	0.0009233433
5045	0.0000000000
5046	0.0008299061
5047	0.0000320214
5048	0.0010200684
5049	0.0082825615
5050	0.0001532791
5051	0.0006795191
5052	0.0000287208
5053	0.0003179275
5054	0.0008260643
5055	0.0006879314
5056	0.0027499059
5057	0.0041221319
5058	0.0005884868
5059	0.0082333730
5060	0.0004571076
5061	0.0041112525
5062	0.0000383976
5063	0.0000311048
5064	0.0002735415
5065	0.0020502092
5066	0.0000318888
5067	0.0081900365
5068	0.0002557701
5069	0.0000470072
5070	0.0001697578
5071	0.0003553860
5072	0.0002269029
5073	0.0003887207
5074	0.0016315540
5075	0.0000318454
5076	0.0081470594
5077	0.0016283425
5078	0.0016272742
5079	0.0016262070
5080	0.0001400984
5081	0.0000317202
5082	0.0004057530
5083	0.0040548730
5084	0.0040522188
5085	0.0080991347
5086	0.0080938373
5087	0.0000209548
5088	0.0026944196
5089	0.0000049256
5090	0.0000315340
5091	0.0026891440
5092	0.0026873891
5093	0.0000596522
5094	0.0002517784
5095	0.0002516142
5096	0.0000314313
5097	0.0002297475
5098	0.0020089812
5099	0.0001384602
5100	0.0011464951
5101	0.0021436195
5102	0.0003208098
5103	0.0002226397
5104	0.0000312883
5105	0.0001053238
5106	0.0026664704
5107	0.0000754171
5108	0.0079890269
5109	0.0009979803
5110	0.0002346666
5111	0.0000304332
5112	0.0001245050
5113	0.0000000000
5114	0.0004973751
5115	0.0000236692
5116	0.0000145428
5117	0.0000210917
5118	0.0009934627
5119	0.0000305483
5120	0.0004960890
5121	0.0000497294
5122	0.0039661460
5123	0.0000179348
5124	0.0000000000
5125	0.0000309455
5126	0.0000315416
5127	0.0000024717
5128	0.0004332446
5129	0.0003762673
5130	0.0000308458
5131	0.0000822024
5132	0.0001792351
5133	0.0000303126
5134	0.0011251701
5135	0.0000172652
5136	0.0039355607
5137	0.0002458143
5138	0.0001191060
5139	0.0002454983
5140	0.0019627241
5141	0.0000306479
5142	0.0001225127
5143	0.0001641416
5144	0.0000979473
5145	0.0000302346
5146	0.0000217987
5147	0.0039103563
5148	0.0005582643
5149	0.0001746061
5150	0.0007810692
5151	0.0000015636
5152	0.0004875432
5153	0.0000297546
5154	0.0007790712
5155	0.0015571458
5156	0.0025935838
5157	0.0077757790
5158	0.0003919548
5159	0.0019427029
5160	0.0002218814
5161	0.0000198997
5162	0.0002080351
5163	0.0001615821
5164	0.0038754958
5165	0.0004841281
5166	0.0077411115
5167	0.0011051684
5168	0.0000299661
5169	0.0000249236
5170	0.0000265341
5171	0.0001483942
5172	0.0000060200
5173	0.0077066873
5174	0.0011002556
5175	0.0000478068
5176	0.0002403752
5177	0.0038435623
5178	0.0009602808
5179	0.0000297573
5180	0.0025575013
5181	0.0000000000
5182	0.0076676400
5183	0.0015325562
5184	0.0000225898
5185	0.0025510259
5186	0.0004249018
5187	0.0008492660
5188	0.0003182733
5189	0.0038168645
5190	0.0076289038
5191	0.0000000000
5192	0.0000263642
5193	0.0000198293
5194	0.0076096512
5195	0.0038024250
5196	0.0019000134
5197	0.0015190524
5198	0.0000000000
5199	0.0004462172
5200	0.0003609960
5201	0.0000371380
5202	0.0009464219
5203	0.0004450948
5204	0.0000161344
5205	0.0002800687
5206	0.0002361594
5207	0.0003441294
5208	0.0000921018
5209	0.0000527805
5210	0.0075428670
5211	0.0003375730
5212	0.0006281777
5213	0.0018833504
5214	0.0001195028
5215	0.0001686657
5216	0.0025079851
5217	0.0002349762
5218	0.0000143956
5219	0.0010786884
5220	0.0000000000
5221	0.0075051183
5222	0.0000200356
5223	0.0037502103
5224	0.0037478638
5225	0.0037455196
5226	0.0074863555
5227	0.0074816763
5228	0.0018692504
5229	0.0002988933
5230	0.0074676665
5231	0.0074630057
5232	0.0001165367
5233	0.0012422830
5234	0.0009311314
5235	0.0024814695
5236	0.0000290616
5237	0.0008261263
5238	0.0037152541
5239	0.0000834369
5240	0.0000445102
5241	0.0000717585
5242	0.0000611141
5243	0.0000000000
5244	0.0005708665
5245	0.0004635406
5246	0.0000415982
5247	0.0024706794
5248	0.0037037160
5249	0.0037014152
5250	0.0002241889
5251	0.0001573115
5252	0.0018472631
5253	0.0000663009
5254	0.0000265628
5255	0.0024599631
5256	0.0007763489
5257	0.0001992093
5258	0.0000363156
5259	0.0012276964
5260	0.0000276753
5261	0.0000836030
5262	0.0002371777
5263	0.0073479593
5264	0.0000966239
5265	0.0018347191
5266	0.0036671708
5267	0.0036649056
5268	0.0073252851
5269	0.0014641527
5270	0.0000641776
5271	0.0000149071
5272	0.0036558667
5273	0.0010438893
5274	0.0001276836
5275	0.0018256802
5276	0.0006081851
5277	0.0000148246
5278	0.0000650510
5279	0.0000558218
5280	0.0072892349
5281	0.0072847483
5282	0.0036401330
5283	0.0000454737
5284	0.0000051643
5285	0.0018167113
5286	0.0004034656
5287	0.0000243554
5288	0.0000630736
5289	0.0002196670
5290	0.0001420503
5291	0.0018100300
5292	0.0001673461
5293	0.0000034816
5294	0.0001485404
5295	0.0001669890
5296	0.0001735588
5297	0.0000556234
5298	0.0001667516
5299	0.0001666332
5300	0.0001665148
5301	0.0000022942
5302	0.0000409592
5303	0.0000190033
5304	0.0001661606
5305	0.0001660428
5306	0.0000496225
5307	0.0000829038
5308	0.0001656901
5309	0.0002119332
5310	0.0000206820
5311	0.0000011087
5312	0.0000351302
5313	0.0001651050
5314	0.0001649884
5315	0.0052758994
5316	0.0001647555
5317	0.0000205799
5318	0.0000060934
5319	0.0000657629
5320	0.0001642913
5321	0.0001641756
5322	0.0000205075
5323	0.0000409861
5324	0.0001638292
5325	0.0000109143
5326	0.0001635989
5327	0.0010462975
5328	0.0000179035
5329	0.0000148413
5330	0.0000326280
5331	0.0001630255
5332	0.0001629112
5333	0.0001085313
5334	0.0001487387
5335	0.0001486345
5336	0.0000203069
5337	0.0000351009
5338	0.0051912958
5339	0.0000810573
5340	0.0000324003
5341	0.0001400113
5342	0.0000085145
5343	0.0000097607
5344	0.0001230852
5345	0.0001519404
5346	0.0001613241
5347	0.0000806059
5348	0.0001610994
5349	0.0001226569
5350	0.0003217504
5351	0.0006543397
5352	0.0007349178
5353	0.0001071010
5354	0.0000435362
5355	0.0051337033
5356	0.0001603168
5357	0.0000732368
5358	0.0000465729
5359	0.0051194635
5360	0.0002588104
5361	0.0001421087
5362	0.0001597615
5363	0.0017029415
5364	0.0000773528
5365	0.0000857665
5366	0.0000199287
5367	0.0000432056
5368	0.0001593194
5369	0.0001543847
5370	0.0050911710
5371	0.0000317978
5372	0.0012710342
5373	0.0001587695
5374	0.0003626513
5375	0.0001585504
5376	0.0001408365
5377	0.0001299133
5378	0.0001332401
5379	0.0001331483
5380	0.0005617947
5381	0.0001604868
5382	0.0012631679
5383	0.0001577873
5384	0.0000901022
5385	0.0000504225
5386	0.0000752058
5387	0.0000195927
5388	0.0000196557
5389	0.0000785689
5390	0.0003140601
5391	0.0025107572
5392	0.0000343704
5393	0.0000174119
5394	0.0001518544
5395	0.0001564926
5396	0.0000086881
5397	0.0001562785
5398	0.0005552767
5399	0.0001560648
5400	0.0012476651
5401	0.0049872506
5402	0.0012459612
5403	0.0001310643
5404	0.0016590146
5405	0.0001554265
5406	0.0024851287
5407	0.0002558058
5408	0.0001552147
5409	0.0001551089
5410	0.0000604891
5411	0.0000170922
5412	0.0000952568
5413	0.0001499996
5414	0.0001498976
5415	0.0001544768
5416	0.0000136209
5417	0.0001496939
5418	0.0000274024
5419	0.0001542670
5420	0.0002129410
5421	0.0001541623
5422	0.0000513526
5423	0.0000034379
5424	0.0000834434
5425	0.0001537445
5426	0.0001536403
5427	0.0001228290
5428	0.0001534323
5429	0.0000188712
5430	0.0001532248
5431	0.0002722154
5432	0.0016321886
5433	0.0000555953
5434	0.0001528110
5435	0.0000301645
5436	0.0003052096
5437	0.0080455186
5438	0.0002499932
5439	0.0001161919
5440	0.0024383841
5441	0.0001522963
5442	0.0024350985
5443	0.0000078880
5444	0.0001389611
5445	0.0003150074
5446	0.0002859039
5447	0.0009943177
5448	0.0001517843
5449	0.0048538305
5450	0.0000186560
5451	0.0000189348
5452	0.0000756883
5453	0.0000201780
5454	0.0001512750
5455	0.0001511735
5456	0.0048343053
5457	0.0001463959
5458	0.0001228986
5459	0.0002682125
5460	0.0001507684
5461	0.0048213574
5462	0.0001505665
5463	0.0012037260
5464	0.0024058412
5465	0.0048084643
5466	0.0000361297
5467	0.0012005096
5468	0.0007998050
5469	0.0002300503
5470	0.0001498633
5471	0.0001261164
5472	0.0000264598
5473	0.0000087979
5474	0.0001494638
5475	0.0047796535
5476	0.0002985293
5477	0.0000745826
5478	0.0001490660
5479	0.0007944894
5480	0.0001488677
5481	0.0000148769
5482	0.0000731913
5483	0.0000742855
5484	0.0023755574
5485	0.0000293084
5486	0.0000120733
5487	0.0001481769
5488	0.0000752146
5489	0.0001479805
5490	0.0001478825
5491	0.0000075787
5492	0.0001476866
5493	0.0001475889
5494	0.0001474913
5495	0.0000780267
5496	0.0001473937
5497	0.0001472963
5498	0.0000904462
5499	0.0001471989
5500	0.0000082874
5501	0.0001470045
5502	0.0001175260
5503	0.0015659795
5504	0.0046948397
5505	0.0002932340
5506	0.0046886520
5507	0.0023427815
5508	0.0046824771
5509	0.0023396973
5510	0.0046763152
5511	0.0001460387
5512	0.0001459427
5513	0.0000972312
5514	0.0006446240
5515	0.0000149969
5516	0.0023304831
5517	0.0001455596
5518	0.0009309698
5519	0.0011629487
5520	0.0000205697
5521	0.0005161885
5522	0.0001450829
5523	0.0005799514
5524	0.0001448929
5525	0.0001323868
5526	0.0004522301
5527	0.0002404079
5528	0.0011576265
5529	0.0011568693
5530	0.0000700675
5531	0.0002013437
5532	0.0001444197
5533	0.0001443253
5534	0.0001442311
5535	0.0001441369
5536	0.0000095039
5537	0.0001439489
5538	0.0001353929
5539	0.0000179702
5540	0.0000701864
5541	0.0000478892
5542	0.0000100314
5543	0.0000956537
5544	0.0000674763
5545	0.0000171097
5546	0.0001432006
5547	0.0011448601
5548	0.0015254881
5549	0.0001429216
5550	0.0000714144
5551	0.0045675542
5552	0.0001426434
5553	0.0010896454
5554	0.0011404073
5555	0.0000474862
5556	0.0001423661
5557	0.0045527649
5558	0.0001421818
5559	0.0097189322
5560	0.0001420897
5561	0.0001419977
5562	0.0007568313
5563	0.0000096760
5564	0.0001417224
5565	0.0045321864
5566	0.0009058517
5567	0.0000279403
5568	0.0045234120
5569	0.0001412654
5570	0.0001411743
5571	0.0000684040
5572	0.0045117545
5573	0.0001409015
5574	0.0000704054
5575	0.0001407201
5576	0.0045001443
5577	0.0001405390
5578	0.0001728599
5579	0.0044914675
5580	0.0000144393
5581	0.0001402682
5582	0.0001359302
5583	0.0044828172
5584	0.0011199849
5585	0.0000295640
5586	0.0001750620
5587	0.0044770649
5588	0.0001398185
5589	0.0044713242
5590	0.0074873733
5591	0.0000787200
5592	0.0000349098
5593	0.0001395498
5594	0.0001062556
5595	0.0001393712
5596	0.0000043526
5597	0.0000927952
5598	0.0001391038
5599	0.0001390149
5600	0.0000252593
5601	0.0001346301
5602	0.0044399571
5603	0.0001386601
5604	0.0044342913
5605	0.0001342867
5606	0.0044286369
5607	0.0001383067
5608	0.0000581973
5609	0.0000640605
5610	0.0004417362
5611	0.0000057109
5612	0.0000339365
5613	0.0011022339
5614	0.0001376916
5615	0.0044033323
5616	0.0000136663
5617	0.0000687147
5618	0.0002585264
5619	0.0021960794
5620	0.0001371679
5621	0.0008773178
5622	0.0004870898
5623	0.0001369072
5624	0.0001368205
5625	0.0010938706
5626	0.0010931782
5627	0.0043699458
5628	0.0000098139
5629	0.0001363881
5630	0.0001363019
5631	0.0000227026
5632	0.0001361298
5633	0.0021767010
5634	0.0001359579
5635	0.0000169840
5636	0.0002715729
5637	0.0001357009
5638	0.0001356153
5639	0.0000154891
5640	0.0043342254
5641	0.0000446546
5642	0.0021643854
5643	0.0002327340
5644	0.0043260476
5645	0.0003602773
5646	0.0001350190
5647	0.0001349342
5648	0.0002696989
5649	0.0001002900
5650	0.0005387206
5651	0.0004017359
5652	0.0001230589
5653	0.0012346674
5654	0.0001345112
5655	0.0001344269
5656	0.0001343426
5657	0.0000268517
5658	0.0005366973
5659	0.0000066941
5660	0.0005360255
5661	0.0010713802
5662	0.0000166002
5663	0.0014267209
5664	0.0001222139
5665	0.0000166985
5666	0.0000667523
5667	0.0001334212
5668	0.0014222710
5669	0.0021320754
5670	0.0021307457
5671	0.0005559089
5672	0.0001330886
5673	0.0001330056
5674	0.0001329228
5675	0.0000442800
5676	0.0010620583
5677	0.0008491179
5678	0.0001325921
5679	0.0021201547
5680	0.0002648546
5681	0.0001323450
5682	0.0001322628
5683	0.0000660903
5684	0.0042271548
5685	0.0042245316
5686	0.0005277389
5687	0.0042192929
5688	0.0010541693
5689	0.0001316895
5690	0.0005264317
5691	0.0001237896
5692	0.0000146050
5693	0.0001313637
5694	0.0001312824
5695	0.0001272254
5696	0.0000163900
5697	0.0001310391
5698	0.0001309582
5699	0.0003010193
5700	0.0004605573
5701	0.0001675230
5702	0.0005231861
5703	0.0001307158
5704	0.0002882361
5705	0.0001672131
5706	0.0041777487
5707	0.0008350347
5708	0.0005915314
5709	0.0003477167
5710	0.0002256997
5711	0.0000837734
5712	0.0006950051
5713	0.0041674632
5714	0.0000075043
5715	0.0000056400
5716	0.0041597752
5717	0.0000532977
5718	0.0001258989
5719	0.0000023632
5720	0.0001185588
5721	0.0000323985
5722	0.0000753539
5723	0.0000533107
5724	0.0000431450
5725	0.0000000000
5726	0.0006894741
5727	0.0004134309
5728	0.0020658881
5729	0.0000322597
5730	0.0002579198
5731	0.0001288810
5732	0.0000644011
5733	0.0001287234
5734	0.0005145786
5735	0.0041141127
5736	0.0002818833
5737	0.0005139499
5738	0.0010272719
5739	0.0000612922
5740	0.0013680242
5741	0.0000097889
5742	0.0000137093
5743	0.0001280177
5744	0.0040940709
5745	0.0010228941
5746	0.0001277839
5747	0.0000425687
5748	0.0001276284
5749	0.0000039782
5750	0.0008158280
5751	0.0002547913
5752	0.0001273182
5753	0.0000140890
5754	0.0002278720
5755	0.0000158954
5756	0.0000423621
5757	0.0001270092
5758	0.0000564143
5759	0.0002266865
5760	0.0040593653
5761	0.0040569041
5762	0.0001267014
5763	0.0013506629
5764	0.0017763457
5765	0.0001191040
5766	0.0000421571
5767	0.0001263948
5768	0.0046115203
5769	0.0000180455
5770	0.0000631210
5771	0.0004037298
5772	0.0001260893
5773	0.0020162101
5774	0.0010074961
5775	0.0000452534
5776	0.0040251203
5777	0.0001257091
5778	0.0001256333
5779	0.0040178411
5780	0.0001254819
5781	0.0000573286
5782	0.0020052913
5783	0.0005010210
5784	0.0002857895
5785	0.0000122876
5786	0.0000067624
5787	0.0001250293
5788	0.0001249541
5789	0.0001248790
5790	0.0009984315
5791	0.0001030544
5792	0.0001247290
5793	0.0019944652
5794	0.0000088985
5795	0.0001245045
5796	0.0000131846
5797	0.0000138172
5798	0.0039769808
5799	0.0019872988
5800	0.0039722167
5801	0.0002481149
5802	0.0009918654
5803	0.0001239090
5804	0.0001100754
5805	0.0039603455
5806	0.0001649157
5807	0.0001236129
5808	0.0039532495
5809	0.0004938611
5810	0.0001039087
5811	0.0019730868
5812	0.0000985955
5813	0.0001231709
5814	0.0002243502
5815	0.0000803902
5816	0.0039367698
5817	0.0039344243
5818	0.0002231991
5819	0.0001228775
5820	0.0001228044
5821	0.0003947718
5822	0.0001227313
5823	0.0017674408
5824	0.0009812661
5825	0.0000050486
5826	0.0019601988
5827	0.0002448792
5828	0.0009789349
5829	0.0002255615
5830	0.0001222942
5831	0.0039110901
5832	0.0000488596
5833	0.0000610383
5834	0.0039041323
5835	0.0009754543
5836	0.0002198119
5837	0.0001218595
5838	0.0000198822
5839	0.0019485969
5840	0.0001217152
5841	0.0000152054
5842	0.0001215711
5843	0.0001214991
5844	0.0000241346
5845	0.0000404518
5846	0.0003881079
5847	0.0001140819
5848	0.0038764942
5849	0.0001019528
5850	0.0001075533
5851	0.0000120175
5852	0.0001208547
5853	0.0019325345
5854	0.0000118490
5855	0.0038605136
5856	0.0000602850
5857	0.0001204990
5858	0.0000150535
5859	0.0000149280
5860	0.0002405726
5861	0.0000133573
5862	0.0038446362
5863	0.0038423764
5864	0.0000783698
5865	0.0000936064
5866	0.0009589023
5867	0.0004791697
5868	0.0001197221
5869	0.0001196519
5870	0.0001195817
5871	0.0003186977
5872	0.0001194416
5873	0.0000046577
5874	0.0000397672
5875	0.0001192319
5876	0.0001121526
5877	0.0001088845
5878	0.0000528990
5879	0.0000143102
5880	0.0009510690
5881	0.0001188142
5882	0.0002374895
5883	0.0000863094
5884	0.0002372123
5885	0.0000677354
5886	0.0037909702
5887	0.0009471899
5888	0.0001147440
5889	0.0001182608
5890	0.0037821402
5891	0.0037799378
5892	0.0006963430
5893	0.0000292848
5894	0.0000175656
5895	0.0000393285
5896	0.0001179170
5897	0.0000132988
5898	0.0000785656
5899	0.0001177799
5900	0.0001076219
5901	0.0037645767
5902	0.0003135325
5903	0.0001105943
5904	0.0001077219
5905	0.0000391461
5906	0.0000963037
5907	0.0001173020
5908	0.0000146583
5909	0.0000046096
5910	0.0000145407
5911	0.0000076830
5912	0.0037471408
5913	0.0001170303
5914	0.0001134182
5915	0.0018703175
5916	0.0002875746
5917	0.0002335192
5918	0.0018670734
5919	0.0004664985
5920	0.0002764626
5921	0.0000582786
5922	0.0068262653
5923	0.0000145612
5924	0.0016981916
5925	0.0037255235
5926	0.0037233725
5927	0.0009303059
5928	0.0004648845
5929	0.0018584656
5930	0.0037147880
5931	0.0000116020
5932	0.0001159534
5933	0.0037083700
5934	0.0018531173
5935	0.0009260253
5936	0.0002313731
5937	0.0001156200
5938	0.0001155535
5939	0.0000143780
5940	0.0000304694
5941	0.0000384736
5942	0.0009228350
5943	0.0002112367
5944	0.0000945954
5945	0.0018435509
5946	0.0000152904
5947	0.0036828711
5948	0.0006134598
5949	0.0036786480
5950	0.0001148919
5951	0.0000076233
5952	0.0001147602
5953	0.0036702245
5954	0.0001930591
5955	0.0000632073
5956	0.0036639267
5957	0.0004204181
5958	0.0009154578
5959	0.0000191609
5960	0.0000522521
5961	0.0036555560
5962	0.0002091907
5963	0.0001226019
5964	0.0001141709
5965	0.0036513819
5966	0.0001140406
5967	0.0018236076
5968	0.0001072098
5969	0.0018215280
5970	0.0002018730
5971	0.0002138648
5972	0.0018204896
5973	0.0002274315
5974	0.0001136510
5975	0.0004712926
5976	0.0018173799
5977	0.0002052084
5978	0.0012108968
5979	0.0000567285
5980	0.0007257114
5981	0.0007252986
5982	0.0018122156
5983	0.0001131991
5984	0.0001097064
5985	0.0001130705
5986	0.0036162013
5987	0.0009035371
5988	0.0001128780
5989	0.0036100481
5990	0.0065355177
5991	0.0009020002
5992	0.0000091522
5993	0.0000750815
5994	0.0006003116
5995	0.0001124947
5996	0.0035977908
5997	0.0001123673
5998	0.0001123037
5999	0.0000920945
6000	0.0001121767
6001	0.0001121133
6002	0.0008963996
6003	0.0001442710
6004	0.0001119867
6005	0.0032523219
6006	0.0001119234
6007	0.0016185106
6008	0.0001118602
6009	0.0035775063
6010	0.0001117340
6011	0.0000558355
6012	0.0002976213
6013	0.0001115451
6014	0.0000337320
6015	0.0001114822
6016	0.0005942369
6017	0.0001113567
6018	0.0001112940
6019	0.0000556157
6020	0.0000277922
6021	0.0035553994
6022	0.0001110438
6023	0.0017757015
6024	0.0035494074
6025	0.0035474136
6026	0.0001107944
6027	0.0008858578
6028	0.0000138338
6029	0.0001106080
6030	0.0000442867
6031	0.0000276365
6032	0.0002209680
6033	0.0001104221
6034	0.0000929349
6035	0.0017647739
6036	0.0008818928
6037	0.0035255967
6038	0.0000542096
6039	0.0000880413
6040	0.0000137488
6041	0.0002198572
6042	0.0008789373
6043	0.0035137849
6044	0.0011706074
6045	0.0017549307
6046	0.0017539511
6047	0.0002252855
6048	0.0001470352
6049	0.0017529724
6050	0.0072003213
6051	0.0001328743
6052	0.0017989801
6053	0.0002663527
6054	0.0002245979
6055	0.0000035038
6056	0.0000249249
6057	0.0005978316
6058	0.0000000000
6059	0.0014330466
6060	0.0000884057
6061	0.0000279551
6062	0.0002554337
6063	0.0035738947
6064	0.0003105843
6065	0.0035695464
6066	0.0000093878
6067	0.0004456508
6068	0.0000665989
6069	0.0005478269
6070	0.0008896780
6071	0.0017782756
6072	0.0035543925
6073	0.0000058497
6074	0.0035522360
6075	0.0004377544
6076	0.0008875204
6077	0.0000886982
6078	0.0003642250
6079	0.0000000000
6080	0.0000123043
6081	0.0001200503
6082	0.0014157359
6083	0.0006431268
6084	0.0005438550
6085	0.0023552794
6086	0.0000274769
6087	0.0000830270
6088	0.0070530335
6089	0.0000275343
6090	0.0008805647
6091	0.0008800332
6092	0.0002692371
6093	0.0004397511
6094	0.0000140917
6095	0.0002342511
6096	0.0000396796
6097	0.0001949741
6098	0.0070148380
6099	0.0004381634
6100	0.0005838662
6101	0.0035010892
6102	0.0000263081
6103	0.0002497771
6104	0.0017473886
6105	0.0001940376
6106	0.0000340544
6107	0.0000658204
6108	0.0001834942
6109	0.0008710743
6110	0.0034822071
6111	0.0006960238
6112	0.0008695082
6113	0.0069518972
6114	0.0007719703
6115	0.0004997331
6116	0.0003857540
6117	0.0000271071
6118	0.0003733785
6119	0.0069352628
6120	0.0000081735
6121	0.0000252809
6122	0.0034614140
6123	0.0023062303
6124	0.0017286394
6125	0.0034961831
6126	0.0023755218
6127	0.0000259791
6128	0.0034531514
6129	0.0001353369
6130	0.0000783871
6131	0.0068939494
6132	0.0068898394
6133	0.0004367795
6134	0.0068857331
6135	0.0000267768
6136	0.0000189464
6137	0.0003273066
6138	0.0022897822
6139	0.0022884199
6140	0.0000000000
6141	0.0068570970
6142	0.0002447508
6143	0.0004028794
6144	0.0000136418
6145	0.0011408136
6146	0.0000226517
6147	0.0000000000
6148	0.0004270438
6149	0.0002133952
6150	0.0000151996
6151	0.0004362933
6152	0.0000165547
6153	0.0000448455
6154	0.0068124738
6155	0.0001090126
6156	0.0000265955
6157	0.0034022047
6158	0.0009714833
6159	0.0009709086
6160	0.0033961705
6161	0.0016970814
6162	0.0001356863
6163	0.0033901531
6164	0.0003764612
6165	0.0004232689
6166	0.0017432319
6167	0.0008460381
6168	0.0067643118
6169	0.0033801613
6170	0.0002177828
6171	0.0022521123
6172	0.0003971973
6173	0.0016870942
6174	0.0016861005
6175	0.0002106385
6176	0.0067364638
6177	0.0016831251
6178	0.0067285403
6179	0.0067245840
6180	0.0000722649
6181	0.0002686673
6182	0.0033563685
6183	0.0067087953
6184	0.0033524286
6185	0.0016752307
6186	0.0066969920
6187	0.0066930648
6188	0.0066891412
6189	0.0001261362
6190	0.0002087908
6191	0.0033386960
6192	0.0000733350
6193	0.0004168486
6194	0.0004166047
6195	0.0000757020
6196	0.0002663153
6197	0.0005544992
6198	0.0066501030
6199	0.0000229973
6200	0.0004975126
6201	0.0066423383
6202	0.0066384612
6203	0.0000526555
6204	0.0013261436
6205	0.0033134257
6206	0.0008278736
6207	0.0011031882
6208	0.0004134546
6209	0.0016528553
6210	0.0007341747
6211	0.0033018635
6212	0.0000217541
6213	0.0000234871
6214	0.0001319209
6215	0.0000998820
6216	0.0016470953
6217	0.0000257209
6218	0.0000430113
6219	0.0006576908
6220	0.0032865455
6221	0.0010948795
6222	0.0000602336
6223	0.0065616600
6224	0.0000075901
6225	0.0000251113
6226	0.0065502601
6227	0.0032732335
6228	0.0004089173
6229	0.0000013435
6230	0.0007379939
6231	0.0004084443
6232	0.0006531329
6233	0.0001631888
6234	0.0065237808
6235	0.0065200117
6236	0.0065162461
6237	0.0065124838
6238	0.0000167319
6239	0.0000253112
6240	0.0004063261
6241	0.0032487345
6242	0.0012987447
6243	0.0064899818
6244	0.0002948292
6245	0.0012965016
6246	0.0007198641
6247	0.0064750481
6248	0.0034787188
6249	0.0000401946
6250	0.0000092000
6251	0.0000106489
6252	0.0058694887
6253	0.0001502365
6254	0.0032282283
6255	0.0001440842
6256	0.0002016484
6257	0.0000749889
6258	0.0000503542
6259	0.0000534890
6260	0.0000271473
6261	0.0000097829
6262	0.0000525909
6263	0.0000268921
6264	0.0000541742
6265	0.0000541442
6266	0.0000056962
6267	0.0000270421
6268	0.0000270271
6269	0.0000270122
6270	0.0000269972
6271	0.0000269823
6272	0.0001192897
6273	0.0008047436
6274	0.0010723762
6275	0.0034518221
6276	0.0000326425
6277	0.0001724957
6278	0.0000247188
6279	0.0000988185
6280	0.0000124651
6281	0.0008019811
6282	0.0000500951
6283	0.0001086188
6284	0.0000112563
6285	0.0007112424
6286	0.0063975226
6287	0.0006393867
6288	0.0012780430
6289	0.0005805969
6290	0.0000531910
6291	0.0000564538
6292	0.0001250125
6293	0.0000248906
6294	0.0021227904
6295	0.0000248623
6296	0.0000246555
6297	0.0000163432
6298	0.0003971171
6299	0.0021167524
6300	0.0007933305
6301	0.0001982198
6302	0.0010565712
6303	0.0031679119
6304	0.0003015345
6305	0.0000244349
6306	0.0063250326
6307	0.0031607210
6308	0.0000489756
6309	0.0003946419
6310	0.0031553445
6311	0.0001970972
6312	0.0002251263
6313	0.0031499824
6314	0.0000167904
6315	0.0006992035
6316	0.0001655071
6317	0.0002732917
6318	0.0031410772
6319	0.0000165662
6320	0.0031375261
6321	0.0001436669
6322	0.0006271506
6323	0.0031339814
6324	0.0004474588
6325	0.0000048913
6326	0.0000376734
6327	0.0062573519
6328	0.0031269106
6329	0.0007691177
6330	0.0017230504
6331	0.0010417156
6332	0.0000905329
6333	0.0001734236
6334	0.0000199352
6335	0.0015590536
6336	0.0003895439
6337	0.0004152796
6338	0.0000239450
6339	0.0012444370
6340	0.0006909650
6341	0.0000714389
6342	0.0000465432
6343	0.0000104629
6344	0.0000860099
6345	0.0007169274
6346	0.0000000000
6347	0.0002149060
6348	0.0002147874
6349	0.0012416409
6350	0.0062047173
6351	0.0004429452
6352	0.0000239295
6353	0.0000000000
6354	0.0061907984
6355	0.0061873263
6356	0.0061838573
6357	0.0030901956
6358	0.0008824183
6359	0.0010289114
6360	0.0020566705
6361	0.0001813693
6362	0.0001433281
6363	0.0020532197
6364	0.0003847634
6365	0.0005593430
6366	0.0002673623
6367	0.0030729490
6368	0.0002924983
6369	0.0002923350
6370	0.0061356087
6371	0.0000000000
6372	0.0061321850
6373	0.0030643821
6374	0.0007656683
6375	0.0003222069
6376	0.0061185198
6377	0.0000509593
6378	0.0020372350
6379	0.0061083021
6380	0.0006783225
6381	0.0015253763
6382	0.0030490556
6383	0.0060947200
6384	0.0012182664
6385	0.0005534497
6386	0.0000770198
6387	0.0000000000
6388	0.0004054123
6389	0.0030389044
6390	0.0003037218
6391	0.0004670050
6392	0.0001166865
6393	0.0001166218
6394	0.0005509973
6395	0.0007572015
6396	0.0002087675
6397	0.0005042419
6398	0.0002015851
6399	0.0008773562
6400	0.0006715784
6401	0.0060408614
6402	0.0003773450
6403	0.0000063772
6404	0.0001946510
6405	0.0007538557
6406	0.0000615052
6407	0.0030120916
6408	0.0030104281
6409	0.0060175321
6410	0.0001252961
6411	0.0012021785
6412	0.0030037884
6413	0.0007505330
6414	0.0003240322
6415	0.0030004772
6416	0.0001394802
6417	0.0059943433
6418	0.0001664178
6419	0.0000963874
6420	0.0003742340
6421	0.0004286282
6422	0.0011968896
6423	0.0001495289
6424	0.0000231700
6425	0.0011949156
6426	0.0000231446
6427	0.0003730008
6428	0.0002209161
6429	0.0001324768
6430	0.0059581850
6431	0.0002141960
6432	0.0002002535
6433	0.0059549148
6434	0.0000232486
6435	0.0008497690
6436	0.0003715701
6437	0.0001800564
6438	0.0001799578
6439	0.0006594836
6440	0.0002824810
6441	0.0014822135
6442	0.0000519790
6443	0.0059223666
6444	0.0000054404
6445	0.0000664707
6446	0.0029563282
6447	0.0029547126
6448	0.0002812475
6449	0.0059029710
6450	0.0002458228
6451	0.0001842665
6452	0.0014733276
6453	0.0007362620
6454	0.0000000000
6455	0.0029418372
6456	0.0003675292
6457	0.0026121174
6458	0.0058740631
6459	0.0058708648
6460	0.0058676692
6461	0.0002022233
6462	0.0003663304
6463	0.0004506230
6464	0.0014637285
6465	0.0029258659
6466	0.0000769546
6467	0.0029226879
6468	0.0004868502
6469	0.0009731718
6470	0.0029179310
6471	0.0000225173
6472	0.0000059260
6473	0.0000352924
6474	0.0006477259
6475	0.0003484921
6476	0.0002774463
6477	0.0008318878
6478	0.0000433201
6479	0.0003637537
6480	0.0000113611
6481	0.0014534393
6482	0.0029053049
6483	0.0002002574
6484	0.0001160865
6485	0.0007251480
6486	0.0000855370
6487	0.0003865365
6488	0.0006839194
6489	0.0000226364
6490	0.0028958913
6491	0.0057886539
6492	0.0009642547
6493	0.0004818671
6494	0.0057792839
6495	0.0000024434
6496	0.0057730504
6497	0.0057699375
6498	0.0057668273
6499	0.0001516768
6500	0.0000225024
6501	0.0011515025
6502	0.0000346651
6503	0.0057513155
6504	0.0007185276
6505	0.0028725645
6506	0.0028710198
6507	0.0005738953
6508	0.0057358687
6509	0.0019109290
6510	0.0019099027
6511	0.0001193048
6512	0.0014308895
6513	0.0000217509
6514	0.0057174179
6515	0.0019047839
6516	0.0011422576
6517	0.0007135284
6518	0.0000670140
6519	0.0028525844
6520	0.0007127641
6521	0.0028495298
6522	0.0004269796
6523	0.0004381545
6524	0.0001161829
6525	0.0008128450
6526	0.0009478120
6527	0.0056838312
6528	0.0056807931
6529	0.0009462929
6530	0.0006893009
6531	0.0000709341
6532	0.0000066569
6533	0.0001491754
6534	0.0056656408
6535	0.0014156545
6536	0.0008534897
6537	0.0007312210
6538	0.0011319195
6539	0.0000132766
6540	0.0003535362
6541	0.0000480311
6542	0.0000426111
6543	0.0017041677
6544	0.0028267822
6545	0.0014126379
6546	0.0000868852
6547	0.0009407555
6548	0.0001311983
6549	0.0008055036
6550	0.0001174068
6551	0.0000880082
6552	0.0018765105
6553	0.0028132693
6554	0.0002008410
6555	0.0056205603
6556	0.0004681312
6557	0.0056145919
6558	0.0028058057
6559	0.0001475956
6560	0.0056056578
6561	0.0001697783
6562	0.0002545325
6563	0.0005596746
6564	0.0013984450
6565	0.0004300628
6566	0.0000423797
6567	0.0055878560
6568	0.0000109080
6569	0.0005074492
6570	0.0002535904
6571	0.0003717358
6572	0.0055730884
6573	0.0000421506
6574	0.0000532260
6575	0.0007957346
6576	0.0006958998
6577	0.0001464278
6578	0.0000000000
6579	0.0055583817
6580	0.0003968177
6581	0.0001173998
6582	0.0001682581
6583	0.0017887525
6584	0.0055495867
6585	0.0106750668
6586	0.0018488866
6587	0.0055437354
6588	0.0055408133
6589	0.0000200648
6590	0.0004253408
6591	0.0013837441
6592	0.0001417025
6593	0.0003457539
6594	0.0000850638
6595	0.0005526239
6596	0.0027616657
6597	0.0001672856
6598	0.0001622801
6599	0.0055146227
6600	0.0001059947
6601	0.0003240488
6602	0.0055059354
6603	0.0000214126
6604	0.0007857365
6605	0.0018324231
6606	0.0036629237
6607	0.0054915039
6608	0.0008497488
6609	0.0011323773
6610	0.0054886247
6611	0.0000000000
6612	0.0010965747
6613	0.0005480001
6614	0.0002282138
6615	0.0000499304
6616	0.0027371319
6617	0.0006079332
6618	0.0054685359
6619	0.0000114642
6620	0.0000213503
6621	0.0000000000
6622	0.0000303331
6623	0.0000133753
6624	0.0027271284
6625	0.0010902816
6626	0.0054485614
6627	0.0010891434
6628	0.0002177150
6629	0.0013600089
6630	0.0004530999
6631	0.0001293896
6632	0.0009052551
6633	0.0005899000
6634	0.0054287005
6635	0.0004239439
6636	0.0002260780
6637	0.0000347631
6638	0.0010840446
6639	0.0001692938
6640	0.0001592524
6641	0.0054117665
6642	0.0018029841
6643	0.0000982935
6644	0.0000177741
6645	0.0000052688
6646	0.0000203687
6647	0.0053949147
6648	0.0053921140
6649	0.0053893156
6650	0.0053865195
6651	0.0026918628
6652	0.0053809339
6653	0.0000208455
6654	0.0053753574
6655	0.0006715716
6656	0.0013424475
6657	0.0026835048
6658	0.0053642314
6659	0.0008935759
6660	0.0001448292
6661	0.0053559104
6662	0.0010706282
6663	0.0013375936
6664	0.0000077138
6665	0.0026724235
6666	0.0000206258
6667	0.0026696643
6668	0.0026682864
6669	0.0001666818
6670	0.0000277660
6671	0.0017761061
6672	0.0004841429
6673	0.0017742755
6674	0.0017733613
6675	0.0000759621
6676	0.0000830407
6677	0.0053118694
6678	0.0000547334
6679	0.0001059280
6680	0.0008844007
6681	0.0000207175
6682	0.0001559102
6683	0.0000205357
6684	0.0052954993
6685	0.0006615973
6686	0.0052900601
6687	0.0006212887
6688	0.0000979138
6689	0.0000412862
6690	0.0026409588
6691	0.0002399640
6692	0.0000206113
6693	0.0000761317
6694	0.0000228303
6695	0.0000000000
6696	0.0006585487
6697	0.0000470151
6698	0.0001644686
6699	0.0026301496
6700	0.0000205375
6701	0.0017516387
6702	0.0006565285
6703	0.0004772311
6704	0.0005246858
6705	0.0000096890
6706	0.0001058700
6707	0.0000182631
6708	0.0010477637
6709	0.0026180715
6710	0.0007476385
6711	0.0052307983
6712	0.0008713549
6713	0.0001536901
6714	0.0001186999
6715	0.0008700224
6716	0.0052174738
6717	0.0013037038
6718	0.0010424318
6719	0.0052095045
6720	0.0026034261
6721	0.0007434574
6722	0.0000788114
6723	0.0025994541
6724	0.0012990661
6725	0.0001790904
6726	0.0000995878
6727	0.0017303276
6728	0.0002594173
6729	0.0051857098
6730	0.0025915382
6731	0.0017268150
6732	0.0000202258
6733	0.0001568239
6734	0.0001521342
6735	0.0051699406
6736	0.0000637941
6737	0.0025823504
6738	0.0001632969
6739	0.0006452605
6740	0.0003224668
6741	0.0051568565
6742	0.0051542458
6743	0.0001073258
6744	0.0008581718
6745	0.0051464262
6746	0.0003956788
6747	0.0003584958
6748	0.0014774702
6749	0.0004230167
6750	0.0051412234
6751	0.0003670446
6752	0.0002853349
6753	0.0017111448
6754	0.0001470558
6755	0.0000133616
6756	0.0025641261
6757	0.0005125664
6758	0.0102887348
6759	0.0051230779
6760	0.0003012055
6761	0.0001505250
6762	0.0002843284
6763	0.0051153317
6764	0.0017042512
6765	0.0001596931
6766	0.0025538019
6767	0.0000199415
6768	0.0051024618
6769	0.0050998939
6770	0.0025486640
6771	0.0050947641
6772	0.0000519612
6773	0.0050896423
6774	0.0016956948
6775	0.0000028169
6776	0.0050819745
6777	0.0050794226
6778	0.0005076873
6779	0.0000060989
6780	0.0007273702
6781	0.0012679447
6782	0.0001635237
6783	0.0000723813
6784	0.0008440255
6785	0.0008436025
6786	0.0000872255
6787	0.0050565449
6788	0.0025270064
6789	0.0000647626
6790	0.0025244773
6791	0.0016821428
6792	0.0001408514
6793	0.0003152440
6794	0.0001800494
6795	0.0025194308
6796	0.0000348308
6797	0.0003147715
6798	0.0004221322
6799	0.0050338269
6800	0.0016771042
6801	0.0001359135
6802	0.0001570715
6803	0.0008372968
6804	0.0000784574
6805	0.0050187697
6806	0.0010032534
6807	0.0000000000
6808	0.0000076391
6809	0.0012521926
6810	0.0000105523
6811	0.0002944868
6812	0.0003849063
6813	0.0001316129
6814	0.0049988020
6815	0.0049963147
6816	0.0049938294
6817	0.0000187645
6818	0.0005543183
6819	0.0001994554
6820	0.0000124077
6821	0.0049839072
6822	0.0004528574
6823	0.0004149131
6824	0.0000192142
6825	0.0002763342
6826	0.0049715475
6827	0.0006211352
6828	0.0024833085
6829	0.0049641545
6830	0.0006202117
6831	0.0049592353
6832	0.0004956779
6833	0.0049543238
6834	0.0005502079
6835	0.0024747099
6836	0.0003091857
6837	0.0049445232
6838	0.0016473593
6839	0.0000192954
6840	0.0001542873
6841	0.0012336882
6842	0.0002241961
6843	0.0024649394
6844	0.0004927445
6845	0.0000192383
6846	0.0049225819
6847	0.0006150192
6848	0.0003073579
6849	0.0007021860
6850	0.0008188131
6851	0.0049104576
6852	0.0001402297
6853	0.0001752007
6854	0.0001400916
6855	0.0009801583
6856	0.0024491898
6857	0.0048959695
6858	0.0016311871
6859	0.0024455774
6860	0.0009777501
6861	0.0000814391
6862	0.0048839468
6863	0.0000190685
6864	0.0000150583
6865	0.0003733208
6866	0.0009758301
6867	0.0000126341
6868	0.0006963374
6869	0.0000000000
6870	0.0006236320
6871	0.0024359849
6872	0.0001217395
6873	0.0012167980
6874	0.0000631793
6875	0.0001473461
6876	0.0002209108
6877	0.0012144144
6878	0.0000174650
6879	0.0003033063
6880	0.0005389473
6881	0.0048481525
6882	0.0048457807
6883	0.0002306386
6884	0.0003723879
6885	0.0048386761
6886	0.0024181558
6887	0.0009667897
6888	0.0003019742
6889	0.0048292285
6890	0.0009653742
6891	0.0024122577
6892	0.0009644323
6893	0.0006885442
6894	0.0000188182
6895	0.0003009444
6896	0.0005347515
6897	0.0048104190
6898	0.0006868680
6899	0.0008428032
6900	0.0002406695
6901	0.0001501792
6902	0.0009606789
6903	0.0024005284
6904	0.0006855315
6905	0.0001296321
6906	0.0023970269
6907	0.0004209419
6908	0.0047917230
6909	0.0001596465
6910	0.0001994611
6911	0.0000434976
6912	0.0011956043
6913	0.0000186722
6914	0.0003940433
6915	0.0047754564
6916	0.0047731396
6917	0.0015902748
6918	0.0000588705
6919	0.0000387496
6920	0.0000167448
6921	0.0000314380
6922	0.0000148927
6923	0.0009527780
6924	0.0023807908
6925	0.0011898188
6926	0.0001441506
6927	0.0000065311
6928	0.0001397755
6929	0.0003392905
6930	0.0001438718
6931	0.0000185370
6932	0.0015810597
6933	0.0004309897
6934	0.0047385958
6935	0.0015787689
6936	0.0003945016
6937	0.0015772445
6938	0.0005911812
6939	0.0001477240
6940	0.0004200249
6941	0.0033583692
6942	0.0002953054
6943	0.0047226080
6944	0.0047203309
6945	0.0047180554
6946	0.0001473682
6947	0.0023567548
6948	0.0001095637
6949	0.0023544853
6950	0.0007844506
6951	0.0011761096
6952	0.0047021749
6953	0.0046999131
6954	0.0023488264
6955	0.0009390789
6956	0.0023465688
6957	0.0046908825
6958	0.0011721573
6959	0.0001464493
6960	0.0015613757
6961	0.0000060962
6962	0.0012410074
6963	0.0000508656
6964	0.0023386935
6965	0.0046751435
6966	0.0000182535
6967	0.0006672374
6968	0.0000088250
6969	0.0001372408
6970	0.0000180773
6971	0.0000159648
6972	0.0009318973
6973	0.0015524188
6974	0.0046550278
6975	0.0015509337
6976	0.0001223836
6977	0.0015494508
6978	0.0023230653
6979	0.0001290977
6980	0.0023219552
6981	0.0003868077
6982	0.0000178441
6983	0.0001932192
6984	0.0002896904
6985	0.0000747231
6986	0.0002013315
6987	0.0000424625
6988	0.0046262079
6989	0.0023120012
6990	0.0011554497
6991	0.0011548991
6992	0.0000349449
6993	0.0023086980
6994	0.0023075985
6995	0.0001441562
6996	0.0046108040
6997	0.0000176575
6998	0.0001439505
6999	0.0002095555
7000	0.0046042266
7001	0.0002556687
7002	0.0000179682
7003	0.0001149416
7004	0.0022977397
7005	0.0005103663
7006	0.0003825930
7007	0.0003277811
7008	0.0000036990
7009	0.0005093980
7010	0.0000645409
7011	0.0011450584
7012	0.0015260207
7013	0.0000178050
7014	0.0045737238
7015	0.0005714446
7016	0.0012348097
7017	0.0022846959
7018	0.0011170214
7019	0.0011418071
7020	0.0022825331
7021	0.0001425908
7022	0.0006515353
7023	0.0045585897
7024	0.0001898514
7025	0.0045542800
7026	0.0005690159
7027	0.0045499765
7028	0.0045478272
7029	0.0001420525
7030	0.0045435331
7031	0.0007568981
7032	0.0000534029
7033	0.0000000000
7034	0.0000944784
7035	0.0001416508
7036	0.0045306887
7037	0.0000000000
7038	0.0022632099
7039	0.0011310719
7040	0.0021280739
7041	0.0033492419
7042	0.0001558630
7043	0.0022589503
7044	0.0033474210
7045	0.0000627191
7046	0.0004513650
7047	0.0045115274
7048	0.0015031354
7049	0.0000176066
7050	0.0045051682
7051	0.0000081577
7052	0.0022504682
7053	0.0011247057
7054	0.0000130688
7055	0.0000053405
7056	0.0014982001
7057	0.0000467968
7058	0.0007483973
7059	0.0044882780
7060	0.0008972347
7061	0.0044840708
7062	0.0000087198
7063	0.0001399959
7064	0.0022388857
7065	0.0001065637
7066	0.0002795987
7067	0.0044714858
7068	0.0002979596
7069	0.0014891010
7070	0.0002089865
7071	0.0004961349
7072	0.0002730378
7073	0.0000161124
7074	0.0001377564
7075	0.0000407557
7076	0.0002230520
7077	0.0000685993
7078	0.0044568722
7079	0.0044547906
7080	0.0002782944
7081	0.0002703471
7082	0.0022253160
7083	0.0002780347
7084	0.0022232396
7085	0.0035555241
7086	0.0003417179
7087	0.0004440261
7088	0.0044381918
7089	0.0044361237
7090	0.0016141227
7091	0.0001705407
7092	0.0014773307
7093	0.0005566922
7094	0.0005537410
7095	0.0002459926
7096	0.0000172883
7097	0.0044237464
7098	0.0000631670
7099	0.0044196325
7100	0.0002945052
7101	0.0000700877
7102	0.0000138353
7103	0.0000172321
7104	0.0000177797
7105	0.0022036631
7106	0.0008810561
7107	0.0044032359
7108	0.0044011930
7109	0.0043991515
7110	0.0043971115
7111	0.0021975365
7112	0.0014643453
7113	0.0000896123
7114	0.0006424943
7115	0.0005486208
7116	0.0000242372
7117	0.0000521616
7118	0.0004872114
7119	0.0021914362
7120	0.0001752338
7121	0.0043788171
7122	0.0002735495
7123	0.0000170889
7124	0.0002732966
7125	0.0000130333
7126	0.0007284540
7127	0.0008737409
7128	0.0001617291
7129	0.0000125365
7130	0.0043646695
7131	0.0001983025
7132	0.0000169675
7133	0.0043586279
7134	0.0001361443
7135	0.0014515358
7136	0.0014508664
7137	0.0000165422
7138	0.0000150470
7139	0.0004346583
7140	0.0003620484
7141	0.0034740641
7142	0.0000282450
7143	0.0021702903
7144	0.0021692912
7145	0.0002550933
7146	0.0002889727
7147	0.0001444199
7148	0.0001353314
7149	0.0010821533
7150	0.0008653247
7151	0.0043246354
7152	0.0010806622
7153	0.0047952634
7154	0.0043206633
7155	0.0006169542
7156	0.0000168621
7157	0.0001391844
7158	0.0021563680
7159	0.0002535740
7160	0.0002393767
7161	0.0021534026
7162	0.0000096834
7163	0.0002265701
7164	0.0043028584
7165	0.0021504435
7166	0.0007164862
7167	0.0042969486
7168	0.0042949815
7169	0.0021465079
7170	0.0003575876
7171	0.0000074315
7172	0.0007148481
7173	0.0008574254
7174	0.0000075047
7175	0.0033274937
7176	0.0042832079
7177	0.0002675782
7178	0.0007132158
7179	0.0042773399
7180	0.0005344233
7181	0.0000593533
7182	0.0000384818
7183	0.0000120269
7184	0.0005334484
7185	0.0001333013
7186	0.0000275077
7187	0.0042617524
7188	0.0042598101
7189	0.0002661168
7190	0.0010639824
7191	0.0000129910
7192	0.0042539915
7193	0.0021260274
7194	0.0006647781
7195	0.0008500239
7196	0.0000159706
7197	0.0002497796
7198	0.0000638864
7199	0.0001468318
7200	0.0003264862
7201	0.0021211956
7202	0.0014134875
7203	0.0042385353
7204	0.0002075183
7205	0.0014122031
7206	0.0004705205
7207	0.0021163808
7208	0.0021154199
7209	0.0010572298
7210	0.0001509643
7211	0.0001111864
7212	0.0042231658
7213	0.0000164893
7214	0.0000029444
7215	0.0001917011
7216	0.0003242703
7217	0.0008296243
7218	0.0021068018
7219	0.0002632309
7220	0.0010524470
7221	0.0003236833
7222	0.0007009963
7223	0.0002335597
7224	0.0021010865
7225	0.0042002726
7226	0.0041983735
7227	0.0002468515
7228	0.0000025321
7229	0.0000163851
7230	0.0001270510
7231	0.0041907904
7232	0.0094524019
7233	0.0020944489
7234	0.0020935034
7235	0.0041851169
7236	0.0000147297
7237	0.0041813412
7238	0.0041794553
7239	0.0001347603
7240	0.0041756875
7241	0.0006956343
7242	0.0041719249
7243	0.0000076770
7244	0.0020850228
7245	0.0013893892
7246	0.0013887636
7247	0.0001542376
7248	0.0008325083
7249	0.0041606686
7250	0.0001299624
7251	0.0003197636
7252	0.0000769455
7253	0.0013843968
7254	0.0005189155
7255	0.0000162088
7256	0.0020737977
7257	0.0008291466
7258	0.0010359680
7259	0.0020710060
7260	0.0041401535
7261	0.0000161652
7262	0.0020682201
7263	0.0003445488
7264	0.0041327322
7265	0.0041308801
7266	0.0000320080
7267	0.0001035909
7268	0.0033131173
7269	0.0003679252
7270	0.0001034231
7271	0.0001033672
7272	0.0000579994
7273	0.0033041812
7274	0.0001032000
7275	0.0033006173
7276	0.0000824709
7277	0.0002747550
7278	0.0000915356
7279	0.0001029221
7280	0.0008229335
7281	0.0032899616
7282	0.0001027560
7283	0.0032864216
7284	0.0000000000
7285	0.0032828876
7286	0.0000000000
7287	0.0032793595
7288	0.0008193994
7289	0.0001023699
7290	0.0001023150
7291	0.0001022600
7292	0.0001289744
7293	0.0016352825
7294	0.0000510752
7295	0.0032670576
7296	0.0001020408
7297	0.0006527112
7298	0.0032618075
7299	0.0002037538
7300	0.0032583147
7301	0.0004070713
7302	0.0002004263
7303	0.0002034267
7304	0.0000169432
7305	0.0000997474
7306	0.0002032092
7307	0.0016248041
7308	0.0000854703
7309	0.0032461357
7310	0.0001013876
7311	0.0001985714
7312	0.0001801483
7313	0.0032409379
7314	0.0032392082
7315	0.0010791600
7316	0.0004044691
7317	0.0002677226
7318	0.0001289166
7319	0.0008085069
7320	0.0001010095
7321	0.0001009557
7322	0.0001793811
7323	0.0000272434
7324	0.0000114845
7325	0.0001007944
7326	0.0010745685
7327	0.0000495691
7328	0.0001006336
7329	0.0000395312
7330	0.0008045823
7331	0.0001005801
7332	0.0008042131
7333	0.0004018928
7334	0.0062959503
7335	0.0000502099
7336	0.0001003665
7337	0.0010700074
7338	0.0016041590
7339	0.0001002067
7340	0.0000858675
7341	0.0000457845
7342	0.0000059209
7343	0.0002574871
7344	0.0000500237
7345	0.0000999943
7346	0.0000999414
7347	0.0000275554
7348	0.0000515280
7349	0.0000997827
7350	0.0000124662
7351	0.0000023645
7352	0.0000054965
7353	0.0001991433
7354	0.0005271105
7355	0.0031846090
7356	0.0031829259
7357	0.0000297313
7358	0.0000119984
7359	0.0000993089
7360	0.0000124071
7361	0.0000992041
7362	0.0000991518
7363	0.0000880884
7364	0.0031695114
7365	0.0031678408
7366	0.0001978857
7367	0.0001977815
7368	0.0000123548
7369	0.0000957931
7370	0.0000987346
7371	0.0000493413
7372	0.0000493154
7373	0.0000246447
7374	0.0000985271
7375	0.0000656502
7376	0.0003499505
7377	0.0007869750
7378	0.0002615194
7379	0.0031335780
7380	0.0000280915
7381	0.0015722978
7382	0.0015714728
7383	0.0000981655
7384	0.0000193806
7385	0.0000326875
7386	0.0001949565
7387	0.0005227264
7388	0.0031347148
7389	0.0000489543
7390	0.0000195714
7391	0.0000242620
7392	0.0007820386
7393	0.0000139577
7394	0.0007812206
7395	0.0000976015
7396	0.0031216155
7397	0.0001155550
7398	0.0031183540
7399	0.0001286860
7400	0.0031167252
7401	0.0002595145
7402	0.0015575489
7403	0.0007783679
7404	0.0000104424
7405	0.0000971945
7406	0.0000190770
7407	0.0031086012
7408	0.0000970931
7409	0.0001940851
7410	0.0000940528
7411	0.0000969414
7412	0.0001937819
7413	0.0000968405
7414	0.0000967901
7415	0.0000562849
7416	0.0000022132
7417	0.0003881437
7418	0.0030924520
7419	0.0000386356
7420	0.0012356952
7421	0.0000964885
7422	0.0003253805
7423	0.0000634033
7424	0.0001646444
7425	0.0001234412
7426	0.0002571418
7427	0.0015422132
7428	0.0001926766
7429	0.0000962883
7430	0.0000384953
7431	0.0001923768
7432	0.0000961385
7433	0.0000960887
7434	0.0000472807
7435	0.0007679132
7436	0.0002558385
7437	0.0000038356
7438	0.0007667210
7439	0.0030652968
7440	0.0001914819
7441	0.0001801251
7442	0.0000956420
7443	0.0000051325
7444	0.0000302711
7445	0.0000240406
7446	0.0000954938
7447	0.0015271115
7448	0.0015263231
7449	0.0000119182
7450	0.0001270623
7451	0.0003809904
7452	0.0030463514
7453	0.0000951494
7454	0.0000951004
7455	0.0000124658
7456	0.0000237506
7457	0.0001899070
7458	0.0001898092
7459	0.0000474279
7460	0.0006067645
7461	0.0000000000
7462	0.0000136518
7463	0.0000000000
7464	0.0000317098
7465	0.0000946121
7466	0.0030260323
7467	0.0010081593
7468	0.0000944664
7469	0.0015106866
7470	0.0000943695
7471	0.0004311819
7472	0.0003603998
7473	0.0006777139
7474	0.0000942727
7475	0.0001518070
7476	0.0010050595
7477	0.0030136329
7478	0.0030120886
7479	0.0001103738
7480	0.0000940795
7481	0.0000940314
7482	0.0000939832
7483	0.0000910886
7484	0.0000938870
7485	0.0001889175
7486	0.0000058535
7487	0.0000234478
7488	0.0000937431
7489	0.0000048049
7490	0.0029967126
7491	0.0000116999
7492	0.0000935516
7493	0.0000935039
7494	0.0003761664
7495	0.0002990596
7496	0.0029890703
7497	0.0000807445
7498	0.0001866264
7499	0.0000624824
7500	0.0000213179
7501	0.0014914892
7502	0.0029814584
7503	0.0000111192
7504	0.0029960906
7505	0.0014892110
7506	0.0000930283
7507	0.0000929810
7508	0.0014869383
7509	0.0000265390
7510	0.0007427131
7511	0.0000109167
7512	0.0000109111
7513	0.0000926976
7514	0.0005929636
7515	0.0000926035
7516	0.0001742240
7517	0.0000992383
7518	0.0002840913
7519	0.0003289228
7520	0.0014794014
7521	0.0001848314
7522	0.0001847376
7523	0.0000895595
7524	0.0000057701
7525	0.0001230336
7526	0.0007378276
7527	0.0000057614
7528	0.0003712415
7529	0.0001842701
7530	0.0005893658
7531	0.0000920418
7532	0.0001848132
7533	0.0000035597
7534	0.0000891624
7535	0.0001838044
7536	0.0001837115
7537	0.0000947709
7538	0.0058883902
7539	0.0001835259
7540	0.0001222888
7541	0.0003664351
7542	0.0014667243
7543	0.0001824293
7544	0.0000916240
7545	0.0000732622
7546	0.0000114414
7547	0.0001722078
7548	0.0000225081
7549	0.0000913932
7550	0.0001461553
7551	0.0001718608
7552	0.0029063564
7553	0.0001622313
7554	0.0000711876
7555	0.0000331503
7556	0.0001822347
7557	0.0007285719
7558	0.0000910257
7559	0.0000909799
7560	0.0001818683
7561	0.0029084310
7562	0.0007267424
7563	0.0000207536
7564	0.0000453758
7565	0.0000326999
7566	0.0000302353
7567	0.0000906605
7568	0.0001380800
7569	0.0007245565
7570	0.0000905241
7571	0.0003201809
7572	0.0028953205
7573	0.0028694092
7574	0.0001785804
7575	0.0003556572
7576	0.0001770826
7577	0.0001071803
7578	0.0028214790
7579	0.0028924195
7580	0.0009636569
7581	0.0028895230
7582	0.0007220191
7583	0.0001804144
7584	0.0028851868
7585	0.0056194540
7586	0.0001201560
7587	0.0055961303
7588	0.0028823016
7589	0.0001800538
7590	0.0000899819
7591	0.0000899369
7592	0.0001797840
7593	0.0000898471
7594	0.0028736729
7595	0.0000224394
7596	0.0014354028
7597	0.0001195572
7598	0.0000111974
7599	0.0028665129
7600	0.0028650842
7601	0.0000210563
7602	0.0000447223
7603	0.0000752843
7604	0.0000433239
7605	0.0001786223
7606	0.0004080765
7607	0.0028551145
7608	0.0002853695
7609	0.0014261380
7610	0.0001781786
7611	0.0001780901
7612	0.0014240131
7613	0.0003558265
7614	0.0028451986
7615	0.0014218932
7616	0.0009474584
7617	0.0001741558
7618	0.0014204826
7619	0.0000489579
7620	0.0001773843
7621	0.0028367418
7622	0.0007088340
7623	0.0003264715
7624	0.0028339315
7625	0.0000070286
7626	0.0000252779
7627	0.0014148621
7628	0.0007070810
7629	0.0000543639
7630	0.0001765954
7631	0.0000000000
7632	0.0028241296
7633	0.0004704556
7634	0.0007053347
7635	0.0001658791
7636	0.0027522982
7637	0.0014092761
7638	0.0014085802
7639	0.0001759856
7640	0.0028143803
7641	0.0000879060
7642	0.0001757253
7643	0.0028102180
7644	0.0000030934
7645	0.0014037242
7646	0.0004676775
7647	0.0000179787
7648	0.0001752064
7649	0.0001751201
7650	0.0000169726
7651	0.0039121109
7652	0.0001750339
7653	0.0006997913
7654	0.0000874309
7655	0.0000000000
7656	0.0006991031
7657	0.0027950378
7658	0.0002427505
7659	0.0001746040
7660	0.0002410188
7661	0.0027922915
7662	0.0005581840
7663	0.0006973873
7664	0.0000108913
7665	0.0001741757
7666	0.0001740902
7667	0.0000870024
7668	0.0001739195
7669	0.0000869171
7670	0.0001737490
7671	0.0006946556
7672	0.0027772612
7673	0.0000289156
7674	0.0003468177
7675	0.0054598582
7676	0.0001155493
7677	0.0001732392
7678	0.0027704708
7679	0.0001730697
7680	0.0027677619
7681	0.0000108063
7682	0.0000106206
7683	0.0000345632
7684	0.0000299139
7685	0.0000211554
7686	0.0000575772
7687	0.0003452945
7688	0.0027610075
7689	0.0013798298
7690	0.0000141452
7691	0.0005879492
7692	0.0001621745
7693	0.0013778112
7694	0.0000860712
7695	0.0001720585
7696	0.0000859873
7697	0.0000859454
7698	0.0001718071
7699	0.0000785021
7700	0.0000297034
7701	0.0000409886
7702	0.0000571854
7703	0.0027435653
7704	0.0006855577
7705	0.0000856530
7706	0.0013697823
7707	0.0026969968
7708	0.0001711396
7709	0.0001678863
7710	0.0001710564
7711	0.0000427433
7712	0.0001708903
7713	0.0003344307
7714	0.0000854036
7715	0.0002483264
7716	0.0001241029
7717	0.0003411175
7718	0.0013638081
7719	0.0000141994
7720	0.0006812430
7721	0.0001702282
7722	0.0000170146
7723	0.0000377919
7724	0.0006799239
7725	0.0013323941
7726	0.0027183790
7727	0.0027170633
7728	0.0000565781
7729	0.0027144350
7730	0.0001695701
7731	0.0000423720
7732	0.0001694062
7733	0.0000184320
7734	0.0000206540
7735	0.0008221183
7736	0.0000105828
7737	0.0027078814
7738	0.0000845804
7739	0.0027052669
7740	0.0000422494
7741	0.0027026562
7742	0.0000750376
7743	0.0003375062
7744	0.0001686717
7745	0.0003291599
7746	0.0001685904
7747	0.0026961467
7748	0.0006737119
7749	0.0000841734
7750	0.0000420664
7751	0.0013454783
7752	0.0006724154
7753	0.0026883673
7754	0.0000839711
7755	0.0026857820
7756	0.0001677807
7757	0.0001677000
7758	0.0001676194
7759	0.0000104304
7760	0.0001116390
7761	0.0001673781
7762	0.0000418244
7763	0.0008918263
7764	0.0001671372
7765	0.0005345825
7766	0.0004719324
7767	0.0013358155
7768	0.0026703503
7769	0.0001639330
7770	0.0001668169
7771	0.0000202531
7772	0.0000833685
7773	0.0001666571
7774	0.0000277629
7775	0.0001664976
7776	0.0000554726
7777	0.0000332676
7778	0.0013300694
7779	0.0000782020
7780	0.0017717303
7781	0.0026563252
7782	0.0003792937
7783	0.0000829309
7784	0.0026525200
7785	0.0001626530
7786	0.0000276172
7787	0.0026499878
7788	0.0074984927
7789	0.0000827726
7790	0.0013237297
7791	0.0000000000
7792	0.0006612337
7793	0.0005287348
7794	0.0001178326
7795	0.0000825754
7796	0.0001650722
7797	0.0001649935
7798	0.0041087545
7799	0.0026386396
7800	0.0004395639
7801	0.0026361280
7802	0.0001646796
7803	0.0000823006
7804	0.0004654235
7805	0.0000822615
7806	0.0000822224
7807	0.0005259730
7808	0.0000101884
7809	0.0013136832
7810	0.0008753728
7811	0.0001613912
7812	0.0001640545
7813	0.0001639766
7814	0.0026223802
7815	0.0000045506
7816	0.0000102340
7817	0.0000727403
7818	0.0002181174
7819	0.0013080839
7820	0.0004358214
7821	0.0000199518
7822	0.0000408196
7823	0.0026112145
7824	0.0013049892
7825	0.0000803835
7826	0.0000815232
7827	0.0026075090
7828	0.0026062756
7829	0.0000651261
7830	0.0006509529
7831	0.0001626613
7832	0.0004622345
7833	0.0026013512
7834	0.0006500306
7835	0.0001528761
7836	0.0008658891
7837	0.0000405694
7838	0.0001622010
7839	0.0005187983
7840	0.0012963840
7841	0.0005183091
7842	0.0025903238
7843	0.0004315172
7844	0.0001522284
7845	0.0001231745
7846	0.0000417007
7847	0.0004590881
7848	0.0001615143
7849	0.0000200234
7850	0.0025623561
7851	0.0001613623
7852	0.0006451456
7853	0.0012896844
7854	0.0000805674
7855	0.0025769440
7856	0.0001609833
7857	0.0001609077
7858	0.0004559833
7859	0.0001608321
7860	0.0001428947
7861	0.0025708976
7862	0.0001606057
7863	0.0000100331
7864	0.0000777964
7865	0.0001069198
7866	0.0008549577
7867	0.0025636710
7868	0.0006406174
7869	0.0006403173
7870	0.0000609540
7871	0.0025588707
7872	0.0001595318
7873	0.0000799273
7874	0.0025564758
7875	0.0025427318
7876	0.0025552796
7877	0.0006385211
7878	0.0003646986
7879	0.0001594810
7880	0.0025505036
7881	0.0025493118
7882	0.0001583139
7883	0.0001592575
7884	0.0006367327
7885	0.0002828602
7886	0.0025445530
7887	0.0001589603
7888	0.0005084358
7889	0.0025409930
7890	0.0000000000
7891	0.0050467615
7892	0.0001586640
7893	0.0000768921
7894	0.0001268129
7895	0.0012675384
7896	0.0000791843
7897	0.0001582948
7898	0.0006328843
7899	0.0025303591
7900	0.0001580739
7901	0.0003142257
7902	0.0000790002
7903	0.0012634149
7904	0.0000789267
7905	0.0012622405
7906	0.0001577068
7907	0.0000394084
7908	0.0000262600
7909	0.0025197939
7910	0.0025186242
7911	0.0001573410
7912	0.0025162874
7913	0.0000739741
7914	0.0012569769
7915	0.0025127884
7916	0.0001569765
7917	0.0012552300
7918	0.0008364323
7919	0.0001475373
7920	0.0012534867
7921	0.0003132266
7922	0.0005133649
7923	0.0001391474
7924	0.0001564684
7925	0.0001563960
7926	0.0000099253
7927	0.0025000230
7928	0.0024988675
7929	0.0024977128
7930	0.0004529192
7931	0.0003130372
7932	0.0006241397
7933	0.0004498951
7934	0.0000000000
7935	0.0001467208
7936	0.0000779094
7937	0.0000096963
7938	0.0001465178
7939	0.0001556033
7940	0.0001555316
7941	0.0024873577
7942	0.0000048559
7943	0.0024850656
7944	0.0024948543
7945	0.0008279736
7946	0.0001551735
7947	0.0003106845
7948	0.0000775510
7949	0.0049523242
7950	0.0002234551
7951	0.0008879271
7952	0.0000775153
7953	0.0024793496
7954	0.0000774440
7955	0.0000750627
7956	0.0024759298
7957	0.0012373957
7958	0.0000773017
7959	0.0001454422
7960	0.0002059484
7961	0.0008234154
7962	0.0004410546
7963	0.0012345560
7964	0.0000237306
7965	0.0000385445
7966	0.0024657140
7967	0.0000000000
7968	0.0024634526
7969	0.0024623232
7970	0.0001538247
7971	0.0002902249
7972	0.0001537542
7973	0.0001229470
7974	0.0001536133
7975	0.0001535430
7976	0.0004381826
7977	0.0001534727
7978	0.0000767012
7979	0.0001533323
7980	0.0024521940
7981	0.0024510725
7982	0.0001224976
7983	0.0001530520
7984	0.0024477129
7985	0.0000764561
7986	0.0006113693
7987	0.0024443603
7988	0.0000763514
7989	0.0001526331
7990	0.0003051269
7991	0.0000381235
7992	0.0001524243
7993	0.0000343335
7994	0.0024365652
7995	0.0006088637
7996	0.0012171726
7997	0.0004866472
7998	0.0003040160
7999	0.0001519388
8000	0.0000759348
8001	0.0000292628
8002	0.0001517315
8003	0.0004044332
8004	0.0024254959
8005	0.0000757623
8006	0.0001514557
8007	0.0000756934
8008	0.0001513181
8009	0.0001512494
8010	0.0001511807
8011	0.0001511121
8012	0.0002013914
8013	0.0004831200
8014	0.0001509065
8015	0.0001340783
8016	0.0024123151
8017	0.0000094188
8018	0.0001506331
8019	0.0024090372
8020	0.0001504966
8021	0.0003008570
8022	0.0000250601
8023	0.0004353467
8024	0.0001502923
8025	0.0024035893
8026	0.0000375391
8027	0.0001500885
8028	0.0012001649
8029	0.0023992447
8030	0.0023981604
8031	0.0005992692
8032	0.0001497496
8033	0.0001496820
8034	0.0023938310
8035	0.0023927505
8036	0.0001494794
8037	0.0001494120
8038	0.0001493446
8039	0.0023884362
8040	0.0002984199
8041	0.0001988570
8042	0.0001325116
8043	0.0005131356
8044	0.0006838753
8045	0.0041014200
8046	0.0040995895
8047	0.0002048880
8048	0.0000458487
8049	0.0020479662
8050	0.0001279408
8051	0.0000639419
8052	0.0001278268
8053	0.0001277698
8054	0.0004086812
8055	0.0002917851
8056	0.0000458783
8057	0.0010203385
8058	0.0008159075
8059	0.0002978825
8060	0.0000318572
8061	0.0023819871
8062	0.0040759078
8063	0.0010185237
8064	0.0000354112
8065	0.0001272023
8066	0.0001849393
8067	0.0008133711
8068	0.0013550163
8069	0.0001269764
8070	0.0040614393
8071	0.0000158580
8072	0.0034171239
8073	0.0001158867
8074	0.0000626557
8075	0.0001189922
8076	0.0000448825
8077	0.0001320946
8078	0.0023766335
8079	0.0007918550
8080	0.0000158369
8081	0.0002532773
8082	0.0020253200
8083	0.0040488444
8084	0.0000374727
8085	0.0013484190
8086	0.0004043465
8087	0.0001582998
8088	0.0000028725
8089	0.0010099712
8090	0.0040380967
8091	0.0000391875
8092	0.0000630394
8093	0.0020163697
8094	0.0000000000
8095	0.0003357645
8096	0.0001150684
8097	0.0040256133
8098	0.0040238348
8099	0.0000837929
8100	0.0040202815
8101	0.0000156973
8102	0.0040167330
8103	0.0000156834
8104	0.0001254122
8105	0.0040114193
8106	0.0000641468
8107	0.0040096505
8108	0.0002504927
8109	0.0040061165
8110	0.0040043513
8111	0.0001250809
8112	0.0010002061
8113	0.0013330210
8114	0.0000624579
8115	0.0000038829
8116	0.0031207924
8117	0.0001248058
8118	0.0000041714
8119	0.0000498784
8120	0.0009971296
8121	0.0000697754
8122	0.0002452096
8123	0.0039867652
8124	0.0009962533
8125	0.0019916311
8126	0.0019907563
8127	0.0039797641
8128	0.0013260056
8129	0.0039762707
8130	0.0004968157
8131	0.0005675403
8132	0.0019855197
8133	0.0007938596
8134	0.0003306298
8135	0.0005665455
8136	0.0019820405
8137	0.0000707561
8138	0.0019803044
8139	0.0000694539
8140	0.0005653059
8141	0.0003595827
8142	0.0039536784
8143	0.0001881880
8144	0.0039502202
8145	0.0002467808
8146	0.0000580407
8147	0.0013150139
8148	0.0005633311
8149	0.0039415952
8150	0.0000150953
8151	0.0002316561
8152	0.0039364342
8153	0.0001482062
8154	0.0000153700
8155	0.0000197519
8156	0.0002313529
8157	0.0013104278
8158	0.0002455981
8159	0.0039278556
8160	0.0001454127
8161	0.0001145820
8162	0.0002451701
8163	0.0019605067
8164	0.0001480731
8165	0.0003946844
8166	0.0002612871
8167	0.0004896999
8168	0.0007119807
8169	0.0019570948
8170	0.0000815101
8171	0.0004888481
8172	0.0039090839
8173	0.0006512307
8174	0.0000356690
8175	0.0039056857
8176	0.0000542221
8177	0.0019511461
8178	0.0013001990
8179	0.0000033106
8180	0.0000007824
8181	0.0019486051
8182	0.0038955185
8183	0.0019469140
8184	0.0000219072
8185	0.0001390049
8186	0.0011115572
8187	0.0012962544
8188	0.0000145583
8189	0.0019426961
8190	0.0012945694
8191	0.0007764051
8192	0.0038803441
8193	0.0004848330
8194	0.0012923281
8195	0.0019376531
8196	0.0002421018
8197	0.0038719533
8198	0.0009675696
8199	0.0038686048
8200	0.0000151052
8201	0.0006442101
8202	0.0038635904
8203	0.0038619212
8204	0.0038602530
8205	0.0019292930
8206	0.0019284601
8207	0.0038552553
8208	0.0000150531
8209	0.0038519291
8210	0.0019251338
8211	0.0000148023
8212	0.0038469480
8213	0.0012817633
8214	0.0004270703
8215	0.0000183327
8216	0.0001477683
8217	0.0019201610
8218	0.0000875504
8219	0.0038386682
8220	0.0007674031
8221	0.0038353639
8222	0.0038337135
8223	0.0002128924
8224	0.0000327386
8225	0.0038287686
8226	0.0019135613
8227	0.0038254775
8228	0.0012746112
8229	0.0019110954
8230	0.0000149240
8231	0.0001157245
8232	0.0001476750
8233	0.0000471268
8234	0.0002384769
8235	0.0012713310
8236	0.0002242563
8237	0.0000147702
8238	0.0007618175
8239	0.0002797066
8240	0.0000353349
8241	0.0002857563
8242	0.0000576035
8243	0.0000131746
8244	0.0038058222
8245	0.0000137249
8246	0.0000842724
8247	0.0019020957
8248	0.0001118400
8249	0.0012669776
8250	0.0000296821
8251	0.0002712627
8252	0.0037960529
8253	0.0006324047
8254	0.0091017050
8255	0.0000126007
8256	0.0006318638
8257	0.0037895615
8258	0.0037879413
8259	0.0000146757
8260	0.0037847041
8261	0.0037830871
8262	0.0000123983
8263	0.0023585695
8264	0.0000147651
8265	0.0018891213
8266	0.0002697593
8267	0.0037750182
8268	0.0037734076
8269	0.0001025006
8270	0.0000725346
8271	0.0000046025
8272	0.0037701895
8273	0.0009421455
8274	0.0000196197
8275	0.0001344775
8276	0.0003421606
8277	0.0000146959
8278	0.0002944255
8279	0.0002507040
8280	0.0012529865
8281	0.0012524532
8282	0.0000318155
8283	0.0018778803
8284	0.0000353890
8285	0.0018770813
8286	0.0018762828
8287	0.0009377424
8288	0.0000815082
8289	0.0037477812
8290	0.0012487295
8291	0.0000174981
8292	0.0000025256
8293	0.0000024327
8294	0.0002337392
8295	0.0000128595
8296	0.0037382404
8297	0.0037366539
8298	0.0012450228
8299	0.0037334840
8300	0.0037319006
8301	0.0018364644
8302	0.0003728737
8303	0.0037271567
8304	0.0002191516
8305	0.0018619996
8306	0.0018612110
8307	0.0000072531
8308	0.0037192707
8309	0.0037176966
8310	0.0000640711
8311	0.0002857347
8312	0.0037129804
8313	0.0003374009
8314	0.0037098414
8315	0.0012360911
8316	0.0001158346
8317	0.0002940306
8318	0.0002646529
8319	0.0000085336
8320	0.0023511930
8321	0.0005288588
8322	0.0002643178
8323	0.0001275478
8324	0.0018486631
8325	0.0012319221
8326	0.0036942076
8327	0.0004615812
8328	0.0003357346
8329	0.0000121418
8330	0.0018447686
8331	0.0036879824
8332	0.0012288096
8333	0.0036848759
8334	0.0001468182
8335	0.0018416621
8336	0.0000143260
8337	0.0002935053
8338	0.0018401119
8339	0.0009196687
8340	0.0006128545
8341	0.0036755805
8342	0.0012246783
8343	0.0036724901
8344	0.0009177366
8345	0.0036694037
8346	0.0001146207
8347	0.0000000000
8348	0.0001173497
8349	0.0036647815
8350	0.0000733108
8351	0.0005233204
8352	0.0036617050
8353	0.0018300841
8354	0.0000369559
8355	0.0036570978
8356	0.0036555640
8357	0.0002030017
8358	0.0036524994
8359	0.0012169895
8360	0.0000344287
8361	0.0002279944
8362	0.0002278989
8363	0.0012149518
8364	0.0036433294
8365	0.0002254453
8366	0.0002276128
8367	0.0089764043
8368	0.0000686845
8369	0.0036387577
8370	0.0001914335
8371	0.0001861531
8372	0.0012119049
8373	0.0004037994
8374	0.0006054460
8375	0.0000545325
8376	0.0000448291
8377	0.0000312900
8378	0.0018140623
8379	0.0000041411
8380	0.0009066524
8381	0.0003295541
8382	0.0001725515
8383	0.0018110351
8384	0.0036205589
8385	0.0036190486
8386	0.0002260962
8387	0.0000070626
8388	0.0000070023
8389	0.0007809354
8390	0.0001094854
8391	0.0018057560
8392	0.0009025019
8393	0.0002255315
8394	0.0000000000
8395	0.0000128768
8396	0.0000000000
8397	0.0036024998
8398	0.0000139574
8399	0.0003599503
8400	0.0007196013
8401	0.0001284468
8402	0.0001997231
8403	0.0000855601
8404	0.0000997786
8405	0.0017952687
8406	0.0000996957
8407	0.0017937781
8408	0.0011953557
8409	0.0007169158
8410	0.0017915459
8411	0.0011938685
8412	0.0035801202
8413	0.0035786359
8414	0.0008942881
8415	0.0002554050
8416	0.0008935471
8417	0.0035727079
8418	0.0017856141
8419	0.0035697496
8420	0.0035682718
8421	0.0001550780
8422	0.0005093313
8423	0.0000000000
8424	0.0002226481
8425	0.0035608972
8426	0.0000139040
8427	0.0000091700
8428	0.0000023139
8429	0.0002734626
8430	0.0035535460
8431	0.0001869515
8432	0.0017753060
8433	0.0007805871
8434	0.0000069050
8435	0.0000069291
8436	0.0011703584
8437	0.0005910363
8438	0.0035447553
8439	0.0002725610
8440	0.0017709163
8441	0.0000708992
8442	0.0017701863
8443	0.0008847284
8444	0.0017687276
8445	0.0035359980
8446	0.0000615429
8447	0.0035345417
8448	0.0008832716
8449	0.0005886053
8450	0.0002076575
8451	0.0000137841
8452	0.0035272740
8453	0.0007051646
8454	0.0017621867
8455	0.0017614622
8456	0.0002934564
8457	0.0001173343
8458	0.0001529819
8459	0.0000136854
8460	0.0001352190
8461	0.0011714166
8462	0.0000000000
8463	0.0001526681
8464	0.0000173724
8465	0.0011699750
8466	0.0007791960
8467	0.0000835354
8468	0.0001348864
8469	0.0000136405
8470	0.0035041711
8471	0.0002335157
8472	0.0035012996
8473	0.0017499326
8474	0.0000109326
8475	0.0034969992
8476	0.0006991135
8477	0.0017470684
8478	0.0000083448
8479	0.0001373827
8480	0.0034927068
8481	0.0034912779
8482	0.0000136322
8483	0.0003279366
8484	0.0001292008
8485	0.0017434982
8486	0.0001834511
8487	0.0008710366
8488	0.0000136044
8489	0.0034813001
8490	0.0011599594
8491	0.0034784574
8492	0.0004967196
8493	0.0006951236
8494	0.0011580667
8495	0.0004961118
8496	0.0000534056
8497	0.0000064497
8498	0.0000270979
8499	0.0017335611
8500	0.0000207527
8501	0.0001823314
8502	0.0001049359
8503	0.0034614758
8504	0.0006920133
8505	0.0003458658
8506	0.0017286251
8507	0.0034558435
8508	0.0000690888
8509	0.0034530327
8510	0.0003835143
8511	0.0023344657
8512	0.0034502254
8513	0.0001724412
8514	0.0017237108
8515	0.0005743368
8516	0.0034446212
8517	0.0017216112
8518	0.0008604561
8519	0.0011468091
8520	0.0034390311
8521	0.0034376357
8522	0.0001458391
8523	0.0000315188
8524	0.0000259039
8525	0.0000086952
8526	0.0000087567
8527	0.0000135363
8528	0.0000684472
8529	0.0000111300
8530	0.0000070673
8531	0.0000097243
8532	0.0034362412
8533	0.0034348476
8534	0.0000000000
8535	0.0002018861
8536	0.0034306720
8537	0.0034292818
8538	0.0007743574
8539	0.0000703649
8540	0.0000209018
8541	0.0001631669
8542	0.0017125583
8543	0.0017118649
8544	0.0000251643
8545	0.0006841918
8546	0.0011398583
8547	0.0006836383
8548	0.0008542023
8549	0.0017077139
8550	0.0000130806
8551	0.0017063337
8552	0.0034112884
8553	0.0000112168
8554	0.0011361777
8555	0.0034071567
8556	0.0034057811
8557	0.0034044064
8558	0.0017015163
8559	0.0000725316
8560	0.0006803319
8561	0.0034002875
8562	0.0002124323
8563	0.0033975458
8564	0.0016980881
8565	0.0033948075
8566	0.0033934396
8567	0.0004240091
8568	0.0011302355
8569	0.0033893411
8570	0.0016939883
8571	0.0006773226
8572	0.0000914932
8573	0.0002819907
8574	0.0001057040
8575	0.0001056615
8576	0.0011599898
8577	0.0006759615
8578	0.0006756897
8579	0.0016885454
8580	0.0005626223
8581	0.0000131812
8582	0.0000344307
8583	0.0003066384
8584	0.0016858341
8585	0.0002106447
8586	0.0006737924
8587	0.0001403171
8588	0.0008415647
8589	0.0004206136
8590	0.0016817796
8591	0.0000131336
8592	0.0000131284
8593	0.0006719032
8594	0.0033581698
8595	0.0008392061
8596	0.0002097175
8597	0.0000698778
8598	0.0002793995
8599	0.0008378629
8600	0.0016750553
8601	0.0016743851
8602	0.0011158103
8603	0.0000116184
8604	0.0000955644
8605	0.0000835854
8606	0.0000075784
8607	0.0016703728
8608	0.0001669706
8609	0.0000051762
8610	0.0002086298
8611	0.0016683722
8612	0.0003335412
8613	0.0033340810
8614	0.0005554584
8615	0.0000086530
8616	0.0011100307
8617	0.0000129022
8618	0.0087745855
8619	0.0011091456
8620	0.0000129926
8621	0.0001278763
8622	0.0014558723
8623	0.0005539100
8624	0.0005794804
8625	0.0001448058
8626	0.0000463173
8627	0.0006644272
8628	0.0000415102
8629	0.0033194905
8630	0.0003437455
8631	0.0000792952
8632	0.0008487963
8633	0.0001361670
8634	0.0017021385
8635	0.0067434644
8636	0.0016699015
8637	0.0016542363
8638	0.0016388621
8639	0.0016237710
8640	0.0000771271
8641	0.0000481831
8642	0.0000669670
8643	0.0000200221
8644	0.0001247268
8645	0.0011749123
8646	0.0000288971
8647	0.0067615781
8648	0.0000398404
8649	0.0001154859
8650	0.0000412267
8651	0.0000355027
8652	0.0001441658
8653	0.0000733649
8654	0.0000922253
8655	0.0023046123
8656	0.0000853183
8657	0.0001211882
8658	0.0001438474
8659	0.0033665054
8660	0.0016590845
8661	0.0001437838
8662	0.0002162795
8663	0.0066765411
8664	0.0000000000
8665	0.0000657007
8666	0.0000884042
8667	0.0001044316
8668	0.0001435300
8669	0.0016552352
8670	0.0001434667
8671	0.0001434034
8672	0.0065934604
8673	0.0000716701
8674	0.0000410387
8675	0.0001432770
8676	0.0001432138
8677	0.0002724636
8678	0.0005726027
8679	0.0000571252
8680	0.0372827744
8681	0.0000352216
8682	0.0022883932
8683	0.0003271996
8684	0.0022873853
8685	0.0000184385
8686	0.0001428357
8687	0.0000000000
8688	0.0003805601
8689	0.0000877829
8690	0.0016089554
8691	0.0001096683
8692	0.0000409404
8693	0.0003260547
8694	0.0000023021
8695	0.0000048870
8696	0.0000201076
8697	0.0000096512
8698	0.0000199307
8699	0.0003174931
8700	0.0000131711
8701	0.0001027695
8702	0.0000097927
8703	0.0001560070
8704	0.0003106717
8705	0.0001031133
8706	0.0000192512
8707	0.0001533540
8708	0.0001527037
8709	0.0003041171
8710	0.0000504728
8711	0.0001507832
8712	0.0000980591
8713	0.0002990551
8714	0.0001489069
8715	0.0005931642
8716	0.0000590719
8717	0.0008107017
8718	0.0000687145
8719	0.0001425845
8720	0.0004560699
8721	0.0022793472
8722	0.0022783455
8723	0.0000367314
8724	0.0000711358
8725	0.0001422090
8726	0.0012865804
8727	0.0000355366
8728	0.0011366736
8729	0.0005680874
8730	0.0032034208
8731	0.0000026198
8732	0.0007567854
8733	0.0002774337
8734	0.0001418350
8735	0.0000021787
8736	0.0016335003
8737	0.0244685968
8738	0.0009458127
8739	0.0273306072
8740	0.0017020799
8741	0.0067841443
8742	0.0000704180
8743	0.0215560267
8744	0.0008390681
8745	0.0016722455
8746	0.5687951957
8747	0.0053138429
8748	0.0264767406
8749	0.0078177328
8750	0.0009738345
8751	0.0017468524
8752	0.0261126043
8753	0.0086743277
8754	0.0259339167
8755	0.0015203176
8756	0.0103029710
8757	0.0128349974
8758	0.0127915484
8759	0.0254967284
8760	0.0001588180
8761	0.0253255617
8762	0.0252407540
8763	0.0125782286
8764	0.0007835208
8765	0.0249893778
8766	0.0007547450
8767	0.0017731634
8768	0.0015464049
8769	0.0246611517
8770	0.0122901529
8771	0.0000955163
8772	0.0007561219
8773	0.0001417107
8774	0.0002274953
8775	0.0001874752
8776	0.0001218777
8777	0.0002711070
8778	0.0000000000
8779	0.0000943910
8780	0.0001415245
8781	0.0003502508
8782	0.0062794018
8783	0.0000838297
8784	0.0002316471
8785	0.0007541368
8786	0.0000604827
8787	0.0001413388
8788	0.0001513452
8789	0.0000391187
8790	0.0002198766
8791	0.0015331254
8792	0.0000706385
8793	0.0000594590
8794	0.0010181050
8795	0.0000664251
8796	0.0001410916
8797	0.0000164706
8798	0.0000237693
8799	0.0007518309
8800	0.0000469689
8801	0.0000088028
8802	0.0000662511
8803	0.0015153487
8804	0.0001876295
8805	0.0000838615
8806	0.0001406607
8807	0.0001249772
8808	0.0000173027
8809	0.0000404059
8810	0.0000000820
8811	0.0001452809
8812	0.0001361810
8813	0.0002882163
8814	0.0000143528
8815	0.0001143622
8816	0.0001423814
8817	0.0000177268
8818	0.0002825024
8819	0.0001731597
8820	0.0000700687
8821	0.0002791731
8822	0.0002780792
8823	0.0001384966
8824	0.0022073202
8825	0.0001374222
8826	0.0001368907
8827	0.0000303029
8828	0.0002716780
8829	0.0000169148
8830	0.0010784155
8831	0.0002685777
8832	0.0000624613
8833	0.0007492089
8834	0.0001070234
8835	0.0008796732
8836	0.0015801205
8837	0.0000000000
8838	0.0000958950
8839	0.0030074120
8840	0.0059917837
8841	0.0000702077
8842	0.0000467847
8843	0.0011937809
8844	0.0009910307
8845	0.0003702264
8846	0.0000701465
8847	0.0001402319
8848	0.0000146584
8849	0.0051037540
8850	0.0011094068
8851	0.0058789636
8852	0.0000700548
8853	0.0011713729
8854	0.0000340156
8855	0.0000559951
8856	0.0000000000
8857	0.0005597070
8858	0.0000227075
8859	0.0000156792
8860	0.0002797317
8861	0.0057914684
8862	0.0019233217
8863	0.0057486068
8864	0.0057273922
8865	0.0000087378
8866	0.0000230506
8867	0.0000931223
8868	0.0028531600
8869	0.0001489309
8870	0.0011370777
8871	0.0003540373
8872	0.0016323991
8873	0.0007443306
8874	0.0001395013
8875	0.0008004635
8876	0.0001560006
8877	0.0001970009
8878	0.0008601083
8879	0.0000870933
8880	0.0010587749
8881	0.0003821011
8882	0.0009535084
8883	0.0000743684
8884	0.0022300824
8885	0.0002476793
8886	0.0022281461
8887	0.0022271789
8888	0.0005565531
8889	0.0002781558
8890	0.0028219713
8891	0.0000427746
8892	0.0056234253
8893	0.0001647954
8894	0.0007693774
8895	0.0011116583
8896	0.0009304659
8897	0.0000740784
8898	0.0177711147
8899	0.0001387767
8900	0.0002219465
8901	0.0004146060
8902	0.0000231094
8903	0.0018542267
8904	0.0022175425
8905	0.0000173171
8906	0.0001384764
8907	0.0002768330
8908	0.0000071874
8909	0.0011085392
8910	0.0001382968
8911	0.0022117915
8912	0.0000640828
8913	0.0243406057
8914	0.0080872126
8915	0.0002545593
8916	0.0120525382
8917	0.0040045791
8918	0.0001663217
8919	0.0238736108
8920	0.0190378724
8921	0.0237215066
8922	0.0007165486
8923	0.0058927831
8924	0.0007342683
8925	0.0039037432
8926	0.0004967820
8927	0.0186203672
8928	0.0013648575
8929	0.0007228157
8930	0.0057645084
8931	0.0057465912
8932	0.0009166038
8933	0.0003514495
8934	0.0045547464
8935	0.0000797307
8936	0.0003536550
8937	0.0000000000
8938	0.0224956393
8939	0.0024918958
8940	0.0596236227
8941	0.0000870743
8942	0.0000868108
8943	0.0008521712
8944	0.0044179415
8945	0.0220233217
8946	0.0219572908
8947	0.0218916121
8948	0.0001494951
8949	0.0217613002
8950	0.0144644410
8951	0.0108161820
8952	0.0004031478
8953	0.0002763544
8954	0.0000613855
8955	0.0000450801
8956	0.0000394280
8957	0.0001003189
8958	0.0009204737
8959	0.0000689395
8960	0.0001102556
8961	0.0000595719
8962	0.0001836007
8963	0.0055031172
8964	0.0022022576
8965	0.0042486628
8966	0.0000898938
8967	0.0001561157
8968	0.0004402615
8969	0.0000647164
8970	0.0000379209
8971	0.0003140660
8972	0.0010987572
8973	0.0000640553
8974	0.0000646049
8975	0.0001372263
8976	0.0021946759
8977	0.0000914055
8978	0.0001370492
8979	0.0000626241
8980	0.0010954501
8981	0.0000663624
8982	0.0000663338
8983	0.0002645432
8984	0.0002635519
8985	0.0000163466
8986	0.0000653974
8987	0.0001303091
8988	0.0002443797
8989	0.0001724635
8990	0.0000455849
8991	0.0002577434
8992	0.0001027192
8993	0.0000000000
8994	0.0000159329
8995	0.0000846664
8996	0.0000158174
8997	0.0000144094
8998	0.0002512555
8999	0.0000156471
9000	0.0001247281
9001	0.0001242826
9002	0.0002476800
9003	0.0019744041
9004	0.0000546504
9005	0.0000153162
9006	0.0000813986
9007	0.0002433386
9008	0.0002424868
9009	0.0000151025
9010	0.0000802665
9011	0.0010351374
9012	0.0009133228
9013	0.0000253995
9014	0.0004835914
9015	0.0002846570
9016	0.0000405025
9017	0.0001214553
9018	0.0002072205
9019	0.0003121793
9020	0.0001820264
9021	0.0001364612
9022	0.0002020747
9023	0.0005425480
9024	0.0001689494
9025	0.0004364883
9026	0.0000979528
9027	0.0001677671
9028	0.0005453761
9029	0.0053498080
9030	0.0021805684
9031	0.0005412743
9032	0.0000838320
9033	0.0001675922
9034	0.0021777637
9035	0.0000680259
9036	0.0000388553
9037	0.0001359353
9038	0.0001358770
9039	0.0000679094
9040	0.0021721709
9041	0.0019817100
9042	0.0009774901
9043	0.0005360373
9044	0.0003340396
9045	0.0017763253
9046	0.0013283499
9047	0.0015136869
9048	0.0023477728
9049	0.0011704785
9050	0.0006564870
9051	0.0011024669
9052	0.0001567996
9053	0.0009081074
9054	0.0005902984
9055	0.0014357111
9056	0.0015123592
9057	0.0002499163
9058	0.0118948193
9059	0.0007372091
9060	0.0013761783
9061	0.0000000000
9062	0.0020456227
9063	0.0005428102
9064	0.0052942982
9065	0.0052760262
9066	0.0013144670
9067	0.0001142269
9068	0.0000677932
9069	0.0010842273
9070	0.0010479645
9071	0.0004782664
9072	0.0001191540
9073	0.0000148430
9074	0.0002366726
9075	0.0001179313
9076	0.0002350576
9077	0.0002342575
9078	0.0002334623
9079	0.0002068195
9080	0.0002318865
9081	0.0002311058
9082	0.0000143956
9083	0.0000135034
9084	0.0002287918
9085	0.0000142519
9086	0.0002272723
9087	0.0002265193
9088	0.0002257708
9089	0.0009001071
9090	0.0001121436
9091	0.0001117759
9092	0.0002228209
9093	0.0001545003
9094	0.0001631840
9095	0.0052040653
9096	0.0000570402
9097	0.0051863517
9098	0.0000619029
9099	0.0000451182
9100	0.0017229156
9101	0.0000858542
9102	0.0002377810
9103	0.0010823741
9104	0.0002444695
9105	0.0001352389
9106	0.0001201610
9107	0.0003603291
9108	0.0017055247
9109	0.0001229793
9110	0.0010805258
9111	0.0001106859
9112	0.0005884097
9113	0.0000137462
9114	0.0000067978
9115	0.0000134996
9116	0.0034851567
9117	0.0001447498
9118	0.0034628956
9119	0.0002157413
9120	0.0001075278
9121	0.0001071868
9122	0.0000712319
9123	0.0002130215
9124	0.0002123512
9125	0.0002116846
9126	0.0000519438
9127	0.0002103626
9128	0.0002097072
9129	0.0001045277
9130	0.0002084072
9131	0.0000129852
9132	0.0016569720
9133	0.0000516210
9134	0.0001136910
9135	0.0001799339
9136	0.0000423193
9137	0.0000768501
9138	0.0002595823
9139	0.0025883880
9140	0.0012904951
9141	0.0008578767
9142	0.0050993940
9143	0.0004666012
9144	0.0006603924
9145	0.0010786823
9146	0.0010782222
9147	0.0014581548
9148	0.0025445576
9149	0.0113218402
9150	0.0011231642
9151	0.0013928574
9152	0.0221109199
9153	0.0013711762
9154	0.0000850365
9155	0.0054006162
9156	0.0013398805
9157	0.0001539661
9158	0.0021546057
9159	0.0001025565
9160	0.0000099264
9161	0.0007175898
9162	0.0000978115
9163	0.0050653442
9164	0.0000500218
9165	0.0000307146
9166	0.0008414121
9167	0.0005372761
9168	0.0050317021
9169	0.0021481895
9170	0.0021472753
9171	0.0003577269
9172	0.0001340905
9173	0.0016716773
9174	0.0021445363
9175	0.0024992303
9176	0.0049819879
9177	0.0002679531
9178	0.0001339196
9179	0.0019538230
9180	0.0000669313
9181	0.0003103508
9182	0.0001259349
9183	0.0010699916
9184	0.0003535239
9185	0.0001336921
9186	0.0001125351
9187	0.0000667893
9188	0.0005481279
9189	0.0000667610
9190	0.0003073165
9191	0.0001123918
9192	0.0005969743
9193	0.0009633480
9194	0.0001334087
9195	0.0000177575
9196	0.0001333521
9197	0.0001332956
9198	0.0048851691
9199	0.0010659126
9200	0.0021309216
9201	0.0000514625
9202	0.0008208777
9203	0.0002045923
9204	0.0002039686
9205	0.0002033483
9206	0.0002027314
9207	0.0002021178
9208	0.0000403015
9209	0.0002009005
9210	0.0032047473
9211	0.0001996962
9212	0.0015927907
9213	0.0001985047
9214	0.0001979137
9215	0.0002864330
9216	0.0016571046
9217	0.0067663477
9218	0.0080967646
9219	0.0006728355
9220	0.0006290156
9221	0.0000766115
9222	0.0014297291
9223	0.0000779706
9224	0.0004146879
9225	0.0198498349
9226	0.0008606487
9227	0.0010966819
9228	0.0012303684
9229	0.0196317777
9230	0.0097889621
9231	0.0005578380
9232	0.0194709970
9233	0.0024272399
9234	0.0024206371
9235	0.0022720621
9236	0.0002320507
9237	0.0021342380
9238	0.0019156322
9239	0.0010613749
9240	0.0019053418
9241	0.0063341104
9242	0.0023689357
9243	0.0015750732
9244	0.0011781569
9245	0.0026857682
9246	0.0023438099
9247	0.0031168023
9248	0.0013322414
9249	0.0018602175
9250	0.0014271691
9251	0.0023130561
9252	0.0123039493
9253	0.0184076225
9254	0.0010199746
9255	0.0012207789
9256	0.0003033528
9257	0.0048380195
9258	0.0001331262
9259	0.0021291164
9260	0.0048224842
9261	0.0024035192
9262	0.0047916811
9263	0.0021282147
9264	0.0047764116
9265	0.0001329571
9266	0.0023806146
9267	0.0047461333
9268	0.0003154082
9269	0.0003544022
9270	0.0047161974
9271	0.0001328446
9272	0.0047013561
9273	0.0004249227
9274	0.0000082315
9275	0.0046865983
9276	0.0000182497
9277	0.0001502365
9278	0.0091320219
9279	0.0015307261
9280	0.0046428189
9281	0.0002358685
9282	0.0000624094
9283	0.0005785485
9284	0.0021210220
9285	0.0021201255
9286	0.0001857184
9287	0.0001441887
9288	0.0002090803
9289	0.0021192297
9290	0.0021183344
9291	0.0004234879
9292	0.0011463935
9293	0.0001322841
9294	0.0000000000
9295	0.0001244501
9296	0.0011393556
9297	0.0001321724
9298	0.0045434626
9299	0.0000660583
9300	0.0003011719
9301	0.0002453017
9302	0.0001379274
9303	0.0011029802
9304	0.0033076256
9305	0.0000207944
9306	0.0000129101
9307	0.0005506142
9308	0.0033023732
9309	0.0033010621
9310	0.0000128897
9311	0.0003298442
9312	0.0016485668
9313	0.0007043250
9314	0.0016479128
9315	0.0032945185
9316	0.0016466061
9317	0.0016459533
9318	0.0003290602
9319	0.0009662456
9320	0.0010964327
9321	0.0001320052
9322	0.0016439974
9323	0.0032866925
9324	0.0016426955
9325	0.0007037310
9326	0.0010551515
9327	0.0021094135
9328	0.0021085246
9329	0.0021076363
9330	0.0010533743
9331	0.0021058613
9332	0.0021049747
9333	0.0032840902
9334	0.0002051744
9335	0.0000121088
9336	0.0000128133
9337	0.0002342068
9338	0.0000360176
9339	0.0016381511
9340	0.0006550014
9341	0.0032737125
9342	0.0002974926
9343	0.0008177815
9344	0.0000000000
9345	0.0032685425
9346	0.0000127627
9347	0.0004082453
9348	0.0000000000
9349	0.0016316925
9350	0.0016310488
9351	0.0004076014
9352	0.0016297626
9353	0.0016291200
9354	0.0000972226
9355	0.0000127175
9356	0.0032543894
9357	0.0000492895
9358	0.0032518263
9359	0.0032505458
9360	0.0008123165
9361	0.0008119968
9362	0.0004058386
9363	0.0008113580
9364	0.0000540693
9365	0.0008107199
9366	0.0003005841
9367	0.0008104011
9368	0.0008100826
9369	0.0002024410
9370	0.0002158523
9371	0.0000505705
9372	0.0000071418
9373	0.0004619958
9374	0.0043287548
9375	0.0001346959
9376	0.0000014478
9377	0.0032301638
9378	0.0032288964
9379	0.0016138149
9380	0.0006452728
9381	0.0021032033
9382	0.0016125495
9383	0.0032238346
9384	0.0004204637
9385	0.0032225710
9386	0.0010737694
9387	0.0032200462
9388	0.0006437570
9389	0.0016087622
9390	0.0001005083
9391	0.0016811473
9392	0.0000125586
9393	0.0003570830
9394	0.0032124899
9395	0.0002676028
9396	0.0002469213
9397	0.0015557440
9398	0.0032074675
9399	0.0032062137
9400	0.0005386955
9401	0.0016024804
9402	0.0002002318
9403	0.0005337428
9404	0.0016006032
9405	0.0004571366
9406	0.0031987071
9407	0.0015987293
9408	0.0004566016
9409	0.0001331235
9410	0.0000343411
9411	0.0015962361
9412	0.0031912275
9413	0.0010633278
9414	0.0003985925
9415	0.0015937488
9416	0.0015931280
9417	0.0002450011
9418	0.0002653145
9419	0.0031825350
9420	0.0031812962
9421	0.0001619068
9422	0.0015900291
9423	0.0031788208
9424	0.0001869167
9425	0.0085433079
9426	0.0000814448
9427	0.0005316163
9428	0.0002886467
9429	0.0002885344
9430	0.0000000000
9431	0.0031714123
9432	0.0031701801
9433	0.0031689487
9434	0.0000123739
9435	0.0031664880
9436	0.0031652587
9437	0.0000771715
9438	0.0005251376
9439	0.0015814012
9440	0.0003512862
9441	0.0007900873
9442	0.0031591235
9443	0.0000005342
9444	0.0003507416
9445	0.0000954394
9446	0.0010518170
9447	0.0007885571
9448	0.0031530064
9449	0.0000072958
9450	0.0000000000
9451	0.0031493449
9452	0.0084687180
9453	0.0031481258
9454	0.0031469075
9455	0.0002097127
9456	0.0000748684
9457	0.0003929071
9458	0.0000981888
9459	0.0000981508
9460	0.0001962258
9461	0.0000122594
9462	0.0012045536
9463	0.0031371868
9464	0.0006271950
9465	0.0003134764
9466	0.0015667767
9467	0.0001648602
9468	0.0000139783
9469	0.0000122263
9470	0.0000292404
9471	0.0031275121
9472	0.0010421020
9473	0.0003906376
9474	0.0015619479
9475	0.0000121980
9476	0.0002401145
9477	0.0010400953
9478	0.0002227917
9479	0.0024943064
9480	0.0031166825
9481	0.0031154828
9482	0.0015571419
9483	0.0031130855
9484	0.0000655870
9485	0.0031118879
9486	0.0001311189
9487	0.0005184485
9488	0.0020970211
9489	0.0005182491
9490	0.0004440428
9491	0.0000051570
9492	0.0041976643
9493	0.0007764776
9494	0.0031047170
9495	0.0000037347
9496	0.0007755831
9497	0.0031011411
9498	0.0007749876
9499	0.0015493803
9500	0.0030975715
9501	0.0020961403
9502	0.0020952600
9503	0.0020943802
9504	0.0020935010
9505	0.0020926224
9506	0.0015481915
9507	0.0015475976
9508	0.0030940081
9509	0.0020917444
9510	0.0164950493
9511	0.0030916361
9512	0.0002377270
9513	0.0001544633
9514	0.0000058486
9515	0.0030869003
9516	0.0001928574
9517	0.0003855671
9518	0.0000120444
9519	0.0002370904
9520	0.0030809962
9521	0.0003079817
9522	0.0030786394
9523	0.0030774620
9524	0.0015381427
9525	0.0001537555
9526	0.0001024645
9527	0.0000248913
9528	0.0015363797
9529	0.0030715855
9530	0.0007676031
9531	0.0030692398
9532	0.0030680679
9533	0.0015334484
9534	0.0003716032
9535	0.0000029869
9536	0.0030633873
9537	0.0030622189
9538	0.0000486044
9539	0.0015305256
9540	0.0010199613
9541	0.0030587176
9542	0.0030575519
9543	0.0000119390
9544	0.0015276113
9545	0.0015270294
9546	0.0001453760
9547	0.0030517336
9548	0.0000189477
9549	0.0030494110
9550	0.0001305696
9551	0.0030482507
9552	0.0030470911
9553	0.0000302643
9554	0.0030459321
9555	0.0015223869
9556	0.0000118891
9557	0.0083590749
9558	0.0020873627
9559	0.0000524562
9560	0.0010137677
9561	0.0030401476
9562	0.0030389927
9563	0.0000949325
9564	0.0000948964
9565	0.0002168237
9566	0.0015171899
9567	0.0015166142
9568	0.0001212831
9569	0.0007577318
9570	0.0002330598
9571	0.0001896807
9572	0.0002523857
9573	0.0001681934
9574	0.0000102241
9575	0.0030251863
9576	0.0030240401
9577	0.0000472327
9578	0.0010072499
9579	0.0000065175
9580	0.0000109442
9581	0.0030194620
9582	0.0000794294
9583	0.0000655908
9584	0.0015080177
9585	0.0000000000
9586	0.0015068771
9587	0.0004303735
9588	0.0030114757
9589	0.0001368335
9590	0.0003761500
9591	0.0006016126
9592	0.0015034633
9593	0.0030057910
9594	0.0015023280
9595	0.0003337246
9596	0.0006004776
9597	0.0005201944
9598	0.0015006276
9599	0.0030001228
9600	0.0014994955
9601	0.0000468416
9602	0.0029967297
9603	0.0029955999
9604	0.0009981570
9605	0.0029933424
9606	0.0007480537
9607	0.0029910875
9608	0.0029899611
9609	0.0001758138
9610	0.0029877101
9611	0.0003318428
9612	0.0029854616
9613	0.0020847405
9614	0.0000213167
9615	0.0003314684
9616	0.0000877086
9617	0.0000113345
9618	0.0001146097
9619	0.0029787319
9620	0.0007444031
9621	0.0029764939
9622	0.0014876879
9623	0.0003717823
9624	0.0000362578
9625	0.0082874321
9626	0.0027506787
9627	0.0029720254
9628	0.0029709099
9629	0.0000659954
9630	0.0004947801
9631	0.0014837836
9632	0.0014832272
9633	0.0000559498
9634	0.0014821152
9635	0.0029631193
9636	0.0029620089
9637	0.0014804496
9638	0.0001849869
9639	0.0000352224
9640	0.0005915147
9641	0.0005135574
9642	0.0001022760
9643	0.0000000000
9644	0.0000263871
9645	0.0029542540
9646	0.0029531487
9647	0.0000922514
9648	0.0014754700
9649	0.0001053513
9650	0.0005897467
9651	0.0029476316
9652	0.0029465301
9653	0.0009818097
9654	0.0001472164
9655	0.0001839518
9656	0.0002942130
9657	0.0029410319
9658	0.0029399341
9659	0.0003265374
9660	0.0001273048
9661	0.0001013014
9662	0.0000489441
9663	0.0001726794
9664	0.0000113739
9665	0.0000010905
9666	0.0000109823
9667	0.0007327937
9668	0.0000000000
9669	0.0020838676
9670	0.0000079504
9671	0.0029289910
9672	0.0029279001
9673	0.0003658512
9674	0.0029257202
9675	0.0000913947
9676	0.0029235428
9677	0.0029224550
9678	0.0029213679
9679	0.0000912588
9680	0.0029191954
9681	0.0005070756
9682	0.0014590551
9683	0.0002313470
9684	0.0003241139
9685	0.0014579707
9686	0.0029148579
9687	0.0007284438
9688	0.0029126928
9689	0.0009705371
9690	0.0002601565
9691	0.0001712077
9692	0.0029094499
9693	0.0029083701
9694	0.0000519159
9695	0.0029062124
9696	0.0014525672
9697	0.0001242950
9698	0.0014520286
9699	0.0007257451
9700	0.0000866826
9701	0.0000649847
9702	0.0005803809
9703	0.0000070494
9704	0.0000630381
9705	0.0003623350
9706	0.0028976061
9707	0.0014482665
9708	0.0028954606
9709	0.0000113062
9710	0.0014466587
9711	0.0000039137
9712	0.0014455884
9713	0.0000037534
9714	0.0000371186
9715	0.0000128402
9716	0.0001203321
9717	0.0028869028
9718	0.0014429179
9719	0.0000000000
9720	0.0014418518
9721	0.0009608795
9722	0.0004802623
9723	0.0014402549
9724	0.0028794465
9725	0.0001680808
9726	0.0000399628
9727	0.0007190650
9728	0.0002308636
9729	0.0028751990
9730	0.0005748277
9731	0.0000870630
9732	0.0002209246
9733	0.0028709610
9734	0.0000111669
9735	0.0000062502
9736	0.0028677888
9737	0.0028667326
9738	0.0002605161
9739	0.0000280845
9740	0.0000894865
9741	0.0003578142
9742	0.0028614605
9743	0.0000063848
9744	0.0000772799
9745	0.0000922034
9746	0.0009524178
9747	0.0001904135
9748	0.0001142061
9749	0.0003567630
9750	0.0002853056
9751	0.0005704016
9752	0.0003167734
9753	0.0002870041
9754	0.0001298065
9755	0.0000365374
9756	0.0000324381
9757	0.0014244338
9758	0.0018985480
9759	0.0028467771
9760	0.0003161925
9761	0.0016090811
9762	0.0002289113
9763	0.0001354614
9764	0.0000432327
9765	0.0028436456
9766	0.0000101160
9767	0.0009471870
9768	0.0002592878
9769	0.0028405194
9770	0.0009464929
9771	0.0000473073
9772	0.0000080994
9773	0.0001576333
9774	0.0003545449
9775	0.0002181016
9776	0.0014171414
9777	0.0003148050
9778	0.0028322086
9779	0.0014155862
9780	0.0003537671
9781	0.0003536377
9782	0.0000441885
9783	0.0009423444
9784	0.0000110391
9785	0.0028249670
9786	0.0014119674
9787	0.0000110270
9788	0.0000110229
9789	0.0000688010
9790	0.0028198118
9791	0.0020725703
9792	0.0003131981
9793	0.0001761096
9794	0.0001760453
9795	0.0000312855
9796	0.0000426465
9797	0.0009378815
9798	0.0000000000
9799	0.0009375395
9800	0.0002300934
9801	0.0014057967
9802	0.0028105686
9803	0.0002554131
9804	0.0002340434
9805	0.0028074978
9806	0.0000086888
9807	0.0000572542
9808	0.0014022161
9809	0.0014017057
9810	0.0010349883
9811	0.0000849209
9812	0.0000014760
9813	0.0001000126
9814	0.0027993341
9815	0.0000282658
9816	0.0002151768
9817	0.0000109230
9818	0.0009317553
9819	0.0027942501
9820	0.0000872886
9821	0.0013961103
9822	0.0001550670
9823	0.0013950966
9824	0.0003099089
9825	0.0000871303
9826	0.0000316722
9827	0.0000995052
9828	0.0002785135
9829	0.0001113650
9830	0.0000428172
9831	0.0013910531
9832	0.0003476372
9833	0.0027800899
9834	0.0004631805
9835	0.0013890380
9836	0.0002524609
9837	0.0000867520
9838	0.0000867206
9839	0.0002774055
9840	0.0027730509
9841	0.0010345566
9842	0.0001732530
9843	0.0013855224
9844	0.0027700425
9845	0.0003955773
9846	0.0000865012
9847	0.0027670391
9848	0.0001728774
9849	0.0027650396
9850	0.0005528081
9851	0.0000193294
9852	0.0027630423
9853	0.0027620445
9854	0.0004601745
9855	0.0027600505
9856	0.0000862204
9857	0.0005516117
9858	0.0027570636
9859	0.0006648868
9860	0.0027560691
9861	0.0027550751
9862	0.0011016327
9863	0.0000949341
9864	0.0000887773
9865	0.0001196132
9866	0.0013750567
9867	0.0001963659
9868	0.0000480788
9869	0.0027481326
9870	0.0013735715
9871	0.0001056213
9872	0.0001143819
9873	0.0001715111
9874	0.0000100391
9875	0.0000106701
9876	0.0000645789
9877	0.0013706084
9878	0.0027402309
9879	0.0000107002
9880	0.0001140942
9881	0.0013686384
9882	0.0013681465
9883	0.0000287927
9884	0.0009114425
9885	0.0004555576
9886	0.0013661819
9887	0.0003414229
9888	0.0027304025
9889	0.0027294226
9890	0.0003897776
9891	0.0013637322
9892	0.0010328325
9893	0.0000106089
9894	0.0009932052
9895	0.0002397846
9896	0.0000093660
9897	0.0027245313
9898	0.0005447109
9899	0.0000000000
9900	0.0009072010
9901	0.0027206278
9902	0.0013598267
9903	0.0027186793
9904	0.0027177058
9905	0.0000764742
9906	0.0019700981
9907	0.0027167329
9908	0.0000105262
9909	0.0000191106
9910	0.0000646378
9911	0.0027138173
9912	0.0000105971
9913	0.0013559381
9914	0.0027109065
9915	0.0013549686
9916	0.0000100332
9917	0.0000043121
9918	0.0000902344
9919	0.0000300695
9920	0.0001875531
9921	0.0027060657
9922	0.0027050991
9923	0.0027041331
9924	0.0002703168
9925	0.0027022026
9926	0.0013506191
9927	0.0001687671
9928	0.0026993107
9929	0.0003174527
9930	0.0026973855
9931	0.0013482118
9932	0.0004492437
9933	0.0026945015
9934	0.0001683463
9935	0.0000105179
9936	0.0008972074
9937	0.0013453318
9938	0.0000489037
9939	0.0004481246
9940	0.0026877905
9941	0.0000959584
9942	0.0003357347
9943	0.0008949741
9944	0.0001341984
9945	0.0006707531
9946	0.0004470098
9947	0.0000125285
9948	0.0000042963
9949	0.0000528556
9950	0.0000447937
9951	0.0000542014
9952	0.0000623877
9953	0.0000541563
9954	0.0000419813
9955	0.0000527238
9956	0.0000387806
9957	0.0000306645
9958	0.0000342278
9959	0.0000173967
9960	0.0000056373
9961	0.0000191692
9962	0.0000102003
9963	0.0026801520
9964	0.0001275809
9965	0.0004463746
9966	0.0013386481
9967	0.0001672716
9968	0.0013376974
9969	0.0013372225
9970	0.0026734955
9971	0.0000703302
9972	0.0006678996
9973	0.0003126450
9974	0.0026706504
9975	0.0000667426
9976	0.0001667973
9977	0.0026678100
9978	0.0013334321
9979	0.0026659189
9980	0.0026649741
9981	0.0000138752
9982	0.0026630861
9983	0.0000103990
9984	0.0001400632
9985	0.0006650645
9986	0.0002954796
9987	0.0000102245
9988	0.0001771623
9989	0.0013282471
9990	0.0026555544
9991	0.0000005025
9992	0.0013268383
9993	0.0000828981
9994	0.0006629502
9995	0.0003313580
9996	0.0013249635
9997	0.0026489909
9998	0.0006620138
9999	0.0026471201
10000	0.0000051683
10001	0.0001653282
10002	0.0026443177
10003	0.0026433846
10004	0.0026424520
10005	0.0026415199
10006	0.0026405883
10007	0.0026396572
10008	0.0001099469
10009	0.0026377964
10010	0.0003296084
10011	0.0013179689
10012	0.0001463894
10013	0.0000329260
10014	0.0002393776
10015	0.0026322263
10016	0.0003759000
10017	0.0001052149
10018	0.0003286810
10019	0.0026285228
10020	0.0026275982
10021	0.0000795962
10022	0.0000820547
10023	0.0008749424
10024	0.0006559762
10025	0.0003278728
10026	0.0001280879
10027	0.0004370101
10028	0.0001456189
10029	0.0005240438
10030	0.0001637062
10031	0.0026183791
10032	0.0013087300
10033	0.0004360902
10034	0.0000304076
10035	0.0005231246
10036	0.0003735293
10037	0.0006828519
10038	0.0004356314
10039	0.0013064357
10040	0.0000746273
10041	0.0000061493
10042	0.0026110394
10043	0.0013050621
10044	0.0005218419
10045	0.0001630184
10046	0.0004345635
10047	0.0026064680
10048	0.0000965020
10049	0.0004341071
10050	0.0001735821
10051	0.0008676065
10052	0.0026019087
10053	0.0026009983
10054	0.0003714412
10055	0.0001082991
10056	0.0000095877
10057	0.0000000000
10058	0.0025964537
10059	0.0025955462
10060	0.0025946392
10061	0.0002095356
10062	0.0025937327
10063	0.0025928267
10064	0.0012959606
10065	0.0025910161
10066	0.0012950557
10067	0.0077215155
10068	0.0012946037
10069	0.0000101106
10070	0.0012937003
10071	0.0025864980
10072	0.0025855958
10073	0.0000994113
10074	0.0000159493
10075	0.0000079955
10076	0.0000066741
10077	0.0002868880
10078	0.0012905461
10079	0.0025634821
10080	0.0025801928
10081	0.0012896470
10082	0.0012891978
10083	0.0012887489
10084	0.0005153201
10085	0.0002146420
10086	0.0002922869
10087	0.0002145673
10088	0.0008579703
10089	0.0006432539
10090	0.0001286060
10091	0.0025712260
10092	0.0002570332
10093	0.0005138877
10094	0.0012842726
10095	0.0001278225
10096	0.0012838263
10097	0.0025667604
10098	0.0038298031
10099	0.0020443124
10100	0.0002565869
10101	0.0005129955
10102	0.0025640867
10103	0.0001338420
10104	0.0025631964
10105	0.0000100090
10106	0.0001600886
10107	0.0006401321
10108	0.0012798200
10109	0.0012793760
10110	0.0002131554
10111	0.0012784888
10112	0.0001597557
10113	0.0001419558
10114	0.0000142030
10115	0.0001596450
10116	0.0004255724
10117	0.0005105099
10118	0.0012758327
10119	0.0025507817
10120	0.0025498985
10121	0.0025490157
10122	0.0012740667
10123	0.0001277166
10124	0.0006368129
10125	0.0000972676
10126	0.0008487900
10127	0.0005090978
10128	0.0012723044
10129	0.0012718644
10130	0.0000013237
10131	0.0006354925
10132	0.0025410915
10133	0.0002540213
10134	0.0025393357
10135	0.0002538458
10136	0.0012687909
10137	0.0025367054
10138	0.0012679148
10139	0.0005069908
10140	0.0008446931
10141	0.0000098186
10142	0.0003617616
10143	0.0000098885
10144	0.0012652921
10145	0.0008409374
10146	0.0025297116
10147	0.0001011536
10148	0.0025279678
10149	0.0012635483
10150	0.0005104432
10151	0.0020409275
10152	0.0008420752
10153	0.0025253554
10154	0.0008414952
10155	0.0001577260
10156	0.0000135632
10157	0.0012609393
10158	0.0004201684
10159	0.0000787545
10160	0.0012596379
10161	0.0012592046
10162	0.0000899122
10163	0.0025166772
10164	0.0020400826
10165	0.0008386040
10166	0.0000354218
10167	0.0001449709
10168	0.0000097445
10169	0.0025132186
10170	0.0025123551
10171	0.0025114921
10172	0.0025106295
10173	0.0008365891
10174	0.0000283349
10175	0.0006272264
10176	0.0002280040
10177	0.0004674526
10178	0.0006267959
10179	0.0008354411
10180	0.0025054633
10181	0.0005009208
10182	0.0025037449
10183	0.0025028863
10184	0.0000062395
10185	0.0001563232
10186	0.0025003133
10187	0.0000728299
10188	0.0000051964
10189	0.0012493001
10190	0.0000291013
10191	0.0024977444
10192	0.0001273997
10193	0.0003533735
10194	0.0024968889
10195	0.0008320113
10196	0.0001559487
10197	0.0024943254
10198	0.0024934717
10199	0.0012463093
10200	0.0004152943
10201	0.0024909135
10202	0.0002490062
10203	0.0001273470
10204	0.0024892102
10205	0.0003110449
10206	0.0002763899
10207	0.0000690738
10208	0.0004971618
10209	0.0000096691
10210	0.0012420555
10211	0.0000017624
10212	0.0024824148
10213	0.0012407837
10214	0.0024807203
10215	0.0000112722
10216	0.0024790277
10217	0.0024781820
10218	0.0012386684
10219	0.0024764920
10220	0.0004126079
10221	0.0004124673
10222	0.0000291022
10223	0.0024739602
10224	0.0000772849
10225	0.0073632748
10226	0.0024722745
10227	0.0024714324
10228	0.0002245991
10229	0.0012348747
10230	0.0024689085
10231	0.0006170170
10232	0.0000000000
10233	0.0002740432
10234	0.0000770484
10235	0.0024647107
10236	0.0073347970
10237	0.0002737636
10238	0.0024630346
10239	0.0024621972
10240	0.0024613603
10241	0.0008201746
10242	0.0002459688
10243	0.0024588520
10244	0.0020367085
10245	0.0001536261
10246	0.0000581676
10247	0.0000961384
10248	0.0000646627
10249	0.0000303253
10250	0.0024555137
10251	0.0012273401
10252	0.0020350247
10253	0.0001196579
10254	0.0002541679
10255	0.0009815389
10256	0.0000275620
10257	0.0012260912
10258	0.0002042792
10259	0.0006126298
10260	0.0000083040
10261	0.0003061072
10262	0.0000644218
10263	0.0012235991
10264	0.0003494813
10265	0.0006113850
10266	0.0024447118
10267	0.0012219420
10268	0.0000423438
10269	0.0004071761
10270	0.0024422294
10271	0.0024414027
10272	0.0024405765
10273	0.0004879501
10274	0.0001434662
10275	0.0024381004
10276	0.0024372759
10277	0.0072784426
10278	0.0024364518
10279	0.0000044284
10280	0.0000752468
10281	0.0012174025
10282	0.0012169911
10283	0.0002027633
10284	0.0024323378
10285	0.0006078791
10286	0.0024306951
10287	0.0000000000
10288	0.0000079668
10289	0.0000899650
10290	0.0012141171
10291	0.0000922721
10292	0.0024274148
10293	0.0012132979
10294	0.0012128886
10295	0.0024249590
10296	0.0000252515
10297	0.0000461170
10298	0.0001690259
10299	0.0002423324
10300	0.0024225070
10301	0.0020274739
10302	0.0011396191
10303	0.0001100397
10304	0.0000711782
10305	0.0012096218
10306	0.0006046072
10307	0.0012088072
10308	0.0002014000
10309	0.0003377729
10310	0.0024159868
10311	0.0004830347
10312	0.0012071804
10313	0.0000731378
10314	0.0012063683
10315	0.0002009938
10316	0.0000031071
10317	0.0008034345
10318	0.0000093755
10319	0.0004817367
10320	0.0002675415
10321	0.0008023550
10322	0.0024062563
10323	0.0004009080
10324	0.0036252809
10325	0.0024046404
10326	0.0003434047
10327	0.0004806052
10328	0.0024022196
10329	0.0000600353
10330	0.0003429440
10331	0.0072228759
10332	0.0011999012
10333	0.0007996659
10334	0.0003425990
10335	0.0000684968
10336	0.0023965854
10337	0.0000633063
10338	0.0000855636
10339	0.0003991632
10340	0.0000000000
10341	0.0023933749
10342	0.0023925733
10343	0.0000093429
10344	0.0000498119
10345	0.0023901710
10346	0.0011946855
10347	0.0023885714
10348	0.0023877723
10349	0.0001989145
10350	0.0023861752
10351	0.0000093179
10352	0.0020249665
10353	0.0011922899
10354	0.0011918913
10355	0.0023829859
10356	0.0007940632
10357	0.0000009288
10358	0.0000562259
10359	0.0023805982
10360	0.0003399719
10361	0.0003398583
10362	0.0000075260
10363	0.0002641578
10364	0.0000092837
10365	0.0011879168
10366	0.0001484401
10367	0.0023742487
10368	0.0000092352
10369	0.0011863327
10370	0.0071953827
10371	0.0011859371
10372	0.0023710836
10373	0.0000987622
10374	0.0001128335
10375	0.0000092528
10376	0.0023679249
10377	0.0004734272
10378	0.0000717075
10379	0.0001264561
10380	0.0011827800
10381	0.0005911932
10382	0.0001969988
10383	0.0000844000
10384	0.0023624126
10385	0.0023616267
10386	0.0023608412
10387	0.0000786685
10388	0.0011796357
10389	0.0011792436
10390	0.0023577033
10391	0.0023569198
10392	0.0004712273
10393	0.0000981929
10394	0.0000000000
10395	0.0023545717
10396	0.0003362557
10397	0.0004706016
10398	0.0000367535
10399	0.0000734827
10400	0.0001469166
10401	0.0001468679
10402	0.0000978794
10403	0.0005870818
10404	0.0007825162
10405	0.0001676264
10406	0.0005864981
10407	0.0011726073
10408	0.0023444375
10409	0.0000079002
10410	0.0007812202
10411	0.0003904807
10412	0.0023421083
10413	0.0023413326
10414	0.0023405574
10415	0.0011698913
10416	0.0003341440
10417	0.0007794113
10418	0.0023374603
10419	0.0001947239
10420	0.0023359141
10421	0.0020216308
10422	0.0007783805
10423	0.0023343695
10424	0.0023335978
10425	0.0000018297
10426	0.0023320555
10427	0.0023312849
10428	0.0007140967
10429	0.0003884191
10430	0.0004446275
10431	0.0001456091
10432	0.0023289755
10433	0.0003326009
10434	0.0000612484
10435	0.0003877783
10436	0.0000035894
10437	0.0002906418
10438	0.0023243671
10439	0.0011618002
10440	0.0023228341
10441	0.0005805170
10442	0.0010103991
10443	0.0023213026
10444	0.0002320537
10445	0.0000702961
10446	0.0000702730
10447	0.0023182442
10448	0.0011587403
10449	0.0000044552
10450	0.0002573283
10451	0.0000841653
10452	0.0020191345
10453	0.0000482332
10454	0.0003857383
10455	0.0002892085
10456	0.0023129067
10457	0.0023121457
10458	0.0000000000
10459	0.0005776562
10460	0.0000126144
10461	0.0001099936
10462	0.0000549787
10463	0.0011541733
10464	0.0015383919
10465	0.0070872982
10466	0.0005767074
10467	0.0001441295
10468	0.0000360205
10469	0.0023045569
10470	0.0023038001
10471	0.0011515218
10472	0.0000719465
10473	0.0011507660
10474	0.0002241637
10475	0.0005751942
10476	0.0011500109
10477	0.0011496336
10478	0.0000458328
10479	0.0000696519
10480	0.0011488796
10481	0.0001208950
10482	0.0001093454
10483	0.0020158136
10484	0.0000000000
10485	0.0002549720
10486	0.0001042725
10487	0.0022932444
10488	0.0000089551
10489	0.0000015742
10490	0.0022917425
10491	0.0022909921
10492	0.0002544713
10493	0.0022894924
10494	0.0002543048
10495	0.0020141562
10496	0.0022879941
10497	0.0011436228
10498	0.0022864974
10499	0.0000119049
10500	0.0005712505
10501	0.0022842551
10502	0.0002537232
10503	0.0005706905
10504	0.0007606721
10505	0.0022812706
10506	0.0002850657
10507	0.0003256829
10508	0.0005033321
10509	0.0022790361
10510	0.0022782920
10511	0.0000711734
10512	0.0022768049
10513	0.0000598964
10514	0.0022753193
10515	0.0001197146
10516	0.0003789725
10517	0.0011365468
10518	0.0002840441
10519	0.0000078613
10520	0.0002839515
10521	0.0011354356
10522	0.0022701312
10523	0.0005673479
10524	0.0000000000
10525	0.0011339566
10526	0.0011335873
10527	0.0022664364
10528	0.0000628648
10529	0.0000708031
10530	0.0002059056
10531	0.0001415140
10532	0.0011317436
10533	0.0022627508
10534	0.0000088360
10535	0.0011306395
10536	0.0022605437
10537	0.0003766348
10538	0.0001026852
10539	0.0005645850
10540	0.0022576061
10541	0.0022568726
10542	0.0022561395
10543	0.0001074003
10544	0.0022546743
10545	0.0000683013
10546	0.0022532106
10547	0.0011262396
10548	0.0003752914
10549	0.0022510177
10550	0.0000054093
10551	0.0011247788
10552	0.0000345974
10553	0.0003211570
10554	0.0011236850
10555	0.0022466416
10556	0.0022459135
10557	0.0004490372
10558	0.0000224446
10559	0.0000233722
10560	0.0022430048
10561	0.0011211392
10562	0.0022415525
10563	0.0022408269
10564	0.0000043752
10565	0.0022393768
10566	0.0000366992
10567	0.0022379282
10568	0.0011186022
10569	0.0004472962
10570	0.0011178789
10571	0.0011175175
10572	0.0000531979
10573	0.0000971126
10574	0.0003721448
10575	0.0011160738
10576	0.0007438089
10577	0.0022307061
10578	0.0022299858
10579	0.0003184666
10580	0.0001310910
10581	0.0004455654
10582	0.0000231990
10583	0.0022263898
10584	0.0070607394
10585	0.0000086940
10586	0.0011723936
10587	0.0004449908
10588	0.0011121182
10589	0.0022235193
10590	0.0004445605
10591	0.0000716802
10592	0.0000773403
10593	0.0000584571
10594	0.0001708196
10595	0.0022199392
10596	0.0022192242
10597	0.0022185095
10598	0.0022177952
10599	0.0003167259
10600	0.0000820877
10601	0.0000086212
10602	0.0003691569
10603	0.0001054395
10604	0.0000553379
10605	0.0011064025
10606	0.0005530234
10607	0.0011056912
10608	0.0001842226
10609	0.0000086327
10610	0.0022092510
10611	0.0000628132
10612	0.0020091968
10613	0.0000627616
10614	0.0000627359
10615	0.0000214264
10616	0.0020067241
10617	0.0034382454
10618	0.0000258818
10619	0.0020059009
10620	0.0016974048
10621	0.0010025391
10622	0.0010021280
10623	0.0000248051
10624	0.0009578359
10625	0.0000626073
10626	0.0016658079
10627	0.0001947679
10628	0.0065814744
10629	0.0065413190
10630	0.0004063521
10631	0.0010013067
10632	0.0000087798
10633	0.0002019504
10634	0.0016059106
10635	0.0031926597
10636	0.0004533882
10637	0.0005258316
10638	0.0031364740
10639	0.0062363317
10640	0.0003875078
10641	0.0030821589
10642	0.0002223303
10643	0.0020001531
10644	0.0003830566
10645	0.0003808677
10646	0.0003787026
10647	0.0003765609
10648	0.0003744423
10649	0.0009996670
10650	0.0059575424
10651	0.0019747883
10652	0.0003682212
10653	0.0019985155
10654	0.0058590580
10655	0.0001820912
10656	0.0003621945
10657	0.0003602272
10658	0.0019976975
10659	0.0057324822
10660	0.0028508244
10661	0.0028355646
10662	0.0028204595
10663	0.0000194827
10664	0.0019968800
10665	0.0001247539
10666	0.0002537003
10667	0.0001519083
10668	0.0006650822
10669	0.0011104192
10670	0.0006903845
10671	0.0003433964
10672	0.0003416181
10673	0.0003398573
10674	0.0013524540
10675	0.0026910927
10676	0.0053548205
10677	0.0002316399
10678	0.0000207065
10679	0.0000000000
10680	0.0017493138
10681	0.0019944306
10682	0.0034812321
10683	0.0000405937
10684	0.0003231493
10685	0.0051450162
10686	0.0019936151
10687	0.0025599384
10688	0.0003184355
10689	0.0003168928
10690	0.0006642667
10691	0.0002102428
10692	0.0006276986
10693	0.0003123480
10694	0.0003108602
10695	0.0006639952
10696	0.0019911718
10697	0.0001243974
10698	0.0024750847
10699	0.0049267847
10700	0.0049036063
10701	0.0003050395
10702	0.0001243466
10703	0.0000155370
10704	0.0005397619
10705	0.0024176404
10706	0.0001242451
10707	0.0048129001
10708	0.0047907122
10709	0.0023843574
10710	0.0002966816
10711	0.0002953301
10712	0.0000000000
10713	0.0001241944
10714	0.0011706451
10715	0.0046614986
10716	0.0019862991
10717	0.0023202965
10718	0.0046198616
10719	0.0000179660
10720	0.0000620465
10721	0.0002861820
10722	0.0000310106
10723	0.0002849181
10724	0.0045386323
10725	0.0000619959
10726	0.0045187387
10727	0.0002811879
10728	0.0000483673
10729	0.0002799646
10730	0.0022300092
10731	0.0000462579
10732	0.0000172721
10733	0.0001166031
10734	0.0044026983
10735	0.0043838942
10736	0.0004850265
10737	0.0002716705
10738	0.0000619201
10739	0.0010820910
10740	0.0043101424
10741	0.0000000000
10742	0.0000427412
10743	0.0000834572
10744	0.0001324579
10745	0.0002345068
10746	0.0002101862
10747	0.0002616537
10748	0.0002605827
10749	0.0001237898
10750	0.0001730132
10751	0.0019798306
10752	0.0019790243
10753	0.0020677186
10754	0.0005148355
10755	0.0020510276
10756	0.0008171099
10757	0.0002472773
10758	0.0000411027
10759	0.0005066128
10760	0.0040367583
10761	0.0020103660
10762	0.0000617942
10763	0.0010012055
10764	0.0000148844
10765	0.0019766084
10766	0.0039733468
10767	0.0000205813
10768	0.0019788894
10769	0.0000125153
10770	0.0001227180
10771	0.0019558699
10772	0.0003026987
10773	0.0002435382
10774	0.0000000000
10775	0.0038666726
10776	0.0009629652
10777	0.0019750004
10778	0.0001668327
10779	0.0000132268
10780	0.0019741971
10781	0.0019733944
10782	0.0000059501
10783	0.0001232870
10784	0.0000616184
10785	0.0002107577
10786	0.0002362084
10787	0.0002091737
10788	0.0037510178
10789	0.0004671256
10790	0.0001163465
10791	0.0002463736
10792	0.0002318289
10793	0.0004619416
10794	0.0002301184
10795	0.0001146359
10796	0.0009137232
10797	0.0009103816
10798	0.0009850942
10799	0.0036282488
10800	0.0003938776
10801	0.0036150591
10802	0.0019685883
10803	0.0000614934
10804	0.0009004891
10805	0.0001993855
10806	0.0007152017
10807	0.0017815809
10808	0.0002218999
10809	0.0008844295
10810	0.0008812800
10811	0.0004917476
10812	0.0001228870
10813	0.0019653943
10814	0.0017563013
10815	0.0035001659
10816	0.0034878089
10817	0.0000344112
10818	0.0000532820
10819	0.0048254138
10820	0.0001078503
10821	0.0034391623
10822	0.0004283990
10823	0.0002134561
10824	0.0001063587
10825	0.0002119832
10826	0.0000301791
10827	0.0001871365
10828	0.0001049040
10829	0.0001227873
10830	0.0001858595
10831	0.0002083802
10832	0.0001227375
10833	0.0016613829
10834	0.0001226877
10835	0.0001226380
10836	0.0000576886
10837	0.0002069698
10838	0.0000235738
10839	0.0000121823
10840	0.0032781818
10841	0.0001001618
10842	0.0032672042
10843	0.0002035183
10844	0.0010818156
10845	0.0000594127
10846	0.0008086664
10847	0.0002014968
10848	0.0002008310
10849	0.0009799119
10850	0.0000198926
10851	0.0001031068
10852	0.0000117360
10853	0.0001988572
10854	0.0007928279
10855	0.0031609692
10856	0.0006301375
10857	0.0000697881
10858	0.0003912879
10859	0.0001950125
10860	0.0015550777
10861	0.0001823628
10862	0.0000173609
10863	0.0000962615
10864	0.0000959547
10865	0.0019582367
10866	0.0001912994
10867	0.0000924571
10868	0.0001900898
10869	0.0001783436
10870	0.0007555751
10871	0.0002174938
10872	0.0000430402
10873	0.0001877112
10874	0.0002993898
10875	0.0001871249
10876	0.0000829075
10877	0.0000154968
10878	0.0000611454
10879	0.0001483083
10880	0.0001848120
10881	0.0029478689
10882	0.0029387954
10883	0.0001831107
10884	0.0000912749
10885	0.0007279680
10886	0.0014514977
10887	0.0004134524
10888	0.0001803366
10889	0.0028766532
10890	0.0007169918
10891	0.0001787080
10892	0.0028507345
10893	0.0007105468
10894	0.0000787135
10895	0.0028252295
10896	0.0000103559
10897	0.0028084511
10898	0.0001750080
10899	0.0001395925
10900	0.0027836140
10901	0.0013877108
10902	0.0001383636
10903	0.0002983014
10904	0.0001724478
10905	0.0001719438
10906	0.0000155857
10907	0.0006837739
10908	0.0027271554
10909	0.0005438512
10910	0.0027113971
10911	0.0003379473
10912	0.0000336975
10913	0.0001680038
10914	0.0013401806
10915	0.0026727006
10916	0.0013325394
10917	0.0001563233
10918	0.0001656219
10919	0.0000300901
10920	0.0008808143
10921	0.0001646858
10922	0.0000074646
10923	0.0013100730
10924	0.0001632992
10925	0.0000049253
10926	0.0001623862
10927	0.0019550684
10928	0.0001619331
10929	0.0001519833
10930	0.0003220673
10931	0.0000094463
10932	0.0001221423
10933	0.0001601429
10934	0.0001597008
10935	0.0025481740
10936	0.0025411692
10937	0.0025341983
10938	0.0000789769
10939	0.0001200170
10940	0.0012567435
10941	0.0025066496
10942	0.0000624961
10943	0.0001558171
10944	0.0008287777
10945	0.0008265418
10946	0.0001545593
10947	0.0001220930
10948	0.0003082882
10949	0.0001220436
10950	0.0001537308
10951	0.0001533194
10952	0.0012232802
10953	0.0012200203
10954	0.0024335514
10955	0.0001516933
10956	0.0000756457
10957	0.0001420156
10958	0.0001504935
10959	0.0001500973
10960	0.0023952459
10961	0.0011944824
10962	0.0019519080
10963	0.0023827126
10964	0.0023764891
10965	0.0001481434
10966	0.0005910319
10967	0.0000491248
10968	0.0001469924
10969	0.0001466122
10970	0.0001462338
10971	0.0000729285
10972	0.0001219449
10973	0.0001454820
10974	0.0000362772
10975	0.0000541759
10976	0.0000723685
10977	0.0001443670
10978	0.0004607958
10979	0.0001094339
10980	0.0000089542
10981	0.0022864562
10982	0.0011403336
10983	0.0000710907
10984	0.0001418229
10985	0.0005658633
10986	0.0009747714
10987	0.0005644414
10988	0.0022521032
10989	0.0003680902
10990	0.0022464656
10991	0.0022408526
10992	0.0022352642
10993	0.0011148500
10994	0.0001390100
10995	0.0001217972
10996	0.0022186444
10997	0.0011065762
10998	0.0001226491
10999	0.0009511048
11000	0.0001376400
11001	0.0019479685
11002	0.0009735910
11003	0.0005492046
11004	0.0001369638
11005	0.0010930230
11006	0.0000006259
11007	0.0001362934
11008	0.0001359603
11009	0.0000084768
11010	0.0001352985
11011	0.0002961462
11012	0.0021595146
11013	0.0021542758
11014	0.0000164050
11015	0.0001339915
11016	0.0021386917
11017	0.0004267081
11018	0.0000367096
11019	0.0001330257
11020	0.0001327065
11021	0.0001246010
11022	0.0005282878
11023	0.0005270268
11024	0.0000082152
11025	0.0010490407
11026	0.0010465498
11027	0.0000652543
11028	0.0020831976
11029	0.0001298923
11030	0.0000907936
11031	0.0047043051
11032	0.0003455628
11033	0.0000646405
11034	0.0001375758
11035	0.0004117593
11036	0.0004107952
11037	0.0019448257
11038	0.0006830583
11039	0.0000305133
11040	0.0020396315
11041	0.0001695741
11042	0.0020301651
11043	0.0003375767
11044	0.0000607513
11045	0.0001214536
11046	0.0010103874
11047	0.0020161079
11048	0.0001183212
11049	0.0000627134
11050	0.0010011096
11051	0.0001248517
11052	0.0000202341
11053	0.0001245658
11054	0.0009942479
11055	0.0019839575
11056	0.0002474297
11057	0.0019749349
11058	0.0002463063
11059	0.0019659833
11060	0.0019615338
11061	0.0009785509
11062	0.0000574320
11063	0.0004870724
11064	0.0009719547
11065	0.0001212216
11066	0.0009708453
11067	0.0000604750
11068	0.0000303267
11069	0.0009700630
11070	0.0019308705
11071	0.0001204099
11072	0.0001201414
11073	0.0019179825
11074	0.0000598037
11075	0.0019094730
11076	0.0000074424
11077	0.0000606045
11078	0.0001384688
11079	0.0019010287
11080	0.0000592760
11081	0.0002929659
11082	0.0001182906
11083	0.0000461377
11084	0.0001049157
11085	0.0001177708
11086	0.0001175124
11087	0.0004690199
11088	0.0018719765
11089	0.0009339444
11090	0.0002329771
11091	0.0001162350
11092	0.0001159824
11093	0.0001157307
11094	0.0019370027
11095	0.0001154800
11096	0.0001152302
11097	0.0018397024
11098	0.0001147335
11099	0.0000964097
11100	0.0002747478
11101	0.0000075634
11102	0.0019354439
11103	0.0019346652
11104	0.0004569616
11105	0.0001139952
11106	0.0002275020
11107	0.0009080610
11108	0.0003867774
11109	0.0003624485
11110	0.0004520944
11111	0.0019331093
11112	0.0004511317
11113	0.0001125431
11114	0.0000561521
11115	0.0008965294
11116	0.0002415415
11117	0.0000603611
11118	0.0017892639
11119	0.0000776297
11120	0.0001113572
11121	0.0001206737
11122	0.0000444491
11123	0.0009650016
11124	0.0000554444
11125	0.0017704959
11126	0.0000069015
11127	0.0017630835
11128	0.0008796987
11129	0.0017557244
11130	0.0017520647
11131	0.0001071793
11132	0.0017484181
11133	0.0017447845
11134	0.0001088227
11135	0.0004343891
11136	0.0017339614
11137	0.0001081487
11138	0.0000401761
11139	0.0019276787
11140	0.0000179876
11141	0.0017232533
11142	0.0017197093
11143	0.0001009516
11144	0.0008563293
11145	0.0017091518
11146	0.0004264144
11147	0.0000709240
11148	0.0008493527
11149	0.0000065963
11150	0.0001057376
11151	0.0000000000
11152	0.0001053092
11153	0.0016815366
11154	0.0004195346
11155	0.0000930418
11156	0.0001044611
11157	0.0008340075
11158	0.0000693610
11159	0.0019269048
11160	0.0000148332
11161	0.0001036247
11162	0.0008273395
11163	0.0008256868
11164	0.0001030050
11165	0.0008223983
11166	0.0016415249
11167	0.0016382644
11168	0.0016350149
11169	0.0019261314
11170	0.0002719628
11171	0.0000508922
11172	0.0008126663
11173	0.0016221270
11174	0.0016189322
11175	0.0001203349
11176	0.0000950440
11177	0.0001343812
11178	0.0000402353
11179	0.0003212520
11180	0.0002003898
11181	0.0007999939
11182	0.0015968672
11183	0.0001992196
11184	0.0000994161
11185	0.0000992230
11186	0.0015844887
11187	0.0005271399
11188	0.0019245861
11189	0.0002254801
11190	0.0003938280
11191	0.0019238141
11192	0.0000491335
11193	0.0001120889
11194	0.0000489446
11195	0.0015632174
11196	0.0000198252
11197	0.0000975137
11198	0.0001201420
11199	0.0000486634
11200	0.0001200938
11201	0.0007771251
11202	0.0001200457
11203	0.0000969550
11204	0.0015483207
11205	0.0000965857
11206	0.0015424298
11207	0.0000962187
11208	0.0000066665
11209	0.0005121924
11210	0.0015336649
11211	0.0003826905
11212	0.0003198654
11213	0.0001527869
11214	0.0000953115
11215	0.0001199015
11216	0.0000951319
11217	0.0000949528
11218	0.0000842438
11219	0.0000420428
11220	0.0000944189
11221	0.0015078739
11222	0.0001368231
11223	0.0000938902
11224	0.0000937151
11225	0.0014966478
11226	0.0000155611
11227	0.0002397069
11228	0.0000931930
11229	0.0000451006
11230	0.0001127581
11231	0.0007427817
11232	0.0000926759
11233	0.0046540797
11234	0.0019161204
11235	0.0000870632
11236	0.0001846677
11237	0.0000186661
11238	0.0004906345
11239	0.0007345986
11240	0.0000916562
11241	0.0007319049
11242	0.0000664149
11243	0.0007292280
11244	0.0000454935
11245	0.0000908210
11246	0.0014504877
11247	0.0004826160
11248	0.0014452165
11249	0.0003606483
11250	0.0007199889
11251	0.0014373707
11252	0.0019153536
11253	0.0000896732
11254	0.0003580451
11255	0.0000840939
11256	0.0000445944
11257	0.0007122271
11258	0.0000888684
11259	0.0000443545
11260	0.0001770998
11261	0.0000883914
11262	0.0014117337
11263	0.0014092128
11264	0.0001758374
11265	0.0000299154
11266	0.0007020969
11267	0.0000778720
11268	0.0003498013
11269	0.0000872951
11270	0.0000871404
11271	0.0001068993
11272	0.0000579946
11273	0.0000054270
11274	0.0000866790
11275	0.0013844182
11276	0.0000000000
11277	0.0003448870
11278	0.0013771239
11279	0.0000026850
11280	0.0000596651
11281	0.0007729256
11282	0.0000052688
11283	0.0000053418
11284	0.0006825554
11285	0.0000851706
11286	0.0001700444
11287	0.0006789939
11288	0.0000847267
11289	0.0006766371
11290	0.0000750515
11291	0.0000793287
11292	0.0013462555
11293	0.0000139993
11294	0.0006708053
11295	0.0000837061
11296	0.0004782640
11297	0.0019122913
11298	0.0000835620
11299	0.0006673470
11300	0.0006662009
11301	0.0013301163
11302	0.0001659797
11303	0.0005776418
11304	0.0001656956
11305	0.0013232995
11306	0.0013210404
11307	0.0000000000
11308	0.0000822839
11309	0.0013143020
11310	0.0000820043
11311	0.0013098420
11312	0.0000051079
11313	0.0000815880
11314	0.0000814500
11315	0.0002168331
11316	0.0001194704
11317	0.0012988033
11318	0.0012966144
11319	0.0006472159
11320	0.0000062128
11321	0.0022078318
11322	0.0004776907
11323	0.0012900851
11324	0.0023024098
11325	0.0006439605
11326	0.0012857630
11327	0.0000802257
11328	0.0006407327
11329	0.0000799579
11330	0.0012771919
11331	0.0000796915
11332	0.0006364712
11333	0.0001193750
11334	0.0000385099
11335	0.0038184729
11336	0.0001192796
11337	0.0003171792
11338	0.0006333065
11339	0.0003161287
11340	0.0000789014
11341	0.0000787710
11342	0.0000196602
11343	0.0002093635
11344	0.0006270561
11345	0.0012520490
11346	0.0012499915
11347	0.0000779962
11348	0.0000593283
11349	0.0003109633
11350	0.0000326794
11351	0.0000774868
11352	0.0000773603
11353	0.0006178736
11354	0.0002056225
11355	0.0012317277
11356	0.0003074316
11357	0.0000613865
11358	0.0006128698
11359	0.0012237544
11360	0.0012217747
11361	0.0000762375
11362	0.0000347952
11363	0.0000189979
11364	0.0000047234
11365	0.0000757473
11366	0.0002420017
11367	0.0000000000
11368	0.0006030645
11369	0.0000668998
11370	0.0000751419
11371	0.0001333721
11372	0.0005992162
11373	0.0002991303
11374	0.0000746634
11375	0.0005963569
11376	0.0011908179
11377	0.0005944635
11378	0.0000370950
11379	0.0011851603
11380	0.0000657380
11381	0.0000037035
11382	0.0000368609
11383	0.0002944217
11384	0.0001679759
11385	0.0005869900
11386	0.0011721338
11387	0.0001462866
11388	0.0000730285
11389	0.0002916561
11390	0.0000727999
11391	0.0011629757
11392	0.0011611585
11393	0.0000724591
11394	0.0011575385
11395	0.0000722335
11396	0.0000721211
11397	0.0011521438
11398	0.0001437944
11399	0.0000348052
11400	0.0005733956
11401	0.0005725081
11402	0.0000714529
11403	0.0000356713
11404	0.0000712324
11405	0.0011379625
11406	0.0000334180
11407	0.0000709039
11408	0.0000707950
11409	0.0011309813
11410	0.0011292472
11411	0.0002818794
11412	0.0000351810
11413	0.0000702545
11414	0.0000701472
11415	0.0000700402
11416	0.0000147228
11417	0.0011172326
11418	0.0002788834
11419	0.0000696150
11420	0.0011121490
11421	0.0001388079
11422	0.0000554391
11423	0.0011071040
11424	0.0011054309
11425	0.0000689851
11426	0.0000324146
11427	0.0011004368
11428	0.0000686738
11429	0.0000685705
11430	0.0000684675
11431	0.0000000000
11432	0.0000341312
11433	0.0010905612
11434	0.0005444649
11435	0.0000679564
11436	0.0010856790
11437	0.0000264405
11438	0.0000676528
11439	0.0000675521
11440	0.0010792260
11441	0.0000633896
11442	0.0000672515
11443	0.0000671518
11444	0.0002682092
11445	0.0000669531
11446	0.0005348331
11447	0.0005340433
11448	0.0001777518
11449	0.0002662348
11450	0.0010633713
11451	0.0000030165
11452	0.0000662654
11453	0.0000661682
11454	0.0010571382
11455	0.0000329872
11456	0.0005270223
11457	0.0000328907
11458	0.0000013684
11459	0.0000655895
11460	0.0000074520
11461	0.0000114954
11462	0.0022064140
11463	0.0000290224
11464	0.0011024988
11465	0.0011021449
11466	0.0004407165
11467	0.0007342918
11468	0.0005505422
11469	0.0022014625
11470	0.0022007566
11471	0.0022000509
11472	0.0007037906
11473	0.0000073063
11474	0.0002748301
11475	0.0000053871
11476	0.0000686635
11477	0.0021965280
11478	0.0000813268
11479	0.0021951212
11480	0.0001828682
11481	0.0000264303
11482	0.0010965068
11483	0.0000195742
11484	0.0010958051
11485	0.0010954545
11486	0.0010951041
11487	0.0002736885
11488	0.0010944037
11489	0.0010940538
11490	0.0002734260
11491	0.0007289030
11492	0.0007286701
11493	0.0021853118
11494	0.0000341346
11495	0.0000445697
11496	0.0002803265
11497	0.0000949225
11498	0.0021825213
11499	0.0007272748
11500	0.0010905641
11501	0.0000454257
11502	0.0021797362
11503	0.0000085119
11504	0.0004356691
11505	0.0004355302
11506	0.0002176957
11507	0.0005440656
11508	0.0000271946
11509	0.0002718594
11510	0.0005435456
11511	0.0021734896
11512	0.0004363839
11513	0.0000595684
11514	0.0021727972
11515	0.0004344210
11516	0.0001190893
11517	0.0001974012
11518	0.0005426805
11519	0.0006348894
11520	0.0000062357
11521	0.0021693402
11522	0.0000451802
11523	0.0010839799
11524	0.0000594971
11525	0.0000747334
11526	0.0021665806
11527	0.0010829458
11528	0.0021652028
11529	0.0000078424
11530	0.0086553055
11531	0.0000103432
11532	0.0010815693
11533	0.0001056884
11534	0.0010812256
11535	0.0021617642
11536	0.0010805387
11537	0.0002700489
11538	0.0010798525
11539	0.0010795096
11540	0.0021583338
11541	0.0000074283
11542	0.0002715534
11543	0.0021576487
11544	0.0000213561
11545	0.0021562795
11546	0.0005388989
11547	0.0001267595
11548	0.0007180761
11549	0.0010767726
11550	0.0005382156
11551	0.0021521799
11552	0.0003073568
11553	0.0010754080
11554	0.0010750672
11555	0.0010747267
11556	0.0005371931
11557	0.0021480921
11558	0.0000084047
11559	0.0021467321
11560	0.0007153509
11561	0.0002681717
11562	0.0005361736
11563	0.0002680020
11564	0.0002679172
11565	0.0002678325
11566	0.0021419824
11567	0.0002676631
11568	0.0021406283
11569	0.0005349879
11570	0.0010696377
11571	0.0000271730
11572	0.0001336625
11573	0.0010689620
11574	0.0021372486
11575	0.0010682868
11576	0.0010679495
11577	0.0069306259
11578	0.0021352247
11579	0.0005336377
11580	0.0034525634
11581	0.0010669385
11582	0.0005333009
11583	0.0000081706
11584	0.0005329645
11585	0.0010655928
11586	0.0021305136
11587	0.0021298419
11588	0.0000665366
11589	0.0000434388
11590	0.0003546381
11591	0.0006333722
11592	0.0000082130
11593	0.0000308187
11594	0.0010629091
11595	0.0000083014
11596	0.0010622398
11597	0.0010619054
11598	0.0000047392
11599	0.0000640747
11600	0.0001768172
11601	0.0021211385
11602	0.0010602356
11603	0.0002119804
11604	0.0010595689
11605	0.0010592357
11606	0.0004235611
11607	0.0002117140
11608	0.0021164744
11609	0.0004299874
11610	0.0001428050
11611	0.0001923463
11612	0.0003021635
11613	0.0001409654
11614	0.0007046054
11615	0.0000422630
11616	0.0021124890
11617	0.0007039420
11618	0.0002638954
11619	0.0010552503
11620	0.0000329662
11621	0.0000585882
11622	0.0010542575
11623	0.0001117270
11624	0.0010539268
11625	0.0010535964
11626	0.0010532661
11627	0.0010529359
11628	0.0000657879
11629	0.0021045522
11630	0.0007012976
11631	0.0005258085
11632	0.0001314109
11633	0.0005254792
11634	0.0018986033
11635	0.0021012586
11636	0.0018978473
11637	0.0010503004
11638	0.0005249858
11639	0.0020992861
11640	0.0020986293
11641	0.0020979727
11642	0.0000838927
11643	0.0010483303
11644	0.0006323639
11645	0.0000332699
11646	0.0001232559
11647	0.0001745579
11648	0.0003490067
11649	0.0010466928
11650	0.0000721632
11651	0.0004268528
11652	0.0010460389
11653	0.0010457122
11654	0.0010453856
11655	0.0006967061
11656	0.0000000000
11657	0.0010444069
11658	0.0000803139
11659	0.0020875102
11660	0.0020868590
11661	0.0000079931
11662	0.0000054453
11663	0.0000081442
11664	0.0000651330
11665	0.0006945357
11666	0.0006943193
11667	0.0010411543
11668	0.0010408299
11669	0.0020810113
11670	0.0000081264
11671	0.0005199288
11672	0.0010395338
11673	0.0003464034
11674	0.0000540065
11675	0.0010388867
11676	0.0001298204
11677	0.0010382401
11678	0.0000000000
11679	0.0000628845
11680	0.0020745430
11681	0.0006912993
11682	0.0000272796
11683	0.0020726084
11684	0.0020719642
11685	0.0002589150
11686	0.0010353383
11687	0.0000000000
11688	0.0020693903
11689	0.0020687475
11690	0.0009481683
11691	0.0002585131
11692	0.0000210620
11693	0.0020674630
11694	0.0000258353
11695	0.0003443633
11696	0.0000000000
11697	0.0010324488
11698	0.0020642569
11699	0.0004127233
11700	0.0005157441
11701	0.0010311684
11702	0.0000322140
11703	0.0010305292
11704	0.0020604196
11705	0.0000403879
11706	0.0002941633
11707	0.0002573131
11708	0.0000734953
11709	0.0001582485
11710	0.0020565930
11711	0.0000009908
11712	0.0020553199
11713	0.0005136709
11714	0.0000077805
11715	0.0020534124
11716	0.0006842591
11717	0.0020521423
11718	0.0018948278
11719	0.0001282192
11720	0.0000211430
11721	0.0000320350
11722	0.0002049606
11723	0.0000682991
11724	0.0020483390
11725	0.0002925295
11726	0.0000639711
11727	0.0000075794
11728	0.0000852421
11729	0.0002272420
11730	0.0002920781
11731	0.0010219577
11732	0.0000060185
11733	0.0004735185
11734	0.0010213270
11735	0.0003403373
11736	0.0006804647
11737	0.0000537043
11738	0.0001275084
11739	0.0006798354
11740	0.0020388774
11741	0.0020382490
11742	0.0020376208
11743	0.0000078648
11744	0.0010181827
11745	0.0000636168
11746	0.0020351113
11747	0.0020344846
11748	0.0000847441
11749	0.0020332322
11750	0.0010163032
11751	0.0020319809
11752	0.0000812542
11753	0.0020307308
11754	0.0000070490
11755	0.0002254980
11756	0.0020288578
11757	0.0020282341
11758	0.0000460821
11759	0.0004733302
11760	0.0001192346
11761	0.0000723702
11762	0.0067801533
11763	0.0020257420
11764	0.0000066616
11765	0.0020244977
11766	0.0006746253
11767	0.0010116273
11768	0.0020226334
11769	0.0020220125
11770	0.0006737973
11771	0.0000078022
11772	0.0010100759
11773	0.0010097660
11774	0.0002111141
11775	0.0020189126
11776	0.0020182935
11777	0.0004035349
11778	0.0010085281
11779	0.0000806575
11780	0.0000078437
11781	0.0001979797
11782	0.0000078719
11783	0.0005036462
11784	0.0020139677
11785	0.0010066754
11786	0.0005031836
11787	0.0010060591
11788	0.0001257189
11789	0.0003351477
11790	0.0020102711
11791	0.0020096560
11792	0.0020090411
11793	0.0010042133
11794	0.0020078123
11795	0.0000026000
11796	0.0067071281
11797	0.0000591427
11798	0.0000743180
11799	0.0006686571
11800	0.0003342264
11801	0.0000078310
11802	0.0010020664
11803	0.0020035205
11804	0.0020029085
11805	0.0010011484
11806	0.0010008427
11807	0.0010005371
11808	0.0006668211
11809	0.0004999632
11810	0.0004998106
11811	0.0009993163
11812	0.0003330038
11813	0.0019974134
11814	0.0006656014
11815	0.0019961953
11816	0.0019955867
11817	0.0009974892
11818	0.0009971852
11819	0.0009968813
11820	0.0003321925
11821	0.0018918156
11822	0.0001181915
11823	0.0000000000
11824	0.0066831032
11825	0.0001244963
11826	0.0001244584
11827	0.0004976820
11828	0.0001350223
11829	0.0019901220
11830	0.0019895162
11831	0.0019889107
11832	0.0000292398
11833	0.0001987700
11834	0.0019870958
11835	0.0019864914
11836	0.0000945661
11837	0.0019852834
11838	0.0009923399
11839	0.0009920383
11840	0.0019834735
11841	0.0019828708
11842	0.0019822684
11843	0.0019816662
11844	0.0019810643
11845	0.0007921851
11846	0.0019798613
11847	0.0006597534
11848	0.0019786594
11849	0.0002472574
11850	0.0000018971
11851	0.0019774587
11852	0.0001235537
11853	0.0019762590
11854	0.0001317106
11855	0.0000897755
11856	0.0000000000
11857	0.0006579543
11858	0.0009866323
11859	0.0000076165
11860	0.0019720688
11861	0.0003942943
11862	0.0009854371
11863	0.0009851386
11864	0.0006565602
11865	0.0003281807
11866	0.0019684880
11867	0.0019678921
11868	0.0019672965
11869	0.0019667012
11870	0.0019661062
11871	0.0006551705
11872	0.0002456146
11873	0.0000654774
11874	0.0001888811
11875	0.0006545763
11876	0.0019631351
11877	0.0009812709
11878	0.0001180038
11879	0.0009809743
11880	0.0000576869
11881	0.0019607631
11882	0.0000075976
11883	0.0009797894
11884	0.0009794935
11885	0.0000075034
11886	0.0009789021
11887	0.0019572133
11888	0.0004891556
11889	0.0019560322
11890	0.0000465581
11891	0.0004887130
11892	0.0019542625
11893	0.0003907346
11894	0.0003906168
11895	0.0009762476
11896	0.0002168785
11897	0.0015295364
11898	0.0009756592
11899	0.0000073612
11900	0.0019501427
11901	0.0004873888
11902	0.0019489680
11903	0.0000811825
11904	0.0019477944
11905	0.0019472080
11906	0.0019466219
11907	0.0000073723
11908	0.0019460360
11909	0.0003890901
11910	0.0009724326
11911	0.0001944280
11912	0.0001179101
11913	0.0001047674
11914	0.0001214810
11915	0.0003886221
11916	0.0000942533
11917	0.0004856316
11918	0.0009709712
11919	0.0000334717
11920	0.0006469251
11921	0.0006467307
11922	0.0002424511
11923	0.0000000000
11924	0.0019384440
11925	0.0019378619
11926	0.0009686400
11927	0.0001177698
11928	0.0000075652
11929	0.0019361171
11930	0.0019355360
11931	0.0000604673
11932	0.0000841032
11933	0.0006445981
11934	0.0019332143
11935	0.0019326345
11936	0.0000250916
11937	0.0009657379
11938	0.0009654484
11939	0.0019303180
11940	0.0006432465
11941	0.0033296171
11942	0.0000584594
11943	0.0019285835
11944	0.0009640029
11945	0.0009637142
11946	0.0001204282
11947	0.0000050033
11948	0.0019256977
11949	0.0019251214
11950	0.0001177231
11951	0.0000075178
11952	0.0019239694
11953	0.0001373853
11954	0.0006409395
11955	0.0001130731
11956	0.0009608343
11957	0.0001176765
11958	0.0022118399
11959	0.0009605471
11960	0.0009602599
11961	0.0000518904
11962	0.0004798430
11963	0.0000008937
11964	0.0019182254
11965	0.0009588262
11966	0.0001198175
11967	0.0002129452
11968	0.0001008387
11969	0.0009576815
11970	0.0009573957
11971	0.0006380733
11972	0.0001472038
11973	0.0019130779
11974	0.0002125008
11975	0.0018820768
11976	0.0009559684
11977	0.0000065234
11978	0.0009553984
11979	0.0006112727
11980	0.0000074596
11981	0.0000070707
11982	0.0019085198
11983	0.0003179919
11984	0.0019073829
11985	0.0019068148
11986	0.0000074463
11987	0.0018813309
11988	0.0009528397
11989	0.0003810224
11990	0.0019045450
11991	0.0000074085
11992	0.0003806823
11993	0.0019028453
11994	0.0019022793
11995	0.0019017135
11996	0.0000073975
11997	0.0009502913
11998	0.0019000176
11999	0.0001356752
12000	0.0018988883
12001	0.0000825358
12002	0.0000049292
12003	0.0000074109
12004	0.0018966328
12005	0.0001185043
12006	0.0018955065
12007	0.0000587683
12008	0.0009474719
12009	0.0000037000
12010	0.0000946910
12011	0.0009466285
12012	0.0009463477
12013	0.0009460669
12014	0.0018915726
12015	0.0000590941
12016	0.0018904509
12017	0.0000078745
12018	0.0006297767
12019	0.0009443851
12020	0.0018882105
12021	0.0000589891
12022	0.0009435459
12023	0.0006288443
12024	0.0002694249
12025	0.0018854156
12026	0.0006282858
12027	0.0006280998
12028	0.0000244642
12029	0.0033059790
12030	0.0000784660
12031	0.0003765254
12032	0.0000017410
12033	0.0018815133
12034	0.0009404784
12035	0.0018804006
12036	0.0018798446
12037	0.0006264296
12038	0.0000894635
12039	0.0002347723
12040	0.0003755246
12041	0.0018770685
12042	0.0000586411
12043	0.0002349800
12044	0.0000586237
12045	0.0001136610
12046	0.0018748520
12047	0.0009371492
12048	0.0000936873
12049	0.0006243974
12050	0.0000722729
12051	0.0004681599
12052	0.0000071182
12053	0.0018715347
12054	0.0000233873
12055	0.0018704309
12056	0.0000779116
12057	0.0009346640
12058	0.0001557314
12059	0.0003113710
12060	0.0004669189
12061	0.0000071537
12062	0.0002333219
12063	0.0018660256
12064	0.0000666241
12065	0.0018649267
12066	0.0000143121
12067	0.0018638288
12068	0.0000582275
12069	0.0018627318
12070	0.0009310919
12071	0.0018616359
12072	0.0001104913
12073	0.0009305441
12074	0.0000186054
12075	0.0018599938
12076	0.0001162154
12077	0.0000072613
12078	0.0004645885
12079	0.0009289039
12080	0.0000081818
12081	0.0009283581
12082	0.0001173505
12083	0.0018561707
12084	0.0018556255
12085	0.0018550806
12086	0.0000475522
12087	0.0000514998
12088	0.0009267236
12089	0.0000805610
12090	0.0018523595
12091	0.0003753729
12092	0.0018518160
12093	0.0001172576
12094	0.0018512728
12095	0.0000072294
12096	0.0018501870
12097	0.0004624111
12098	0.0018491022
12099	0.0001155350
12100	0.0018480183
12101	0.0018474767
12102	0.0001172112
12103	0.0018746377
12104	0.0000288584
12105	0.0000078570
12106	0.0001171185
12107	0.0018458535
12108	0.0000069634
12109	0.0002305966
12110	0.0018442324
12111	0.0018436925
12112	0.0009215764
12113	0.0018426134
12114	0.0009210371
12115	0.0018415353
12116	0.0001170722
12117	0.0000070000
12118	0.0003680916
12119	0.0006133066
12120	0.0001702195
12121	0.0006131273
12122	0.0000071830
12123	0.0009191533
12124	0.0009358373
12125	0.0018377694
12126	0.0009186162
12127	0.0004591739
12128	0.0009180795
12129	0.0001372614
12130	0.0018356227
12131	0.0003670173
12132	0.0000573297
12133	0.0001528346
12134	0.0001145925
12135	0.0018329446
12136	0.0001169334
12137	0.0018324097
12138	0.0004579688
12139	0.0000056004
12140	0.0000049750
12141	0.0018302724
12142	0.0004574347
12143	0.0018292052
12144	0.0018286719
12145	0.0006093796
12146	0.0018276061
12147	0.0006090245
12148	0.0018265413
12149	0.0018260092
12150	0.0001140923
12151	0.0000072770
12152	0.0003041576
12153	0.0018244143
12154	0.0018238832
12155	0.0009116761
12156	0.0009114108
12157	0.0004555728
12158	0.0018217609
12159	0.0002601758
12160	0.0018207012
12161	0.0018201717
12162	0.0002626115
12163	0.0009098212
12164	0.0018191133
12165	0.0018185845
12166	0.0009090280
12167	0.0000283989
12168	0.0001009444
12169	0.0009082358
12170	0.0009079719
12171	0.0006051388
12172	0.0003024815
12173	0.0018143623
12174	0.0018138356
12175	0.0018133091
12176	0.0018127828
12177	0.0018122568
12178	0.0000452933
12179	0.0009056027
12180	0.0009053400
12181	0.0000532398
12182	0.0009048150
12183	0.0018091053
12184	0.0018085809
12185	0.0018080567
12186	0.0009037664
12187	0.0018070090
12188	0.0018064855
12189	0.0000070545
12190	0.0003115762
12191	0.0009027196
12192	0.0018049163
12193	0.0018043937
12194	0.0009019357
12195	0.0003005582
12196	0.0010903626
12197	0.0003605655
12198	0.0001167949
12199	0.0018023056
12200	0.0009008921
12201	0.0009006315
12202	0.0002250927
12203	0.0000064294
12204	0.0000070301
12205	0.0001124488
12206	0.0001124163
12207	0.0017981404
12208	0.0001057424
12209	0.0002567288
12210	0.0000137352
12211	0.0000000000
12212	0.0000485563
12213	0.0005986877
12214	0.0008977722
12215	0.0005983420
12216	0.0005981692
12217	0.0017939896
12218	0.0018672436
12219	0.0001166567
12220	0.0000560460
12221	0.0000853788
12222	0.0001166106
12223	0.0002987395
12224	0.0008959598
12225	0.0017914027
12226	0.0017908860
12227	0.0000745987
12228	0.0001491544
12229	0.0005964458
12230	0.0017888215
12231	0.0017883059
12232	0.0017877906
12233	0.0004468189
12234	0.0003573521
12235	0.0017862459
12236	0.0017857314
12237	0.0000932517
12238	0.0017852172
12239	0.0000557720
12240	0.0005947298
12241	0.0000334866
12242	0.0004459190
12243	0.0017831625
12244	0.0003565299
12245	0.0000069615
12246	0.0003563248
12247	0.0004452778
12248	0.0008902996
12249	0.0008900436
12250	0.0008760986
12251	0.0000069495
12252	0.0000069204
12253	0.0017780414
12254	0.0017775305
12255	0.0017770198
12256	0.0004441273
12257	0.0004439998
12258	0.0000069355
12259	0.0005916598
12260	0.0002957450
12261	0.0008869802
12262	0.0005911504
12263	0.0004432356
12264	0.0017724338
12265	0.0017719253
12266	0.0017714171
12267	0.0004427273
12268	0.0008852006
12269	0.0017698937
12270	0.0008846932
12271	0.0000737033
12272	0.0017683723
12273	0.0008839328
12274	0.0003407220
12275	0.0017673591
12276	0.0017668528
12277	0.0000679364
12278	0.0004660746
12279	0.0001471534
12280	0.0017653353
12281	0.0017648299
12282	0.0001102703
12283	0.0017638198
12284	0.0003225593
12285	0.0017633151
12286	0.0000251125
12287	0.0000734504
12288	0.0004271030
12289	0.0003546908
12290	0.0002517580
12291	0.0017618022
12292	0.0017612983
12293	0.0000068781
12294	0.0003520583
12295	0.0000202274
12296	0.0000000000
12297	0.0017587823
12298	0.0001098925
12299	0.0017577774
12300	0.0000057427
12301	0.0000924618
12302	0.0017562717
12303	0.0005852567
12304	0.0017552689
12305	0.0001595244
12306	0.0004385668
12307	0.0008768832
12308	0.0017532661
12309	0.0008763829
12310	0.0000372823
12311	0.0002502523
12312	0.0017512666
12313	0.0004376918
12314	0.0017502682
12315	0.0017497693
12316	0.0000624740
12317	0.0018635633
12318	0.0011658481
12319	0.0008741370
12320	0.0000546180
12321	0.0001988269
12322	0.0017472781
12323	0.0017467805
12324	0.0000846740
12325	0.0000064617
12326	0.0017457859
12327	0.0000068175
12328	0.0017447922
12329	0.0017442957
12330	0.0017437993
12331	0.0018620943
12332	0.0018613605
12333	0.0017433032
12334	0.0000068078
12335	0.0008711558
12336	0.0063406253
12337	0.0001162892
12338	0.0008709081
12339	0.0000316604
12340	0.0008704129
12341	0.0002486187
12342	0.0017398364
12343	0.0004348355
12344	0.0006955391
12345	0.0017383538
12346	0.0000033876
12347	0.0008686832
12348	0.0000964930
12349	0.0000510700
12350	0.0017358871
12351	0.0001735394
12352	0.0002656992
12353	0.0017349018
12354	0.0018591617
12355	0.0000542003
12356	0.0008669587
12357	0.0005778085
12358	0.0017329339
12359	0.0008662212
12360	0.0004329878
12361	0.0000541081
12362	0.0017309694
12363	0.0000266228
12364	0.0002162485
12365	0.0002161873
12366	0.0000540315
12367	0.0000063548
12368	0.0004320072
12369	0.0017275395
12370	0.0008635252
12371	0.0001918402
12372	0.0017260727
12373	0.0008627921
12374	0.0001078185
12375	0.0008623039
12376	0.0017241199
12377	0.0008618161
12378	0.0008615724
12379	0.0000269165
12380	0.0001565609
12381	0.0008608418
12382	0.0017211969
12383	0.0000000000
12384	0.0008601121
12385	0.0000000000
12386	0.0008596262
12387	0.0005729223
12388	0.0000043391
12389	0.0000002267
12390	0.0000536660
12391	0.0000660318
12392	0.0000000000
12393	0.0008579287
12394	0.0001072108
12395	0.0000267951
12396	0.0008572028
12397	0.0017139220
12398	0.0017134387
12399	0.0005709852
12400	0.0000000000
12401	0.0001069994
12402	0.0001069692
12403	0.0008555125
12404	0.0000570181
12405	0.0017100610
12406	0.0008547897
12407	0.0001068186
12408	0.0017086166
12409	0.0008540677
12410	0.0000987332
12411	0.0005692182
12412	0.0000233859
12413	0.0008533467
12414	0.0000000000
12415	0.0017057331
12416	0.0017052533
12417	0.0000655682
12418	0.0000774679
12419	0.0000066296
12420	0.0017033359
12421	0.0062973563
12422	0.0017028570
12423	0.0017023784
12424	0.0017018999
12425	0.0000580759
12426	0.0001161061
12427	0.0000708926
12428	0.0017009437
12429	0.0005668219
12430	0.0008499941
12431	0.0005665036
12432	0.0016990336
12433	0.0001887285
12434	0.0016980797
12435	0.0001697603
12436	0.0000065274
12437	0.0031379607
12438	0.0000165801
12439	0.0000066275
12440	0.0016961745
12441	0.0016956986
12442	0.0000529757
12443	0.0000677899
12444	0.0062546180
12445	0.0008471362
12446	0.0016937974
12447	0.0008466613
12448	0.0016928480
12449	0.0001692374
12450	0.0016918994
12451	0.0000066071
12452	0.0016909516
12453	0.0000004979
12454	0.0001408337
12455	0.0016895314
12456	0.0000804314
12457	0.0000062080
12458	0.0000065942
12459	0.0016876406
12460	0.0016871684
12461	0.0016866964
12462	0.0016862246
12463	0.0000883922
12464	0.0008428765
12465	0.0062334449
12466	0.0000065831
12467	0.0003348691
12468	0.0016843393
12469	0.0009277529
12470	0.0008419343
12471	0.0008416989
12472	0.0008414637
12473	0.0005608191
12474	0.0001159235
12475	0.0000065703
12476	0.0009270233
12477	0.0001681517
12478	0.0008405239
12479	0.0001400482
12480	0.0001158324
12481	0.0004200273
12482	0.0004631473
12483	0.0008398201
12484	0.0006172870
12485	0.0008395856
12486	0.0008393513
12487	0.0001864705
12488	0.0004194415
12489	0.0008386490
12490	0.0000066828
12491	0.0000001767
12492	0.0000237115
12493	0.0002793937
12494	0.0004189737
12495	0.0000155132
12496	0.0000316030
12497	0.0016744938
12498	0.0000523133
12499	0.0000065373
12500	0.0016730944
12501	0.0016726283
12502	0.0016721624
12503	0.0000261203
12504	0.0001671231
12505	0.0000040490
12506	0.0008353830
12507	0.0001284847
12508	0.0016698359
12509	0.0008346856
12510	0.0000505729
12511	0.0000260694
12512	0.0000238283
12513	0.0000877639
12514	0.0009248397
12515	0.0016670505
12516	0.0016665870
12517	0.0008330618
12518	0.0005552202
12519	0.0016651975
12520	0.0001664735
12521	0.0005547574
12522	0.0000231026
12523	0.0001386508
12524	0.0016633476
12525	0.0004157214
12526	0.0016624238
12527	0.0000313578
12528	0.0005538336
12529	0.0008305198
12530	0.0016605785
12531	0.0000115286
12532	0.0001659657
12533	0.0000448432
12534	0.0000064794
12535	0.0000518211
12536	0.0001381514
12537	0.0016573567
12538	0.0001840997
12539	0.0016564380
12540	0.0008279894
12541	0.0018489530
12542	0.0003311040
12543	0.0016550612
12544	0.0000129266
12545	0.0015568417
12546	0.0001033554
12547	0.0016532283
12548	0.0001032982
12549	0.0000500701
12550	0.0000000000
12551	0.0016513983
12552	0.0000825471
12553	0.0000515776
12554	0.0000000000
12555	0.0016495715
12556	0.0016491152
12557	0.0016486592
12558	0.0000000000
12559	0.0016477477
12560	0.0000062397
12561	0.0018482271
12562	0.0016468369
12563	0.0030853476
12564	0.0001154689
12565	0.0008231909
12566	0.0008229634
12567	0.0000483962
12568	0.0008225088
12569	0.0016445633
12570	0.0016441092
12571	0.0008218276
12572	0.0000864843
12573	0.0001173391
12574	0.0000051322
12575	0.0002736402
12576	0.0001025868
12577	0.0016409354
12578	0.0008202414
12579	0.0016400303
12580	0.0016395780
12581	0.0000292701
12582	0.0003277348
12583	0.0016382223
12584	0.0000682405
12585	0.0016373195
12586	0.0016368683
12587	0.0016364174
12588	0.0030750157
12589	0.0016359666
12590	0.0004088790
12591	0.0001167904
12592	0.0000063357
12593	0.0005447218
12594	0.0008168578
12595	0.0016332659
12596	0.0008164082
12597	0.0030647461
12598	0.0000063764
12599	0.0000063747
12600	0.0003262938
12601	0.0000776676
12602	0.0016305720
12603	0.0002037655
12604	0.0008148377
12605	0.0009233883
12606	0.0032584550
12607	0.0000814390
12608	0.0016283321
12609	0.0016278847
12610	0.0016274375
12611	0.0000000000
12612	0.0000205892
12613	0.0016260969
12614	0.0008128252
12615	0.0016252041
12616	0.0016247580
12617	0.0016243120
12618	0.0061090761
12619	0.0005412888
12620	0.0016234207
12621	0.0001475432
12622	0.0000853963
12623	0.0016220851
12624	0.0016216403
12625	0.0000063328
12626	0.0016207512
12627	0.0008101534
12628	0.0016198628
12629	0.0016194189
12630	0.0016189752
12631	0.0001618532
12632	0.0008090441
12633	0.0008088225
12634	0.0008086010
12635	0.0003233518
12636	0.0016163166
12637	0.0008079371
12638	0.0016154319
12639	0.0000504684
12640	0.0060887824
12641	0.0008072740
12642	0.0016141062
12643	0.0001153783
12644	0.0000576665
12645	0.0016136646
12646	0.0016132233
12647	0.0001007989
12648	0.0008061706
12649	0.0003223801
12650	0.0003689208
12651	0.0001790511
12652	0.0016110192
12653	0.0004026447
12654	0.0008050694
12655	0.0000000000
12656	0.0016092592
12657	0.0016088197
12658	0.0016083803
12659	0.0000196090
12660	0.0001339585
12661	0.0001152426
12662	0.0008035317
12663	0.0008033123
12664	0.0000356930
12665	0.0016057479
12666	0.0008026549
12667	0.0002758459
12668	0.0003209744
12669	0.0000239468
12670	0.0016039966
12671	0.0000235924
12672	0.0000250556
12673	0.0008015610
12674	0.0003205370
12675	0.0016022482
12676	0.0016018115
12677	0.0001601375
12678	0.0001600939
12679	0.0000062520
12680	0.0016000667
12681	0.0015996309
12682	0.0000499749
12683	0.0003996900
12684	0.0007991623
12685	0.0001997362
12686	0.0007987274
12687	0.0030242787
12688	0.0015970200
12689	0.0002660976
12690	0.0015961512
12691	0.0003989293
12692	0.0007976415
12693	0.0000041533
12694	0.0005314719
12695	0.0015939821
12696	0.0007967744
12697	0.0007965579
12698	0.0015926828
12699	0.0015922501
12700	0.0015918175
12701	0.0000000000
12702	0.0015909529
12703	0.0001060347
12704	0.0000627982
12705	0.0007950445
12706	0.0001987072
12707	0.0007946129
12708	0.0003971986
12709	0.0000031023
12710	0.0015879324
12711	0.0003175003
12712	0.0015870710
12713	0.0015866405
12714	0.0007931051
12715	0.0003171560
12716	0.0000767682
12717	0.0000264225
12718	0.0005283068
12719	0.0015844909
12720	0.0015840615
12721	0.0015836323
12722	0.0007916016
12723	0.0015827744
12724	0.0015823457
12725	0.0000023298
12726	0.0000044702
12727	0.0000234719
12728	0.0015814888
12729	0.0007905303
12730	0.0007903163
12731	0.0015802048
12732	0.0007486388
12733	0.0007898886
12734	0.0015793497
12735	0.0015789224
12736	0.0000061660
12737	0.0015780683
12738	0.0000000000
12739	0.0015776415
12740	0.0015772149
12741	0.0000061593
12742	0.0005254541
12743	0.0005253121
12744	0.0001750567
12745	0.0007875423
12746	0.0002249513
12747	0.0015742336
12748	0.0002479192
12749	0.0000983630
12750	0.0001966729
12751	0.0001429962
12752	0.0000059341
12753	0.0000491284
12754	0.0000982303
12755	0.0015712607
12756	0.0003927092
12757	0.0015704128
12758	0.0001308324
12759	0.0003139131
12760	0.0000980714
12761	0.0005229064
12762	0.0015682962
12763	0.0001119910
12764	0.0007837254
12765	0.0000921781
12766	0.0007833030
12767	0.0001957730
12768	0.0001957202
12769	0.0005217801
12770	0.0007824593
12771	0.0003128994
12772	0.0000061097
12773	0.0003909137
12774	0.0002605390
12775	0.0007814066
12776	0.0003905981
12777	0.0015619721
12778	0.0015615519
12779	0.0005203773
12780	0.0000243861
12781	0.0007801461
12782	0.0000000000
12783	0.0010396355
12784	0.0001948792
12785	0.0000779307
12786	0.0015581961
12787	0.0007788887
12788	0.0015573588
12789	0.0007784702
12790	0.0000060802
12791	0.0015561042
12792	0.0015556863
12793	0.0003888172
12794	0.0000058674
12795	0.0015544337
12796	0.0015540165
12797	0.0001941999
12798	0.0015531826
12799	0.0029653530
12800	0.0015527660
12801	0.0015523494
12802	0.0007759665
12803	0.0015515169
12804	0.0000517034
12805	0.0015506850
12806	0.0007751347
12807	0.0000815713
12808	0.0005164795
12809	0.0015490233
12810	0.0015486083
12811	0.0015481935
12812	0.0015477788
12813	0.0007736821
12814	0.0007734750
12815	0.0003093072
12816	0.0000997498
12817	0.0000429363
12818	0.0015452943
12819	0.0015448807
12820	0.0000965292
12821	0.0000857808
12822	0.0015436412
12823	0.0007716142
12824	0.0015428157
12825	0.0000964002
12826	0.0000642496
12827	0.0015415787
12828	0.0007705833
12829	0.0007703774
12830	0.0002200490
12831	0.0000962457
12832	0.0015395203
12833	0.0018409921
12834	0.0015391091
12835	0.0015386981
12836	0.0007691436
12837	0.0015378765
12838	0.0007687330
12839	0.0000000000
12840	0.0015366454
12841	0.0007681177
12842	0.0000959891
12843	0.0015354158
12844	0.0003070013
12845	0.0000000000
12846	0.0003694666
12847	0.0007670939
12848	0.0005112596
12849	0.0000059897
12850	0.0000958101
12851	0.0015325525
12852	0.0009201355
12853	0.0015321442
12854	0.0015317359
12855	0.0015313279
12856	0.0001177631
12857	0.0058923361
12858	0.0001913140
12859	0.0015301047
12860	0.0000250770
12861	0.0000955806
12862	0.0001176064
12863	0.0007642380
12864	0.0005093564
12865	0.0015276627
12866	0.0000848476
12867	0.0000954281
12868	0.0000250237
12869	0.0015260379
12870	0.0015256322
12871	0.0015252265
12872	0.0000059563
12873	0.0015244158
12874	0.0015240107
12875	0.0007618028
12876	0.0014770433
12877	0.0009197752
12878	0.0015227962
12879	0.0000951495
12880	0.0007609937
12881	0.0015215833
12882	0.0015211793
12883	0.0005069251
12884	0.0015203718
12885	0.0000949980
12886	0.0015195649
12887	0.0015191617
12888	0.0001898448
12889	0.0000271135
12890	0.0005059844
12891	0.0007587753
12892	0.0001517148
12893	0.0005055820
12894	0.0007581719
12895	0.0002526570
12896	0.0007577701
12897	0.0015151386
12898	0.0000059169
12899	0.0003785840
12900	0.0015139348
12901	0.0000227648
12902	0.0007567669
12903	0.0015131331
12904	0.0007563662
12905	0.0007561660
12906	0.0015119317
12907	0.0005038438
12908	0.0007555658
12909	0.0007553658
12910	0.0000755166
12911	0.0000471854
12912	0.0015095332
12913	0.0002515223
12914	0.0015087349
12915	0.0015083360
12916	0.0015079373
12917	0.0007537694
12918	0.0001255950
12919	0.0000000000
12920	0.0015063440
12921	0.0002151352
12922	0.0000058810
12923	0.0015051507
12924	0.0015047533
12925	0.0000235056
12926	0.0000455745
12927	0.0015035618
12928	0.0018388301
12929	0.0015031650
12930	0.0015027683
12931	0.0015023718
12932	0.0009190551
12933	0.0015019755
12934	0.0000938487
12935	0.0003081268
12936	0.0000883049
12937	0.0003751968
12938	0.0015003917
12939	0.0007499980
12940	0.0000937250
12941	0.0014992054
12942	0.0003747026
12943	0.0014984154
12944	0.0007490103
12945	0.0014976260
12946	0.0014972315
12947	0.0004989457
12948	0.0007482215
12949	0.0001870061
12950	0.0007478276
12951	0.0014952615
12952	0.0007474340
12953	0.0000934047
12954	0.0000135826
12955	0.0000331931
12956	0.0058356112
12957	0.0007466477
12958	0.0007464513
12959	0.0014925100
12960	0.0000932573
12961	0.0014917253
12962	0.0014913332
12963	0.0000648235
12964	0.0000465797
12965	0.0002980315
12966	0.0000647724
12967	0.0014893748
12968	0.0004963279
12969	0.0014885925
12970	0.0001837391
12971	0.0002480336
12972	0.0014878109
12973	0.0000000000
12974	0.0014870299
12975	0.0014866396
12976	0.0014862495
12977	0.0000928662
12978	0.0009183360
12979	0.0002475783
12980	0.0014850800
12981	0.0018359535
12982	0.0001855863
12983	0.0001147022
12984	0.0009172589
12985	0.0001146125
12986	0.0003666167
12987	0.0018323674
12988	0.0004579129
12989	0.0001144335
12990	0.0018302208
12991	0.0018295062
12992	0.0001142995
12993	0.0001075340
12994	0.0000205322
12995	0.0001141657
12996	0.0004564848
12997	0.0001140767
12998	0.0001140322
12999	0.0009119022
13000	0.0018230936
13001	0.0018223832
13002	0.0018216732
13003	0.0004552409
13004	0.0006067515
13005	0.0000056684
13006	0.0001399106
13007	0.0018181298
13008	0.0001069072
13009	0.0001135447
13010	0.0000567503
13011	0.0009076513
13012	0.0004536492
13013	0.0001133682
13014	0.0001133242
13015	0.0003020804
13016	0.0001006543
13017	0.0018110746
13018	0.0018103714
13019	0.0004524171
13020	0.0018089662
13021	0.0009041321
13022	0.0009037813
13023	0.0001129288
13024	0.0000616413
13025	0.0000188142
13026	0.0009027303
13027	0.0009023803
13028	0.0018040612
13029	0.0018033622
13030	0.0004506659
13031	0.0000667395
13032	0.0000461863
13033	0.0000040874
13034	0.0001125356
13035	0.0017998732
13036	0.0001124485
13037	0.0011989870
13038	0.0002996308
13039	0.0001123181
13040	0.0017963946
13041	0.0004489250
13042	0.0000560939
13043	0.0005224268
13044	0.0001121445
13045	0.0017936190
13046	0.0017929262
13047	0.0000896117
13048	0.0004478854
13049	0.0017908501
13050	0.0000559425
13051	0.0008947340
13052	0.0001117986
13053	0.0001117555
13054	0.0000745239
13055	0.0001117124
13056	0.0008933545
13057	0.0001116263
13058	0.0008926659
13059	0.0017846439
13060	0.0017839564
13061	0.0000891635
13062	0.0001114114
13063	0.0005939654
13064	0.0017812103
13065	0.0000613974
13066	0.0010418198
13067	0.0004449599
13068	0.0001111972
13069	0.0005928235
13070	0.0017777867
13071	0.0008885516
13072	0.0000555131
13073	0.0001109836
13074	0.0017750551
13075	0.0004435933
13076	0.0003547384
13077	0.0017730107
13078	0.0003544660
13079	0.0001107281
13080	0.0008854849
13081	0.0000553216
13082	0.0001106007
13083	0.0017689326
13084	0.0017682543
13085	0.0001104735
13086	0.0005889663
13087	0.0017662218
13088	0.0001103466
13089	0.0017648688
13090	0.0001102621
13091	0.0008817587
13092	0.0008814211
13093	0.0017621676
13094	0.0001100933
13095	0.0001100512
13096	0.0017601458
13097	0.0001099670
13098	0.0008794000
13099	0.0017581276
13100	0.0000000000
13101	0.0000872936
13102	0.0008780565
13103	0.0017554422
13104	0.0017547718
13105	0.0017541018
13106	0.0017534322
13107	0.0000433462
13108	0.0000330710
13109	0.0000136882
13110	0.0017514258
13111	0.0008753789
13112	0.0008750450
13113	0.0003498846
13114	0.0017487560
13115	0.0001092556
13116	0.0005824745
13117	0.0017467577
13118	0.0000513557
13119	0.0001090892
13120	0.0000545238
13121	0.0000223602
13122	0.0000544823
13123	0.0001089232
13124	0.0017421088
13125	0.0000544202
13126	0.0000967102
13127	0.0000543788
13128	0.0017394607
13129	0.0017387996
13130	0.0017381390
13131	0.0000526509
13132	0.0008684094
13133	0.0017361593
13134	0.0001084688
13135	0.0017348414
13136	0.0001083864
13137	0.0001444604
13138	0.0000541521
13139	0.0001082631
13140	0.0004328883
13141	0.0017308969
13142	0.0000067588
13143	0.0008647926
13144	0.0017289299
13145	0.0003456550
13146	0.0000063283
13147	0.0017269662
13148	0.0017263124
13149	0.0017256590
13150	0.0005194003
13151	0.0008625030
13152	0.0017243533
13153	0.0000538657
13154	0.0017230491
13155	0.0000063323
13156	0.0002152183
13157	0.0001075685
13158	0.0017204453
13159	0.0001074872
13160	0.0017191456
13161	0.0004296241
13162	0.0001073655
13163	0.0000536625
13164	0.0017165508
13165	0.0017159030
13166	0.0000952920
13167	0.0001071630
13168	0.0017139620
13169	0.0008566578
13170	0.0010372964
13171	0.0000267605
13172	0.0003424049
13173	0.0008556896
13174	0.0003421469
13175	0.0017100899
13176	0.0001068404
13177	0.0001068001
13178	0.0000948977
13179	0.0004268790
13180	0.0017068735
13181	0.0001421859
13182	0.0000897679
13183	0.0001065593
13184	0.0017043069
13185	0.0002129583
13186	0.0002128782
13187	0.0001063991
13188	0.0001063591
13189	0.0001063192
13190	0.0001062793
13191	0.0001062394
13192	0.0004247979
13193	0.0000080294
13194	0.0016985538
13195	0.0001061198
13196	0.0001060800
13197	0.0016966427
13198	0.0001060004
13199	0.0000646437
13200	0.0010328058
13201	0.0000079332
13202	0.0001059607
13203	0.0016947349
13204	0.0001058812
13205	0.0000529208
13206	0.0000995783
13207	0.0001880218
13208	0.0016915625
13209	0.0001056831
13210	0.0002574575
13211	0.0000642717
13212	0.0008451481
13213	0.0000081234
13214	0.0000844516
13215	0.0016883992
13216	0.0001054855
13217	0.0000000000
13218	0.0016865056
13219	0.0016858751
13220	0.0016852449
13221	0.0008423076
13222	0.0008419929
13223	0.0000510108
13224	0.0016827280
13225	0.0016820997
13226	0.0000641793
13227	0.0004203679
13228	0.0016808441
13229	0.0004200542
13230	0.0000640871
13231	0.0000933106
13232	0.0004197408
13233	0.0016783372
13234	0.0004194278
13235	0.0001048179
13236	0.0016764608
13237	0.0008379180
13238	0.0016752116
13239	0.0016745876
13240	0.0001046227
13241	0.0001045838
13242	0.0001045448
13243	0.0001045059
13244	0.0004178682
13245	0.0008354254
13246	0.0001043893
13247	0.0016696080
13248	0.0005563291
13249	0.0001042729
13250	0.0000521171
13251	0.0016671267
13252	0.0001041567
13253	0.0008329441
13254	0.0000504627
13255	0.0000520203
13256	0.0004160083
13257	0.0016634153
13258	0.0002771330
13259	0.0016621810
13260	0.0001038478
13261	0.0001038093
13262	0.0004150830
13263	0.0016597166
13264	0.0001036938
13265	0.0001036554
13266	0.0002368388
13267	0.0001035786
13268	0.0004141610
13269	0.0000501827
13270	0.0001034636
13271	0.0016548045
13272	0.0016541920
13273	0.0016535799
13274	0.0001033105
13275	0.0008261784
13276	0.0000258085
13277	0.0016511349
13278	0.0000330105
13279	0.0001649915
13280	0.0001178075
13281	0.0001030435
13282	0.0000749130
13283	0.0016474779
13284	0.0016468695
13285	0.0016462616
13286	0.0004114135
13287	0.0008225233
13288	0.0008222199
13289	0.0010239213
13290	0.0008219166
13291	0.0001027017
13292	0.0000912567
13293	0.0000864219
13294	0.0008207051
13295	0.0016408053
13296	0.0000911223
13297	0.0000712868
13298	0.0001024370
13299	0.0008191946
13300	0.0016377860
13301	0.0016371831
13302	0.0008182903
13303	0.0010224529
13304	0.0004089946
13305	0.0002552470
13306	0.0000637204
13307	0.0001022110
13308	0.0016347751
13309	0.0004085435
13310	0.0001020983
13311	0.0001020608
13312	0.0008161863
13313	0.0004079432
13314	0.0010180689
13315	0.0008155866
13316	0.0000635384
13317	0.0001019109
13318	0.0005075818
13319	0.0016299753
13320	0.0010862513
13321	0.0016287788
13322	0.0000316786
13323	0.0005427270
13324	0.0016275835
13325	0.0016269864
13326	0.0001016494
13327	0.0016257932
13328	0.0005061361
13329	0.0000172893
13330	0.0016246013
13331	0.0000063191
13332	0.0001014632
13333	0.0002527079
13334	0.0008114080
13335	0.0002523486
13336	0.0001013888
13337	0.0000675678
13338	0.0016210337
13339	0.0016204402
13340	0.0005399490
13341	0.0000063006
13342	0.0001011664
13343	0.0001011294
13344	0.0016174780
13345	0.0001010554
13346	0.0001010185
13347	0.0016157046
13348	0.0000702224
13349	0.0000366937
13350	0.0016139342
13351	0.0000063021
13352	0.0016127556
13353	0.0001007604
13354	0.0001007236
13355	0.0001006869
13356	0.0001789336
13357	0.0008049074
13358	0.0004023069
13359	0.0000946259
13360	0.0016080542
13361	0.0000945569
13362	0.0001004301
13363	0.0004015741
13364	0.0001003570
13365	0.0016051265
13366	0.0004011355
13367	0.0016039577
13368	0.0016033737
13369	0.0016027901
13370	0.0008011034
13371	0.0001001015
13372	0.0004002603
13373	0.0001000287
13374	0.0003999693
13375	0.0005330985
13376	0.0000213162
13377	0.0015981331
13378	0.0000887529
13379	0.0000998108
13380	0.0000798196
13381	0.0003989531
13382	0.0003190466
13383	0.0003986635
13384	0.0000996297
13385	0.0015934966
13386	0.0015929185
13387	0.0015923407
13388	0.0015917633
13389	0.0015911861
13390	0.0003976523
13391	0.0015900328
13392	0.0003973642
13393	0.0000000000
13394	0.0015883052
13395	0.0007938650
13396	0.0015871550
13397	0.0000247903
13398	0.0015860062
13399	0.0015854322
13400	0.0015848586
13401	0.0007921426
13402	0.0001979640
13403	0.0015831395
13404	0.0015825671
13405	0.0015819951
13406	0.0007907117
13407	0.0015808519
13408	0.0015802808
13409	0.0015797100
13410	0.0001315950
13411	0.0015785693
13412	0.0007889997
13413	0.0000985894
13414	0.0007884304
13415	0.0006305167
13416	0.0005252411
13417	0.0001750172
13418	0.0000492058
13419	0.0000983762
13420	0.0015734519
13421	0.0001966106
13422	0.0015723182
13423	0.0007858759
13424	0.0015711857
13425	0.0000490819
13426	0.0000560734
13427	0.0000980931
13428	0.0007844622
13429	0.0000871311
13430	0.0015677956
13431	0.0015672317
13432	0.0007833340
13433	0.0001118646
13434	0.0007827709
13435	0.0015649791
13436	0.0007822083
13437	0.0001303212
13438	0.0003908232
13439	0.0005209105
13440	0.0000244089
13441	0.0003904024
13442	0.0007805244
13443	0.0015604886
13444	0.0015599287
13445	0.0000974606
13446	0.0000974256
13447	0.0000060869
13448	0.0015576921
13449	0.0015571337
13450	0.0015565757
13451	0.0000972511
13452	0.0007777302
13453	0.0001943629
13454	0.0000485733
13455	0.0000485559
13456	0.0015532336
13457	0.0001940847
13458	0.0015521220
13459	0.0000484865
13460	0.0007755058
13461	0.0015504569
13462	0.0007749512
13463	0.0015493483
13464	0.0000483998
13465	0.0003870602
13466	0.0007738439
13467	0.0015471348
13468	0.0000060413
13469	0.0003865075
13470	0.0000965924
13471	0.0015449262
13472	0.0003860937
13473	0.0000058038
13474	0.0000964546
13475	0.0015427223
13476	0.0007710861
13477	0.0000064234
13478	0.0000963170
13479	0.0015405233
13480	0.0007699871
13481	0.0000962141
13482	0.0000732799
13483	0.0003845822
13484	0.0015377812
13485	0.0001921542
13486	0.0000119123
13487	0.0000960087
13488	0.0015355928
13489	0.0002192924
13490	0.0007672502
13491	0.0003834887
13492	0.0015334093
13493	0.0000059878
13494	0.0000478850
13495	0.0003829437
13496	0.0003828076
13497	0.0000478340
13498	0.0000956339
13499	0.0015295994
13500	0.0000955660
13501	0.0001091795
13502	0.0011112517
13503	0.0015274288
13504	0.0015268869
13505	0.0015263453
13506	0.0003814510
13507	0.0015252629
13508	0.0003811806
13509	0.0015241818
13510	0.0000725544
13511	0.0003807754
13512	0.0007612811
13513	0.0000951264
13514	0.0015214839
13515	0.0000950591
13516	0.0015204068
13517	0.0001899836
13518	0.0000949582
13519	0.0003796983
13520	0.0000474455
13521	0.0015177192
13522	0.0007585912
13523	0.0003791615
13524	0.0015161100
13525	0.0007577871
13526	0.0015150387
13527	0.0015145035
13528	0.0000946230
13529	0.0005044780
13530	0.0000945562
13531	0.0001890457
13532	0.0015118318
13533	0.0015112983
13534	0.0000944228
13535	0.0003775580
13536	0.0015096995
13537	0.0007545836
13538	0.0000942897
13539	0.0000471282
13540	0.0000471116
13541	0.0000470950
13542	0.0015065098
13543	0.0015059791
13544	0.0000940905
13545	0.0015049187
13546	0.0007521945
13547	0.0000939912
13548	0.0015033303
13549	0.0015028014
13550	0.0003755682
13551	0.0007508722
13552	0.0007506082
13553	0.0015006885
13554	0.0015001610
13555	0.0014996338
13556	0.0014991069
13557	0.0007492901
13558	0.0000468142
13559	0.0014975277
13560	0.0007485010
13561	0.0000935298
13562	0.0014959512
13563	0.0000934641
13564	0.0014949015
13565	0.0007471886
13566	0.0014938530
13567	0.0000311110
13568	0.0014928056
13569	0.0003730706
13570	0.0001864699
13571	0.0003728091
13572	0.0007453571
13573	0.0003725480
13574	0.0000931044
13575	0.0007445742
13576	0.0003721568
13577	0.0000465033
13578	0.0003718963
13579	0.0014870648
13580	0.0000874438
13581	0.0004953416
13582	0.0000464220
13583	0.0014849856
13584	0.0000927792
13585	0.0014839477
13586	0.0007417146
13587	0.0000926819
13588	0.0003705982
13589	0.0000463086
13590	0.0004937859
13591	0.0014808405
13592	0.0007401618
13593	0.0007399035
13594	0.0000462278
13595	0.0007393873
13596	0.0000461956
13597	0.0000461795
13598	0.0014772280
13599	0.0003691783
13600	0.0014761983
13601	0.0007378419
13602	0.0007375849
13603	0.0001843320
13604	0.0000433571
13605	0.0004912096
13606	0.0000920697
13607	0.0003681508
13608	0.0014720905
13609	0.0002452630
13610	0.0014710663
13611	0.0003676386
13612	0.0000459388
13613	0.0014695320
13614	0.0007345105
13615	0.0014685105
13616	0.0000917500
13617	0.0007337450
13618	0.0000916863
13619	0.0000916544
13620	0.0007329807
13621	0.0001465452
13622	0.0007324718
13623	0.0014644352
13624	0.0007319635
13625	0.0000457318
13626	0.0000914320
13627	0.0014624040
13628	0.0000859939
13629	0.0014613901
13630	0.0014608835
13631	0.0007301886
13632	0.0000456210
13633	0.0000912103
13634	0.0000455894
13635	0.0014583546
13636	0.0000227789
13637	0.0003643362
13638	0.0000455263
13639	0.0014563362
13640	0.0002426387
13641	0.0001819161
13642	0.0000909266
13643	0.0014543222
13644	0.0007269097
13645	0.0000908323
13646	0.0000908009
13647	0.0000113462
13648	0.0007259053
13649	0.0004837697
13650	0.0003627019
13651	0.0000906442
13652	0.0014498060
13653	0.0014493055
13654	0.0007244027
13655	0.0001810382
13656	0.0003619514
13657	0.0014473063
13658	0.0000452127
13659	0.0014463082
13660	0.0000903631
13661	0.0000451660
13662	0.0000451504
13663	0.0000902697
13664	0.0003609544
13665	0.0014433203
13666	0.0000901765
13667	0.0000901454
13668	0.0000901144
13669	0.0000000000
13670	0.0007421506
13671	0.0000900523
13672	0.0000000000
13673	0.0003599616
13674	0.0002398918
13675	0.0014388560
13676	0.0000846095
13677	0.0014378668
13678	0.0003593432
13679	0.0014368787
13680	0.0014363850
13681	0.0014358916
13682	0.0014353984
13683	0.0014349055
13684	0.0058169204
13685	0.0004946373
13686	0.0007417614
13687	0.0014831340
13688	0.0000463358
13689	0.0002964713
13690	0.0000057889
13691	0.0007407900
13692	0.0014811918
13693	0.0001851005
13694	0.0014804160
13695	0.0007400141
13696	0.0000000000
13697	0.0007396267
13698	0.0014788662
13699	0.0000243121
13700	0.0014784791
13701	0.0014780922
13702	0.0004925685
13703	0.0000360322
13704	0.0007384662
13705	0.0014765461
13706	0.0000000000
13707	0.0000461179
13708	0.0014753881
13709	0.0000226498
13710	0.0000750631
13711	0.0000921876
13712	0.0014746168
13713	0.0000057363
13714	0.0007369231
13715	0.0004911537
13716	0.0014730762
13717	0.0003681728
13718	0.0014723067
13719	0.0002943844
13720	0.0014715379
13721	0.0001838942
13722	0.0014707697
13723	0.0014703858
13724	0.0000000000
13725	0.0000864481
13726	0.0007346175
13727	0.0014688518
13728	0.0007342343
13729	0.0001129297
13730	0.0007338514
13731	0.0014673201
13732	0.0000057302
13733	0.0000349180
13734	0.0000637467
13735	0.0057614875
13736	0.0014657909
13737	0.0014654090
13738	0.0014650272
13739	0.0014646456
13740	0.0007321320
13741	0.0014638827
13742	0.0014635016
13743	0.0002090172
13744	0.0014627396
13745	0.0014623589
13746	0.0002436631
13747	0.0014615979
13748	0.0001826522
13749	0.0014608374
13750	0.0014604574
13751	0.0007300388
13752	0.0000000000
13753	0.0002919396
13754	0.0000729659
13755	0.0007294695
13756	0.0000180069
13757	0.0002916361
13758	0.0014578016
13759	0.0014574228
13760	0.0007179025
13761	0.0003642610
13762	0.0014566656
13763	0.0001120221
13764	0.0000454972
13765	0.0014555310
13766	0.0001616837
13767	0.0007273876
13768	0.0014543977
13769	0.0014334283
13770	0.0001817525
13771	0.0007268214
13772	0.0001453266
13773	0.0014528886
13774	0.0014525117
13775	0.0007260675
13776	0.0004839195
13777	0.0004837940
13778	0.0000056680
13779	0.0002901259
13780	0.0014502535
13781	0.0014498776
13782	0.0000805279
13783	0.0004830421
13784	0.0014487509
13785	0.0014483756
13786	0.0014480005
13787	0.0014476255
13788	0.0019083521
13789	0.0003618127
13790	0.0001112981
13791	0.0001678528
13792	0.0003616253
13793	0.0004820423
13794	0.0000602397
13795	0.0003613446
13796	0.0003612512
13797	0.0004815436
13798	0.0000451330
13799	0.0004812945
13800	0.0014435102
13801	0.0007215685
13802	0.0014427639
13803	0.0000450747
13804	0.0004806727
13805	0.0007208227
13806	0.0003603182
13807	0.0002058429
13808	0.0007202642
13809	0.0007200781
13810	0.0014397843
13811	0.0003598531
13812	0.0014390408
13813	0.0007193347
13814	0.0002876596
13815	0.0003594817
13816	0.0014375557
13817	0.0002874369
13818	0.0000798230
13819	0.0056890360
13820	0.0014364433
13821	0.0003590182
13822	0.0014357024
13823	0.0028355889
13824	0.0007176661
13825	0.0007174811
13826	0.0002869184
13827	0.0007171112
13828	0.0014338528
13829	0.0014334833
13830	0.0056534198
13831	0.0014331139
13832	0.0014327447
13833	0.0014323757
13834	0.0000842357
13835	0.0007158190
13836	0.0007156347
13837	0.0001022072
13838	0.0014305324
13839	0.0001430164
13840	0.0002388227
13841	0.0014297962
13842	0.0007147141
13843	0.0007145302
13844	0.0014286928
13845	0.0014283253
13846	0.0014279579
13847	0.0000055765
13848	0.0001585804
13849	0.0000223819
13850	0.0056357612
13851	0.0014268567
13852	0.0014264899
13853	0.0014261233
13854	0.0014257567
13855	0.0014253904
13856	0.0007125121
13857	0.0014246581
13858	0.0000055366
13859	0.0000000000
13860	0.0014235607
13861	0.0056182011
13862	0.0007115976
13863	0.0000444634
13864	0.0000444520
13865	0.0014220994
13866	0.0014217344
13867	0.0007106848
13868	0.0007105025
13869	0.0014206404
13870	0.0002367127
13871	0.0007099559
13872	0.0000000000
13873	0.0003294552
13874	0.0014191837
13875	0.0014188198
13876	0.0014184561
13877	0.0007090463
13878	0.0014177292
13879	0.0014173659
13880	0.0007085014
13881	0.0014166398
13882	0.0004720923
13883	0.0014159142
13884	0.0014155516
13885	0.0014151892
13886	0.0007074134
13887	0.0014144647
13888	0.0007070513
13889	0.0014137408
13890	0.0000565352
13891	0.0014130175
13892	0.0007063280
13893	0.0055833731
13894	0.0003530737
13895	0.0001764917
13896	0.0002823145
13897	0.0000361849
13898	0.0004702836
13899	0.0014104901
13900	0.0000881331
13901	0.0004699231
13902	0.0014094091
13903	0.0014090490
13904	0.0007043445
13905	0.0000000000
13906	0.0014079696
13907	0.0014076100
13908	0.0014072506
13909	0.0014068914
13910	0.0000937688
13911	0.0014061733
13912	0.0000611224
13913	0.0007027279
13914	0.0002341829
13915	0.0014047388
13916	0.0055661037
13917	0.0007021902
13918	0.0007020112
13919	0.0001276058
13920	0.0000894971
13921	0.0003508266
13922	0.0007014743
13923	0.0004675304
13924	0.0004674112
13925	0.0003504691
13926	0.0007007595
13927	0.0014011620
13928	0.0003502013
13929	0.0000389013
13930	0.0014000917
13931	0.0013997352
13932	0.0013993788
13933	0.0006995113
13934	0.0013986665
13935	0.0013983105
13936	0.0004659849
13937	0.0013975990
13938	0.0013972434
13939	0.0000607343
13940	0.0000387926
13941	0.0006980888
13942	0.0002791645
13943	0.0055489296
13944	0.0000872167
13945	0.0013951129
13946	0.0006973791
13947	0.0000774669
13948	0.0000000000
13949	0.0000871060
13950	0.0000054427
13951	0.0006964936
13952	0.0000497369
13953	0.0001988971
13954	0.0000331411
13955	0.0000732407
13956	0.0013912196
13957	0.0013908665
13958	0.0027659250
13959	0.0006952567
13960	0.0000817742
13961	0.0013898079
13962	0.0013894553
13963	0.0013891029
13964	0.0006943753
13965	0.0006941992
13966	0.0013880463
13967	0.0004625648
13968	0.0000223765
13969	0.0006934955
13970	0.0000053332
13971	0.0014314622
13972	0.0013787161
13973	0.0013862881
13974	0.0006929684
13975	0.0006927929
13976	0.0004617449
13977	0.0001731105
13978	0.0013845332
13979	0.0013841826
13980	0.0013838321
13981	0.0013834818
13982	0.0013831316
13983	0.0013827816
13984	0.0013824317
13985	0.0013820819
13986	0.0013817322
13987	0.0013813827
13988	0.0013810333
13989	0.0013806841
13990	0.0013803350
13991	0.0006899930
13992	0.0013796371
13993	0.0054979715
13994	0.0003448221
13995	0.0013789398
13996	0.0013785913
13997	0.0000053009
13998	0.0013778948
13999	0.0006887734
14000	0.0013771988
14001	0.0013768510
14002	0.0013765034
14003	0.0000860097
14004	0.0013758084
14005	0.0013754612
14006	0.0000053715
14007	0.0014309714
14008	0.0013747670
14009	0.0003436050
14010	0.0001962962
14011	0.0013737268
14012	0.0013733803
14013	0.0000053634
14014	0.0000053000
14015	0.0013723416
14016	0.0003429989
14017	0.0013716498
14018	0.0000428533
14019	0.0013709586
14020	0.0013706131
14021	0.0013702678
14022	0.0000428101
14023	0.0013695776
14024	0.0000856433
14025	0.0006846163
14026	0.0013688879
14027	0.0010948346
14028	0.0013681987
14029	0.0006839272
14030	0.0006837550
14031	0.0013671659
14032	0.0001708527
14033	0.0001518309
14034	0.0013661343
14035	0.0000758773
14036	0.0013654472
14037	0.0013651039
14038	0.0004549202
14039	0.0000894050
14040	0.0000262388
14041	0.0013640746
14042	0.0013637317
14043	0.0003408473
14044	0.0006815232
14045	0.0013627040
14046	0.0013623617
14047	0.0006810097
14048	0.0000893744
14049	0.0000595625
14050	0.0000893132
14051	0.0006808387
14052	0.0006806677
14053	0.0013609937
14054	0.0003571302
14055	0.0013606520
14056	0.0000755728
14057	0.0006799845
14058	0.0013596278
14059	0.0000223130
14060	0.0001586158
14061	0.0004530955
14062	0.0006794728
14063	0.0006793023
14064	0.0013582639
14065	0.0006789616
14066	0.0014270537
14067	0.0002715165
14068	0.0013572423
14069	0.0006784510
14070	0.0014265652
14071	0.0013565619
14072	0.0013562219
14073	0.0013558820
14074	0.0013555423
14075	0.0013552026
14076	0.0000752702
14077	0.0006772619
14078	0.0013541845
14079	0.0006769227
14080	0.0006767532
14081	0.0013531676
14082	0.0000000000
14083	0.0000052845
14084	0.0006762451
14085	0.0013521518
14086	0.0004506045
14087	0.0013514752
14088	0.0013511371
14089	0.0004502664
14090	0.0013504613
14091	0.0013501236
14092	0.0013497860
14093	0.0006747242
14094	0.0013491112
14095	0.0007130384
14096	0.0000026343
14097	0.0006742184
14098	0.0013480999
14099	0.0013477631
14100	0.0013474264
14101	0.0013470898
14102	0.0013467533
14103	0.0013464170
14104	0.0013460808
14105	0.0000841090
14106	0.0013454088
14107	0.0006725365
14108	0.0013447373
14109	0.0002688803
14110	0.0013440662
14111	0.0013437309
14112	0.0013433957
14113	0.0013430606
14114	0.0013427257
14115	0.0002867286
14116	0.0013423909
14117	0.0000789445
14118	0.0000559051
14119	0.0000212919
14120	0.0004470176
14121	0.0013407187
14122	0.0001675481
14123	0.0000339426
14124	0.0013400506
14125	0.0006698584
14126	0.0000791723
14127	0.0000117490
14128	0.0000836906
14129	0.0018104385
14130	0.0000836698
14131	0.0013383828
14132	0.0004460165
14133	0.0054148765
14134	0.0000668858
14135	0.0000052242
14136	0.0017995087
14137	0.0006685254
14138	0.0006683590
14139	0.0006681927
14140	0.0013360530
14141	0.0013357207
14142	0.0006676942
14143	0.0006675282
14144	0.0000513356
14145	0.0001213084
14146	0.0003335152
14147	0.0013337293
14148	0.0001111165
14149	0.0013330665
14150	0.0013327353
14151	0.0002220674
14152	0.0013320732
14153	0.0000251272
14154	0.0006657058
14155	0.0006655405
14156	0.0004435835
14157	0.0006652101
14158	0.0013300900
14159	0.0006648800
14160	0.0013294299
14161	0.0013291001
14162	0.0003321926
14163	0.0006642204
14164	0.0013281112
14165	0.0000414932
14166	0.0000829658
14167	0.0013271235
14168	0.0002211324
14169	0.0000736925
14170	0.0013261368
14171	0.0000228588
14172	0.0001681957
14173	0.0013254797
14174	0.0013251513
14175	0.0000047315
14176	0.0026830443
14177	0.0002207491
14178	0.0013241668
14179	0.0006619195
14180	0.0000051700
14181	0.0006615917
14182	0.0050352939
14183	0.0004409520
14184	0.0026450570
14185	0.0000049894
14186	0.0013218741
14187	0.0006607735
14188	0.0005872089
14189	0.0000825558
14190	0.0003561534
14191	0.0013205666
14192	0.0000209176
14193	0.0006601200
14194	0.0013199135
14195	0.0013195872
14196	0.0013192610
14197	0.0006594675
14198	0.0000412065
14199	0.0013182831
14200	0.0013179574
14201	0.0000000000
14202	0.0001646633
14203	0.0000051445
14204	0.0001462951
14205	0.0006581653
14206	0.0000774121
14207	0.0006578404
14208	0.0053180791
14209	0.0002192260
14210	0.0000431553
14211	0.0000730573
14212	0.0007118196
14213	0.0013147068
14214	0.0013143824
14215	0.0000000000
14216	0.0002371110
14217	0.0013140581
14218	0.0014221796
14219	0.0007108468
14220	0.0002189557
14221	0.0001876300
14222	0.0013130860
14223	0.0013127622
14224	0.0014212078
14225	0.0013124385
14226	0.0013121149
14227	0.0013117915
14228	0.0006557341
14229	0.0000000000
14230	0.0002185242
14231	0.0014202370
14232	0.0013108219
14233	0.0013104989
14234	0.0006550880
14235	0.0014197520
14236	0.0006549267
14237	0.0013095308
14238	0.0003548168
14239	0.0002837565
14240	0.0013092083
14241	0.0013088859
14242	0.0002026141
14243	0.0007089072
14244	0.0013085636
14245	0.0013082415
14246	0.0014173307
14247	0.0013079195
14248	0.0000933998
14249	0.0013072758
14250	0.0013069542
14251	0.0001005102
14252	0.0003542118
14253	0.0007081820
14254	0.0001632889
14255	0.0006529950
14256	0.0006528344
14257	0.0000567542
14258	0.0013050267
14259	0.0013047059
14260	0.0053022457
14261	0.0007079405
14262	0.0014153982
14263	0.0003260963
14264	0.0001798710
14265	0.0006518721
14266	0.0001184931
14267	0.0002606207
14268	0.0000000000
14269	0.0007072168
14270	0.0013027834
14271	0.0006512317
14272	0.0013021436
14273	0.0014139515
14274	0.0007067349
14275	0.0013018238
14276	0.0013015041
14277	0.0014129883
14278	0.0013011846
14279	0.0013008652
14280	0.0013005459
14281	0.0001284097
14282	0.0001765033
14283	0.0000520091
14284	0.0014115453
14285	0.0000050384
14286	0.0012995887
14287	0.0012992699
14288	0.0012989512
14289	0.0012986326
14290	0.0006491571
14291	0.0014110648
14292	0.0000050703
14293	0.0014105845
14294	0.0012976775
14295	0.0001621699
14296	0.0012970414
14297	0.0012967235
14298	0.0001175087
14299	0.0004321352
14300	0.0012960881
14301	0.0012957706
14302	0.0014096248
14303	0.0000809658
14304	0.0004317119
14305	0.0012948186
14306	0.0012945016
14307	0.0000440358
14308	0.0000050554
14309	0.0006469339
14310	0.0000030359
14311	0.0014081870
14312	0.0004692361
14313	0.0007036149
14314	0.0014067515
14315	0.0000000000
14316	0.0014057957
14317	0.0014053182
14318	0.0003512102
14319	0.0002808728
14320	0.0007019436
14321	0.0007017053
14322	0.0014029343
14323	0.0000000000
14324	0.0014019825
14325	0.0007007535
14326	0.0014010316
14327	0.0007002783
14328	0.0014000818
14329	0.0013996072
14330	0.0001748916
14331	0.0004662196
14332	0.0006990925
14333	0.0001270647
14334	0.0000582183
14335	0.0003491912
14336	0.0006981460
14337	0.0013958195
14338	0.0006976736
14339	0.0001743594
14340	0.0006972016
14341	0.0013939315
14342	0.0006967300
14343	0.0013929889
14344	0.0013925180
14345	0.0013920473
14346	0.0000000000
14347	0.0000000000
14348	0.0001986624
14349	0.0013901671
14350	0.0000434281
14351	0.0013892284
14352	0.0013887594
14353	0.0013882907
14354	0.0006939111
14355	0.0000054194
14356	0.0013868859
14357	0.0013864181
14358	0.0000052103
14359	0.0013854833
14360	0.0000054102
14361	0.0013845494
14362	0.0013840829
14363	0.0000054048
14364	0.0013831504
14365	0.0013826846
14366	0.0013822190
14367	0.0003454384
14368	0.0000863305
14369	0.0004602745
14370	0.0013803589
14371	0.0013798944
14372	0.0001970615
14373	0.0013789663
14374	0.0006892513
14375	0.0013780391
14376	0.0013775759
14377	0.0002754226
14378	0.0013766501
14379	0.0004587292
14380	0.0013757253
14381	0.0002587102
14382	0.0000859540
14383	0.0006874007
14384	0.0001963343
14385	0.0002747757
14386	0.0001716772
14387	0.0000858098
14388	0.0000857810
14389	0.0013720354
14390	0.0000857235
14391	0.0001523461
14392	0.0000856660
14393	0.0002740392
14394	0.0000760965
14395	0.0000053279
14396	0.0006844096
14397	0.0000684180
14398	0.0000170988
14399	0.0000854653
14400	0.0013669864
14401	0.0013665288
14402	0.0006830357
14403	0.0013656143
14404	0.0000568816
14405	0.0013647008
14406	0.0001240222
14407	0.0013637881
14408	0.0006816661
14409	0.0000052825
14410	0.0006812105
14411	0.0013619656
14412	0.0006807553
14413	0.0000052959
14414	0.0000000000
14415	0.0013601468
14416	0.0013596927
14417	0.0004530796
14418	0.0013587852
14419	0.0013583317
14420	0.0013578785
14421	0.0013574256
14422	0.0002261621
14423	0.0013565203
14424	0.0006780340
14425	0.0013556160
14426	0.0013551642
14427	0.0004515709
14428	0.0013542612
14429	0.0003384525
14430	0.0000338340
14431	0.0013529085
14432	0.0004508194
14433	0.0013520079
14434	0.0006757789
14435	0.0013511081
14436	0.0000236958
14437	0.0001928870
14438	0.0013497602
14439	0.0003373278
14440	0.0004496209
14441	0.0013484143
14442	0.0013479661
14443	0.0000000000
14444	0.0004490235
14445	0.0000000000
14446	0.0006730878
14447	0.0006728643
14448	0.0001681602
14449	0.0000054009
14450	0.0006721944
14451	0.0000000000
14452	0.0013434968
14453	0.0013430511
14454	0.0013426056
14455	0.0013421604
14456	0.0013417154
14457	0.0013412706
14458	0.0013408260
14459	0.0013403817
14460	0.0013399376
14461	0.0003348734
14462	0.0006695250
14463	0.0002677213
14464	0.0013381633
14465	0.0013377203
14466	0.0006686388
14467	0.0013368350
14468	0.0013363927
14469	0.0006679753
14470	0.0003338772
14471	0.0006675335
14472	0.0002669251
14473	0.0000416933
14474	0.0004445811
14475	0.0006666513
14476	0.0006664310
14477	0.0000416382
14478	0.0013319815
14479	0.0013315416
14480	0.0013311020
14481	0.0001663328
14482	0.0013302233
14483	0.0000831115
14484	0.0013293455
14485	0.0013289069
14486	0.0006642343
14487	0.0013280304
14488	0.0013275925
14489	0.0013271548
14490	0.0003316793
14491	0.0013262801
14492	0.0013258430
14493	0.0003313516
14494	0.0013249696
14495	0.0013245333
14496	0.0000427128
14497	0.0001654576
14498	0.0001654032
14499	0.0000249583
14500	0.0001652943
14501	0.0001468800
14502	0.0000000000
14503	0.0013210501
14504	0.0006603078
14505	0.0006600907
14506	0.0006598737
14507	0.0000732952
14508	0.0006594401
14509	0.0006344406
14510	0.0013180137
14511	0.0000527032
14512	0.0013171481
14513	0.0000940511
14514	0.0006581417
14515	0.0013158514
14516	0.0006577098
14517	0.0000051367
14518	0.0000821598
14519	0.0013141254
14520	0.0006568472
14521	0.0003283159
14522	0.0000000000
14523	0.0000397698
14524	0.0013119727
14525	0.0013115428
14526	0.0013111132
14527	0.0006553418
14528	0.0006551272
14529	0.0000818641
14530	0.0013093966
14531	0.0013089680
14532	0.0013085396
14533	0.0013081114
14534	0.0013076835
14535	0.0013072557
14536	0.0006534141
14537	0.0013064008
14538	0.0000023489
14539	0.0001631934
14540	0.0013051201
14541	0.0002174489
14542	0.0000815167
14543	0.0003259603
14544	0.0013034155
14545	0.0013029898
14546	0.0006512822
14547	0.0000351930
14548	0.0013017142
14549	0.0006506447
14550	0.0013008648
14551	0.0013004405
14552	0.0006500081
14553	0.0006497962
14554	0.0006495843
14555	0.0002164575
14556	0.0006491609
14557	0.0001622373
14558	0.0006487379
14559	0.0000810658
14560	0.0000720350
14561	0.0012962083
14562	0.0004319287
14563	0.0006476822
14564	0.0004316476
14565	0.0012945213
14566	0.0012941001
14567	0.0000680884
14568	0.0006466291
14569	0.0006464188
14570	0.0004308057
14571	0.0000049884
14572	0.0006457885
14573	0.0006455786
14574	0.0003226844
14575	0.0001173017
14576	0.0000000000
14577	0.0000000000
14578	0.0012890615
14579	0.0000678233
14580	0.0000402570
14581	0.0012878066
14582	0.0012873886
14583	0.0012869709
14584	0.0012865534
14585	0.0001169215
14586	0.0002142865
14587	0.0000803314
14588	0.0000049996
14589	0.0000313285
14590	0.0012840527
14591	0.0006418183
14592	0.0001425801
14593	0.0003207013
14594	0.0000637212
14595	0.0003204936
14596	0.0000000000
14597	0.0012811446
14598	0.0000711517
14599	0.0006401578
14600	0.0006399506
14601	0.0012794873
14602	0.0000000000
14603	0.0012786598
14604	0.0012782464
14605	0.0012778332
14606	0.0012774202
14607	0.0012770074
14608	0.0000797872
14609	0.0003190456
14610	0.0000797356
14611	0.0000797099
14612	0.0000398421
14613	0.0000398292
14614	0.0000796327
14615	0.0000398035
14616	0.0000397907
14617	0.0000397778
14618	0.0000795300
14619	0.0000099380
14620	0.0000794787
14621	0.0000794531
14622	0.0000794275
14623	0.0000794019
14624	0.0000793763
14625	0.0000793507
14626	0.0006346012
14627	0.0001585992
14628	0.0003170963
14629	0.0006339884
14630	0.0012675685
14631	0.0012671605
14632	0.0006333764
14633	0.0000791466
14634	0.0000791211
14635	0.0001581913
14636	0.0000395351
14637	0.0000790448
14638	0.0000395097
14639	0.0000394970
14640	0.0000197422
14641	0.0000789432
14642	0.0000789179
14643	0.0006311402
14644	0.0000394336
14645	0.0000788419
14646	0.0003152662
14647	0.0006303300
14648	0.0001575319
14649	0.0001574814
14650	0.0000393577
14651	0.0000393451
14652	0.0000393325
14653	0.0000786397
14654	0.0000098268
14655	0.0001571786
14656	0.0012570255
14657	0.0000049087
14658	0.0000392569
14659	0.0001569772
14660	0.0000196159
14661	0.0000392192
14662	0.0012546114
14663	0.0012542098
14664	0.0012538083
14665	0.0003133518
14666	0.0012530059
14667	0.0012526051
14668	0.0012522044
14669	0.0012518039
14670	0.0012514036
14671	0.0012510035
14672	0.0012506036
14673	0.0012502038
14674	0.0012498043
14675	0.0012494050
14676	0.0012490058
14677	0.0012486069
14678	0.0012482081
14679	0.0012478096
14680	0.0012474112
14681	0.0012470131
14682	0.0012466151
14683	0.0012462173
14684	0.0012458197
14685	0.0003113556
14686	0.0012450251
14687	0.0012446281
14688	0.0012442313
14689	0.0012438346
14690	0.0012434382
14691	0.0012430419
14692	0.0001553307
14693	0.0012422500
14694	0.0000776159
14695	0.0006207294
14696	0.0000775665
14697	0.0000193854
14698	0.0000775171
14699	0.0001549849
14700	0.0006197422
14701	0.0001548862
14702	0.0006193479
14703	0.0006191509
14704	0.0012379081
14705	0.0000773447
14706	0.0000386600
14707	0.0012367280
14708	0.0012363350
14709	0.0012359421
14710	0.0012355495
14711	0.0006175785
14712	0.0000385864
14713	0.0000771483
14714	0.0000771238
14715	0.0000385497
14716	0.0000385374
14717	0.0000385252
14718	0.0000385130
14719	0.0000770015
14720	0.0000769771
14721	0.0000769527
14722	0.0006154264
14723	0.0001538078
14724	0.0003075181
14725	0.0001537103
14726	0.0012292931
14727	0.0001536130
14728	0.0012285145
14729	0.0000047974
14730	0.0012277365
14731	0.0012273479
14732	0.0012269594
14733	0.0012265711
14734	0.0012261830
14735	0.0012257950
14736	0.0012254073
14737	0.0006125099
14738	0.0012246323
14739	0.0012242451
14740	0.0012238581
14741	0.0012234713
14742	0.0012230847
14743	0.0012226982
14744	0.0012223120
14745	0.0012219259
14746	0.0012215400
14747	0.0003052886
14748	0.0012207688
14749	0.0012203835
14750	0.0012199983
14751	0.0006098067
14752	0.0006096143
14753	0.0012188439
14754	0.0012184595
14755	0.0012180753
14756	0.0003044228
14757	0.0012173074
14758	0.0012169237
14759	0.0012165402
14760	0.0012161569
14761	0.0012157738
14762	0.0012153908
14763	0.0003037520
14764	0.0012146255
14765	0.0012142431
14766	0.0012138609
14767	0.0012134788
14768	0.0012130970
14769	0.0012127153
14770	0.0012123338
14771	0.0012119525
14772	0.0012115714
14773	0.0012111904
14774	0.0012108097
14775	0.0012104291
14776	0.0000756280
14777	0.0012096685
14778	0.0000377903
14779	0.0000755568
14780	0.0000755331
14781	0.0000377547
14782	0.0000754856
14783	0.0000754619
14784	0.0000377191
14785	0.0000377073
14786	0.0000188477
14787	0.0000376836
14788	0.0000188359
14789	0.0000376600
14790	0.0000752964
14791	0.0000752728
14792	0.0000376246
14793	0.0000752256
14794	0.0000752020
14795	0.0000751785
14796	0.0000751549
14797	0.0012021021
14798	0.0003004314
14799	0.0012013494
14800	0.0012009733
14801	0.0001500747
14802	0.0012002217
14803	0.0001499808
14804	0.0005997354
14805	0.0002997739
14806	0.0005993603
14807	0.0000046810
14808	0.0011979711
14809	0.0000374249
14810	0.0000748264
14811	0.0000748030
14812	0.0002991186
14813	0.0002990251
14814	0.0002989317
14815	0.0000023347
14816	0.0011949802
14817	0.0000046664
14818	0.0000746396
14819	0.0002984654
14820	0.0011934891
14821	0.0011931167
14822	0.0011927445
14823	0.0011923725
14824	0.0000745000
14825	0.0011916290
14826	0.0000744536
14827	0.0011908863
14828	0.0011905151
14829	0.0011901442
14830	0.0000743608
14831	0.0000743377
14832	0.0000046447
14833	0.0000046432
14834	0.0000046418
14835	0.0000046403
14836	0.0000046389
14837	0.0000046374
14838	0.0000046360
14839	0.0000046345
14840	0.0000046331
14841	0.0000046317
14842	0.0000046302
14843	0.0000046288
14844	0.0000046273
14845	0.0000046259
14846	0.0000046245
14847	0.0000046230
14848	0.0000046216
14849	0.0000046202
14850	0.0000046187
14851	0.0000046173
14852	0.0000046159
14853	0.0000046144
14854	0.0000046130
14855	0.0000046116
14856	0.0000046101
14857	0.0000046087
14858	0.0000046073
14859	0.0000046058
14860	0.0000046044
14861	0.0000046030
14862	0.0000046016
14863	0.0000046001
14864	0.0000045987
14865	0.0000045973
14866	0.0000045959
14867	0.0011761770
14868	0.0000045930
14869	0.0000045916
14870	0.0000045902
14871	0.0000045888
14872	0.0000045873
14873	0.0000366873
14874	0.0000366760
14875	0.0000045831
14876	0.0000045817
14877	0.0011725427
14878	0.0000045788
14879	0.0000045774
14880	0.0000045760
14881	0.0011710937
14882	0.0000045732
14883	0.0000045718
14884	0.0000045703
14885	0.0000045689
14886	0.0000045675
14887	0.0000045661
14888	0.0001460706
14889	0.0000045633
14890	0.0000045619
14891	0.0000045605
14892	0.0000045591
14893	0.0000045577
14894	0.0000045563
14895	0.0000045549
14896	0.0000045535
14897	0.0000045521
14898	0.0000045506
14899	0.0000045492
14900	0.0000045478
14901	0.0000045464
14902	0.0000045450
14903	0.0000045436
14904	0.0000045422
14905	0.0000045408
14906	0.0000045394
14907	0.0000045381
14908	0.0000045367
14909	0.0000045353
14910	0.0000045339
14911	0.0000045325
14912	0.0000045311
14913	0.0000045297
14914	0.0000045283
14915	0.0000045269
14916	0.0000045255
14917	0.0000090482
14918	0.0002894546
14919	0.0000045213
14920	0.0000045200
14921	0.0000045186
14922	0.0000045172
14923	0.0000045158
14924	0.0000045144
14925	0.0000045130
14926	0.0000045116
14927	0.0000180410
14928	0.0000045089
14929	0.0005769579
14930	0.0011535621
14931	0.0011532084
14932	0.0005764275
14933	0.0011525017
14934	0.0011521485
14935	0.0011517955
14936	0.0011514427
14937	0.0011510900
14938	0.0011507376
14939	0.0011503852
14940	0.0011500331
14941	0.0011496811
14942	0.0011493292
14943	0.0011489775
14944	0.0011486260
14945	0.0011482747
14946	0.0002869809
14947	0.0011475725
14948	0.0011472216
14949	0.0000044800
14950	0.0000358288
14951	0.0000044772
14952	0.0000044759
14953	0.0000044745
14954	0.0000715700
14955	0.0000715481
14956	0.0000044704
14957	0.0000044690
14958	0.0000044677
14959	0.0000044663
14960	0.0000044649
14961	0.0000044636
14962	0.0011423266
14963	0.0011419781
14964	0.0011416298
14965	0.0001426602
14966	0.0000044568
14967	0.0011405860
14968	0.0000044541
14969	0.0000044527
14970	0.0000044513
14971	0.0000044500
14972	0.0000044486
14973	0.0000044473
14974	0.0000044459
14975	0.0000044446
14976	0.0000044432
14977	0.0011371169
14978	0.0011367708
14979	0.0011364250
14980	0.0001420099
14981	0.0002839334
14982	0.0011353883
14983	0.0011350431
14984	0.0011346980
14985	0.0005671765
14986	0.0000044297
14987	0.0000044284
14988	0.0000044270
14989	0.0000044257
14990	0.0000044243
14991	0.0000044230
14992	0.0011319431
14993	0.0000044203
14994	0.0000044190
14995	0.0000044176
14996	0.0000044163
14997	0.0000044149
14998	0.0000044136
14999	0.0000044123
15000	0.0000044109
15001	0.0000044096
15002	0.0000705321
15003	0.0000705107
15004	0.0011278297
15005	0.0000044042
15006	0.0000044029
15007	0.0000044016
15008	0.0000704040
15009	0.0000043989
15010	0.0000043976
15011	0.0000043963
15012	0.0011251000
15013	0.0001405949
15014	0.0011244191
15015	0.0011240789
15016	0.0011237389
15017	0.0011233990
15018	0.0000087739
15019	0.0011227197
15020	0.0000043843
15021	0.0000043830
15022	0.0000043816
15023	0.0000043803
15024	0.0000043790
15025	0.0000043777
15026	0.0000043764
15027	0.0000043750
15028	0.0011196705
15029	0.0011193324
15030	0.0011189946
15031	0.0011186569
15032	0.0011183193
15033	0.0011179819
15034	0.0011176446
15035	0.0011173075
15036	0.0011169706
15037	0.0011166338
15038	0.0011162972
15039	0.0011159607
15040	0.0011156243
15041	0.0011152882
15042	0.0011149521
15043	0.0011146163
15044	0.0011142805
15045	0.0011139450
15046	0.0011136096
15047	0.0011132743
15048	0.0011129392
15049	0.0011126042
15050	0.0011122694
15051	0.0011119348
15052	0.0011116003
15053	0.0011112659
15054	0.0011109317
15055	0.0011105977
15056	0.0011102638
15057	0.0011099301
15058	0.0011095965
15059	0.0011092631
15060	0.0011089298
15061	0.0005542983
15062	0.0002770659
15063	0.0011079308
15064	0.0011075982
15065	0.0011072656
15066	0.0011069333
15067	0.0011066010
15068	0.0011062690
15069	0.0011059370
15070	0.0011056053
15071	0.0011052737
15072	0.0011049422
15073	0.0011046109
15074	0.0011042797
15075	0.0011039487
15076	0.0011036178
15077	0.0011032871
15078	0.0011029565
15079	0.0011026261
15080	0.0011022958
15081	0.0011019657
15082	0.0011016357
15083	0.0011013059
15084	0.0011009762
15085	0.0011006467
15086	0.0011003174
15087	0.0010999881
15088	0.0010996591
15089	0.0010993301
15090	0.0001373752
15091	0.0002746682
15092	0.0010983442
15093	0.0005490080
15094	0.0010976877
15095	0.0010973597
15096	0.0010970318
15097	0.0010967041
15098	0.0010963765
15099	0.0010960490
15100	0.0010957218
15101	0.0010953946
15102	0.0000684417
15103	0.0001368426
15104	0.0010944141
15105	0.0010940875
15106	0.0010937611
15107	0.0010934348
15108	0.0010931087
15109	0.0010927828
15110	0.0010924569
15111	0.0010921313
15112	0.0010918057
15113	0.0002728701
15114	0.0010911551
15115	0.0002727075
15116	0.0010905051
15117	0.0010901803
15118	0.0010898557
15119	0.0000340478
15120	0.0010892068
15121	0.0010888826
15122	0.0010885585
15123	0.0010882346
15124	0.0005439554
15125	0.0010875872
15126	0.0002718159
15127	0.0010869404
15128	0.0010866172
15129	0.0010862942
15130	0.0000339366
15131	0.0005428243
15132	0.0000339164
15133	0.0021700069
15134	0.0010846812
15135	0.0000338862
15136	0.0000677523
15137	0.0000338661
15138	0.0010833933
15139	0.0000676920
15140	0.0000676719
15141	0.0000338259
15142	0.0000676317
15143	0.0001352234
15144	0.0000675916
15145	0.0000337858
15146	0.0001351031
15147	0.0000675315
15148	0.0010801839
15149	0.0000674915
15150	0.0002698859
15151	0.0000337257
15152	0.0000337158
15153	0.0002696461
15154	0.0000336958
15155	0.0010779458
15156	0.0010776267
15157	0.0010773077
15158	0.0010769888
15159	0.0010766701
15160	0.0010763515
15161	0.0010760330
15162	0.0010757148
15163	0.0010753966
15164	0.0010750786
15165	0.0010747607
15166	0.0010744430
15167	0.0010741254
15168	0.0010738080
15169	0.0010734907
15170	0.0010731735
15171	0.0002682141
15172	0.0005362698
15173	0.0010722229
15174	0.0002679766
15175	0.0005357949
15176	0.0010712735
15177	0.0005354787
15178	0.0002676603
15179	0.0005351627
15180	0.0000668756
15181	0.0010696941
15182	0.0010693786
15183	0.0010690633
15184	0.0010687481
15185	0.0010684331
15186	0.0010681182
15187	0.0010678034
15188	0.0010674888
15189	0.0010671743
15190	0.0010668600
15191	0.0010665458
15192	0.0005331158
15193	0.0010659178
15194	0.0010656040
15195	0.0010652903
15196	0.0010649768
15197	0.0010646635
15198	0.0010643503
15199	0.0010640372
15200	0.0010637242
15201	0.0001329264
15202	0.0010630988
15203	0.0010627862
15204	0.0010624738
15205	0.0010621616
15206	0.0010618495
15207	0.0002653844
15208	0.0010612257
15209	0.0010609140
15210	0.0000041430
15211	0.0010602910
15212	0.0010599797
15213	0.0010596686
15214	0.0010593576
15215	0.0000330952
15216	0.0001323420
15217	0.0002646063
15218	0.0005290575
15219	0.0010578046
15220	0.0010574944
15221	0.0010571844
15222	0.0000165137
15223	0.0000330176
15224	0.0000330080
15225	0.0010559456
15226	0.0010556362
15227	0.0010553270
15228	0.0010550179
15229	0.0010547090
15230	0.0010544002
15231	0.0010540915
15232	0.0001317229
15233	0.0010534746
15234	0.0010531663
15235	0.0010528582
15236	0.0010525502
15237	0.0010522423
15238	0.0010519346
15239	0.0010516270
15240	0.0010513196
15241	0.0010510123
15242	0.0010507051
15243	0.0010503981
15244	0.0010500912
15245	0.0010497844
15246	0.0010494778
15247	0.0010491713
15248	0.0010488649
15249	0.0010485587
15250	0.0010482526
15251	0.0010479466
15252	0.0010476408
15253	0.0010473351
15254	0.0010470296
15255	0.0010467242
15256	0.0010464189
15257	0.0010461137
15258	0.0010458087
15259	0.0010455038
15260	0.0005225995
15261	0.0002612236
15262	0.0005222950
15263	0.0010442857
15264	0.0000652488
15265	0.0000652298
15266	0.0005216867
15267	0.0005215348
15268	0.0005213830
15269	0.0010424624
15270	0.0000651349
15271	0.0000162790
15272	0.0000650970
15273	0.0002603124
15274	0.0000325296
15275	0.0000325201
15276	0.0010403414
15277	0.0010400389
15278	0.0010397366
15279	0.0010394343
15280	0.0010391323
15281	0.0010388303
15282	0.0010385285
15283	0.0002595567
15284	0.0001297407
15285	0.0010376239
15286	0.0010373226
15287	0.0010370215
15288	0.0010367204
15289	0.0002591049
15290	0.0002590297
15291	0.0001294773
15292	0.0010355177
15293	0.0005176087
15294	0.0010349171
15295	0.0010346170
15296	0.0010343171
15297	0.0010340172
15298	0.0000646073
15299	0.0010334179
15300	0.0002582796
15301	0.0010328192
15302	0.0010325200
15303	0.0010322210
15304	0.0010319221
15305	0.0010316233
15306	0.0010313246
15307	0.0010310261
15308	0.0010307277
15309	0.0010304295
15310	0.0000643832
15311	0.0010298333
15312	0.0010295355
15313	0.0010292377
15314	0.0010289401
15315	0.0010286426
15316	0.0010283453
15317	0.0005140240
15318	0.0010277510
15319	0.0000642159
15320	0.0010271572
15321	0.0010268605
15322	0.0010265639
15323	0.0010262675
15324	0.0010259711
15325	0.0010256750
15326	0.0010253789
15327	0.0010250830
15328	0.0000320246
15329	0.0010244915
15330	0.0000320061
15331	0.0002559751
15332	0.0000639753
15333	0.0001279138
15334	0.0005115075
15335	0.0010227202
15336	0.0010224254
15337	0.0002555327
15338	0.0000159662
15339	0.0010215419
15340	0.0010212476
15341	0.0010209535
15342	0.0002551649
15343	0.0010203656
15344	0.0010200719
15345	0.0010197783
15346	0.0010194848
15347	0.0010191914
15348	0.0010188982
15349	0.0010186051
15350	0.0010183121
15351	0.0010180193
15352	0.0010177265
15353	0.0010174339
15354	0.0010171415
15355	0.0010168491
15356	0.0010165569
15357	0.0010162648
15358	0.0010159728
15359	0.0010156810
15360	0.0010153893
15361	0.0010150977
15362	0.0010148063
15363	0.0010145149
15364	0.0010142237
15365	0.0010139326
15366	0.0010136417
15367	0.0010133509
15368	0.0002532650
15369	0.0010127696
15370	0.0010124791
15371	0.0010121888
15372	0.0010118986
15373	0.0010116086
15374	0.0000316037
15375	0.0010110288
15376	0.0010107391
15377	0.0010104495
15378	0.0010101601
15379	0.0010098708
15380	0.0010095816
15381	0.0010092925
15382	0.0001261254
15383	0.0010087147
15384	0.0000078783
15385	0.0010081375
15386	0.0002519623
15387	0.0010075607
15388	0.0010072725
15389	0.0010069844
15390	0.0000157296
15391	0.0000078626
15392	0.0001257651
15393	0.0000314323
15394	0.0010055459
15395	0.0010052586
15396	0.0010049714
15397	0.0005023422
15398	0.0001255497
15399	0.0010041105
15400	0.0010038238
15401	0.0010035372
15402	0.0010032508
15403	0.0010029644
15404	0.0010026782
15405	0.0010023921
15406	0.0002505265
15407	0.0010018203
15408	0.0010015346
15409	0.0010012490
15410	0.0010009635
15411	0.0010006782
15412	0.0010003930
15413	0.0010001078
15414	0.0009998229
15415	0.0009995380
15416	0.0009992533
15417	0.0004994843
15418	0.0002496710
15419	0.0009983998
15420	0.0009981155
15421	0.0009978314
15422	0.0009975474
15423	0.0001246579
15424	0.0002492449
15425	0.0004983481
15426	0.0009964126
15427	0.0009961292
15428	0.0009958459
15429	0.0009955628
15430	0.0009952797
15431	0.0009949968
15432	0.0009947140
15433	0.0009944314
15434	0.0009941488
15435	0.0009938664
15436	0.0009935841
15437	0.0009933019
15438	0.0009930198
15439	0.0004963689
15440	0.0009924561
15441	0.0009921744
15442	0.0009918928
15443	0.0000038735
15444	0.0002478325
15445	0.0009910488
15446	0.0009907677
15447	0.0009904867
15448	0.0009902059
15449	0.0009899251
15450	0.0009896445
15451	0.0009893640
15452	0.0009890836
15453	0.0009888034
15454	0.0009885232
15455	0.0009882432
15456	0.0002469908
15457	0.0000308651
15458	0.0009874039
15459	0.0009871243
15460	0.0000308389
15461	0.0000616604
15462	0.0000616429
15463	0.0009860074
15464	0.0009857284
15465	0.0009854496
15466	0.0009851709
15467	0.0009848923
15468	0.0009846139
15469	0.0009843355
15470	0.0000307518
15471	0.0000614862
15472	0.0009835012
15473	0.0009832233
15474	0.0009829455
15475	0.0009826679
15476	0.0009823904
15477	0.0001227641
15478	0.0002454589
15479	0.0009815585
15480	0.0009812815
15481	0.0000306564
15482	0.0000306477
15483	0.0000038299
15484	0.0009801745
15485	0.0004899490
15486	0.0009796217
15487	0.0009793455
15488	0.0009790694
15489	0.0009787934
15490	0.0009785175
15491	0.0009782418
15492	0.0009779661
15493	0.0009776906
15494	0.0009774152
15495	0.0000076339
15496	0.0000038159
15497	0.0000305184
15498	0.0000152549
15499	0.0009760400
15500	0.0009757653
15501	0.0009754907
15502	0.0009752162
15503	0.0001218677
15504	0.0009746676
15505	0.0009743935
15506	0.0009741195
15507	0.0001217307
15508	0.0009735719
15509	0.0009732982
15510	0.0009730247
15511	0.0009727512
15512	0.0009724779
15513	0.0009722047
15514	0.0000018983
15515	0.0009716587
15516	0.0001214232
15517	0.0009711131
15518	0.0009708405
15519	0.0004852840
15520	0.0004851478
15521	0.0009700234
15522	0.0009697512
15523	0.0002423698
15524	0.0009692073
15525	0.0004844677
15526	0.0009686638
15527	0.0001210490
15528	0.0009681208
15529	0.0009678494
15530	0.0001209473
15531	0.0001209134
15532	0.0000302199
15533	0.0009667652
15534	0.0009664944
15535	0.0009662238
15536	0.0000603721
15537	0.0009656828
15538	0.0009654125
15539	0.0009651423
15540	0.0009648722
15541	0.0004823011
15542	0.0000150677
15543	0.0004820313
15544	0.0002409482
15545	0.0002408809
15546	0.0009632541
15547	0.0009629848
15548	0.0004813578
15549	0.0009624465
15550	0.0004810888
15551	0.0009619087
15552	0.0009616400
15553	0.0002403429
15554	0.0009611029
15555	0.0009608345
15556	0.0004802831
15557	0.0004801490
15558	0.0004800150
15559	0.0001199703
15560	0.0009594943
15561	0.0004796133
15562	0.0009589590
15563	0.0000037449
15564	0.0000037438
15565	0.0004790784
15566	0.0000149670
15567	0.0009576227
15568	0.0004786779
15569	0.0001196361
15570	0.0009568223
15571	0.0000298924
15572	0.0000298840
15573	0.0000149379
15574	0.0000597348
15575	0.0000298591
15576	0.0000298508
15577	0.0000596849
15578	0.0000298341
15579	0.0000298258
15580	0.0000298175
15581	0.0000298093
15582	0.0000596019
15583	0.0000595853
15584	0.0000297844
15585	0.0000297761
15586	0.0000297678
15587	0.0000297595
15588	0.0000595026
15589	0.0000297430
15590	0.0000297347
15591	0.0000297265
15592	0.0002377458
15593	0.0000297100
15594	0.0009504550
15595	0.0000074234
15596	0.0000296852
15597	0.0009496636
15598	0.0000074172
15599	0.0009491366
15600	0.0000296523
15601	0.0000296441
15602	0.0000148179
15603	0.0000148138
15604	0.0009478209
15605	0.0000592224
15606	0.0004736477
15607	0.0004735164
15608	0.0009467703
15609	0.0004732540
15610	0.0004731228
15611	0.0009459835
15612	0.0009457214
15613	0.0009454595
15614	0.0001181497
15615	0.0000590585
15616	0.0009446744
15617	0.0009444129
15618	0.0009441515
15619	0.0009438902
15620	0.0009436290
15621	0.0009433680
15622	0.0009431070
15623	0.0009428462
15624	0.0009425854
15625	0.0009423248
15626	0.0004710321
15627	0.0002354510
15628	0.0000147116
15629	0.0004706417
15630	0.0004705116
15631	0.0009407633
15632	0.0009405034
15633	0.0009402437
15634	0.0002349960
15635	0.0009397245
15636	0.0009394650
15637	0.0009392057
15638	0.0000586842
15639	0.0000293340
15640	0.0004692142
15641	0.0002345424
15642	0.0009379107
15643	0.0002344130
15644	0.0002343484
15645	0.0009371350
15646	0.0002342192
15647	0.0002341546
15648	0.0004681801
15649	0.0009361022
15650	0.0002339611
15651	0.0002338966
15652	0.0000584580
15653	0.0009350711
15654	0.0009348136
15655	0.0009345562
15656	0.0009342989
15657	0.0000583776
15658	0.0009337847
15659	0.0000583455
15660	0.0000583294
15661	0.0000583134
15662	0.0000291487
15663	0.0000036426
15664	0.0009322444
15665	0.0002329970
15666	0.0000036396
15667	0.0000059052
15668	0.0001862952
15669	0.0001862440
15670	0.0000000000
15671	0.0000000000
15672	0.0000000000
15673	0.0000000000
15674	0.0000000000
15675	0.0000000000
15676	0.0000000000
15677	0.0000000000
15678	0.0000000000
15679	0.0000000000
15680	0.0000000000
15681	0.0000000000
15682	0.0000000000
15683	0.0000000000
15684	0.0000000000
15685	0.0000000000
15686	0.0000000000
15687	0.0000000000
15688	0.0000000000
15689	0.0000000000
15690	0.0000000000
15691	0.0000000000
15692	0.0000000000
15693	0.0000000000
15694	0.0000072254
15695	0.0000288938
15696	0.0009243473
15697	0.0000000000
15698	0.0000036954
15699	0.0000088807
15700	0.0000000000
15701	0.0000000000
15702	0.0000000000
15703	0.0000000000
15704	0.0000000000
15705	0.0000000000
15706	0.0000000000
15707	0.0000000000
15708	0.0000000000
15709	0.0000000000
15710	0.0000000000
15711	0.0000000000
15712	0.0000000000
15713	0.0000000000
15714	0.0000000000
15715	0.0000000000
15716	0.0000000000
15717	0.0000000000
15718	0.0000000000
15719	0.0000000000
15720	0.0000000000
15721	0.0000000000
15722	0.0000000000
15723	0.0000000000
15724	0.0000000000
15725	0.0000000000
15726	0.0000000000
15727	0.0000000000
15728	0.0000000000
15729	0.0000000000
15730	0.0000000000
15731	0.0000000000
15732	0.0000000000
15733	0.0000000000
15734	0.0000000000
15735	0.0000000000
15736	0.0000000000
15737	0.0000000000
15738	0.0000000000
15739	0.0000000000
15740	0.0000000000
15741	0.0000000000
