0	0	2	100000
1	0	18	51840
2	0	25	100000
3	0	41	2488320
4	0	43	100000
5	0	46	100000
6	0	47	100000
7	0	60	100000
8	0	67	100000
9	0	69	100000
10	0	79	100000
11	0	80	100000
12	0	85	2488320
13	0	91	100000
14	0	95	51840
15	0	99	100000
16	0	100	51840
17	0	103	100000
18	0	109	100000
19	0	125	100000
20	0	126	1244160
21	0	131	100000
22	0	133	100000
23	0	164	100000
24	0	165	2488320
25	0	185	2488320
26	0	187	2488320
27	0	201	100000
28	0	214	2488320
29	0	215	100000
30	0	230	2488320
31	0	253	100000
32	0	256	2488320
33	0	258	100000
34	0	278	100000
35	0	360	100000
36	0	384	100000
37	0	401	100000
38	0	411	100000
39	0	462	466560
40	0	541	100000
41	0	553	100000
42	0	583	466560
43	0	584	100000
44	0	588	51840
45	0	643	100000
46	0	660	100000
47	0	696	100000
48	0	706	100000
49	0	709	51840
50	0	710	51840
51	0	726	100000
52	0	728	100000
53	0	737	100000
54	0	778	100000
55	0	785	2488320
56	0	788	2488320
57	0	798	100000
58	0	818	100000
59	0	840	100000
60	0	841	100000
61	0	868	51840
62	0	869	100000
63	0	870	51840
64	0	871	100000
65	0	878	100000
66	0	881	100000
67	0	888	100000
68	0	893	100000
69	0	905	100000
70	0	912	100000
71	0	933	100000
72	0	940	100000
73	0	941	100000
74	0	943	100000
75	0	947	100000
76	0	950	51840
77	0	954	51840
78	0	1010	100000
79	0	1044	2488320
80	0	1045	100000
81	0	1046	466560
82	0	1071	100000
83	0	1082	100000
84	0	1109	100000
85	0	1120	100000
86	0	1122	100000
87	0	1123	51840
88	0	1140	100000
89	0	1158	2488320
90	0	1163	100000
91	0	1167	100000
92	0	1176	100000
93	0	1185	100000
94	0	1203	100000
95	0	1258	100000
96	0	1348	466560
97	0	1353	100000
98	0	1377	2488320
99	0	1382	100000
100	0	1444	2488320
101	0	1464	100000
102	0	1475	466560
103	0	1504	100000
104	0	1588	100000
105	0	1619	1244160
106	0	1638	100000
107	0	1643	100000
108	0	1648	100000
109	0	1663	100000
110	0	1685	100000
111	0	1705	2488320
112	0	1714	100000
113	0	1718	100000
114	0	1730	100000
115	0	1741	100000
116	0	1743	51840
117	0	1749	100000
118	0	1761	100000
119	0	1781	2488320
120	0	1792	100000
121	0	1793	51840
122	0	1806	100000
123	0	1816	100000
124	0	1817	466560
125	0	1819	51840
126	0	1827	51840
127	0	1837	100000
128	0	1850	100000
129	0	1852	100000
130	0	1865	100000
131	0	1868	100000
132	0	1874	100000
133	0	1878	100000
134	0	1880	100000
135	0	1889	2488320
136	0	1891	100000
137	0	1897	100000
138	0	1906	100000
139	0	1919	100000
140	0	1927	51840
141	0	1960	100000
142	0	2083	100000
143	0	2116	100000
144	0	2118	51840
145	0	2122	100000
146	0	2131	466560
147	0	2142	2488320
148	0	2146	51840
149	0	2148	100000
150	0	2163	100000
151	0	2182	100000
152	0	2187	100000
153	0	2196	100000
154	0	2212	51840
155	0	2214	100000
156	0	2231	2488320
157	0	2234	466560
158	0	2241	100000
159	0	2252	100000
160	0	2263	1244160
161	0	2267	100000
162	0	2272	51840
163	0	2273	100000
164	0	2303	100000
165	0	2309	100000
166	0	2311	51840
167	0	2313	100000
168	0	2326	100000
169	0	2327	100000
170	0	2328	100000
171	0	2341	100000
172	0	2359	100000
173	0	2492	100000
174	0	2510	2488320
175	0	2541	100000
176	0	2546	2488320
177	0	2547	51840
178	0	2548	100000
179	0	2549	51840
180	0	2583	100000
181	0	2589	100000
182	0	2590	466560
183	0	2598	100000
184	0	2623	51840
185	0	2625	51840
186	0	2641	100000
187	0	2649	100000
188	0	2655	51840
189	0	2674	100000
190	0	2676	466560
191	0	2677	100000
192	0	2678	2488320
193	0	2703	51840
194	0	2704	466560
195	0	2710	51840
196	0	2725	100000
197	0	2735	100000
198	0	2747	100000
199	0	2758	51840
200	0	2787	100000
201	0	3534	100000
202	0	3643	100000
203	0	3670	100000
204	0	3849	100000
205	0	3912	100000
206	0	4108	51840
207	0	4115	2488320
208	0	4118	100000
209	0	4134	51840
210	0	4139	51840
211	0	4144	51840
212	0	4160	100000
213	0	4166	100000
214	0	4168	100000
215	0	4176	100000
216	0	4181	1244160
217	0	4182	1244160
218	0	4183	51840
219	0	4228	100000
220	0	4241	1244160
221	0	4264	100000
222	0	4284	51840
223	0	4295	51840
224	0	4304	51840
225	0	4310	51840
226	0	4327	100000
227	0	4332	51840
228	0	4342	466560
229	0	4345	2488320
230	0	4348	51840
231	0	4372	51840
232	0	4375	100000
233	0	4378	100000
234	0	4380	2488320
235	0	4384	100000
236	0	4388	100000
237	0	4392	100000
238	0	4418	51840
239	0	4424	51840
240	0	4435	2488320
241	0	4436	100000
242	0	4437	2488320
243	0	4438	100000
244	0	4447	100000
245	0	4450	51840
246	0	4477	51840
247	0	4495	51840
248	0	4501	51840
249	0	4504	100000
250	0	4507	51840
251	0	4512	51840
252	0	4513	51840
253	0	4518	51840
254	0	4525	2488320
255	0	4530	51840
256	0	4536	100000
257	0	4539	100000
258	0	4548	2488320
259	0	4559	100000
260	0	4569	51840
261	0	4570	100000
262	0	4571	100000
263	0	4610	100000
264	0	4632	51840
265	0	4643	100000
266	0	4667	100000
267	0	4670	100000
268	0	4685	51840
269	0	4686	51840
270	0	4696	100000
271	0	4715	51840
272	0	4726	100000
273	0	4727	51840
274	0	4729	100000
275	0	4735	100000
276	0	4738	100000
277	0	4746	51840
278	0	4752	100000
279	0	4760	100000
280	0	4799	100000
281	0	4801	51840
282	0	4802	51840
283	0	4803	51840
284	0	4808	100000
285	0	4827	100000
286	0	4832	51840
287	0	4833	51840
288	0	4841	51840
289	0	4894	51840
290	0	4897	51840
291	0	4902	100000
292	0	4907	100000
293	0	4920	51840
294	0	4943	51840
295	0	4975	51840
296	0	4994	51840
297	0	5009	51840
298	0	5020	1244160
299	0	5021	100000
300	0	5022	2488320
301	0	5031	100000
302	0	5074	51840
303	0	5127	100000
304	0	5130	100000
305	0	5145	2488320
306	0	5146	100000
307	0	5151	2488320
308	0	5156	51840
309	0	5167	51840
310	0	5172	100000
311	0	5185	51840
312	0	5210	51840
313	0	5239	100000
314	0	5240	2488320
315	0	5241	100000
316	0	5242	100000
317	0	5247	51840
318	0	5273	51840
319	0	5285	51840
320	0	5992	100000
321	0	6047	51840
322	0	6048	100000
323	0	6053	51840
324	0	6054	100000
325	0	6086	100000
326	0	6087	100000
327	0	6101	100000
328	0	6106	100000
329	0	6119	51840
330	0	6129	100000
331	0	6135	100000
332	0	6141	51840
333	0	6162	100000
334	0	6165	51840
335	0	6184	51840
336	0	6206	51840
337	0	6235	51840
338	0	6258	100000
339	0	6259	100000
340	0	6260	466560
341	0	6261	100000
342	0	6262	100000
343	0	6269	100000
344	0	6271	2488320
345	0	6293	2488320
346	0	6316	2488320
347	0	6332	1244160
348	0	6341	100000
349	0	6342	100000
350	0	6352	100000
351	0	6362	51840
352	0	6364	2488320
353	0	6369	51840
354	0	6370	51840
355	0	6380	1244160
356	0	6382	51840
357	0	6388	2488320
358	0	6393	100000
359	0	6409	51840
360	0	6441	51840
361	0	6477	51840
362	0	6483	100000
363	0	6498	51840
364	0	6525	1244160
365	0	6528	51840
366	0	6531	100000
367	0	6547	51840
368	0	6550	100000
369	0	6551	51840
370	0	6553	51840
371	0	6579	51840
372	0	6623	100000
373	0	6645	100000
374	0	6711	51840
375	0	6739	51840
376	0	6755	100000
377	0	6762	51840
378	0	6765	100000
379	0	6778	51840
380	0	6821	51840
381	0	6830	51840
382	0	6839	2488320
383	0	6848	51840
384	0	6849	1244160
385	0	6850	51840
386	0	6854	100000
387	0	6857	51840
388	0	6919	51840
389	0	6920	100000
390	0	6921	1244160
391	0	6922	100000
392	0	6931	100000
393	0	6944	51840
394	0	6947	51840
395	0	6949	1244160
396	0	6966	100000
397	0	6977	51840
398	0	7021	51840
399	0	7102	100000
400	0	7128	1244160
401	0	7132	100000
402	0	7227	51840
403	0	7242	51840
404	0	8055	51840
405	0	8107	51840
406	0	8117	100000
407	0	8129	51840
408	0	8139	100000
409	0	8146	51840
410	0	8197	1244160
411	0	8236	100000
412	0	8265	51840
413	0	8280	51840
414	0	8283	51840
415	0	8285	1244160
416	0	8307	2488320
417	0	8321	100000
418	0	8368	100000
419	0	8395	100000
420	0	8398	100000
421	0	8427	100000
422	0	8454	51840
423	0	8468	51840
424	0	8474	100000
425	0	8486	51840
426	0	8494	1244160
427	0	8501	51840
428	0	8578	51840
429	0	8591	100000
430	0	8613	51840
431	0	9315	1244160
432	0	9318	51840
433	0	9342	51840
434	0	9396	51840
435	0	9399	51840
436	0	9420	51840
437	0	9454	51840
438	0	9455	1244160
439	0	9465	51840
440	0	9473	51840
441	0	9476	100000
442	0	9491	100000
443	0	9498	51840
444	0	9506	51840
445	0	9508	51840
446	0	9563	51840
447	0	9601	51840
448	0	9611	51840
449	0	9616	51840
450	0	9622	1244160
451	0	9623	51840
452	0	9630	51840
453	0	9648	51840
454	0	9664	100000
455	0	9703	2488320
456	0	9707	51840
457	0	9726	2488320
458	0	9808	51840
459	0	9812	100000
460	0	9832	51840
461	0	9875	100000
462	0	9896	100000
463	0	9927	1244160
464	0	9976	51840
465	0	9996	51840
466	0	10001	51840
467	0	10019	51840
468	0	10021	51840
469	0	10051	51840
470	0	10056	100000
471	0	10080	100000
472	0	10133	51840
473	0	10137	2488320
474	0	10144	51840
475	0	10202	51840
476	0	10204	51840
477	0	10215	100000
478	0	10227	51840
479	0	10231	1244160
480	0	10262	2488320
481	0	10288	100000
482	0	10293	51840
483	0	10299	51840
484	0	10305	51840
485	0	10306	100000
486	0	10318	2488320
487	0	10330	51840
488	0	10360	51840
489	0	10367	51840
490	0	10375	100000
491	0	10377	51840
492	0	10380	51840
493	0	10396	51840
494	0	10413	51840
495	0	10429	51840
496	0	10472	100000
497	0	10511	466560
498	0	10563	51840
499	0	10565	51840
500	0	10576	51840
501	0	11497	100000
502	0	11501	100000
503	0	11509	51840
504	0	11544	2488320
505	0	11600	51840
506	0	11622	51840
507	0	11640	51840
508	0	11647	100000
509	0	11653	51840
510	0	11671	51840
511	0	11737	100000
512	0	11740	466560
513	0	11801	100000
514	0	11825	51840
515	0	11829	51840
516	0	11869	51840
517	0	11899	100000
518	0	11915	51840
519	0	11971	51840
520	0	11975	51840
521	0	12023	51840
522	0	12035	51840
523	0	12059	51840
524	0	12098	51840
525	0	12181	51840
526	0	12223	51840
527	0	12298	51840
528	0	12306	2488320
529	0	12348	100000
530	0	12361	1244160
531	0	12366	100000
532	0	12369	51840
533	0	12397	51840
534	0	12407	51840
535	0	12411	51840
536	0	12432	51840
537	0	12468	51840
538	0	12479	51840
539	0	12498	51840
540	0	12530	51840
541	0	12537	51840
542	0	12546	51840
543	0	12555	100000
544	0	12587	51840
545	0	12596	51840
546	0	12603	51840
547	0	12629	51840
548	0	12653	51840
549	0	12664	100000
550	0	12679	100000
551	0	12736	100000
552	0	12800	51840
553	0	12818	51840
554	0	12821	51840
555	0	12828	51840
556	0	12834	51840
557	0	12844	51840
558	0	12861	2488320
559	0	12866	1244160
560	0	12885	51840
561	0	12921	51840
562	0	12926	100000
563	0	12948	51840
564	0	12972	51840
565	0	12973	51840
566	0	13703	466560
567	0	13725	100000
568	0	13756	100000
569	0	13775	51840
570	0	13805	51840
571	0	13811	100000
572	0	13813	51840
573	0	13818	100000
574	0	13886	51840
575	0	13922	51840
576	0	13952	51840
577	0	13960	100000
578	0	14022	2488320
579	0	14040	51840
580	0	14084	100000
581	0	14118	51840
582	0	14142	51840
583	0	14155	51840
584	0	14175	2488320
585	0	14193	1244160
586	0	14239	100000
587	0	14254	51840
588	0	14268	100000
589	0	14290	51840
590	0	14313	100000
591	0	14314	51840
592	0	14332	51840
593	0	14357	51840
594	0	14373	51840
595	0	14379	51840
596	0	14413	100000
597	0	14443	51840
598	0	14449	2488320
599	0	14461	51840
600	0	14490	51840
601	0	14493	100000
602	0	14515	51840
603	0	14534	51840
604	0	14560	51840
605	0	14602	51840
606	0	14838	100000
607	0	14973	100000
608	0	14987	100000
609	0	15022	100000
610	0	15054	51840
611	0	15097	51840
612	0	15158	51840
613	0	15164	51840
614	0	15207	51840
615	0	15219	51840
616	0	15230	51840
617	0	15482	2488320
618	0	15658	51840
619	1	2218	100000
620	1	4842	100000
621	1	12074	51840
622	2	131	100000
623	2	4261	100000
624	3	2176	100000
625	3	4740	100000
626	3	14832	51840
627	4	187	100000
628	4	258	100000
629	4	739	100000
630	4	881	100000
631	4	11823	100000
632	4	15528	51840
633	5	209	466560
634	6	696	2488320
635	6	1174	51840
636	7	1378	2488320
637	8	103	100000
638	8	382	51840
639	8	8604	2488320
640	9	401	100000
641	9	963	100000
642	9	1906	100000
643	10	175	100000
644	10	306	100000
645	11	963	2488320
646	11	1718	2488320
647	11	1850	100000
648	12	131	100000
649	13	10137	2488320
650	14	2116	100000
651	14	4812	466560
652	15	963	51840
653	15	1588	100000
654	15	1850	2488320
655	16	258	100000
656	16	785	100000
657	17	175	2488320
658	17	2231	100000
659	18	133	51840
660	19	133	100000
661	19	2176	100000
662	19	4151	51840
663	19	4365	1244160
664	19	4812	100000
665	20	4741	100000
666	21	401	100000
667	21	963	100000
668	22	103	100000
669	22	4429	100000
670	23	103	2488320
671	23	4261	100000
672	24	109	100000
673	24	4740	100000
674	25	47	100000
675	25	660	100000
676	25	931	1244160
677	25	1158	100000
678	25	1718	2488320
679	25	3277	51840
680	25	4741	100000
681	25	8180	100000
682	25	11966	51840
683	26	187	2488320
684	26	553	100000
685	26	1158	2488320
686	26	1203	100000
687	26	1588	100000
688	26	1718	100000
689	26	1878	2488320
690	27	1020	100000
691	27	4812	2488320
692	28	103	466560
693	28	1614	100000
694	29	955	100000
695	29	2231	100000
696	30	131	466560
697	30	165	100000
698	30	186	51840
699	30	252	1244160
700	30	396	51840
701	30	568	100000
702	30	696	100000
703	30	1071	51840
704	30	1120	100000
705	30	1140	51840
706	30	1158	100000
707	30	1167	1244160
708	30	1369	51840
709	30	1718	2488320
710	30	1781	51840
711	30	1806	100000
712	30	1807	100000
713	30	2009	100000
714	30	2255	100000
715	30	2674	51840
716	30	3396	1244160
717	30	5031	100000
718	30	5151	2488320
719	30	5170	100000
720	30	6531	100000
721	30	12066	100000
722	30	15475	100000
723	30	15688	1244160
724	31	568	100000
725	31	696	2488320
726	31	1158	100000
727	31	1718	100000
728	31	1875	100000
729	31	2198	100000
730	32	131	100000
731	32	1850	2488320
732	33	131	100000
733	34	2163	100000
734	34	4812	100000
735	34	9812	100000
736	35	109	100000
737	35	4740	100000
738	36	175	100000
739	36	6293	100000
740	37	187	100000
741	38	131	100000
742	38	853	100000
743	38	4223	100000
744	38	6594	100000
745	39	4740	100000
746	40	4209	100000
747	40	8180	2488320
748	41	105	100000
749	41	469	100000
750	41	1010	2488320
751	41	1595	100000
752	41	1785	100000
753	41	2744	100000
754	41	4812	100000
755	41	13872	51840
756	42	131	100000
757	42	541	2488320
758	42	1071	100000
759	42	12066	100000
760	43	4261	2488320
761	44	103	100000
762	44	1614	100000
763	45	131	2488320
764	45	2231	100000
765	45	8580	100000
766	46	4429	2488320
767	47	103	100000
768	47	187	100000
769	47	258	100000
770	47	1588	2488320
771	47	2163	100000
772	47	10050	1244160
773	48	188	100000
774	48	965	2488320
775	48	1444	100000
776	48	1525	100000
777	48	15031	2488320
778	49	65	100000
779	50	161	100000
780	50	224	100000
781	50	968	51840
782	51	146	51840
783	51	252	51840
784	51	4812	51840
785	51	12066	51840
786	52	103	100000
787	52	1628	100000
788	53	258	100000
789	53	2163	100000
790	53	15533	51840
791	54	103	2488320
792	54	258	2488320
793	54	818	2488320
794	54	4812	100000
795	54	6653	51840
796	54	10302	51840
797	54	14083	100000
798	55	2231	100000
799	56	955	2488320
800	56	2231	100000
801	57	10137	100000
802	58	401	2488320
803	58	2163	2488320
804	58	4209	2488320
805	58	14903	100000
806	59	196	100000
807	59	955	100000
808	59	2231	100000
809	60	187	100000
810	61	696	100000
811	61	2787	100000
812	62	963	100000
813	62	1850	100000
814	62	2163	100000
815	63	9838	51840
816	64	3560	51840
817	64	8396	51840
818	64	12414	51840
819	64	12558	51840
820	64	13037	51840
821	64	14443	51840
822	64	14682	51840
823	64	15408	1244160
824	65	131	100000
825	65	187	100000
826	65	696	100000
827	65	818	100000
828	65	839	100000
829	65	846	51840
830	65	888	2488320
831	65	979	100000
832	65	1078	100000
833	65	1158	100000
834	65	2163	100000
835	65	2231	100000
836	65	2426	100000
837	65	2559	100000
838	65	2702	51840
839	65	3912	100000
840	65	4189	2488320
841	65	4812	100000
842	65	4988	2488320
843	65	5090	100000
844	65	6146	100000
845	65	6326	100000
846	65	6517	51840
847	65	6621	2488320
848	65	7033	51840
849	65	7241	51840
850	65	8508	100000
851	66	103	100000
852	66	258	100000
853	66	4429	100000
854	67	568	100000
855	67	660	51840
856	67	696	100000
857	67	1071	51840
858	67	1158	100000
859	67	1588	51840
860	67	1718	100000
861	67	1806	466560
862	67	1917	100000
863	67	12066	100000
864	68	6495	100000
865	69	187	100000
866	69	188	2488320
867	69	251	100000
868	69	258	100000
869	69	696	2488320
870	69	2163	100000
871	69	3370	100000
872	70	103	100000
873	70	4261	100000
874	71	778	51840
875	71	807	51840
876	71	886	1244160
877	71	2163	100000
878	71	2378	51840
879	71	4232	51840
880	71	7860	1244160
881	71	12222	51840
882	72	103	2488320
883	72	888	100000
884	73	258	100000
885	73	881	100000
886	74	187	100000
887	74	2163	100000
888	75	109	51840
889	75	133	2488320
890	75	4740	100000
891	76	423	51840
892	76	4740	100000
893	77	143	100000
894	77	175	100000
895	78	278	2488320
896	78	881	100000
897	78	11011	100000
898	79	187	100000
899	79	14851	100000
900	80	187	100000
901	81	96	100000
902	81	131	100000
903	81	187	100000
904	81	418	100000
905	81	915	51840
906	81	1401	51840
907	81	1504	100000
908	81	1595	100000
909	81	1628	100000
910	81	1761	100000
911	81	4365	51840
912	81	4429	51840
913	81	4511	2488320
914	81	4812	100000
915	81	4947	51840
916	81	8113	51840
917	81	8336	100000
918	81	9391	100000
919	82	2231	100000
920	83	189	100000
921	83	697	100000
922	83	860	100000
923	83	965	100000
924	83	1200	100000
925	83	1203	100000
926	83	1213	100000
927	83	1251	100000
928	84	4261	51840
929	84	14838	51840
930	84	14973	51840
931	85	187	100000
932	85	258	100000
933	86	165	100000
934	86	724	100000
935	87	103	2488320
936	87	131	100000
937	87	1806	100000
938	87	12066	51840
939	88	2163	51840
940	88	5240	51840
941	89	103	100000
942	90	189	100000
943	90	563	51840
944	90	1240	100000
945	90	3536	51840
946	91	103	466560
947	91	187	2488320
948	91	230	100000
949	91	513	51840
950	91	583	100000
951	91	660	100000
952	91	696	100000
953	91	777	100000
954	91	818	100000
955	91	869	100000
956	91	881	100000
957	91	888	100000
958	91	1061	2488320
959	91	1122	2488320
960	91	1158	100000
961	91	1203	2488320
962	91	1504	100000
963	91	1850	100000
964	91	1874	100000
965	91	2163	100000
966	91	2359	100000
967	91	2423	466560
968	91	2621	100000
969	91	6821	51840
970	91	8180	100000
971	91	9840	51840
972	91	10212	1244160
973	91	10220	100000
974	91	11596	51840
975	91	11776	1244160
976	91	11831	51840
977	91	11974	100000
978	91	12183	51840
979	91	12206	100000
980	91	14174	51840
981	91	14965	51840
982	91	15226	1244160
983	92	2231	100000
984	93	4429	51840
985	93	14875	51840
986	94	103	100000
987	94	131	100000
988	94	888	100000
989	94	15064	51840
990	95	2234	51840
991	96	6495	100000
992	97	131	100000
993	97	254	100000
994	97	443	51840
995	97	615	100000
996	97	660	100000
997	97	2321	100000
998	97	4740	100000
999	97	4812	100000
1000	97	13834	51840
1001	97	15197	51840
1002	98	289	51840
1003	98	2163	100000
1004	99	2360	100000
1005	100	553	51840
1006	100	696	100000
1007	100	1202	51840
1008	100	2510	51840
1009	101	2150	100000
1010	102	881	51840
1011	102	2163	2488320
1012	103	112	100000
1013	103	127	2488320
1014	103	131	100000
1015	103	136	100000
1016	103	159	100000
1017	103	161	100000
1018	103	165	100000
1019	103	187	100000
1020	103	192	51840
1021	103	230	100000
1022	103	258	100000
1023	103	276	100000
1024	103	278	100000
1025	103	360	100000
1026	103	382	100000
1027	103	385	100000
1028	103	390	100000
1029	103	400	2488320
1030	103	401	100000
1031	103	413	100000
1032	103	459	100000
1033	103	490	100000
1034	103	495	100000
1035	103	514	100000
1036	103	516	51840
1037	103	537	51840
1038	103	541	100000
1039	103	553	100000
1040	103	568	100000
1041	103	583	100000
1042	103	586	100000
1043	103	592	100000
1044	103	613	2488320
1045	103	633	2488320
1046	103	637	2488320
1047	103	641	100000
1048	103	660	100000
1049	103	696	100000
1050	103	700	2488320
1051	103	764	2488320
1052	103	785	466560
1053	103	798	100000
1054	103	818	100000
1055	103	828	100000
1056	103	853	100000
1057	103	864	100000
1058	103	869	100000
1059	103	881	100000
1060	103	884	466560
1061	103	886	100000
1062	103	888	100000
1063	103	912	100000
1064	103	964	51840
1065	103	973	100000
1066	103	995	100000
1067	103	1010	100000
1068	103	1028	100000
1069	103	1029	100000
1070	103	1038	100000
1071	103	1044	100000
1072	103	1048	100000
1073	103	1052	51840
1074	103	1061	100000
1075	103	1082	100000
1076	103	1095	100000
1077	103	1121	100000
1078	103	1157	100000
1079	103	1160	100000
1080	103	1167	100000
1081	103	1176	2488320
1082	103	1203	100000
1083	103	1362	51840
1084	103	1363	100000
1085	103	1396	2488320
1086	103	1444	100000
1087	103	1504	100000
1088	103	1591	100000
1089	103	1598	2488320
1090	103	1612	51840
1091	103	1621	100000
1092	103	1637	51840
1093	103	1652	100000
1094	103	1690	100000
1095	103	1703	100000
1096	103	1729	100000
1097	103	1742	100000
1098	103	1754	100000
1099	103	1758	100000
1100	103	1759	100000
1101	103	1781	100000
1102	103	1794	100000
1103	103	1804	100000
1104	103	1806	100000
1105	103	1817	100000
1106	103	1819	100000
1107	103	1858	1244160
1108	103	1873	100000
1109	103	1874	100000
1110	103	1878	100000
1111	103	1903	100000
1112	103	1913	51840
1113	103	1943	100000
1114	103	1945	2488320
1115	103	1952	100000
1116	103	1959	100000
1117	103	2113	100000
1118	103	2114	100000
1119	103	2116	100000
1120	103	2146	100000
1121	103	2163	100000
1122	103	2177	100000
1123	103	2183	2488320
1124	103	2205	100000
1125	103	2231	100000
1126	103	2235	100000
1127	103	2241	100000
1128	103	2251	100000
1129	103	2272	51840
1130	103	2306	51840
1131	103	2316	100000
1132	103	2327	100000
1133	103	2359	2488320
1134	103	2547	100000
1135	103	2567	51840
1136	103	2589	100000
1137	103	2615	100000
1138	103	2619	100000
1139	103	2621	100000
1140	103	2639	2488320
1141	103	2643	51840
1142	103	2648	100000
1143	103	2677	100000
1144	103	2678	100000
1145	103	2682	100000
1146	103	2714	51840
1147	103	2725	100000
1148	103	2736	51840
1149	103	2749	100000
1150	103	2949	100000
1151	103	4112	51840
1152	103	4122	51840
1153	103	4134	51840
1154	103	4162	51840
1155	103	4164	466560
1156	103	4173	51840
1157	103	4194	100000
1158	103	4199	51840
1159	103	4210	1244160
1160	103	4211	100000
1161	103	4237	100000
1162	103	4242	51840
1163	103	4252	466560
1164	103	4253	1244160
1165	103	4261	100000
1166	103	4273	51840
1167	103	4289	100000
1168	103	4299	1244160
1169	103	4306	100000
1170	103	4307	100000
1171	103	4314	51840
1172	103	4342	100000
1173	103	4347	51840
1174	103	4371	51840
1175	103	4375	100000
1176	103	4396	1244160
1177	103	4411	100000
1178	103	4424	51840
1179	103	4435	100000
1180	103	4436	100000
1181	103	4437	2488320
1182	103	4438	2488320
1183	103	4445	466560
1184	103	4449	2488320
1185	103	4458	51840
1186	103	4476	51840
1187	103	4485	51840
1188	103	4493	100000
1189	103	4506	100000
1190	103	4510	2488320
1191	103	4523	51840
1192	103	4546	100000
1193	103	4551	100000
1194	103	4557	51840
1195	103	4570	100000
1196	103	4571	466560
1197	103	4574	2488320
1198	103	4576	51840
1199	103	4613	51840
1200	103	4643	100000
1201	103	4670	100000
1202	103	4676	100000
1203	103	4713	51840
1204	103	4716	51840
1205	103	4727	100000
1206	103	4730	100000
1207	103	4738	2488320
1208	103	4740	100000
1209	103	4741	100000
1210	103	4747	51840
1211	103	4757	100000
1212	103	4759	100000
1213	103	4770	51840
1214	103	4783	1244160
1215	103	4786	2488320
1216	103	4801	2488320
1217	103	4812	100000
1218	103	4858	51840
1219	103	4878	51840
1220	103	4883	51840
1221	103	4896	100000
1222	103	4908	100000
1223	103	4936	51840
1224	103	4937	51840
1225	103	4960	2488320
1226	103	4979	51840
1227	103	4989	2488320
1228	103	5011	466560
1229	103	5012	51840
1230	103	5021	100000
1231	103	5027	51840
1232	103	5029	51840
1233	103	5031	100000
1234	103	5034	100000
1235	103	5058	51840
1236	103	5086	51840
1237	103	5099	100000
1238	103	5100	51840
1239	103	5115	100000
1240	103	5125	2488320
1241	103	5132	51840
1242	103	5165	51840
1243	103	5169	100000
1244	103	5170	100000
1245	103	5184	100000
1246	103	5232	100000
1247	103	5238	51840
1248	103	5239	100000
1249	103	5240	100000
1250	103	5241	100000
1251	103	5245	2488320
1252	103	5260	100000
1253	103	5262	1244160
1254	103	5775	100000
1255	103	6047	100000
1256	103	6060	100000
1257	103	6064	100000
1258	103	6067	51840
1259	103	6069	51840
1260	103	6095	1244160
1261	103	6107	100000
1262	103	6117	100000
1263	103	6121	100000
1264	103	6138	51840
1265	103	6142	51840
1266	103	6145	51840
1267	103	6149	51840
1268	103	6162	51840
1269	103	6180	100000
1270	103	6181	51840
1271	103	6187	51840
1272	103	6214	1244160
1273	103	6221	51840
1274	103	6223	51840
1275	103	6235	51840
1276	103	6238	100000
1277	103	6258	2488320
1278	103	6259	100000
1279	103	6260	2488320
1280	103	6261	100000
1281	103	6262	100000
1282	103	6269	100000
1283	103	6271	100000
1284	103	6282	2488320
1285	103	6283	100000
1286	103	6286	51840
1287	103	6290	100000
1288	103	6291	100000
1289	103	6299	51840
1290	103	6301	51840
1291	103	6325	100000
1292	103	6326	100000
1293	103	6331	51840
1294	103	6336	100000
1295	103	6337	51840
1296	103	6341	100000
1297	103	6362	100000
1298	103	6392	100000
1299	103	6397	51840
1300	103	6400	51840
1301	103	6406	100000
1302	103	6416	51840
1303	103	6429	100000
1304	103	6443	51840
1305	103	6447	51840
1306	103	6450	1244160
1307	103	6468	51840
1308	103	6473	100000
1309	103	6500	2488320
1310	103	6502	100000
1311	103	6504	51840
1312	103	6508	51840
1313	103	6509	51840
1314	103	6513	100000
1315	103	6549	51840
1316	103	6551	2488320
1317	103	6554	51840
1318	103	6567	1244160
1319	103	6572	51840
1320	103	6577	51840
1321	103	6588	51840
1322	103	6594	100000
1323	103	6607	1244160
1324	103	6617	51840
1325	103	6637	100000
1326	103	6642	1244160
1327	103	6646	100000
1328	103	6653	100000
1329	103	6660	1244160
1330	103	6664	100000
1331	103	6673	51840
1332	103	6680	51840
1333	103	6686	51840
1334	103	6696	51840
1335	103	6699	51840
1336	103	6718	51840
1337	103	6720	51840
1338	103	6722	100000
1339	103	6733	100000
1340	103	6739	51840
1341	103	6752	51840
1342	103	6762	51840
1343	103	6772	100000
1344	103	6779	100000
1345	103	6803	51840
1346	103	6824	100000
1347	103	6830	51840
1348	103	6833	51840
1349	103	6835	51840
1350	103	6859	51840
1351	103	6880	51840
1352	103	6893	51840
1353	103	6896	51840
1354	103	6904	51840
1355	103	6911	100000
1356	103	6919	51840
1357	103	6920	100000
1358	103	6922	100000
1359	103	6923	51840
1360	103	6927	466560
1361	103	6932	51840
1362	103	6935	51840
1363	103	6938	51840
1364	103	6948	2488320
1365	103	6966	100000
1366	103	6972	51840
1367	103	6980	51840
1368	103	7007	51840
1369	103	7008	100000
1370	103	7009	51840
1371	103	7010	51840
1372	103	7013	100000
1373	103	7017	51840
1374	103	7023	51840
1375	103	7025	51840
1376	103	7028	1244160
1377	103	7042	100000
1378	103	7043	51840
1379	103	7049	100000
1380	103	7053	51840
1381	103	7058	51840
1382	103	7084	51840
1383	103	7087	1244160
1384	103	7091	51840
1385	103	7103	100000
1386	103	7104	100000
1387	103	7105	51840
1388	103	7107	51840
1389	103	7112	51840
1390	103	7140	100000
1391	103	7145	100000
1392	103	7157	100000
1393	103	7168	51840
1394	103	7174	100000
1395	103	7181	100000
1396	103	7210	51840
1397	103	7215	100000
1398	103	7233	51840
1399	103	7254	51840
1400	103	7258	51840
1401	103	8058	51840
1402	103	8068	51840
1403	103	8081	51840
1404	103	8091	100000
1405	103	8096	100000
1406	103	8110	51840
1407	103	8111	51840
1408	103	8125	51840
1409	103	8130	51840
1410	103	8133	51840
1411	103	8158	51840
1412	103	8169	51840
1413	103	8170	51840
1414	103	8189	51840
1415	103	8203	51840
1416	103	8208	100000
1417	103	8216	1244160
1418	103	8247	51840
1419	103	8253	51840
1420	103	8260	51840
1421	103	8262	100000
1422	103	8266	1244160
1423	103	8268	51840
1424	103	8275	51840
1425	103	8277	100000
1426	103	8288	100000
1427	103	8291	100000
1428	103	8305	51840
1429	103	8318	51840
1430	103	8324	51840
1431	103	8332	51840
1432	103	8338	51840
1433	103	8339	51840
1434	103	8344	51840
1435	103	8358	51840
1436	103	8388	100000
1437	103	8400	51840
1438	103	8402	51840
1439	103	8407	51840
1440	103	8421	100000
1441	103	8440	51840
1442	103	8452	51840
1443	103	8453	51840
1444	103	8476	51840
1445	103	8486	51840
1446	103	8501	51840
1447	103	8518	51840
1448	103	8547	51840
1449	103	8549	51840
1450	103	8557	1244160
1451	103	8560	51840
1452	103	8578	1244160
1453	103	8587	51840
1454	103	8589	51840
1455	103	8593	51840
1456	103	8599	51840
1457	103	8611	51840
1458	103	8612	51840
1459	103	8621	100000
1460	103	8627	51840
1461	103	8901	51840
1462	103	9032	100000
1463	103	9320	51840
1464	103	9324	51840
1465	103	9325	51840
1466	103	9330	51840
1467	103	9331	1244160
1468	103	9335	100000
1469	103	9337	51840
1470	103	9358	51840
1471	103	9373	1244160
1472	103	9378	51840
1473	103	9393	51840
1474	103	9407	1244160
1475	103	9410	2488320
1476	103	9411	51840
1477	103	9412	51840
1478	103	9423	51840
1479	103	9424	51840
1480	103	9432	51840
1481	103	9457	1244160
1482	103	9464	1244160
1483	103	9467	51840
1484	103	9469	100000
1485	103	9474	51840
1486	103	9483	51840
1487	103	9484	2488320
1488	103	9495	100000
1489	103	9543	100000
1490	103	9546	51840
1491	103	9554	51840
1492	103	9559	100000
1493	103	9565	51840
1494	103	9569	51840
1495	103	9575	51840
1496	103	9582	51840
1497	103	9584	51840
1498	103	9590	51840
1499	103	9605	51840
1500	103	9608	51840
1501	103	9610	51840
1502	103	9631	51840
1503	103	9632	51840
1504	103	9653	51840
1505	103	9657	1244160
1506	103	9664	100000
1507	103	9667	51840
1508	103	9671	51840
1509	103	9673	51840
1510	103	9678	51840
1511	103	9679	51840
1512	103	9685	51840
1513	103	9691	51840
1514	103	9698	51840
1515	103	9703	100000
1516	103	9705	1244160
1517	103	9709	100000
1518	103	9710	51840
1519	103	9715	100000
1520	103	9724	51840
1521	103	9727	51840
1522	103	9732	51840
1523	103	9745	51840
1524	103	9750	100000
1525	103	9771	100000
1526	103	9773	51840
1527	103	9775	51840
1528	103	9796	100000
1529	103	9812	2488320
1530	103	9815	2488320
1531	103	9840	51840
1532	103	9845	51840
1533	103	9850	51840
1534	103	9856	100000
1535	103	9873	100000
1536	103	9886	51840
1537	103	9903	51840
1538	103	9914	1244160
1539	103	9915	51840
1540	103	9924	51840
1541	103	9929	100000
1542	103	9941	100000
1543	103	9946	51840
1544	103	10012	51840
1545	103	10022	100000
1546	103	10023	51840
1547	103	10029	51840
1548	103	10043	51840
1549	103	10047	51840
1550	103	10048	51840
1551	103	10050	51840
1552	103	10055	100000
1553	103	10060	51840
1554	103	10084	100000
1555	103	10094	51840
1556	103	10097	51840
1557	103	10102	2488320
1558	103	10117	51840
1559	103	10126	51840
1560	103	10128	51840
1561	103	10136	51840
1562	103	10150	51840
1563	103	10151	1244160
1564	103	10156	100000
1565	103	10157	51840
1566	103	10175	51840
1567	103	10183	51840
1568	103	10199	51840
1569	103	10202	51840
1570	103	10212	51840
1571	103	10214	51840
1572	103	10230	51840
1573	103	10244	100000
1574	103	10257	51840
1575	103	10281	51840
1576	103	10292	51840
1577	103	10307	51840
1578	103	10314	51840
1579	103	10321	51840
1580	103	10325	51840
1581	103	10334	51840
1582	103	10342	1244160
1583	103	10360	51840
1584	103	10361	51840
1585	103	10362	100000
1586	103	10384	1244160
1587	103	10411	51840
1588	103	10424	51840
1589	103	10429	51840
1590	103	10446	1244160
1591	103	10476	51840
1592	103	10477	1244160
1593	103	10490	51840
1594	103	10501	51840
1595	103	10503	1244160
1596	103	10507	51840
1597	103	10509	51840
1598	103	10522	51840
1599	103	10524	51840
1600	103	10534	100000
1601	103	10539	51840
1602	103	10546	51840
1603	103	10550	100000
1604	103	10579	51840
1605	103	10593	100000
1606	103	10596	51840
1607	103	11506	100000
1608	103	11514	51840
1609	103	11528	51840
1610	103	11537	51840
1611	103	11549	51840
1612	103	11568	51840
1613	103	11575	51840
1614	103	11584	51840
1615	103	11589	2488320
1616	103	11595	100000
1617	103	11596	51840
1618	103	11597	51840
1619	103	11601	51840
1620	103	11608	51840
1621	103	11611	51840
1622	103	11620	466560
1623	103	11633	51840
1624	103	11637	51840
1625	103	11641	51840
1626	103	11648	51840
1627	103	11649	51840
1628	103	11650	51840
1629	103	11652	51840
1630	103	11655	51840
1631	103	11667	51840
1632	103	11681	51840
1633	103	11693	51840
1634	103	11704	51840
1635	103	11711	100000
1636	103	11716	51840
1637	103	11732	100000
1638	103	11747	1244160
1639	103	11756	51840
1640	103	11764	100000
1641	103	11773	51840
1642	103	11776	51840
1643	103	11786	51840
1644	103	11790	1244160
1645	103	11799	51840
1646	103	11805	100000
1647	103	11809	51840
1648	103	11826	51840
1649	103	11837	51840
1650	103	11845	1244160
1651	103	11846	51840
1652	103	11857	51840
1653	103	11863	51840
1654	103	11870	51840
1655	103	11881	51840
1656	103	11883	1244160
1657	103	11884	51840
1658	103	11886	51840
1659	103	11894	51840
1660	103	11914	100000
1661	103	11915	51840
1662	103	11930	100000
1663	103	11943	51840
1664	103	11954	1244160
1665	103	11965	1244160
1666	103	11984	51840
1667	103	12006	51840
1668	103	12010	100000
1669	103	12016	51840
1670	103	12023	51840
1671	103	12032	100000
1672	103	12040	51840
1673	103	12047	51840
1674	103	12048	51840
1675	103	12060	51840
1676	103	12070	51840
1677	103	12085	51840
1678	103	12099	51840
1679	103	12100	51840
1680	103	12114	51840
1681	103	12146	51840
1682	103	12150	51840
1683	103	12164	51840
1684	103	12179	51840
1685	103	12187	51840
1686	103	12189	100000
1687	103	12192	51840
1688	103	12193	100000
1689	103	12220	51840
1690	103	12234	1244160
1691	103	12238	51840
1692	103	12245	100000
1693	103	12246	51840
1694	103	12253	1244160
1695	103	12263	51840
1696	103	12281	100000
1697	103	12287	51840
1698	103	12299	51840
1699	103	12312	51840
1700	103	12314	100000
1701	103	12315	51840
1702	103	12326	51840
1703	103	12342	1244160
1704	103	12367	100000
1705	103	12374	51840
1706	103	12404	1244160
1707	103	12406	51840
1708	103	12411	51840
1709	103	12432	51840
1710	103	12433	51840
1711	103	12434	51840
1712	103	12439	100000
1713	103	12441	100000
1714	103	12457	100000
1715	103	12471	51840
1716	103	12475	100000
1717	103	12478	51840
1718	103	12496	100000
1719	103	12540	51840
1720	103	12542	1244160
1721	103	12556	51840
1722	103	12562	51840
1723	103	12565	51840
1724	103	12566	51840
1725	103	12578	51840
1726	103	12584	51840
1727	103	12586	51840
1728	103	12609	51840
1729	103	12612	2488320
1730	103	12622	100000
1731	103	12645	51840
1732	103	12668	51840
1733	103	12676	51840
1734	103	12677	51840
1735	103	12689	51840
1736	103	12703	51840
1737	103	12706	51840
1738	103	12708	51840
1739	103	12714	51840
1740	103	12723	1244160
1741	103	12731	51840
1742	103	12733	51840
1743	103	12742	51840
1744	103	12746	1244160
1745	103	12753	1244160
1746	103	12761	1244160
1747	103	12767	51840
1748	103	12768	51840
1749	103	12769	51840
1750	103	12770	51840
1751	103	12774	51840
1752	103	12778	51840
1753	103	12781	51840
1754	103	12789	51840
1755	103	12797	51840
1756	103	12803	51840
1757	103	12816	51840
1758	103	12827	51840
1759	103	12828	51840
1760	103	12831	100000
1761	103	12843	51840
1762	103	12853	51840
1763	103	12863	2488320
1764	103	12865	51840
1765	103	12878	51840
1766	103	12881	51840
1767	103	12884	51840
1768	103	12887	51840
1769	103	12889	100000
1770	103	12896	51840
1771	103	12912	51840
1772	103	12920	100000
1773	103	12936	51840
1774	103	12943	51840
1775	103	12955	51840
1776	103	12961	51840
1777	103	12962	51840
1778	103	12966	51840
1779	103	13688	100000
1780	103	13707	100000
1781	103	13741	51840
1782	103	13743	51840
1783	103	13748	51840
1784	103	13765	100000
1785	103	13767	51840
1786	103	13773	51840
1787	103	13776	51840
1788	103	13777	100000
1789	103	13784	100000
1790	103	13786	51840
1791	103	13794	100000
1792	103	13810	51840
1793	103	13821	51840
1794	103	13825	51840
1795	103	13845	51840
1796	103	13855	51840
1797	103	13864	100000
1798	103	13868	51840
1799	103	13870	51840
1800	103	13877	1244160
1801	103	13905	1244160
1802	103	13908	51840
1803	103	13912	51840
1804	103	13917	100000
1805	103	13921	51840
1806	103	13936	51840
1807	103	13942	51840
1808	103	13944	100000
1809	103	13946	51840
1810	103	13951	100000
1811	103	13964	1244160
1812	103	13987	51840
1813	103	14001	51840
1814	103	14009	51840
1815	103	14012	100000
1816	103	14018	51840
1817	103	14047	51840
1818	103	14067	51840
1819	103	14071	51840
1820	103	14111	51840
1821	103	14114	51840
1822	103	14121	51840
1823	103	14187	51840
1824	103	14191	51840
1825	103	14197	51840
1826	103	14221	51840
1827	103	14224	51840
1828	103	14232	51840
1829	103	14246	51840
1830	103	14258	51840
1831	103	14261	51840
1832	103	14262	51840
1833	103	14276	51840
1834	103	14277	51840
1835	103	14292	2488320
1836	103	14309	51840
1837	103	14331	51840
1838	103	14350	51840
1839	103	14368	51840
1840	103	14371	51840
1841	103	14440	51840
1842	103	14466	2488320
1843	103	14482	51840
1844	103	14484	51840
1845	103	14506	51840
1846	103	14514	51840
1847	103	14530	51840
1848	103	14536	1244160
1849	103	14554	51840
1850	103	14591	1244160
1851	103	14599	51840
1852	103	14601	1244160
1853	103	14667	51840
1854	103	14668	51840
1855	103	14669	51840
1856	103	14670	51840
1857	103	14671	51840
1858	103	14672	51840
1859	103	14673	51840
1860	103	14674	51840
1861	103	14675	51840
1862	103	14676	51840
1863	103	14677	51840
1864	103	14678	51840
1865	103	14679	51840
1866	103	14680	51840
1867	103	14681	51840
1868	103	14687	51840
1869	103	14688	51840
1870	103	14689	51840
1871	103	14691	1244160
1872	103	14730	51840
1873	103	14731	51840
1874	103	14732	51840
1875	103	14733	51840
1876	103	14734	1244160
1877	103	14735	51840
1878	103	14736	51840
1879	103	14737	51840
1880	103	14739	51840
1881	103	14740	51840
1882	103	14741	51840
1883	103	14742	51840
1884	103	14743	51840
1885	103	14744	51840
1886	103	14745	51840
1887	103	14746	51840
1888	103	14747	51840
1889	103	14749	51840
1890	103	14750	51840
1891	103	14751	51840
1892	103	14752	51840
1893	103	14753	51840
1894	103	14754	51840
1895	103	14755	51840
1896	103	14757	51840
1897	103	14758	51840
1898	103	14760	51840
1899	103	14761	51840
1900	103	14762	51840
1901	103	14765	51840
1902	103	14797	51840
1903	103	14843	100000
1904	103	14849	100000
1905	103	14879	100000
1906	103	14880	2488320
1907	103	14922	100000
1908	103	14949	100000
1909	103	14975	100000
1910	103	15001	100000
1911	103	15002	100000
1912	103	15039	51840
1913	103	15074	51840
1914	103	15163	51840
1915	103	15174	1244160
1916	103	15175	51840
1917	103	15176	1244160
1918	103	15230	51840
1919	103	15297	100000
1920	103	15464	100000
1921	103	15473	51840
1922	103	15474	51840
1923	103	15510	51840
1924	103	15511	51840
1925	103	15512	51840
1926	103	15513	51840
1927	103	15516	1244160
1928	103	15562	51840
1929	103	15635	51840
1930	103	15653	51840
1931	103	15654	51840
1932	103	15655	51840
1933	103	15670	51840
1934	103	15671	51840
1935	103	15672	51840
1936	103	15674	51840
1937	103	15675	51840
1938	103	15676	51840
1939	103	15677	51840
1940	103	15680	51840
1941	103	15681	51840
1942	103	15682	51840
1943	103	15683	51840
1944	103	15684	51840
1945	103	15685	155520
1946	103	15686	51840
1947	103	15687	51840
1948	103	15708	51840
1949	103	15709	51840
1950	103	15710	100000
1951	103	15711	155520
1952	103	15712	51840
1953	103	15713	51840
1954	103	15714	51840
1955	103	15715	51840
1956	103	15716	51840
1957	103	15717	51840
1958	103	15718	51840
1959	103	15719	51840
1960	103	15720	51840
1961	103	15721	51840
1962	103	15723	51840
1963	103	15741	51840
1964	104	258	466560
1965	104	553	100000
1966	104	568	100000
1967	104	583	100000
1968	104	1158	2488320
1969	104	1905	100000
1970	104	3912	100000
1971	104	4637	100000
1972	104	4812	100000
1973	104	4857	466560
1974	104	5775	100000
1975	104	8180	100000
1976	104	8428	100000
1977	104	9703	466560
1978	104	14006	100000
1979	106	196	51840
1980	107	604	100000
1981	107	764	100000
1982	107	2932	100000
1983	108	2189	2488320
1984	108	2589	466560
1985	109	194	1244160
1986	109	568	100000
1987	109	696	100000
1988	109	926	100000
1989	109	988	51840
1990	109	1172	51840
1991	109	1630	51840
1992	109	1636	100000
1993	109	1878	100000
1994	109	2329	100000
1995	109	4740	100000
1996	109	8180	100000
1997	109	14832	100000
1998	110	197	100000
1999	111	696	51840
2000	112	131	100000
2001	112	696	100000
2002	112	888	100000
2003	112	1158	100000
2004	112	1917	100000
2005	112	4812	100000
2006	112	6055	100000
2007	112	8180	2488320
2008	112	8471	2488320
2009	112	9543	100000
2010	112	9709	2488320
2011	112	10534	100000
2012	112	12008	51840
2013	112	12066	100000
2014	112	13690	100000
2015	112	13807	51840
2016	112	14096	100000
2017	112	14575	2488320
2018	113	152	100000
2019	114	258	100000
2020	115	2231	466560
2021	116	2231	100000
2022	117	175	51840
2023	117	15059	51840
2024	117	15064	51840
2025	118	888	51840
2026	118	14833	51840
2027	118	14834	51840
2028	119	696	51840
2029	120	1817	2488320
2030	121	133	100000
2031	121	138	51840
2032	121	5671	1244160
2033	122	161	100000
2034	122	230	100000
2035	122	919	100000
2036	122	1807	100000
2037	122	1904	100000
2038	122	6326	100000
2039	122	7228	100000
2040	122	15048	466560
2041	123	196	100000
2042	124	1036	51840
2043	124	1874	100000
2044	124	1899	100000
2045	124	2654	51840
2046	124	2739	51840
2047	124	2746	100000
2048	124	9391	100000
2049	124	11473	100000
2050	124	11533	51840
2051	124	15068	51840
2052	124	15273	51840
2053	125	881	100000
2054	125	5116	51840
2055	125	12082	2488320
2056	125	12677	51840
2057	127	147	100000
2058	127	240	100000
2059	127	243	51840
2060	127	654	2488320
2061	127	764	100000
2062	127	768	51840
2063	127	789	51840
2064	127	807	51840
2065	127	818	100000
2066	127	888	2488320
2067	127	1042	100000
2068	127	1158	100000
2069	127	1470	51840
2070	127	1504	100000
2071	127	1878	100000
2072	127	2789	100000
2073	127	2835	51840
2074	127	3117	51840
2075	127	3140	51840
2076	127	3254	51840
2077	127	3380	100000
2078	127	5366	51840
2079	127	5775	100000
2080	127	8001	100000
2081	127	10989	51840
2082	127	11416	1244160
2083	128	178	100000
2084	128	204	100000
2085	128	619	100000
2086	128	2985	2488320
2087	129	131	100000
2088	129	4812	100000
2089	130	131	100000
2090	130	15036	51840
2091	130	15044	100000
2092	131	133	100000
2093	131	141	51840
2094	131	146	2488320
2095	131	159	100000
2096	131	165	2488320
2097	131	180	100000
2098	131	185	100000
2099	131	187	100000
2100	131	258	100000
2101	131	384	100000
2102	131	396	100000
2103	131	401	100000
2104	131	410	51840
2105	131	530	466560
2106	131	541	100000
2107	131	553	2488320
2108	131	559	2488320
2109	131	568	100000
2110	131	583	100000
2111	131	584	100000
2112	131	604	2488320
2113	131	614	100000
2114	131	660	466560
2115	131	696	2488320
2116	131	735	100000
2117	131	764	100000
2118	131	788	100000
2119	131	798	100000
2120	131	818	2488320
2121	131	829	100000
2122	131	846	100000
2123	131	847	100000
2124	131	848	51840
2125	131	869	100000
2126	131	881	100000
2127	131	888	2488320
2128	131	931	100000
2129	131	1000	51840
2130	131	1071	100000
2131	131	1082	466560
2132	131	1120	100000
2133	131	1140	100000
2134	131	1158	100000
2135	131	1167	100000
2136	131	1176	100000
2137	131	1251	100000
2138	131	1258	100000
2139	131	1369	100000
2140	131	1403	100000
2141	131	1504	100000
2142	131	1588	2488320
2143	131	1603	100000
2144	131	1718	100000
2145	131	1761	100000
2146	131	1781	100000
2147	131	1801	466560
2148	131	1850	100000
2149	131	1852	100000
2150	131	1855	2488320
2151	131	1874	100000
2152	131	1878	100000
2153	131	1882	51840
2154	131	1904	100000
2155	131	1998	51840
2156	131	2122	466560
2157	131	2163	2488320
2158	131	2198	100000
2159	131	2216	100000
2160	131	2231	2488320
2161	131	2323	100000
2162	131	2359	100000
2163	131	2405	100000
2164	131	2426	100000
2165	131	2621	100000
2166	131	2674	100000
2167	131	2701	2488320
2168	131	2704	100000
2169	131	3396	51840
2170	131	3912	100000
2171	131	4223	466560
2172	131	4334	100000
2173	131	4365	100000
2174	131	4429	100000
2175	131	4740	100000
2176	131	4741	100000
2177	131	4812	100000
2178	131	4901	51840
2179	131	5031	100000
2180	131	5072	51840
2181	131	5151	100000
2182	131	6894	100000
2183	131	7228	2488320
2184	131	11303	100000
2185	131	12066	100000
2186	131	14210	100000
2187	132	1817	2488320
2188	133	187	100000
2189	133	205	100000
2190	133	266	51840
2191	133	285	100000
2192	133	367	100000
2193	133	386	2488320
2194	133	419	51840
2195	133	553	100000
2196	133	568	2488320
2197	133	660	100000
2198	133	696	100000
2199	133	764	100000
2200	133	1071	100000
2201	133	1158	100000
2202	133	1504	100000
2203	133	1588	100000
2204	133	1718	100000
2205	133	1850	100000
2206	133	1878	100000
2207	133	1917	100000
2208	133	2163	100000
2209	133	2492	100000
2210	133	2591	100000
2211	133	2668	100000
2212	133	3912	100000
2213	133	4151	100000
2214	133	4365	100000
2215	133	4812	100000
2216	133	10141	100000
2217	133	15060	51840
2218	134	2231	100000
2219	135	4740	100000
2220	136	696	100000
2221	136	1174	51840
2222	137	1670	100000
2223	137	1826	51840
2224	137	2231	100000
2225	139	2231	100000
2226	139	14901	466560
2227	140	229	51840
2228	140	230	100000
2229	140	906	2488320
2230	140	1904	100000
2231	140	4660	51840
2232	140	6326	100000
2233	140	15190	51840
2234	141	14858	51840
2235	141	14872	51840
2236	141	15051	51840
2237	141	15086	51840
2238	141	15169	51840
2239	141	15170	155520
2240	141	15200	51840
2241	142	11011	100000
2242	143	160	51840
2243	143	196	100000
2244	143	197	100000
2245	143	444	100000
2246	143	14901	100000
2247	144	197	51840
2248	145	444	100000
2249	146	157	2488320
2250	146	210	100000
2251	146	415	466560
2252	146	788	466560
2253	146	798	100000
2254	146	1504	100000
2255	146	4365	51840
2256	146	4812	100000
2257	146	5553	100000
2258	146	10709	1244160
2259	146	11011	100000
2260	146	15125	51840
2261	147	153	466560
2262	147	178	100000
2263	147	271	100000
2264	147	360	2488320
2265	147	438	51840
2266	147	678	51840
2267	147	764	2488320
2268	147	1158	100000
2269	147	1878	2488320
2270	147	1982	100000
2271	147	2958	100000
2272	147	5371	51840
2273	147	5424	100000
2274	147	5841	1244160
2275	147	5851	100000
2276	147	5877	1244160
2277	147	7560	100000
2278	147	7577	100000
2279	147	7694	1244160
2280	147	11357	51840
2281	147	11381	100000
2282	147	13314	1244160
2283	147	13328	100000
2284	147	13348	51840
2285	147	13559	51840
2286	147	14659	51840
2287	147	15035	51840
2288	147	15090	51840
2289	148	196	466560
2290	148	2231	100000
2291	149	197	100000
2292	149	1826	466560
2293	150	381	100000
2294	151	187	100000
2295	151	1167	100000
2296	152	217	100000
2297	152	219	100000
2298	152	1596	2488320
2299	152	1874	100000
2300	152	1904	100000
2301	152	4916	1244160
2302	152	5124	51840
2303	152	5181	51840
2304	152	6326	100000
2305	152	9859	51840
2306	152	10103	2488320
2307	152	10114	2488320
2308	152	10222	100000
2309	152	12738	51840
2310	152	14841	100000
2311	152	14844	100000
2312	152	14848	100000
2313	152	14915	51840
2314	152	14916	51840
2315	152	15053	51840
2316	152	15083	51840
2317	152	15084	51840
2318	152	15101	51840
2319	152	15181	51840
2320	152	15182	51840
2321	152	15448	51840
2322	152	15449	51840
2323	152	15450	51840
2324	152	15451	51840
2325	152	15452	51840
2326	152	15453	51840
2327	152	15477	1244160
2328	152	15478	51840
2329	152	15566	100000
2330	153	240	100000
2331	153	764	100000
2332	153	1158	100000
2333	153	1498	51840
2334	153	1878	2488320
2335	153	1982	100000
2336	153	5775	100000
2337	153	14818	51840
2338	154	515	51840
2339	155	175	100000
2340	155	888	100000
2341	155	1369	100000
2342	156	187	100000
2343	156	400	100000
2344	156	1648	2488320
2345	156	4261	100000
2346	157	278	100000
2347	157	764	100000
2348	157	881	100000
2349	157	1057	51840
2350	157	2800	51840
2351	157	5553	100000
2352	157	11011	100000
2353	157	15057	2488320
2354	158	381	100000
2355	159	175	100000
2356	159	196	100000
2357	159	197	2488320
2358	159	378	100000
2359	159	444	100000
2360	159	696	100000
2361	159	955	100000
2362	159	1010	100000
2363	159	1672	51840
2364	159	2163	100000
2365	161	181	100000
2366	161	218	100000
2367	161	220	100000
2368	161	230	2488320
2369	161	231	2488320
2370	161	258	100000
2371	161	278	100000
2372	161	360	100000
2373	161	553	466560
2374	161	568	100000
2375	161	583	100000
2376	161	622	100000
2377	161	625	1244160
2378	161	660	100000
2379	161	881	2488320
2380	161	888	100000
2381	161	932	100000
2382	161	968	2488320
2383	161	978	51840
2384	161	996	100000
2385	161	1156	100000
2386	161	1158	100000
2387	161	1203	100000
2388	161	1718	100000
2389	161	1874	2488320
2390	161	1878	100000
2391	161	1917	100000
2392	161	2172	100000
2393	161	2537	100000
2394	161	2568	51840
2395	161	2570	100000
2396	161	2621	100000
2397	161	2630	51840
2398	161	4114	51840
2399	161	4146	2488320
2400	161	4389	51840
2401	161	4414	100000
2402	161	4690	51840
2403	161	4758	51840
2404	161	4779	466560
2405	161	4892	2488320
2406	161	4934	100000
2407	161	4946	100000
2408	161	5246	100000
2409	161	5258	100000
2410	161	5775	466560
2411	161	6334	100000
2412	161	6414	100000
2413	161	6478	100000
2414	161	6583	51840
2415	161	6687	51840
2416	161	6748	51840
2417	161	6780	51840
2418	161	6870	1244160
2419	161	7016	51840
2420	161	7153	51840
2421	161	7228	100000
2422	161	8122	51840
2423	161	8174	100000
2424	161	8365	51840
2425	161	8582	100000
2426	161	9374	51840
2427	161	9421	51840
2428	161	9462	2488320
2429	161	9739	100000
2430	161	10174	51840
2431	161	10177	2488320
2432	161	10247	100000
2433	161	10277	51840
2434	161	10393	51840
2435	161	11571	100000
2436	161	11610	51840
2437	161	11781	1244160
2438	161	11796	51840
2439	161	12492	100000
2440	161	12597	51840
2441	161	12727	100000
2442	161	12748	100000
2443	161	12799	51840
2444	161	13760	51840
2445	161	13823	51840
2446	161	13861	51840
2447	161	13873	51840
2448	161	13993	51840
2449	161	14115	51840
2450	161	14260	1244160
2451	161	14859	100000
2452	162	8347	51840
2453	162	14843	51840
2454	162	15074	51840
2455	163	2231	100000
2456	164	8436	51840
2457	165	258	2488320
2458	165	285	100000
2459	165	480	100000
2460	165	568	100000
2461	165	660	100000
2462	165	724	100000
2463	165	764	100000
2464	165	888	100000
2465	165	1071	2488320
2466	165	1158	2488320
2467	165	1382	51840
2468	165	1718	100000
2469	165	1878	100000
2470	165	1917	100000
2471	165	2621	100000
2472	165	2668	100000
2473	165	4857	100000
2474	165	4904	100000
2475	165	6158	51840
2476	165	6548	51840
2477	165	8449	51840
2478	165	8474	100000
2479	165	8587	51840
2480	165	9663	51840
2481	165	10030	100000
2482	165	10364	100000
2483	165	12001	100000
2484	165	12534	100000
2485	165	14837	100000
2486	165	14839	2488320
2487	165	14855	100000
2488	165	14856	100000
2489	165	14876	100000
2490	165	14882	100000
2491	165	14924	100000
2492	165	15006	100000
2493	166	231	100000
2494	166	1904	100000
2495	166	8464	100000
2496	166	14887	100000
2497	166	15189	51840
2498	167	197	100000
2499	168	196	2488320
2500	169	197	100000
2501	170	196	100000
2502	170	197	100000
2503	171	197	100000
2504	172	187	100000
2505	172	955	466560
2506	173	444	100000
2507	174	1690	2488320
2508	175	187	2488320
2509	175	261	100000
2510	175	325	100000
2511	175	1383	2488320
2512	175	1675	100000
2513	175	1878	2488320
2514	175	2163	100000
2515	175	2231	100000
2516	175	4812	100000
2517	176	904	51840
2518	176	4400	100000
2519	177	424	100000
2520	178	278	466560
2521	178	388	100000
2522	178	764	100000
2523	178	881	100000
2524	178	1158	100000
2525	178	1878	2488320
2526	178	2011	51840
2527	178	2775	100000
2528	178	2838	100000
2529	178	5320	51840
2530	178	5336	100000
2531	178	5841	2488320
2532	178	5910	100000
2533	178	5939	100000
2534	178	5992	2488320
2535	178	7831	100000
2536	178	10732	100000
2537	178	11011	100000
2538	179	1208	100000
2539	180	660	100000
2540	180	696	100000
2541	180	1071	51840
2542	180	1158	100000
2543	180	1382	51840
2544	180	1718	2488320
2545	180	1878	2488320
2546	180	1917	100000
2547	180	7125	100000
2548	180	12066	100000
2549	181	906	100000
2550	181	2211	2488320
2551	181	14208	51840
2552	182	2231	100000
2553	182	14904	100000
2554	182	15047	51840
2555	182	15183	51840
2556	182	15492	51840
2557	183	187	100000
2558	184	187	100000
2559	184	288	51840
2560	184	357	51840
2561	184	359	51840
2562	185	1158	100000
2563	185	9883	100000
2564	185	12066	51840
2565	187	188	100000
2566	187	189	100000
2567	187	190	51840
2568	187	191	2488320
2569	187	194	51840
2570	187	197	2488320
2571	187	221	100000
2572	187	222	100000
2573	187	223	1244160
2574	187	224	2488320
2575	187	258	100000
2576	187	260	100000
2577	187	276	100000
2578	187	278	100000
2579	187	282	100000
2580	187	287	51840
2581	187	289	51840
2582	187	355	100000
2583	187	356	1244160
2584	187	357	100000
2585	187	360	100000
2586	187	361	100000
2587	187	362	100000
2588	187	363	51840
2589	187	364	100000
2590	187	384	100000
2591	187	390	2488320
2592	187	392	100000
2593	187	394	1244160
2594	187	426	51840
2595	187	461	100000
2596	187	468	1244160
2597	187	470	100000
2598	187	471	100000
2599	187	474	100000
2600	187	487	100000
2601	187	493	100000
2602	187	510	2488320
2603	187	516	100000
2604	187	517	100000
2605	187	521	51840
2606	187	553	100000
2607	187	555	100000
2608	187	578	100000
2609	187	579	100000
2610	187	583	100000
2611	187	584	100000
2612	187	588	51840
2613	187	594	100000
2614	187	619	100000
2615	187	636	100000
2616	187	642	2488320
2617	187	649	100000
2618	187	650	51840
2619	187	651	51840
2620	187	658	51840
2621	187	659	51840
2622	187	660	100000
2623	187	675	100000
2624	187	687	100000
2625	187	690	466560
2626	187	692	100000
2627	187	696	100000
2628	187	700	100000
2629	187	709	51840
2630	187	725	51840
2631	187	734	466560
2632	187	764	100000
2633	187	778	2488320
2634	187	783	51840
2635	187	785	100000
2636	187	788	100000
2637	187	818	100000
2638	187	820	100000
2639	187	823	100000
2640	187	827	2488320
2641	187	834	100000
2642	187	836	100000
2643	187	837	51840
2644	187	844	100000
2645	187	851	100000
2646	187	858	51840
2647	187	860	466560
2648	187	869	100000
2649	187	871	100000
2650	187	874	51840
2651	187	881	100000
2652	187	886	100000
2653	187	888	100000
2654	187	891	100000
2655	187	896	100000
2656	187	897	51840
2657	187	912	100000
2658	187	915	100000
2659	187	916	51840
2660	187	917	100000
2661	187	925	51840
2662	187	929	51840
2663	187	930	100000
2664	187	944	100000
2665	187	953	100000
2666	187	956	100000
2667	187	957	100000
2668	187	969	51840
2669	187	970	2488320
2670	187	971	2488320
2671	187	977	100000
2672	187	981	2488320
2673	187	985	100000
2674	187	999	2488320
2675	187	1008	100000
2676	187	1010	2488320
2677	187	1011	100000
2678	187	1027	100000
2679	187	1029	100000
2680	187	1031	2488320
2681	187	1033	51840
2682	187	1034	1244160
2683	187	1044	100000
2684	187	1049	466560
2685	187	1061	100000
2686	187	1065	100000
2687	187	1068	100000
2688	187	1072	100000
2689	187	1074	100000
2690	187	1075	51840
2691	187	1079	100000
2692	187	1081	2488320
2693	187	1085	2488320
2694	187	1090	100000
2695	187	1094	100000
2696	187	1096	100000
2697	187	1103	100000
2698	187	1106	51840
2699	187	1109	100000
2700	187	1112	100000
2701	187	1116	100000
2702	187	1117	51840
2703	187	1118	100000
2704	187	1120	100000
2705	187	1123	466560
2706	187	1124	1244160
2707	187	1125	51840
2708	187	1128	466560
2709	187	1132	466560
2710	187	1138	51840
2711	187	1140	2488320
2712	187	1143	100000
2713	187	1145	51840
2714	187	1147	100000
2715	187	1154	51840
2716	187	1158	100000
2717	187	1166	51840
2718	187	1167	100000
2719	187	1168	51840
2720	187	1169	2488320
2721	187	1170	51840
2722	187	1176	100000
2723	187	1180	100000
2724	187	1183	100000
2725	187	1187	51840
2726	187	1210	100000
2727	187	1251	100000
2728	187	1258	100000
2729	187	1280	100000
2730	187	1286	100000
2731	187	1289	100000
2732	187	1298	100000
2733	187	1304	2488320
2734	187	1320	2488320
2735	187	1345	100000
2736	187	1348	100000
2737	187	1349	1244160
2738	187	1357	100000
2739	187	1360	100000
2740	187	1361	100000
2741	187	1364	100000
2742	187	1367	100000
2743	187	1369	100000
2744	187	1370	100000
2745	187	1371	100000
2746	187	1373	100000
2747	187	1377	2488320
2748	187	1378	2488320
2749	187	1381	100000
2750	187	1382	100000
2751	187	1401	51840
2752	187	1403	100000
2753	187	1404	100000
2754	187	1405	100000
2755	187	1406	100000
2756	187	1407	466560
2757	187	1408	466560
2758	187	1444	100000
2759	187	1488	100000
2760	187	1504	100000
2761	187	1526	100000
2762	187	1588	2488320
2763	187	1599	100000
2764	187	1613	100000
2765	187	1616	100000
2766	187	1620	51840
2767	187	1641	100000
2768	187	1644	2488320
2769	187	1647	51840
2770	187	1648	100000
2771	187	1655	51840
2772	187	1656	100000
2773	187	1658	1244160
2774	187	1705	100000
2775	187	1706	2488320
2776	187	1708	100000
2777	187	1711	100000
2778	187	1716	100000
2779	187	1717	100000
2780	187	1718	100000
2781	187	1721	100000
2782	187	1724	100000
2783	187	1725	100000
2784	187	1726	100000
2785	187	1734	100000
2786	187	1735	100000
2787	187	1736	51840
2788	187	1747	466560
2789	187	1749	100000
2790	187	1752	51840
2791	187	1754	100000
2792	187	1757	51840
2793	187	1762	100000
2794	187	1765	466560
2795	187	1770	1244160
2796	187	1771	51840
2797	187	1779	100000
2798	187	1781	100000
2799	187	1783	100000
2800	187	1788	100000
2801	187	1789	51840
2802	187	1793	51840
2803	187	1795	1244160
2804	187	1799	51840
2805	187	1801	2488320
2806	187	1802	100000
2807	187	1803	51840
2808	187	1804	100000
2809	187	1807	100000
2810	187	1808	51840
2811	187	1810	100000
2812	187	1811	100000
2813	187	1812	100000
2814	187	1815	100000
2815	187	1819	100000
2816	187	1833	51840
2817	187	1835	100000
2818	187	1847	100000
2819	187	1850	466560
2820	187	1852	2488320
2821	187	1857	2488320
2822	187	1858	51840
2823	187	1861	100000
2824	187	1864	100000
2825	187	1865	2488320
2826	187	1868	100000
2827	187	1870	2488320
2828	187	1872	100000
2829	187	1874	100000
2830	187	1875	2488320
2831	187	1878	100000
2832	187	1879	51840
2833	187	1880	466560
2834	187	1881	100000
2835	187	1885	51840
2836	187	1887	100000
2837	187	1891	100000
2838	187	1897	100000
2839	187	1899	100000
2840	187	1901	2488320
2841	187	1907	51840
2842	187	1908	100000
2843	187	1910	51840
2844	187	1911	51840
2845	187	1919	100000
2846	187	1921	1244160
2847	187	1922	51840
2848	187	1927	51840
2849	187	1929	100000
2850	187	1930	100000
2851	187	1937	51840
2852	187	1938	100000
2853	187	1941	100000
2854	187	1946	51840
2855	187	1947	100000
2856	187	1948	100000
2857	187	1951	51840
2858	187	1957	100000
2859	187	1958	100000
2860	187	1974	100000
2861	187	1998	51840
2862	187	2009	100000
2863	187	2029	100000
2864	187	2050	100000
2865	187	2113	100000
2866	187	2114	100000
2867	187	2115	51840
2868	187	2118	51840
2869	187	2119	100000
2870	187	2121	2488320
2871	187	2123	51840
2872	187	2124	51840
2873	187	2125	51840
2874	187	2126	51840
2875	187	2128	100000
2876	187	2131	100000
2877	187	2134	100000
2878	187	2135	51840
2879	187	2137	100000
2880	187	2138	51840
2881	187	2139	51840
2882	187	2142	100000
2883	187	2143	2488320
2884	187	2144	51840
2885	187	2148	100000
2886	187	2152	51840
2887	187	2163	2488320
2888	187	2167	2488320
2889	187	2175	51840
2890	187	2176	100000
2891	187	2177	100000
2892	187	2180	51840
2893	187	2183	100000
2894	187	2188	100000
2895	187	2192	100000
2896	187	2196	100000
2897	187	2202	100000
2898	187	2203	51840
2899	187	2205	100000
2900	187	2207	51840
2901	187	2208	100000
2902	187	2213	466560
2903	187	2214	51840
2904	187	2222	51840
2905	187	2224	100000
2906	187	2225	51840
2907	187	2229	51840
2908	187	2236	100000
2909	187	2238	100000
2910	187	2250	1244160
2911	187	2254	51840
2912	187	2255	100000
2913	187	2265	100000
2914	187	2267	100000
2915	187	2268	51840
2916	187	2273	100000
2917	187	2274	100000
2918	187	2282	100000
2919	187	2285	2488320
2920	187	2289	51840
2921	187	2294	100000
2922	187	2296	1244160
2923	187	2297	51840
2924	187	2300	100000
2925	187	2302	51840
2926	187	2304	100000
2927	187	2307	51840
2928	187	2308	100000
2929	187	2314	2488320
2930	187	2316	2488320
2931	187	2318	51840
2932	187	2323	100000
2933	187	2324	51840
2934	187	2328	100000
2935	187	2331	51840
2936	187	2332	100000
2937	187	2334	100000
2938	187	2338	2488320
2939	187	2339	51840
2940	187	2341	100000
2941	187	2343	2488320
2942	187	2346	100000
2943	187	2360	100000
2944	187	2532	51840
2945	187	2534	100000
2946	187	2536	51840
2947	187	2542	100000
2948	187	2543	51840
2949	187	2545	100000
2950	187	2552	2488320
2951	187	2553	100000
2952	187	2566	51840
2953	187	2567	51840
2954	187	2568	100000
2955	187	2570	466560
2956	187	2571	100000
2957	187	2573	100000
2958	187	2574	100000
2959	187	2576	100000
2960	187	2584	2488320
2961	187	2587	100000
2962	187	2589	100000
2963	187	2592	100000
2964	187	2594	2488320
2965	187	2602	2488320
2966	187	2606	2488320
2967	187	2607	100000
2968	187	2621	2488320
2969	187	2625	100000
2970	187	2634	51840
2971	187	2638	1244160
2972	187	2642	51840
2973	187	2645	100000
2974	187	2653	100000
2975	187	2659	100000
2976	187	2665	51840
2977	187	2668	100000
2978	187	2674	100000
2979	187	2675	51840
2980	187	2676	100000
2981	187	2680	100000
2982	187	2683	51840
2983	187	2686	2488320
2984	187	2687	100000
2985	187	2688	2488320
2986	187	2689	100000
2987	187	2701	100000
2988	187	2703	51840
2989	187	2704	51840
2990	187	2712	2488320
2991	187	2714	51840
2992	187	2729	100000
2993	187	2731	100000
2994	187	2733	51840
2995	187	2738	51840
2996	187	2742	2488320
2997	187	2747	2488320
2998	187	2748	100000
2999	187	2755	51840
3000	187	2760	51840
3001	187	2762	100000
3002	187	2946	100000
3003	187	2949	100000
3004	187	3001	100000
3005	187	3060	100000
3006	187	3223	100000
3007	187	3229	2488320
3008	187	3337	51840
3009	187	3370	100000
3010	187	3454	51840
3011	187	3475	2488320
3012	187	3487	100000
3013	187	3493	100000
3014	187	3502	100000
3015	187	3510	100000
3016	187	3613	100000
3017	187	3663	100000
3018	187	3716	100000
3019	187	3729	100000
3020	187	3778	51840
3021	187	3815	100000
3022	187	3822	100000
3023	187	3901	2488320
3024	187	3906	100000
3025	187	3907	100000
3026	187	4034	51840
3027	187	4083	100000
3028	187	4104	1244160
3029	187	4106	2488320
3030	187	4124	2488320
3031	187	4125	51840
3032	187	4131	51840
3033	187	4137	100000
3034	187	4138	2488320
3035	187	4147	51840
3036	187	4148	51840
3037	187	4149	51840
3038	187	4152	100000
3039	187	4154	51840
3040	187	4157	51840
3041	187	4164	2488320
3042	187	4169	1244160
3043	187	4173	51840
3044	187	4177	100000
3045	187	4178	51840
3046	187	4179	51840
3047	187	4182	51840
3048	187	4190	100000
3049	187	4191	100000
3050	187	4198	51840
3051	187	4203	51840
3052	187	4204	100000
3053	187	4205	100000
3054	187	4206	51840
3055	187	4207	51840
3056	187	4209	100000
3057	187	4210	51840
3058	187	4219	51840
3059	187	4220	100000
3060	187	4224	51840
3061	187	4227	2488320
3062	187	4232	51840
3063	187	4233	2488320
3064	187	4234	51840
3065	187	4235	51840
3066	187	4237	100000
3067	187	4239	51840
3068	187	4244	51840
3069	187	4248	100000
3070	187	4249	51840
3071	187	4254	100000
3072	187	4258	51840
3073	187	4263	51840
3074	187	4264	100000
3075	187	4269	100000
3076	187	4273	1244160
3077	187	4275	51840
3078	187	4277	51840
3079	187	4288	51840
3080	187	4289	100000
3081	187	4294	51840
3082	187	4296	51840
3083	187	4297	51840
3084	187	4298	100000
3085	187	4299	51840
3086	187	4301	100000
3087	187	4303	51840
3088	187	4305	51840
3089	187	4309	100000
3090	187	4311	51840
3091	187	4316	100000
3092	187	4319	51840
3093	187	4321	2488320
3094	187	4328	51840
3095	187	4335	1244160
3096	187	4340	51840
3097	187	4355	51840
3098	187	4360	100000
3099	187	4372	100000
3100	187	4377	100000
3101	187	4378	100000
3102	187	4380	100000
3103	187	4388	100000
3104	187	4389	100000
3105	187	4396	51840
3106	187	4406	2488320
3107	187	4408	100000
3108	187	4412	51840
3109	187	4416	100000
3110	187	4417	51840
3111	187	4418	51840
3112	187	4424	100000
3113	187	4427	2488320
3114	187	4428	51840
3115	187	4433	100000
3116	187	4434	51840
3117	187	4435	100000
3118	187	4436	100000
3119	187	4437	100000
3120	187	4438	100000
3121	187	4439	51840
3122	187	4440	51840
3123	187	4441	51840
3124	187	4442	51840
3125	187	4445	100000
3126	187	4446	51840
3127	187	4447	2488320
3128	187	4450	51840
3129	187	4454	51840
3130	187	4459	100000
3131	187	4460	100000
3132	187	4465	100000
3133	187	4469	100000
3134	187	4470	100000
3135	187	4471	100000
3136	187	4474	100000
3137	187	4476	51840
3138	187	4477	51840
3139	187	4482	51840
3140	187	4485	51840
3141	187	4489	100000
3142	187	4491	51840
3143	187	4496	51840
3144	187	4498	51840
3145	187	4507	51840
3146	187	4509	100000
3147	187	4510	51840
3148	187	4514	51840
3149	187	4516	51840
3150	187	4523	51840
3151	187	4526	100000
3152	187	4529	51840
3153	187	4534	51840
3154	187	4537	100000
3155	187	4539	100000
3156	187	4545	100000
3157	187	4554	2488320
3158	187	4556	51840
3159	187	4559	100000
3160	187	4568	51840
3161	187	4575	1244160
3162	187	4577	100000
3163	187	4578	100000
3164	187	4583	1244160
3165	187	4585	51840
3166	187	4588	51840
3167	187	4589	100000
3168	187	4590	100000
3169	187	4595	51840
3170	187	4601	51840
3171	187	4605	51840
3172	187	4607	51840
3173	187	4612	51840
3174	187	4613	100000
3175	187	4624	100000
3176	187	4625	51840
3177	187	4628	100000
3178	187	4629	2488320
3179	187	4632	1244160
3180	187	4634	51840
3181	187	4635	51840
3182	187	4636	51840
3183	187	4641	100000
3184	187	4649	2488320
3185	187	4653	51840
3186	187	4656	51840
3187	187	4658	100000
3188	187	4663	100000
3189	187	4664	51840
3190	187	4670	2488320
3191	187	4675	51840
3192	187	4679	100000
3193	187	4682	100000
3194	187	4683	100000
3195	187	4684	51840
3196	187	4685	51840
3197	187	4686	51840
3198	187	4688	51840
3199	187	4690	100000
3200	187	4693	1244160
3201	187	4694	1244160
3202	187	4698	100000
3203	187	4702	51840
3204	187	4704	51840
3205	187	4705	51840
3206	187	4707	1244160
3207	187	4709	100000
3208	187	4710	51840
3209	187	4716	100000
3210	187	4723	51840
3211	187	4726	100000
3212	187	4728	51840
3213	187	4733	51840
3214	187	4746	51840
3215	187	4749	1244160
3216	187	4750	51840
3217	187	4752	2488320
3218	187	4754	51840
3219	187	4759	100000
3220	187	4763	51840
3221	187	4765	100000
3222	187	4767	51840
3223	187	4768	51840
3224	187	4769	100000
3225	187	4770	51840
3226	187	4771	100000
3227	187	4772	100000
3228	187	4773	51840
3229	187	4774	51840
3230	187	4777	100000
3231	187	4778	51840
3232	187	4782	100000
3233	187	4792	51840
3234	187	4798	100000
3235	187	4802	51840
3236	187	4803	51840
3237	187	4804	100000
3238	187	4811	100000
3239	187	4814	51840
3240	187	4819	2488320
3241	187	4821	100000
3242	187	4824	51840
3243	187	4830	51840
3244	187	4833	51840
3245	187	4834	51840
3246	187	4835	1244160
3247	187	4842	100000
3248	187	4845	51840
3249	187	4847	100000
3250	187	4849	1244160
3251	187	4854	51840
3252	187	4855	100000
3253	187	4859	100000
3254	187	4860	51840
3255	187	4864	51840
3256	187	4867	51840
3257	187	4869	51840
3258	187	4871	51840
3259	187	4872	100000
3260	187	4873	51840
3261	187	4874	51840
3262	187	4877	51840
3263	187	4881	100000
3264	187	4882	100000
3265	187	4883	2488320
3266	187	4884	51840
3267	187	4885	51840
3268	187	4899	51840
3269	187	4902	100000
3270	187	4905	100000
3271	187	4921	51840
3272	187	4924	51840
3273	187	4927	100000
3274	187	4928	100000
3275	187	4929	51840
3276	187	4937	1244160
3277	187	4938	51840
3278	187	4941	51840
3279	187	4944	51840
3280	187	4946	100000
3281	187	4947	51840
3282	187	4950	1244160
3283	187	4954	100000
3284	187	4955	466560
3285	187	4958	51840
3286	187	4959	51840
3287	187	4964	51840
3288	187	4968	100000
3289	187	4969	2488320
3290	187	4971	51840
3291	187	4976	51840
3292	187	4977	100000
3293	187	4978	51840
3294	187	4980	51840
3295	187	4982	51840
3296	187	4991	51840
3297	187	4996	51840
3298	187	4997	1244160
3299	187	4999	51840
3300	187	5001	2488320
3301	187	5002	100000
3302	187	5003	51840
3303	187	5004	51840
3304	187	5009	51840
3305	187	5015	100000
3306	187	5016	100000
3307	187	5019	2488320
3308	187	5021	100000
3309	187	5022	100000
3310	187	5028	51840
3311	187	5036	100000
3312	187	5038	51840
3313	187	5040	100000
3314	187	5044	51840
3315	187	5045	51840
3316	187	5046	51840
3317	187	5052	2488320
3318	187	5055	51840
3319	187	5062	100000
3320	187	5063	100000
3321	187	5065	51840
3322	187	5072	100000
3323	187	5073	100000
3324	187	5075	100000
3325	187	5081	100000
3326	187	5084	51840
3327	187	5087	100000
3328	187	5088	51840
3329	187	5092	1244160
3330	187	5093	100000
3331	187	5100	51840
3332	187	5102	1244160
3333	187	5109	51840
3334	187	5110	51840
3335	187	5111	2488320
3336	187	5116	100000
3337	187	5128	51840
3338	187	5131	100000
3339	187	5133	2488320
3340	187	5135	100000
3341	187	5136	51840
3342	187	5138	2488320
3343	187	5145	100000
3344	187	5148	1244160
3345	187	5150	51840
3346	187	5155	51840
3347	187	5156	51840
3348	187	5157	51840
3349	187	5159	51840
3350	187	5160	51840
3351	187	5161	100000
3352	187	5163	100000
3353	187	5165	51840
3354	187	5170	100000
3355	187	5172	100000
3356	187	5178	51840
3357	187	5183	51840
3358	187	5185	51840
3359	187	5188	1244160
3360	187	5194	51840
3361	187	5205	51840
3362	187	5207	100000
3363	187	5208	2488320
3364	187	5216	1244160
3365	187	5217	51840
3366	187	5221	1244160
3367	187	5223	1244160
3368	187	5224	51840
3369	187	5233	100000
3370	187	5234	51840
3371	187	5235	51840
3372	187	5239	100000
3373	187	5240	2488320
3374	187	5241	2488320
3375	187	5242	100000
3376	187	5244	51840
3377	187	5246	100000
3378	187	5247	51840
3379	187	5249	51840
3380	187	5255	51840
3381	187	5256	100000
3382	187	5257	2488320
3383	187	5263	51840
3384	187	5265	51840
3385	187	5266	51840
3386	187	5267	51840
3387	187	5273	51840
3388	187	5286	51840
3389	187	5288	100000
3390	187	5433	100000
3391	187	5439	100000
3392	187	5594	100000
3393	187	5883	100000
3394	187	6012	2488320
3395	187	6057	51840
3396	187	6068	100000
3397	187	6076	51840
3398	187	6081	100000
3399	187	6084	51840
3400	187	6085	51840
3401	187	6089	100000
3402	187	6090	51840
3403	187	6091	51840
3404	187	6095	1244160
3405	187	6100	51840
3406	187	6108	51840
3407	187	6112	51840
3408	187	6114	51840
3409	187	6119	51840
3410	187	6122	51840
3411	187	6128	1244160
3412	187	6129	100000
3413	187	6131	51840
3414	187	6132	51840
3415	187	6134	51840
3416	187	6136	100000
3417	187	6138	51840
3418	187	6151	100000
3419	187	6152	100000
3420	187	6153	100000
3421	187	6154	51840
3422	187	6157	51840
3423	187	6159	51840
3424	187	6162	100000
3425	187	6163	51840
3426	187	6164	51840
3427	187	6168	51840
3428	187	6171	51840
3429	187	6173	51840
3430	187	6176	1244160
3431	187	6178	51840
3432	187	6181	51840
3433	187	6182	51840
3434	187	6184	51840
3435	187	6188	51840
3436	187	6189	100000
3437	187	6191	51840
3438	187	6198	1244160
3439	187	6199	100000
3440	187	6201	51840
3441	187	6208	51840
3442	187	6209	51840
3443	187	6211	51840
3444	187	6212	100000
3445	187	6213	100000
3446	187	6214	100000
3447	187	6218	2488320
3448	187	6220	1244160
3449	187	6223	51840
3450	187	6224	2488320
3451	187	6225	2488320
3452	187	6226	51840
3453	187	6228	51840
3454	187	6229	2488320
3455	187	6237	51840
3456	187	6238	100000
3457	187	6242	51840
3458	187	6243	51840
3459	187	6244	51840
3460	187	6245	51840
3461	187	6247	51840
3462	187	6252	51840
3463	187	6257	100000
3464	187	6272	1244160
3465	187	6276	466560
3466	187	6278	2488320
3467	187	6280	100000
3468	187	6281	51840
3469	187	6284	100000
3470	187	6286	51840
3471	187	6288	51840
3472	187	6294	51840
3473	187	6295	100000
3474	187	6297	100000
3475	187	6299	51840
3476	187	6302	51840
3477	187	6304	51840
3478	187	6310	1244160
3479	187	6315	51840
3480	187	6319	100000
3481	187	6320	51840
3482	187	6322	1244160
3483	187	6326	100000
3484	187	6328	51840
3485	187	6332	2488320
3486	187	6334	100000
3487	187	6337	51840
3488	187	6341	100000
3489	187	6342	100000
3490	187	6343	2488320
3491	187	6345	100000
3492	187	6350	51840
3493	187	6357	51840
3494	187	6359	51840
3495	187	6360	51840
3496	187	6361	100000
3497	187	6366	466560
3498	187	6367	1244160
3499	187	6368	51840
3500	187	6369	2488320
3501	187	6370	51840
3502	187	6372	51840
3503	187	6375	51840
3504	187	6380	51840
3505	187	6382	51840
3506	187	6389	51840
3507	187	6396	51840
3508	187	6400	1244160
3509	187	6404	51840
3510	187	6407	51840
3511	187	6408	1244160
3512	187	6409	51840
3513	187	6411	51840
3514	187	6412	51840
3515	187	6417	51840
3516	187	6422	51840
3517	187	6426	100000
3518	187	6428	100000
3519	187	6430	51840
3520	187	6433	51840
3521	187	6436	51840
3522	187	6442	2488320
3523	187	6445	100000
3524	187	6449	51840
3525	187	6450	51840
3526	187	6459	51840
3527	187	6467	100000
3528	187	6469	51840
3529	187	6470	466560
3530	187	6476	51840
3531	187	6487	51840
3532	187	6489	100000
3533	187	6505	51840
3534	187	6509	51840
3535	187	6510	51840
3536	187	6513	2488320
3537	187	6515	51840
3538	187	6516	51840
3539	187	6520	51840
3540	187	6521	51840
3541	187	6523	51840
3542	187	6524	51840
3543	187	6526	51840
3544	187	6528	51840
3545	187	6534	51840
3546	187	6535	51840
3547	187	6537	51840
3548	187	6538	51840
3549	187	6540	51840
3550	187	6542	100000
3551	187	6544	51840
3552	187	6552	51840
3553	187	6557	51840
3554	187	6560	51840
3555	187	6565	51840
3556	187	6566	466560
3557	187	6569	51840
3558	187	6580	51840
3559	187	6585	51840
3560	187	6586	51840
3561	187	6587	51840
3562	187	6589	2488320
3563	187	6591	51840
3564	187	6601	51840
3565	187	6602	51840
3566	187	6604	51840
3567	187	6605	51840
3568	187	6613	51840
3569	187	6616	51840
3570	187	6624	51840
3571	187	6625	51840
3572	187	6629	51840
3573	187	6630	51840
3574	187	6632	51840
3575	187	6633	51840
3576	187	6639	2488320
3577	187	6641	51840
3578	187	6644	2488320
3579	187	6645	100000
3580	187	6646	100000
3581	187	6647	51840
3582	187	6648	1244160
3583	187	6649	51840
3584	187	6650	1244160
3585	187	6651	51840
3586	187	6652	51840
3587	187	6654	1244160
3588	187	6659	51840
3589	187	6661	51840
3590	187	6663	51840
3591	187	6665	51840
3592	187	6666	100000
3593	187	6667	51840
3594	187	6668	51840
3595	187	6669	100000
3596	187	6672	51840
3597	187	6673	51840
3598	187	6682	100000
3599	187	6685	51840
3600	187	6686	51840
3601	187	6691	1244160
3602	187	6692	100000
3603	187	6694	2488320
3604	187	6702	51840
3605	187	6703	1244160
3606	187	6707	100000
3607	187	6709	51840
3608	187	6710	51840
3609	187	6712	51840
3610	187	6716	51840
3611	187	6717	51840
3612	187	6720	51840
3613	187	6721	51840
3614	187	6723	51840
3615	187	6724	51840
3616	187	6726	100000
3617	187	6729	51840
3618	187	6730	51840
3619	187	6731	51840
3620	187	6734	2488320
3621	187	6737	51840
3622	187	6740	51840
3623	187	6744	51840
3624	187	6750	1244160
3625	187	6751	51840
3626	187	6753	51840
3627	187	6761	100000
3628	187	6763	51840
3629	187	6774	51840
3630	187	6775	100000
3631	187	6780	51840
3632	187	6782	1244160
3633	187	6783	100000
3634	187	6784	51840
3635	187	6788	51840
3636	187	6790	51840
3637	187	6793	51840
3638	187	6794	51840
3639	187	6796	100000
3640	187	6800	51840
3641	187	6808	100000
3642	187	6812	51840
3643	187	6817	100000
3644	187	6818	51840
3645	187	6824	100000
3646	187	6825	51840
3647	187	6829	51840
3648	187	6832	1244160
3649	187	6837	51840
3650	187	6839	100000
3651	187	6840	51840
3652	187	6845	466560
3653	187	6853	2488320
3654	187	6854	100000
3655	187	6855	51840
3656	187	6861	100000
3657	187	6863	2488320
3658	187	6866	51840
3659	187	6867	100000
3660	187	6870	51840
3661	187	6875	51840
3662	187	6877	51840
3663	187	6880	51840
3664	187	6885	51840
3665	187	6887	51840
3666	187	6889	51840
3667	187	6890	51840
3668	187	6891	100000
3669	187	6905	51840
3670	187	6913	2488320
3671	187	6918	2488320
3672	187	6919	100000
3673	187	6920	100000
3674	187	6921	100000
3675	187	6922	100000
3676	187	6926	100000
3677	187	6928	100000
3678	187	6931	100000
3679	187	6934	51840
3680	187	6935	51840
3681	187	6937	51840
3682	187	6942	51840
3683	187	6946	100000
3684	187	6948	100000
3685	187	6950	51840
3686	187	6951	51840
3687	187	6955	51840
3688	187	6956	51840
3689	187	6968	100000
3690	187	6969	51840
3691	187	6972	51840
3692	187	6974	1244160
3693	187	6975	51840
3694	187	6976	51840
3695	187	6982	100000
3696	187	6983	51840
3697	187	6988	51840
3698	187	6990	51840
3699	187	6993	51840
3700	187	6994	51840
3701	187	6996	51840
3702	187	6998	100000
3703	187	7001	51840
3704	187	7007	51840
3705	187	7009	51840
3706	187	7010	100000
3707	187	7011	51840
3708	187	7013	100000
3709	187	7014	51840
3710	187	7019	51840
3711	187	7025	51840
3712	187	7026	51840
3713	187	7032	100000
3714	187	7034	51840
3715	187	7037	51840
3716	187	7039	51840
3717	187	7040	51840
3718	187	7045	466560
3719	187	7046	51840
3720	187	7050	1244160
3721	187	7051	100000
3722	187	7058	51840
3723	187	7061	51840
3724	187	7062	100000
3725	187	7063	51840
3726	187	7065	51840
3727	187	7067	51840
3728	187	7072	2488320
3729	187	7073	100000
3730	187	7075	100000
3731	187	7076	2488320
3732	187	7082	51840
3733	187	7083	51840
3734	187	7084	51840
3735	187	7086	51840
3736	187	7088	1244160
3737	187	7089	51840
3738	187	7095	51840
3739	187	7096	100000
3740	187	7098	100000
3741	187	7099	51840
3742	187	7104	100000
3743	187	7105	51840
3744	187	7106	51840
3745	187	7110	51840
3746	187	7112	51840
3747	187	7115	51840
3748	187	7118	51840
3749	187	7119	51840
3750	187	7120	100000
3751	187	7128	100000
3752	187	7131	51840
3753	187	7132	100000
3754	187	7135	51840
3755	187	7141	1244160
3756	187	7142	100000
3757	187	7143	51840
3758	187	7158	51840
3759	187	7160	51840
3760	187	7161	51840
3761	187	7165	51840
3762	187	7166	51840
3763	187	7167	51840
3764	187	7168	51840
3765	187	7173	51840
3766	187	7174	100000
3767	187	7176	51840
3768	187	7177	51840
3769	187	7186	100000
3770	187	7188	51840
3771	187	7190	51840
3772	187	7193	51840
3773	187	7200	51840
3774	187	7201	51840
3775	187	7202	51840
3776	187	7207	51840
3777	187	7209	51840
3778	187	7210	100000
3779	187	7214	100000
3780	187	7218	1244160
3781	187	7222	51840
3782	187	7223	2488320
3783	187	7224	1244160
3784	187	7225	51840
3785	187	7226	1244160
3786	187	7227	51840
3787	187	7228	100000
3788	187	7230	51840
3789	187	7233	51840
3790	187	7237	51840
3791	187	7244	51840
3792	187	7245	1244160
3793	187	7246	51840
3794	187	7248	51840
3795	187	7251	51840
3796	187	7254	51840
3797	187	7255	2488320
3798	187	7256	51840
3799	187	7259	51840
3800	187	7263	51840
3801	187	7264	51840
3802	187	7266	2488320
3803	187	7820	51840
3804	187	7993	100000
3805	187	8043	51840
3806	187	8045	51840
3807	187	8046	51840
3808	187	8047	100000
3809	187	8050	51840
3810	187	8057	51840
3811	187	8059	51840
3812	187	8062	51840
3813	187	8063	51840
3814	187	8064	100000
3815	187	8071	100000
3816	187	8081	51840
3817	187	8082	51840
3818	187	8085	100000
3819	187	8086	51840
3820	187	8090	51840
3821	187	8097	51840
3822	187	8098	51840
3823	187	8100	1244160
3824	187	8118	2488320
3825	187	8119	100000
3826	187	8120	51840
3827	187	8121	100000
3828	187	8127	51840
3829	187	8129	51840
3830	187	8132	51840
3831	187	8138	51840
3832	187	8141	51840
3833	187	8143	100000
3834	187	8146	100000
3835	187	8158	51840
3836	187	8160	51840
3837	187	8167	51840
3838	187	8173	51840
3839	187	8178	51840
3840	187	8181	51840
3841	187	8182	51840
3842	187	8183	51840
3843	187	8185	100000
3844	187	8187	51840
3845	187	8191	1244160
3846	187	8195	51840
3847	187	8197	1244160
3848	187	8201	51840
3849	187	8203	51840
3850	187	8204	51840
3851	187	8205	51840
3852	187	8206	51840
3853	187	8207	51840
3854	187	8208	100000
3855	187	8210	51840
3856	187	8212	1244160
3857	187	8221	51840
3858	187	8223	51840
3859	187	8225	51840
3860	187	8226	51840
3861	187	8229	51840
3862	187	8230	100000
3863	187	8234	100000
3864	187	8235	51840
3865	187	8237	2488320
3866	187	8238	1244160
3867	187	8239	100000
3868	187	8247	51840
3869	187	8249	1244160
3870	187	8251	51840
3871	187	8254	51840
3872	187	8255	100000
3873	187	8256	51840
3874	187	8257	51840
3875	187	8258	51840
3876	187	8259	2488320
3877	187	8265	51840
3878	187	8267	51840
3879	187	8268	51840
3880	187	8274	100000
3881	187	8276	51840
3882	187	8277	100000
3883	187	8279	1244160
3884	187	8281	51840
3885	187	8283	51840
3886	187	8284	100000
3887	187	8286	51840
3888	187	8294	2488320
3889	187	8297	51840
3890	187	8308	51840
3891	187	8309	51840
3892	187	8311	51840
3893	187	8312	51840
3894	187	8313	51840
3895	187	8315	51840
3896	187	8318	51840
3897	187	8319	100000
3898	187	8321	51840
3899	187	8325	51840
3900	187	8326	51840
3901	187	8330	1244160
3902	187	8331	51840
3903	187	8333	51840
3904	187	8335	51840
3905	187	8339	51840
3906	187	8342	51840
3907	187	8343	51840
3908	187	8351	51840
3909	187	8352	51840
3910	187	8354	100000
3911	187	8356	51840
3912	187	8358	51840
3913	187	8359	51840
3914	187	8360	100000
3915	187	8364	51840
3916	187	8365	466560
3917	187	8367	51840
3918	187	8369	51840
3919	187	8371	100000
3920	187	8373	51840
3921	187	8382	51840
3922	187	8385	51840
3923	187	8386	51840
3924	187	8392	51840
3925	187	8394	51840
3926	187	8395	100000
3927	187	8396	51840
3928	187	8397	51840
3929	187	8399	51840
3930	187	8402	51840
3931	187	8403	100000
3932	187	8406	2488320
3933	187	8408	51840
3934	187	8409	51840
3935	187	8412	1244160
3936	187	8416	51840
3937	187	8418	51840
3938	187	8420	51840
3939	187	8425	51840
3940	187	8426	100000
3941	187	8434	100000
3942	187	8437	51840
3943	187	8440	51840
3944	187	8445	51840
3945	187	8447	1244160
3946	187	8448	100000
3947	187	8453	51840
3948	187	8455	51840
3949	187	8456	1244160
3950	187	8458	100000
3951	187	8459	100000
3952	187	8463	51840
3953	187	8467	100000
3954	187	8469	100000
3955	187	8475	51840
3956	187	8477	51840
3957	187	8480	51840
3958	187	8486	51840
3959	187	8491	51840
3960	187	8492	51840
3961	187	8493	51840
3962	187	8494	51840
3963	187	8496	100000
3964	187	8502	51840
3965	187	8503	51840
3966	187	8507	51840
3967	187	8510	51840
3968	187	8515	51840
3969	187	8516	51840
3970	187	8518	51840
3971	187	8520	1244160
3972	187	8533	51840
3973	187	8536	51840
3974	187	8544	100000
3975	187	8548	1244160
3976	187	8549	51840
3977	187	8552	1244160
3978	187	8553	100000
3979	187	8554	51840
3980	187	8555	51840
3981	187	8557	1244160
3982	187	8560	51840
3983	187	8561	51840
3984	187	8564	51840
3985	187	8565	51840
3986	187	8567	51840
3987	187	8568	51840
3988	187	8570	51840
3989	187	8571	51840
3990	187	8572	51840
3991	187	8579	51840
3992	187	8580	2488320
3993	187	8581	466560
3994	187	8586	51840
3995	187	8587	51840
3996	187	8592	100000
3997	187	8601	51840
3998	187	8603	100000
3999	187	8606	2488320
4000	187	8613	51840
4001	187	8615	2488320
4002	187	8617	100000
4003	187	8620	100000
4004	187	8622	1244160
4005	187	8623	51840
4006	187	8627	51840
4007	187	8629	51840
4008	187	8835	100000
4009	187	8961	100000
4010	187	8976	51840
4011	187	8977	100000
4012	187	9068	100000
4013	187	9106	100000
4014	187	9157	100000
4015	187	9159	100000
4016	187	9302	51840
4017	187	9305	100000
4018	187	9307	51840
4019	187	9308	51840
4020	187	9310	100000
4021	187	9312	51840
4022	187	9315	51840
4023	187	9316	1244160
4024	187	9319	51840
4025	187	9320	1244160
4026	187	9323	51840
4027	187	9325	51840
4028	187	9333	2488320
4029	187	9337	1244160
4030	187	9338	2488320
4031	187	9340	51840
4032	187	9341	51840
4033	187	9343	51840
4034	187	9344	51840
4035	187	9345	51840
4036	187	9351	51840
4037	187	9355	100000
4038	187	9356	1244160
4039	187	9358	51840
4040	187	9364	100000
4041	187	9365	51840
4042	187	9369	51840
4043	187	9373	51840
4044	187	9379	51840
4045	187	9380	100000
4046	187	9382	51840
4047	187	9383	51840
4048	187	9386	51840
4049	187	9392	100000
4050	187	9394	51840
4051	187	9395	51840
4052	187	9397	1244160
4053	187	9398	51840
4054	187	9401	1244160
4055	187	9403	51840
4056	187	9407	51840
4057	187	9411	51840
4058	187	9414	100000
4059	187	9424	51840
4060	187	9427	51840
4061	187	9429	51840
4062	187	9433	51840
4063	187	9437	100000
4064	187	9443	100000
4065	187	9445	100000
4066	187	9446	51840
4067	187	9447	51840
4068	187	9451	51840
4069	187	9452	51840
4070	187	9457	51840
4071	187	9460	51840
4072	187	9462	51840
4073	187	9464	51840
4074	187	9466	51840
4075	187	9469	100000
4076	187	9472	51840
4077	187	9474	51840
4078	187	9475	100000
4079	187	9476	100000
4080	187	9479	1244160
4081	187	9480	51840
4082	187	9485	1244160
4083	187	9490	51840
4084	187	9492	51840
4085	187	9496	1244160
4086	187	9500	51840
4087	187	9501	51840
4088	187	9502	51840
4089	187	9503	51840
4090	187	9504	51840
4091	187	9505	51840
4092	187	9508	51840
4093	187	9512	2488320
4094	187	9514	100000
4095	187	9522	1244160
4096	187	9524	51840
4097	187	9525	100000
4098	187	9529	51840
4099	187	9530	51840
4100	187	9531	51840
4101	187	9532	51840
4102	187	9541	51840
4103	187	9549	51840
4104	187	9554	51840
4105	187	9556	100000
4106	187	9557	51840
4107	187	9562	51840
4108	187	9563	100000
4109	187	9565	51840
4110	187	9566	51840
4111	187	9568	100000
4112	187	9576	51840
4113	187	9578	51840
4114	187	9580	100000
4115	187	9581	51840
4116	187	9587	51840
4117	187	9588	51840
4118	187	9592	51840
4119	187	9595	51840
4120	187	9598	51840
4121	187	9604	51840
4122	187	9609	2488320
4123	187	9612	51840
4124	187	9615	51840
4125	187	9617	100000
4126	187	9619	51840
4127	187	9621	51840
4128	187	9626	51840
4129	187	9628	51840
4130	187	9629	100000
4131	187	9634	1244160
4132	187	9637	51840
4133	187	9638	51840
4134	187	9639	100000
4135	187	9647	51840
4136	187	9652	51840
4137	187	9654	51840
4138	187	9658	51840
4139	187	9661	51840
4140	187	9663	100000
4141	187	9664	2488320
4142	187	9666	100000
4143	187	9679	100000
4144	187	9687	51840
4145	187	9688	51840
4146	187	9699	51840
4147	187	9703	100000
4148	187	9704	100000
4149	187	9707	1244160
4150	187	9712	51840
4151	187	9718	51840
4152	187	9720	51840
4153	187	9724	51840
4154	187	9729	1244160
4155	187	9730	51840
4156	187	9732	100000
4157	187	9735	2488320
4158	187	9740	100000
4159	187	9742	51840
4160	187	9748	2488320
4161	187	9749	51840
4162	187	9751	51840
4163	187	9759	51840
4164	187	9765	51840
4165	187	9766	100000
4166	187	9767	51840
4167	187	9769	51840
4168	187	9774	51840
4169	187	9778	51840
4170	187	9779	51840
4171	187	9782	100000
4172	187	9783	1244160
4173	187	9789	100000
4174	187	9790	100000
4175	187	9800	51840
4176	187	9803	51840
4177	187	9805	51840
4178	187	9806	100000
4179	187	9813	51840
4180	187	9814	51840
4181	187	9818	51840
4182	187	9821	51840
4183	187	9823	1244160
4184	187	9824	2488320
4185	187	9825	1244160
4186	187	9826	100000
4187	187	9827	51840
4188	187	9828	51840
4189	187	9829	51840
4190	187	9830	51840
4191	187	9831	51840
4192	187	9832	51840
4193	187	9835	51840
4194	187	9838	1244160
4195	187	9843	51840
4196	187	9847	100000
4197	187	9852	51840
4198	187	9854	51840
4199	187	9860	51840
4200	187	9861	51840
4201	187	9862	51840
4202	187	9863	100000
4203	187	9865	51840
4204	187	9866	51840
4205	187	9874	100000
4206	187	9877	51840
4207	187	9878	51840
4208	187	9881	51840
4209	187	9884	51840
4210	187	9885	100000
4211	187	9887	51840
4212	187	9891	51840
4213	187	9893	2488320
4214	187	9894	100000
4215	187	9897	51840
4216	187	9900	51840
4217	187	9903	51840
4218	187	9908	100000
4219	187	9910	51840
4220	187	9911	51840
4221	187	9913	51840
4222	187	9915	51840
4223	187	9916	100000
4224	187	9920	100000
4225	187	9922	51840
4226	187	9925	51840
4227	187	9926	51840
4228	187	9930	51840
4229	187	9938	51840
4230	187	9942	51840
4231	187	9943	51840
4232	187	9944	51840
4233	187	9945	51840
4234	187	9947	2488320
4235	187	9948	2488320
4236	187	9949	100000
4237	187	9950	100000
4238	187	9951	51840
4239	187	9952	100000
4240	187	9953	2488320
4241	187	9954	51840
4242	187	9955	1244160
4243	187	9956	100000
4244	187	9957	100000
4245	187	9958	100000
4246	187	9959	100000
4247	187	9961	100000
4248	187	9962	100000
4249	187	9963	51840
4250	187	9968	1244160
4251	187	9969	51840
4252	187	9970	51840
4253	187	9975	100000
4254	187	9977	51840
4255	187	9978	51840
4256	187	9979	51840
4257	187	9984	1244160
4258	187	9985	51840
4259	187	9987	100000
4260	187	9995	1244160
4261	187	9996	51840
4262	187	9997	51840
4263	187	10000	100000
4264	187	10002	51840
4265	187	10004	51840
4266	187	10006	51840
4267	187	10011	51840
4268	187	10014	51840
4269	187	10016	51840
4270	187	10017	51840
4271	187	10020	51840
4272	187	10021	100000
4273	187	10023	1244160
4274	187	10025	51840
4275	187	10027	51840
4276	187	10032	51840
4277	187	10033	51840
4278	187	10035	51840
4279	187	10040	51840
4280	187	10054	51840
4281	187	10062	1244160
4282	187	10069	100000
4283	187	10071	51840
4284	187	10072	51840
4285	187	10088	1244160
4286	187	10093	51840
4287	187	10096	51840
4288	187	10098	51840
4289	187	10100	100000
4290	187	10103	100000
4291	187	10111	51840
4292	187	10113	100000
4293	187	10118	51840
4294	187	10119	1244160
4295	187	10121	51840
4296	187	10122	51840
4297	187	10124	51840
4298	187	10126	51840
4299	187	10129	51840
4300	187	10133	1244160
4301	187	10134	51840
4302	187	10135	51840
4303	187	10138	51840
4304	187	10139	100000
4305	187	10142	51840
4306	187	10148	51840
4307	187	10155	51840
4308	187	10158	51840
4309	187	10162	100000
4310	187	10166	466560
4311	187	10167	100000
4312	187	10170	51840
4313	187	10174	100000
4314	187	10180	51840
4315	187	10186	51840
4316	187	10187	51840
4317	187	10191	51840
4318	187	10195	51840
4319	187	10196	100000
4320	187	10200	1244160
4321	187	10208	51840
4322	187	10210	51840
4323	187	10213	51840
4324	187	10216	51840
4325	187	10218	51840
4326	187	10221	51840
4327	187	10227	51840
4328	187	10233	51840
4329	187	10235	466560
4330	187	10237	51840
4331	187	10240	51840
4332	187	10245	51840
4333	187	10256	100000
4334	187	10257	51840
4335	187	10260	2488320
4336	187	10261	51840
4337	187	10267	51840
4338	187	10270	51840
4339	187	10281	51840
4340	187	10282	51840
4341	187	10290	51840
4342	187	10294	51840
4343	187	10299	51840
4344	187	10306	51840
4345	187	10313	100000
4346	187	10314	51840
4347	187	10318	100000
4348	187	10319	51840
4349	187	10338	51840
4350	187	10339	1244160
4351	187	10340	51840
4352	187	10344	100000
4353	187	10349	51840
4354	187	10363	100000
4355	187	10370	2488320
4356	187	10372	51840
4357	187	10373	100000
4358	187	10383	100000
4359	187	10385	51840
4360	187	10388	51840
4361	187	10389	51840
4362	187	10391	1244160
4363	187	10392	51840
4364	187	10393	100000
4365	187	10396	51840
4366	187	10397	51840
4367	187	10401	51840
4368	187	10402	51840
4369	187	10405	51840
4370	187	10411	1244160
4371	187	10414	51840
4372	187	10417	51840
4373	187	10419	51840
4374	187	10427	51840
4375	187	10430	51840
4376	187	10432	51840
4377	187	10434	100000
4378	187	10437	51840
4379	187	10444	1244160
4380	187	10446	100000
4381	187	10448	1244160
4382	187	10465	51840
4383	187	10466	51840
4384	187	10468	100000
4385	187	10470	51840
4386	187	10471	51840
4387	187	10476	51840
4388	187	10477	51840
4389	187	10486	100000
4390	187	10487	51840
4391	187	10491	51840
4392	187	10497	51840
4393	187	10502	51840
4394	187	10506	51840
4395	187	10507	51840
4396	187	10514	51840
4397	187	10515	51840
4398	187	10516	51840
4399	187	10521	51840
4400	187	10525	51840
4401	187	10527	51840
4402	187	10529	51840
4403	187	10530	51840
4404	187	10531	51840
4405	187	10532	1244160
4406	187	10538	51840
4407	187	10541	51840
4408	187	10543	51840
4409	187	10548	51840
4410	187	10549	51840
4411	187	10550	100000
4412	187	10552	100000
4413	187	10554	51840
4414	187	10558	100000
4415	187	10560	51840
4416	187	10562	51840
4417	187	10565	1244160
4418	187	10567	51840
4419	187	10568	100000
4420	187	10569	51840
4421	187	10570	1244160
4422	187	10574	51840
4423	187	10575	51840
4424	187	10576	51840
4425	187	10579	51840
4426	187	10581	51840
4427	187	10586	51840
4428	187	10587	51840
4429	187	10588	51840
4430	187	10598	51840
4431	187	10602	51840
4432	187	10603	100000
4433	187	10606	51840
4434	187	10609	100000
4435	187	10756	100000
4436	187	10843	2488320
4437	187	11339	1244160
4438	187	11370	51840
4439	187	11382	2488320
4440	187	11462	51840
4441	187	11464	51840
4442	187	11465	51840
4443	187	11467	51840
4444	187	11469	51840
4445	187	11470	1244160
4446	187	11480	51840
4447	187	11485	51840
4448	187	11487	51840
4449	187	11490	51840
4450	187	11495	100000
4451	187	11496	100000
4452	187	11499	51840
4453	187	11500	51840
4454	187	11503	100000
4455	187	11504	51840
4456	187	11514	51840
4457	187	11523	51840
4458	187	11526	51840
4459	187	11527	51840
4460	187	11529	100000
4461	187	11536	51840
4462	187	11540	51840
4463	187	11543	51840
4464	187	11544	100000
4465	187	11548	51840
4466	187	11552	51840
4467	187	11554	51840
4468	187	11556	51840
4469	187	11560	100000
4470	187	11561	51840
4471	187	11562	51840
4472	187	11564	51840
4473	187	11565	51840
4474	187	11571	2488320
4475	187	11572	100000
4476	187	11575	51840
4477	187	11583	100000
4478	187	11585	51840
4479	187	11600	51840
4480	187	11610	100000
4481	187	11613	51840
4482	187	11614	51840
4483	187	11624	51840
4484	187	11625	51840
4485	187	11632	2488320
4486	187	11638	51840
4487	187	11639	51840
4488	187	11642	51840
4489	187	11653	51840
4490	187	11654	51840
4491	187	11655	51840
4492	187	11658	51840
4493	187	11659	51840
4494	187	11663	100000
4495	187	11666	51840
4496	187	11671	51840
4497	187	11673	51840
4498	187	11680	51840
4499	187	11682	100000
4500	187	11691	51840
4501	187	11697	51840
4502	187	11704	51840
4503	187	11705	100000
4504	187	11706	51840
4505	187	11708	51840
4506	187	11709	51840
4507	187	11719	51840
4508	187	11724	51840
4509	187	11725	51840
4510	187	11727	100000
4511	187	11735	51840
4512	187	11739	1244160
4513	187	11741	1244160
4514	187	11742	51840
4515	187	11743	100000
4516	187	11745	51840
4517	187	11747	51840
4518	187	11751	51840
4519	187	11752	1244160
4520	187	11757	51840
4521	187	11765	51840
4522	187	11767	51840
4523	187	11772	51840
4524	187	11777	51840
4525	187	11778	51840
4526	187	11780	100000
4527	187	11781	100000
4528	187	11782	100000
4529	187	11783	51840
4530	187	11785	51840
4531	187	11791	51840
4532	187	11792	51840
4533	187	11796	1244160
4534	187	11800	51840
4535	187	11806	51840
4536	187	11808	51840
4537	187	11809	51840
4538	187	11810	51840
4539	187	11813	51840
4540	187	11814	100000
4541	187	11818	51840
4542	187	11826	51840
4543	187	11831	51840
4544	187	11832	2488320
4545	187	11834	51840
4546	187	11840	51840
4547	187	11844	1244160
4548	187	11848	51840
4549	187	11853	51840
4550	187	11854	51840
4551	187	11855	1244160
4552	187	11858	100000
4553	187	11860	51840
4554	187	11862	51840
4555	187	11865	51840
4556	187	11872	1244160
4557	187	11879	1244160
4558	187	11880	1244160
4559	187	11883	51840
4560	187	11891	51840
4561	187	11895	51840
4562	187	11900	51840
4563	187	11901	51840
4564	187	11908	51840
4565	187	11909	1244160
4566	187	11910	51840
4567	187	11915	51840
4568	187	11918	51840
4569	187	11920	51840
4570	187	11924	51840
4571	187	11934	51840
4572	187	11936	100000
4573	187	11949	51840
4574	187	11958	51840
4575	187	11959	51840
4576	187	11960	51840
4577	187	11961	51840
4578	187	11965	1244160
4579	187	11970	51840
4580	187	11971	1244160
4581	187	11977	2488320
4582	187	11978	51840
4583	187	11982	51840
4584	187	11988	51840
4585	187	11991	100000
4586	187	11992	51840
4587	187	11993	51840
4588	187	11995	51840
4589	187	11996	100000
4590	187	12011	51840
4591	187	12012	100000
4592	187	12014	51840
4593	187	12018	51840
4594	187	12019	51840
4595	187	12021	100000
4596	187	12022	51840
4597	187	12025	51840
4598	187	12026	51840
4599	187	12027	51840
4600	187	12028	100000
4601	187	12029	51840
4602	187	12033	51840
4603	187	12034	51840
4604	187	12036	100000
4605	187	12039	51840
4606	187	12041	51840
4607	187	12042	51840
4608	187	12044	100000
4609	187	12046	51840
4610	187	12051	51840
4611	187	12058	51840
4612	187	12062	51840
4613	187	12065	51840
4614	187	12067	51840
4615	187	12069	51840
4616	187	12070	51840
4617	187	12073	51840
4618	187	12075	51840
4619	187	12077	100000
4620	187	12079	51840
4621	187	12080	100000
4622	187	12084	51840
4623	187	12085	51840
4624	187	12088	51840
4625	187	12092	51840
4626	187	12095	100000
4627	187	12097	100000
4628	187	12099	1244160
4629	187	12100	51840
4630	187	12118	51840
4631	187	12119	51840
4632	187	12125	51840
4633	187	12130	51840
4634	187	12135	51840
4635	187	12138	51840
4636	187	12139	100000
4637	187	12140	100000
4638	187	12144	51840
4639	187	12148	1244160
4640	187	12158	51840
4641	187	12162	100000
4642	187	12163	51840
4643	187	12165	51840
4644	187	12166	51840
4645	187	12168	51840
4646	187	12169	51840
4647	187	12170	51840
4648	187	12173	51840
4649	187	12174	51840
4650	187	12180	51840
4651	187	12181	51840
4652	187	12183	51840
4653	187	12185	51840
4654	187	12186	51840
4655	187	12191	51840
4656	187	12194	51840
4657	187	12197	51840
4658	187	12199	51840
4659	187	12204	100000
4660	187	12207	51840
4661	187	12208	51840
4662	187	12209	51840
4663	187	12211	51840
4664	187	12213	1244160
4665	187	12216	100000
4666	187	12217	51840
4667	187	12221	51840
4668	187	12226	51840
4669	187	12229	51840
4670	187	12234	51840
4671	187	12240	51840
4672	187	12246	51840
4673	187	12247	51840
4674	187	12249	51840
4675	187	12256	51840
4676	187	12262	51840
4677	187	12263	51840
4678	187	12264	51840
4679	187	12267	51840
4680	187	12269	51840
4681	187	12273	51840
4682	187	12280	51840
4683	187	12284	100000
4684	187	12286	100000
4685	187	12287	100000
4686	187	12292	51840
4687	187	12298	51840
4688	187	12304	51840
4689	187	12309	51840
4690	187	12311	1244160
4691	187	12315	51840
4692	187	12320	51840
4693	187	12333	51840
4694	187	12336	51840
4695	187	12338	51840
4696	187	12340	51840
4697	187	12347	51840
4698	187	12350	51840
4699	187	12357	51840
4700	187	12361	100000
4701	187	12364	51840
4702	187	12376	51840
4703	187	12378	51840
4704	187	12379	2488320
4705	187	12380	51840
4706	187	12390	2488320
4707	187	12392	51840
4708	187	12396	51840
4709	187	12399	51840
4710	187	12403	51840
4711	187	12404	100000
4712	187	12406	51840
4713	187	12407	1244160
4714	187	12409	51840
4715	187	12413	51840
4716	187	12415	51840
4717	187	12418	51840
4718	187	12419	100000
4719	187	12422	51840
4720	187	12423	51840
4721	187	12428	51840
4722	187	12437	51840
4723	187	12445	51840
4724	187	12446	51840
4725	187	12452	51840
4726	187	12464	51840
4727	187	12469	51840
4728	187	12479	51840
4729	187	12481	51840
4730	187	12499	100000
4731	187	12507	100000
4732	187	12515	51840
4733	187	12524	51840
4734	187	12525	51840
4735	187	12526	1244160
4736	187	12530	51840
4737	187	12533	51840
4738	187	12536	51840
4739	187	12537	1244160
4740	187	12542	51840
4741	187	12545	51840
4742	187	12567	100000
4743	187	12570	51840
4744	187	12571	51840
4745	187	12572	51840
4746	187	12574	2488320
4747	187	12575	51840
4748	187	12579	100000
4749	187	12592	100000
4750	187	12600	51840
4751	187	12603	51840
4752	187	12604	51840
4753	187	12607	51840
4754	187	12608	1244160
4755	187	12610	51840
4756	187	12616	51840
4757	187	12620	51840
4758	187	12623	51840
4759	187	12628	51840
4760	187	12632	51840
4761	187	12633	51840
4762	187	12635	51840
4763	187	12636	51840
4764	187	12640	51840
4765	187	12662	100000
4766	187	12670	51840
4767	187	12672	100000
4768	187	12673	51840
4769	187	12678	51840
4770	187	12680	51840
4771	187	12681	51840
4772	187	12686	51840
4773	187	12687	51840
4774	187	12688	51840
4775	187	12690	51840
4776	187	12692	51840
4777	187	12699	51840
4778	187	12703	51840
4779	187	12705	51840
4780	187	12710	1244160
4781	187	12714	51840
4782	187	12721	51840
4783	187	12724	51840
4784	187	12728	51840
4785	187	12737	51840
4786	187	12739	51840
4787	187	12740	51840
4788	187	12742	51840
4789	187	12743	51840
4790	187	12745	51840
4791	187	12757	51840
4792	187	12763	51840
4793	187	12764	51840
4794	187	12766	51840
4795	187	12770	51840
4796	187	12773	51840
4797	187	12775	51840
4798	187	12779	51840
4799	187	12783	51840
4800	187	12790	100000
4801	187	12796	51840
4802	187	12806	51840
4803	187	12807	2488320
4804	187	12808	51840
4805	187	12809	51840
4806	187	12812	1244160
4807	187	12814	51840
4808	187	12815	51840
4809	187	12817	100000
4810	187	12821	1244160
4811	187	12829	1244160
4812	187	12830	51840
4813	187	12832	51840
4814	187	12837	1244160
4815	187	12841	51840
4816	187	12848	1244160
4817	187	12849	100000
4818	187	12850	51840
4819	187	12856	1244160
4820	187	12857	51840
4821	187	12864	51840
4822	187	12868	100000
4823	187	12869	51840
4824	187	12870	51840
4825	187	12871	51840
4826	187	12876	1244160
4827	187	12885	51840
4828	187	12886	51840
4829	187	12892	51840
4830	187	12893	1244160
4831	187	12894	1244160
4832	187	12897	51840
4833	187	12899	51840
4834	187	12904	51840
4835	187	12907	51840
4836	187	12912	51840
4837	187	12914	51840
4838	187	12918	51840
4839	187	12922	100000
4840	187	12924	1244160
4841	187	12927	51840
4842	187	12935	100000
4843	187	12942	1244160
4844	187	12943	51840
4845	187	12944	100000
4846	187	12947	51840
4847	187	12949	51840
4848	187	12952	51840
4849	187	12958	51840
4850	187	12965	51840
4851	187	12969	1244160
4852	187	12972	51840
4853	187	12975	51840
4854	187	13213	100000
4855	187	13437	100000
4856	187	13565	51840
4857	187	13684	51840
4858	187	13686	51840
4859	187	13691	51840
4860	187	13701	100000
4861	187	13704	51840
4862	187	13705	51840
4863	187	13708	1244160
4864	187	13731	51840
4865	187	13732	100000
4866	187	13736	51840
4867	187	13737	51840
4868	187	13740	51840
4869	187	13742	51840
4870	187	13744	51840
4871	187	13751	51840
4872	187	13753	51840
4873	187	13755	51840
4874	187	13756	100000
4875	187	13758	51840
4876	187	13762	51840
4877	187	13766	51840
4878	187	13768	1244160
4879	187	13775	51840
4880	187	13778	100000
4881	187	13780	51840
4882	187	13781	51840
4883	187	13788	51840
4884	187	13795	51840
4885	187	13799	466560
4886	187	13800	51840
4887	187	13806	51840
4888	187	13809	51840
4889	187	13826	51840
4890	187	13827	51840
4891	187	13831	51840
4892	187	13841	51840
4893	187	13842	51840
4894	187	13846	51840
4895	187	13848	51840
4896	187	13851	51840
4897	187	13852	51840
4898	187	13856	51840
4899	187	13858	100000
4900	187	13862	51840
4901	187	13866	51840
4902	187	13870	51840
4903	187	13876	1244160
4904	187	13878	100000
4905	187	13887	51840
4906	187	13888	51840
4907	187	13890	51840
4908	187	13894	51840
4909	187	13897	100000
4910	187	13904	51840
4911	187	13909	51840
4912	187	13910	51840
4913	187	13911	51840
4914	187	13918	51840
4915	187	13923	51840
4916	187	13924	51840
4917	187	13925	51840
4918	187	13926	51840
4919	187	13929	51840
4920	187	13931	51840
4921	187	13932	51840
4922	187	13938	51840
4923	187	13941	2488320
4924	187	13946	51840
4925	187	13947	51840
4926	187	13949	51840
4927	187	13955	51840
4928	187	13957	51840
4929	187	13958	51840
4930	187	13963	51840
4931	187	13964	51840
4932	187	13965	51840
4933	187	13966	51840
4934	187	13968	100000
4935	187	13973	51840
4936	187	13981	51840
4937	187	13984	1244160
4938	187	13998	51840
4939	187	13999	100000
4940	187	14002	51840
4941	187	14013	100000
4942	187	14019	51840
4943	187	14020	2488320
4944	187	14029	1244160
4945	187	14031	51840
4946	187	14032	100000
4947	187	14033	51840
4948	187	14038	100000
4949	187	14042	1244160
4950	187	14052	51840
4951	187	14058	51840
4952	187	14061	51840
4953	187	14062	51840
4954	187	14068	51840
4955	187	14072	51840
4956	187	14077	51840
4957	187	14080	51840
4958	187	14089	51840
4959	187	14090	51840
4960	187	14097	51840
4961	187	14098	51840
4962	187	14099	51840
4963	187	14100	51840
4964	187	14101	51840
4965	187	14102	1244160
4966	187	14105	466560
4967	187	14106	1244160
4968	187	14107	51840
4969	187	14108	51840
4970	187	14112	51840
4971	187	14122	51840
4972	187	14125	51840
4973	187	14131	51840
4974	187	14136	51840
4975	187	14141	51840
4976	187	14145	51840
4977	187	14152	51840
4978	187	14156	51840
4979	187	14157	51840
4980	187	14159	51840
4981	187	14161	51840
4982	187	14162	51840
4983	187	14163	51840
4984	187	14164	51840
4985	187	14165	100000
4986	187	14180	100000
4987	187	14183	51840
4988	187	14188	1244160
4989	187	14197	51840
4990	187	14199	51840
4991	187	14206	466560
4992	187	14207	51840
4993	187	14209	51840
4994	187	14213	51840
4995	187	14214	100000
4996	187	14216	1244160
4997	187	14218	51840
4998	187	14230	51840
4999	187	14233	51840
5000	187	14238	51840
5001	187	14242	51840
5002	187	14243	51840
5003	187	14252	51840
5004	187	14256	51840
5005	187	14258	51840
5006	187	14265	51840
5007	187	14266	51840
5008	187	14272	51840
5009	187	14278	51840
5010	187	14284	1244160
5011	187	14285	100000
5012	187	14288	51840
5013	187	14289	51840
5014	187	14291	51840
5015	187	14300	51840
5016	187	14301	1244160
5017	187	14302	51840
5018	187	14304	1244160
5019	187	14308	100000
5020	187	14311	51840
5021	187	14312	51840
5022	187	14317	51840
5023	187	14320	1244160
5024	187	14321	51840
5025	187	14323	100000
5026	187	14325	51840
5027	187	14326	51840
5028	187	14339	51840
5029	187	14340	51840
5030	187	14344	51840
5031	187	14355	100000
5032	187	14356	51840
5033	187	14360	100000
5034	187	14367	51840
5035	187	14369	51840
5036	187	14373	51840
5037	187	14375	51840
5038	187	14378	1244160
5039	187	14381	51840
5040	187	14408	51840
5041	187	14409	100000
5042	187	14420	51840
5043	187	14422	51840
5044	187	14426	51840
5045	187	14430	100000
5046	187	14437	1244160
5047	187	14438	100000
5048	187	14439	51840
5049	187	14442	51840
5050	187	14447	51840
5051	187	14448	100000
5052	187	14453	51840
5053	187	14455	51840
5054	187	14458	51840
5055	187	14459	51840
5056	187	14460	51840
5057	187	14469	1244160
5058	187	14470	51840
5059	187	14472	51840
5060	187	14474	51840
5061	187	14480	51840
5062	187	14481	51840
5063	187	14485	51840
5064	187	14486	51840
5065	187	14491	51840
5066	187	14500	51840
5067	187	14504	51840
5068	187	14505	1244160
5069	187	14508	51840
5070	187	14514	51840
5071	187	14522	51840
5072	187	14523	100000
5073	187	14524	1244160
5074	187	14527	51840
5075	187	14532	51840
5076	187	14537	51840
5077	187	14548	51840
5078	187	14549	100000
5079	187	14552	51840
5080	187	14556	51840
5081	187	14562	51840
5082	187	14570	51840
5083	187	14572	51840
5084	187	14579	100000
5085	187	14583	51840
5086	187	14588	100000
5087	187	14591	51840
5088	187	14593	51840
5089	187	14595	100000
5090	187	14598	100000
5091	187	14600	51840
5092	187	14601	51840
5093	187	14738	51840
5094	187	14858	100000
5095	187	14872	100000
5096	187	14891	100000
5097	187	14903	100000
5098	187	14918	51840
5099	187	15022	100000
5100	187	15028	1244160
5101	187	15038	51840
5102	187	15043	51840
5103	187	15049	51840
5104	187	15051	51840
5105	187	15086	51840
5106	187	15092	51840
5107	187	15097	51840
5108	187	15157	51840
5109	187	15160	51840
5110	187	15161	1244160
5111	187	15169	51840
5112	187	15170	51840
5113	187	15193	51840
5114	187	15200	51840
5115	187	15203	51840
5116	187	15301	1244160
5117	187	15302	51840
5118	187	15303	51840
5119	187	15304	51840
5120	187	15305	51840
5121	187	15306	51840
5122	187	15307	100000
5123	187	15319	51840
5124	187	15329	51840
5125	187	15394	51840
5126	187	15407	51840
5127	187	15413	100000
5128	187	15414	51840
5129	187	15481	2488320
5130	187	15509	51840
5131	187	15656	2488320
5132	188	189	100000
5133	188	191	100000
5134	188	209	100000
5135	188	241	51840
5136	188	258	466560
5137	188	276	100000
5138	188	278	100000
5139	188	290	2488320
5140	188	351	466560
5141	188	362	100000
5142	188	365	51840
5143	188	420	51840
5144	188	436	100000
5145	188	444	100000
5146	188	489	51840
5147	188	500	100000
5148	188	507	100000
5149	188	519	51840
5150	188	520	100000
5151	188	522	51840
5152	188	525	100000
5153	188	595	2488320
5154	188	600	100000
5155	188	654	100000
5156	188	661	100000
5157	188	740	100000
5158	188	764	2488320
5159	188	767	100000
5160	188	775	51840
5161	188	781	51840
5162	188	785	100000
5163	188	791	100000
5164	188	805	100000
5165	188	807	100000
5166	188	809	100000
5167	188	814	51840
5168	188	888	2488320
5169	188	891	100000
5170	188	913	51840
5171	188	936	466560
5172	188	956	100000
5173	188	1014	2488320
5174	188	1016	1244160
5175	188	1031	100000
5176	188	1360	2488320
5177	188	1393	51840
5178	188	1400	100000
5179	188	1426	100000
5180	188	1437	100000
5181	188	1450	100000
5182	188	1454	100000
5183	188	1456	100000
5184	188	1470	100000
5185	188	1471	100000
5186	188	1472	51840
5187	188	1488	100000
5188	188	1492	1244160
5189	188	1494	51840
5190	188	1497	100000
5191	188	1504	100000
5192	188	1518	100000
5193	188	1548	51840
5194	188	1558	100000
5195	188	1560	2488320
5196	188	1564	100000
5197	188	1565	100000
5198	188	1570	100000
5199	188	1571	100000
5200	188	1572	100000
5201	188	1576	100000
5202	188	1819	100000
5203	188	1939	100000
5204	188	1989	100000
5205	188	1999	100000
5206	188	2009	100000
5207	188	2022	100000
5208	188	2038	2488320
5209	188	2079	51840
5210	188	2110	51840
5211	188	2222	100000
5212	188	2234	100000
5213	188	2537	100000
5214	188	2600	466560
5215	188	2660	100000
5216	188	2772	51840
5217	188	2781	51840
5218	188	2787	100000
5219	188	2788	51840
5220	188	2791	51840
5221	188	2797	51840
5222	188	2814	100000
5223	188	2818	100000
5224	188	2835	100000
5225	188	2837	51840
5226	188	2839	51840
5227	188	2848	51840
5228	188	2867	2488320
5229	188	2873	100000
5230	188	2874	100000
5231	188	2892	100000
5232	188	2913	100000
5233	188	2916	51840
5234	188	2921	100000
5235	188	2932	2488320
5236	188	2941	100000
5237	188	2956	100000
5238	188	2957	100000
5239	188	2966	100000
5240	188	2969	2488320
5241	188	2976	100000
5242	188	2980	2488320
5243	188	3006	466560
5244	188	3012	51840
5245	188	3015	100000
5246	188	3031	51840
5247	188	3037	100000
5248	188	3040	100000
5249	188	3055	466560
5250	188	3069	100000
5251	188	3093	100000
5252	188	3096	100000
5253	188	3103	51840
5254	188	3111	51840
5255	188	3134	100000
5256	188	3155	51840
5257	188	3156	100000
5258	188	3159	100000
5259	188	3160	51840
5260	188	3161	51840
5261	188	3170	51840
5262	188	3179	51840
5263	188	3182	466560
5264	188	3184	100000
5265	188	3187	2488320
5266	188	3189	100000
5267	188	3213	51840
5268	188	3216	51840
5269	188	3225	100000
5270	188	3233	51840
5271	188	3235	100000
5272	188	3282	100000
5273	188	3284	51840
5274	188	3286	2488320
5275	188	3290	100000
5276	188	3292	100000
5277	188	3295	100000
5278	188	3296	2488320
5279	188	3298	51840
5280	188	3302	100000
5281	188	3310	51840
5282	188	3314	51840
5283	188	3327	51840
5284	188	3331	100000
5285	188	3333	100000
5286	188	3346	51840
5287	188	3350	51840
5288	188	3352	51840
5289	188	3355	100000
5290	188	3358	100000
5291	188	3380	100000
5292	188	3386	2488320
5293	188	3387	100000
5294	188	3389	100000
5295	188	3392	51840
5296	188	3399	100000
5297	188	3402	51840
5298	188	3404	100000
5299	188	3406	2488320
5300	188	3408	466560
5301	188	3412	1244160
5302	188	3417	100000
5303	188	3422	100000
5304	188	3423	51840
5305	188	3610	1244160
5306	188	4388	2488320
5307	188	4474	100000
5308	188	4492	51840
5309	188	4493	100000
5310	188	4890	51840
5311	188	5294	100000
5312	188	5299	466560
5313	188	5302	100000
5314	188	5303	100000
5315	188	5315	51840
5316	188	5322	100000
5317	188	5324	100000
5318	188	5329	100000
5319	188	5332	2488320
5320	188	5347	2488320
5321	188	5349	100000
5322	188	5352	51840
5323	188	5354	100000
5324	188	5361	466560
5325	188	5370	51840
5326	188	5371	100000
5327	188	5378	100000
5328	188	5387	100000
5329	188	5392	51840
5330	188	5399	2488320
5331	188	5413	100000
5332	188	5419	100000
5333	188	5425	51840
5334	188	5431	51840
5335	188	5432	51840
5336	188	5450	100000
5337	188	5467	51840
5338	188	5498	100000
5339	188	5507	1244160
5340	188	5514	51840
5341	188	5518	51840
5342	188	5519	51840
5343	188	5523	100000
5344	188	5527	2488320
5345	188	5541	100000
5346	188	5544	100000
5347	188	5545	100000
5348	188	5547	100000
5349	188	5550	51840
5350	188	5557	51840
5351	188	5562	51840
5352	188	5569	100000
5353	188	5583	51840
5354	188	5585	100000
5355	188	5597	466560
5356	188	5619	1244160
5357	188	5622	51840
5358	188	5633	51840
5359	188	5640	51840
5360	188	5650	51840
5361	188	5659	100000
5362	188	5667	2488320
5363	188	5670	51840
5364	188	5685	51840
5365	188	5699	51840
5366	188	5714	2488320
5367	188	5725	100000
5368	188	5726	51840
5369	188	5728	51840
5370	188	5749	100000
5371	188	5762	51840
5372	188	5764	51840
5373	188	5766	51840
5374	188	5773	51840
5375	188	5775	100000
5376	188	5778	100000
5377	188	5807	51840
5378	188	5808	51840
5379	188	5816	51840
5380	188	5821	51840
5381	188	5838	100000
5382	188	5841	100000
5383	188	5843	2488320
5384	188	5848	51840
5385	188	5873	100000
5386	188	5875	100000
5387	188	5876	2488320
5388	188	5882	51840
5389	188	5894	2488320
5390	188	5896	100000
5391	188	5924	51840
5392	188	5928	51840
5393	188	5931	100000
5394	188	5940	100000
5395	188	5962	51840
5396	188	5971	51840
5397	188	5980	51840
5398	188	5983	100000
5399	188	5998	100000
5400	188	6000	100000
5401	188	6026	100000
5402	188	6029	2488320
5403	188	6035	51840
5404	188	6334	100000
5405	188	6624	51840
5406	188	6702	51840
5407	188	7271	100000
5408	188	7278	100000
5409	188	7283	51840
5410	188	7292	51840
5411	188	7294	100000
5412	188	7315	51840
5413	188	7318	100000
5414	188	7323	100000
5415	188	7349	2488320
5416	188	7354	100000
5417	188	7357	100000
5418	188	7358	100000
5419	188	7370	51840
5420	188	7374	100000
5421	188	7379	51840
5422	188	7384	51840
5423	188	7390	100000
5424	188	7399	51840
5425	188	7401	51840
5426	188	7407	51840
5427	188	7413	100000
5428	188	7422	51840
5429	188	7423	51840
5430	188	7424	100000
5431	188	7427	51840
5432	188	7437	466560
5433	188	7446	100000
5434	188	7457	1244160
5435	188	7462	100000
5436	188	7464	100000
5437	188	7470	100000
5438	188	7475	51840
5439	188	7484	100000
5440	188	7492	100000
5441	188	7502	51840
5442	188	7504	51840
5443	188	7505	51840
5444	188	7519	51840
5445	188	7531	100000
5446	188	7545	100000
5447	188	7552	51840
5448	188	7556	2488320
5449	188	7568	2488320
5450	188	7570	466560
5451	188	7574	51840
5452	188	7578	51840
5453	188	7580	51840
5454	188	7587	51840
5455	188	7594	100000
5456	188	7595	100000
5457	188	7598	100000
5458	188	7607	51840
5459	188	7610	100000
5460	188	7612	51840
5461	188	7622	51840
5462	188	7632	51840
5463	188	7636	51840
5464	188	7637	1244160
5465	188	7639	100000
5466	188	7654	51840
5467	188	7677	51840
5468	188	7685	100000
5469	188	7687	51840
5470	188	7708	51840
5471	188	7711	100000
5472	188	7713	51840
5473	188	7716	51840
5474	188	7718	51840
5475	188	7731	100000
5476	188	7735	1244160
5477	188	7736	100000
5478	188	7747	51840
5479	188	7751	51840
5480	188	7755	51840
5481	188	7759	100000
5482	188	7769	51840
5483	188	7771	100000
5484	188	7781	100000
5485	188	7782	51840
5486	188	7789	100000
5487	188	7808	100000
5488	188	7810	1244160
5489	188	7815	100000
5490	188	7839	2488320
5491	188	7843	51840
5492	188	7862	466560
5493	188	7875	51840
5494	188	7893	100000
5495	188	7897	100000
5496	188	7909	51840
5497	188	7910	51840
5498	188	7919	51840
5499	188	7927	51840
5500	188	7929	51840
5501	188	7936	2488320
5502	188	7941	51840
5503	188	7943	1244160
5504	188	7951	51840
5505	188	7952	51840
5506	188	7955	466560
5507	188	7963	1244160
5508	188	7969	51840
5509	188	7972	51840
5510	188	8000	100000
5511	188	8018	51840
5512	188	8020	51840
5513	188	8024	51840
5514	188	8029	51840
5515	188	8033	2488320
5516	188	8042	100000
5517	188	8185	100000
5518	188	8435	466560
5519	188	8497	2488320
5520	188	9443	2488320
5521	188	9462	2488320
5522	188	9753	51840
5523	188	9892	51840
5524	188	10018	51840
5525	188	10158	51840
5526	188	10633	51840
5527	188	10663	100000
5528	188	10678	2488320
5529	188	10680	51840
5530	188	10684	51840
5531	188	10686	466560
5532	188	10690	51840
5533	188	10694	51840
5534	188	10695	51840
5535	188	10696	51840
5536	188	10719	100000
5537	188	10720	100000
5538	188	10730	51840
5539	188	10768	100000
5540	188	10769	100000
5541	188	10774	100000
5542	188	10776	51840
5543	188	10781	51840
5544	188	10787	2488320
5545	188	10788	2488320
5546	188	10793	2488320
5547	188	10796	51840
5548	188	10799	2488320
5549	188	10802	51840
5550	188	10819	51840
5551	188	10822	51840
5552	188	10824	51840
5553	188	10830	100000
5554	188	10836	51840
5555	188	10844	51840
5556	188	10852	100000
5557	188	10870	100000
5558	188	10873	100000
5559	188	10874	51840
5560	188	10877	100000
5561	188	10893	100000
5562	188	10906	100000
5563	188	10910	51840
5564	188	10919	100000
5565	188	10937	51840
5566	188	10948	51840
5567	188	10952	51840
5568	188	10955	51840
5569	188	10957	100000
5570	188	10969	100000
5571	188	10998	466560
5572	188	11002	51840
5573	188	11015	2488320
5574	188	11026	51840
5575	188	11036	51840
5576	188	11063	51840
5577	188	11069	51840
5578	188	11083	51840
5579	188	11086	51840
5580	188	11093	100000
5581	188	11094	51840
5582	188	11095	51840
5583	188	11107	51840
5584	188	11125	51840
5585	188	11133	51840
5586	188	11135	51840
5587	188	11150	2488320
5588	188	11169	100000
5589	188	11179	100000
5590	188	11207	100000
5591	188	11208	2488320
5592	188	11215	51840
5593	188	11219	1244160
5594	188	11221	1244160
5595	188	11232	100000
5596	188	11234	100000
5597	188	11236	51840
5598	188	11247	51840
5599	188	11256	100000
5600	188	11257	51840
5601	188	11263	51840
5602	188	11282	100000
5603	188	11287	51840
5604	188	11325	1244160
5605	188	11334	100000
5606	188	11337	51840
5607	188	11342	100000
5608	188	11355	51840
5609	188	11368	51840
5610	188	11376	51840
5611	188	11381	100000
5612	188	11382	100000
5613	188	11389	51840
5614	188	11391	51840
5615	188	11407	100000
5616	188	11417	51840
5617	188	11424	100000
5618	188	11427	51840
5619	188	11437	2488320
5620	188	11447	51840
5621	188	11448	51840
5622	188	11451	100000
5623	188	11529	100000
5624	188	11714	100000
5625	188	11897	51840
5626	188	12139	2488320
5627	188	12239	466560
5628	188	12588	51840
5629	188	12988	51840
5630	188	12990	51840
5631	188	12991	51840
5632	188	12992	51840
5633	188	12993	1244160
5634	188	13000	100000
5635	188	13002	51840
5636	188	13027	51840
5637	188	13029	51840
5638	188	13044	100000
5639	188	13048	51840
5640	188	13050	51840
5641	188	13052	100000
5642	188	13058	51840
5643	188	13060	51840
5644	188	13066	100000
5645	188	13067	51840
5646	188	13076	51840
5647	188	13084	51840
5648	188	13125	100000
5649	188	13135	51840
5650	188	13143	1244160
5651	188	13144	51840
5652	188	13150	51840
5653	188	13151	2488320
5654	188	13172	51840
5655	188	13210	51840
5656	188	13278	51840
5657	188	13323	100000
5658	188	13331	2488320
5659	188	13337	100000
5660	188	13338	1244160
5661	188	13340	100000
5662	188	13341	100000
5663	188	13362	100000
5664	188	13365	51840
5665	188	13378	100000
5666	188	13380	100000
5667	188	13388	51840
5668	188	13391	51840
5669	188	13404	51840
5670	188	13417	51840
5671	188	13418	2488320
5672	188	13424	51840
5673	188	13429	2488320
5674	188	13433	100000
5675	188	13439	51840
5676	188	13440	100000
5677	188	13446	2488320
5678	188	13450	51840
5679	188	13462	51840
5680	188	13470	51840
5681	188	13477	100000
5682	188	13507	51840
5683	188	13544	51840
5684	188	13548	100000
5685	188	13549	51840
5686	188	13555	51840
5687	188	13556	51840
5688	188	13570	51840
5689	188	13580	2488320
5690	188	13586	100000
5691	188	13603	1244160
5692	188	13611	51840
5693	188	13616	100000
5694	188	13618	100000
5695	188	13630	51840
5696	188	13636	100000
5697	188	13642	100000
5698	188	13676	100000
5699	188	13884	2488320
5700	188	14146	51840
5701	188	14985	100000
5702	188	14992	51840
5703	188	15002	100000
5704	188	15003	100000
5705	188	15004	51840
5706	188	15073	100000
5707	188	15114	51840
5708	189	191	100000
5709	189	197	100000
5710	189	251	466560
5711	189	277	1244160
5712	189	360	100000
5713	189	364	51840
5714	189	553	100000
5715	189	564	100000
5716	189	569	100000
5717	189	695	100000
5718	189	822	100000
5719	189	843	100000
5720	189	891	100000
5721	189	907	100000
5722	189	914	51840
5723	189	993	51840
5724	189	1096	2488320
5725	189	1161	100000
5726	189	1200	2488320
5727	189	1202	100000
5728	189	1205	51840
5729	189	1230	100000
5730	189	1234	100000
5731	189	1251	2488320
5732	189	1260	100000
5733	189	1267	100000
5734	189	1268	100000
5735	189	1296	100000
5736	189	1306	51840
5737	189	1311	51840
5738	189	1332	2488320
5739	189	1337	51840
5740	189	1341	100000
5741	189	1872	100000
5742	189	2215	100000
5743	189	2355	51840
5744	189	2356	100000
5745	189	2359	100000
5746	189	2360	100000
5747	189	2376	100000
5748	189	2388	100000
5749	189	2398	100000
5750	189	2408	100000
5751	189	2432	51840
5752	189	2433	51840
5753	189	2434	100000
5754	189	2439	100000
5755	189	2444	100000
5756	189	2445	100000
5757	189	2451	51840
5758	189	2479	51840
5759	189	2483	466560
5760	189	2490	100000
5761	189	2525	100000
5762	189	2531	100000
5763	189	2537	100000
5764	189	3445	51840
5765	189	3451	100000
5766	189	3456	466560
5767	189	3481	100000
5768	189	3484	51840
5769	189	3488	100000
5770	189	3530	2488320
5771	189	3568	100000
5772	189	3572	100000
5773	189	3587	100000
5774	189	3588	51840
5775	189	3592	100000
5776	189	3595	51840
5777	189	3610	51840
5778	189	3619	100000
5779	189	3647	51840
5780	189	3649	100000
5781	189	3664	2488320
5782	189	3678	100000
5783	189	3685	51840
5784	189	3687	51840
5785	189	3714	100000
5786	189	3718	51840
5787	189	3727	100000
5788	189	3768	51840
5789	189	3806	100000
5790	189	3814	51840
5791	189	3834	2488320
5792	189	3843	466560
5793	189	3848	100000
5794	189	3849	51840
5795	189	3894	100000
5796	189	3899	100000
5797	189	3913	100000
5798	189	3958	100000
5799	189	3974	51840
5800	189	3976	51840
5801	189	4001	51840
5802	189	4012	100000
5803	189	4024	100000
5804	189	4039	51840
5805	189	4072	100000
5806	189	5978	51840
5807	189	8185	100000
5808	189	8623	2488320
5809	189	8632	51840
5810	189	8674	100000
5811	189	8678	100000
5812	189	8696	100000
5813	189	8712	100000
5814	189	8714	51840
5815	189	8719	51840
5816	189	8723	100000
5817	189	8729	51840
5818	189	8730	51840
5819	189	8735	2488320
5820	189	8766	100000
5821	189	8786	100000
5822	189	8788	100000
5823	189	8789	100000
5824	189	8798	2488320
5825	189	8814	100000
5826	189	8820	100000
5827	189	8824	51840
5828	189	8836	51840
5829	189	8853	51840
5830	189	8972	51840
5831	189	8977	100000
5832	189	8980	51840
5833	189	8992	2488320
5834	189	9007	51840
5835	189	9018	51840
5836	189	9020	100000
5837	189	9031	100000
5838	189	9069	2488320
5839	189	9078	100000
5840	189	9097	51840
5841	189	9142	1244160
5842	189	9154	100000
5843	189	9163	51840
5844	189	9169	100000
5845	189	9178	51840
5846	189	9181	100000
5847	189	9195	100000
5848	189	9215	2488320
5849	189	9261	51840
5850	189	9262	1244160
5851	189	9283	51840
5852	189	9476	2488320
5853	189	9580	100000
5854	189	9916	100000
5855	189	10000	100000
5856	189	11529	100000
5857	189	11810	51840
5858	189	12139	100000
5859	189	13934	51840
5860	189	15094	51840
5861	189	15308	51840
5862	189	15309	51840
5863	189	15335	51840
5864	189	15342	51840
5865	189	15360	51840
5866	189	15392	51840
5867	189	15393	100000
5868	191	4709	51840
5869	191	6808	100000
5870	191	15208	51840
5871	192	2163	100000
5872	193	1200	100000
5873	193	1475	2488320
5874	193	2163	100000
5875	193	4436	100000
5876	193	6920	100000
5877	194	568	51840
5878	194	1878	51840
5879	194	1917	51840
5880	194	2198	51840
5881	194	4857	51840
5882	195	211	100000
5883	195	379	51840
5884	195	809	466560
5885	195	2932	2488320
5886	195	3045	100000
5887	195	7783	51840
5888	195	11342	100000
5889	196	198	100000
5890	196	203	100000
5891	196	258	100000
5892	196	294	2488320
5893	196	295	100000
5894	196	297	100000
5895	196	298	2488320
5896	196	299	100000
5897	196	300	100000
5898	196	301	2488320
5899	196	302	466560
5900	196	303	100000
5901	196	304	100000
5902	196	305	100000
5903	196	306	100000
5904	196	307	51840
5905	196	308	100000
5906	196	309	2488320
5907	196	310	100000
5908	196	311	100000
5909	196	312	100000
5910	196	313	100000
5911	196	314	100000
5912	196	315	466560
5913	196	316	100000
5914	196	317	100000
5915	196	318	100000
5916	196	319	100000
5917	196	320	100000
5918	196	321	100000
5919	196	322	100000
5920	196	323	1244160
5921	196	324	100000
5922	196	325	100000
5923	196	326	100000
5924	196	327	51840
5925	196	329	100000
5926	196	330	466560
5927	196	331	100000
5928	196	332	51840
5929	196	333	100000
5930	196	343	51840
5931	196	344	100000
5932	196	345	100000
5933	196	346	51840
5934	196	398	100000
5935	196	426	1244160
5936	196	427	51840
5937	196	442	51840
5938	196	445	51840
5939	196	456	51840
5940	196	488	51840
5941	196	649	466560
5942	196	733	51840
5943	196	818	100000
5944	196	863	100000
5945	196	1413	100000
5946	196	1417	466560
5947	196	1419	466560
5948	196	1672	51840
5949	196	1673	2488320
5950	196	1674	51840
5951	196	1677	51840
5952	196	1678	100000
5953	196	1679	51840
5954	196	1680	51840
5955	196	1681	2488320
5956	196	1682	1244160
5957	196	1684	466560
5958	196	1687	51840
5959	196	1688	100000
5960	196	1690	100000
5961	196	1692	1244160
5962	196	15007	100000
5963	197	199	100000
5964	197	347	100000
5965	197	348	100000
5966	197	349	100000
5967	197	350	100000
5968	197	376	100000
5969	197	456	51840
5970	197	464	51840
5971	197	466	51840
5972	197	648	51840
5973	197	879	51840
5974	197	1030	51840
5975	197	1141	100000
5976	197	1163	466560
5977	197	1418	2488320
5978	197	1421	51840
5979	197	1423	51840
5980	197	1424	51840
5981	197	1666	51840
5982	197	1669	51840
5983	197	1670	466560
5984	197	1671	51840
5985	197	1676	51840
5986	197	11832	51840
5987	198	621	1244160
5988	198	1668	100000
5989	198	1696	100000
5990	198	1697	51840
5991	198	1698	100000
5992	198	1699	100000
5993	200	424	100000
5994	200	447	51840
5995	200	550	100000
5996	202	1507	100000
5997	204	278	466560
5998	204	764	2488320
5999	204	881	100000
6000	204	5992	100000
6001	204	7468	100000
6002	204	7470	100000
6003	204	7863	100000
6004	204	11011	2488320
6005	206	281	100000
6006	207	530	2488320
6007	208	530	100000
6008	209	258	100000
6009	209	764	100000
6010	209	818	100000
6011	209	1128	100000
6012	209	1158	2488320
6013	209	1400	100000
6014	209	1470	100000
6015	209	1878	100000
6016	209	11011	100000
6017	209	15029	1244160
6018	210	530	100000
6019	211	255	51840
6020	211	262	100000
6021	211	379	51840
6022	211	507	100000
6023	211	750	51840
6024	211	773	51840
6025	211	803	51840
6026	211	1969	100000
6027	211	2932	100000
6028	211	5747	466560
6029	211	6022	100000
6030	211	7373	51840
6031	211	7783	100000
6032	211	7946	51840
6033	211	10851	51840
6034	211	10959	51840
6035	211	11448	51840
6036	211	13095	51840
6037	211	13173	51840
6038	211	13343	100000
6039	211	13586	2488320
6040	211	15131	51840
6041	212	818	100000
6042	213	818	1244160
6043	213	1167	100000
6044	214	818	2488320
6045	214	1167	51840
6046	214	1850	100000
6047	215	1603	100000
6048	215	2216	2488320
6049	216	220	2488320
6050	216	4472	51840
6051	216	15052	2488320
6052	218	258	100000
6053	218	12522	100000
6054	218	14913	100000
6055	218	15080	51840
6056	219	7228	2488320
6057	220	230	100000
6058	220	888	100000
6059	220	906	100000
6060	220	1874	2488320
6061	220	1917	100000
6062	220	2750	51840
6063	220	6326	2488320
6064	224	684	51840
6065	224	7228	100000
6066	224	10034	100000
6067	225	622	51840
6068	226	7228	51840
6069	227	1702	51840
6070	227	12241	51840
6071	228	12241	100000
6072	228	12321	2488320
6073	229	906	51840
6074	229	4489	51840
6075	229	4660	100000
6076	229	4772	51840
6077	229	6326	2488320
6078	229	11496	51840
6079	230	258	100000
6080	230	278	100000
6081	230	360	100000
6082	230	568	100000
6083	230	819	100000
6084	230	886	51840
6085	230	888	100000
6086	230	919	100000
6087	230	1064	1244160
6088	230	1120	100000
6089	230	1158	466560
6090	230	1203	100000
6091	230	1284	100000
6092	230	1403	100000
6093	230	1588	2488320
6094	230	1603	100000
6095	230	1718	100000
6096	230	1735	100000
6097	230	1786	100000
6098	230	1807	100000
6099	230	1850	100000
6100	230	1860	51840
6101	230	1878	100000
6102	230	1917	100000
6103	230	2216	2488320
6104	230	2621	100000
6105	230	2630	51840
6106	230	2704	2488320
6107	230	4135	2488320
6108	230	4178	51840
6109	230	4639	100000
6110	230	4779	100000
6111	230	4868	51840
6112	230	4880	100000
6113	230	4992	100000
6114	230	5135	100000
6115	230	5246	100000
6116	230	6326	100000
6117	230	6419	2488320
6118	230	6432	100000
6119	230	6475	51840
6120	230	6537	51840
6121	230	6540	100000
6122	230	6962	51840
6123	230	7072	51840
6124	230	7090	1244160
6125	230	7102	100000
6126	230	7199	100000
6127	230	7228	2488320
6128	230	7232	51840
6129	230	9319	51840
6130	230	9421	2488320
6131	230	9492	51840
6132	230	9597	51840
6133	230	9681	51840
6134	230	9738	51840
6135	230	10061	100000
6136	230	10190	100000
6137	230	10324	51840
6138	230	10331	51840
6139	230	10430	51840
6140	230	11824	51840
6141	230	12241	100000
6142	230	12289	2488320
6143	230	12727	100000
6144	230	12732	51840
6145	230	12901	100000
6146	230	12935	100000
6147	230	13710	100000
6148	230	13788	51840
6149	230	13791	51840
6150	230	13916	51840
6151	230	13972	51840
6152	230	14260	1244160
6153	230	14477	100000
6154	230	14529	100000
6155	230	14885	100000
6156	230	15426	51840
6157	231	2722	100000
6158	231	4472	51840
6159	231	4821	51840
6160	231	5121	51840
6161	231	10584	51840
6162	231	12286	100000
6163	231	12704	100000
6164	231	13893	51840
6165	231	14869	100000
6166	231	14883	100000
6167	231	15189	51840
6168	232	233	51840
6169	232	238	100000
6170	232	240	466560
6171	232	241	51840
6172	232	242	2488320
6173	232	243	51840
6174	232	435	51840
6175	232	764	100000
6176	232	807	51840
6177	232	818	100000
6178	232	881	2488320
6179	232	1158	100000
6180	232	1878	100000
6181	232	2234	100000
6182	232	4365	100000
6183	232	4812	100000
6184	232	5775	466560
6185	234	424	100000
6186	235	424	100000
6187	236	424	100000
6188	237	424	51840
6189	237	764	100000
6190	237	1878	2488320
6191	239	240	51840
6192	240	241	1244160
6193	240	243	51840
6194	240	258	100000
6195	240	486	51840
6196	240	676	100000
6197	240	696	100000
6198	240	757	100000
6199	240	764	100000
6200	240	768	100000
6201	240	789	2488320
6202	240	807	51840
6203	240	818	100000
6204	240	869	100000
6205	240	1158	100000
6206	240	1185	466560
6207	240	1203	100000
6208	240	1461	2488320
6209	240	1470	51840
6210	240	1471	100000
6211	240	1709	100000
6212	240	1805	51840
6213	240	1872	100000
6214	240	1878	100000
6215	240	1969	100000
6216	240	2008	100000
6217	240	2037	100000
6218	240	2062	100000
6219	240	2621	100000
6220	240	2668	466560
6221	240	2781	100000
6222	240	2835	100000
6223	240	2849	100000
6224	240	2886	100000
6225	240	3002	100000
6226	240	3060	100000
6227	240	3117	100000
6228	240	3215	100000
6229	240	3331	2488320
6230	240	3428	51840
6231	240	4799	100000
6232	240	5306	100000
6233	240	5608	51840
6234	240	5708	100000
6235	240	5775	100000
6236	240	5940	100000
6237	240	7305	100000
6238	240	7406	100000
6239	240	7533	100000
6240	240	7684	100000
6241	240	8036	100000
6242	240	10782	100000
6243	240	10952	51840
6244	240	12588	51840
6245	240	13048	51840
6246	240	13378	100000
6247	241	1158	51840
6248	241	1878	51840
6249	243	764	51840
6250	243	807	51840
6251	243	818	51840
6252	243	1504	51840
6253	243	3239	51840
6254	243	5775	51840
6255	243	5992	51840
6256	243	11160	51840
6257	244	2189	100000
6258	245	424	100000
6259	246	1378	2488320
6260	247	1378	100000
6261	248	506	51840
6262	248	881	466560
6263	248	1874	100000
6264	248	4812	100000
6265	248	11011	100000
6266	249	818	51840
6267	249	1167	1244160
6268	249	1850	100000
6269	250	785	100000
6270	250	15427	51840
6271	251	629	2488320
6272	251	652	100000
6273	251	657	51840
6274	251	881	100000
6275	251	908	51840
6276	251	1192	51840
6277	251	1203	100000
6278	251	1265	51840
6279	251	1267	100000
6280	251	1270	100000
6281	251	1296	100000
6282	251	1321	51840
6283	251	2233	51840
6284	251	2360	2488320
6285	251	2374	100000
6286	251	2408	51840
6287	251	2412	51840
6288	251	2429	100000
6289	251	2448	100000
6290	251	2471	2488320
6291	251	3464	100000
6292	251	3563	51840
6293	251	3574	100000
6294	251	3616	100000
6295	251	3621	51840
6296	251	3639	2488320
6297	251	3642	100000
6298	251	3653	51840
6299	251	3724	100000
6300	251	3730	51840
6301	251	3777	51840
6302	251	3938	2488320
6303	251	4024	100000
6304	251	4026	51840
6305	251	4033	51840
6306	251	4037	2488320
6307	251	4091	51840
6308	251	4100	51840
6309	251	6334	100000
6310	251	8647	51840
6311	251	8660	51840
6312	251	8674	2488320
6313	251	8677	51840
6314	251	8736	51840
6315	251	8782	51840
6316	251	8798	2488320
6317	251	8839	51840
6318	251	8840	51840
6319	251	8858	100000
6320	251	8861	51840
6321	251	8862	51840
6322	251	8868	51840
6323	251	8909	51840
6324	251	8966	51840
6325	251	8967	100000
6326	251	9065	1244160
6327	251	9066	51840
6328	251	9160	2488320
6329	251	9176	51840
6330	251	9184	100000
6331	251	9298	100000
6332	251	15343	51840
6333	251	15346	51840
6334	252	696	100000
6335	252	1761	100000
6336	252	4560	100000
6337	252	4812	100000
6338	253	660	100000
6339	253	1606	100000
6340	253	10266	51840
6341	254	15197	51840
6342	255	1507	51840
6343	256	2163	100000
6344	257	399	100000
6345	257	565	466560
6346	257	973	100000
6347	257	2458	51840
6348	257	2459	100000
6349	257	3469	100000
6350	257	3474	1244160
6351	257	3601	2488320
6352	257	3698	51840
6353	257	3737	51840
6354	257	3794	1244160
6355	257	3795	51840
6356	257	3871	51840
6357	257	3917	51840
6358	257	3981	51840
6359	257	4074	51840
6360	257	4077	51840
6361	257	8743	51840
6362	257	8746	100000
6363	257	8932	100000
6364	257	14866	100000
6365	257	14867	51840
6366	257	14966	100000
6367	258	259	100000
6368	258	267	2488320
6369	258	278	100000
6370	258	282	2488320
6371	258	289	1244160
6372	258	352	51840
6373	258	360	100000
6374	258	384	100000
6375	258	387	51840
6376	258	390	100000
6377	258	394	1244160
6378	258	396	100000
6379	258	403	100000
6380	258	404	100000
6381	258	405	100000
6382	258	408	100000
6383	258	409	51840
6384	258	418	100000
6385	258	424	100000
6386	258	427	51840
6387	258	430	51840
6388	258	431	2488320
6389	258	441	100000
6390	258	444	100000
6391	258	457	100000
6392	258	461	100000
6393	258	477	100000
6394	258	492	466560
6395	258	494	100000
6396	258	521	466560
6397	258	539	100000
6398	258	553	100000
6399	258	568	100000
6400	258	569	100000
6401	258	577	100000
6402	258	583	100000
6403	258	593	100000
6404	258	604	100000
6405	258	618	2488320
6406	258	637	100000
6407	258	641	2488320
6408	258	655	2488320
6409	258	658	100000
6410	258	660	100000
6411	258	675	100000
6412	258	690	466560
6413	258	694	51840
6414	258	696	100000
6415	258	702	100000
6416	258	703	100000
6417	258	706	2488320
6418	258	737	100000
6419	258	740	100000
6420	258	746	100000
6421	258	757	100000
6422	258	759	100000
6423	258	764	100000
6424	258	777	466560
6425	258	778	100000
6426	258	785	100000
6427	258	787	100000
6428	258	788	100000
6429	258	798	100000
6430	258	809	100000
6431	258	811	100000
6432	258	818	100000
6433	258	821	51840
6434	258	823	100000
6435	258	831	2488320
6436	258	833	2488320
6437	258	834	100000
6438	258	840	100000
6439	258	844	2488320
6440	258	845	100000
6441	258	850	2488320
6442	258	856	100000
6443	258	858	51840
6444	258	864	2488320
6445	258	873	100000
6446	258	875	2488320
6447	258	881	100000
6448	258	884	100000
6449	258	887	51840
6450	258	888	100000
6451	258	889	100000
6452	258	890	1244160
6453	258	892	100000
6454	258	894	100000
6455	258	905	100000
6456	258	906	100000
6457	258	912	100000
6458	258	923	100000
6459	258	941	100000
6460	258	945	100000
6461	258	950	100000
6462	258	959	51840
6463	258	962	51840
6464	258	969	100000
6465	258	971	100000
6466	258	984	51840
6467	258	986	100000
6468	258	998	100000
6469	258	1019	100000
6470	258	1025	51840
6471	258	1031	100000
6472	258	1039	51840
6473	258	1045	100000
6474	258	1050	466560
6475	258	1061	100000
6476	258	1067	100000
6477	258	1071	100000
6478	258	1073	51840
6479	258	1074	100000
6480	258	1084	100000
6481	258	1085	100000
6482	258	1090	100000
6483	258	1094	100000
6484	258	1109	100000
6485	258	1113	100000
6486	258	1116	2488320
6487	258	1120	466560
6488	258	1122	100000
6489	258	1128	100000
6490	258	1145	1244160
6491	258	1151	100000
6492	258	1154	51840
6493	258	1158	100000
6494	258	1173	1244160
6495	258	1176	100000
6496	258	1181	100000
6497	258	1182	2488320
6498	258	1194	51840
6499	258	1202	100000
6500	258	1203	100000
6501	258	1208	2488320
6502	258	1251	2488320
6503	258	1284	100000
6504	258	1304	100000
6505	258	1361	100000
6506	258	1366	100000
6507	258	1369	100000
6508	258	1370	2488320
6509	258	1376	100000
6510	258	1382	2488320
6511	258	1400	100000
6512	258	1401	51840
6513	258	1403	100000
6514	258	1404	466560
6515	258	1406	100000
6516	258	1407	100000
6517	258	1408	2488320
6518	258	1410	100000
6519	258	1444	100000
6520	258	1475	100000
6521	258	1500	100000
6522	258	1504	100000
6523	258	1545	466560
6524	258	1582	100000
6525	258	1588	100000
6526	258	1593	100000
6527	258	1597	100000
6528	258	1601	100000
6529	258	1602	100000
6530	258	1603	100000
6531	258	1604	100000
6532	258	1605	466560
6533	258	1606	2488320
6534	258	1607	100000
6535	258	1608	2488320
6536	258	1609	100000
6537	258	1610	100000
6538	258	1612	100000
6539	258	1618	100000
6540	258	1638	100000
6541	258	1640	100000
6542	258	1644	100000
6543	258	1651	2488320
6544	258	1652	100000
6545	258	1656	100000
6546	258	1657	2488320
6547	258	1658	1244160
6548	258	1691	100000
6549	258	1704	100000
6550	258	1705	100000
6551	258	1713	2488320
6552	258	1715	100000
6553	258	1726	100000
6554	258	1728	51840
6555	258	1730	100000
6556	258	1735	100000
6557	258	1743	51840
6558	258	1748	51840
6559	258	1749	100000
6560	258	1750	51840
6561	258	1751	51840
6562	258	1754	100000
6563	258	1767	100000
6564	258	1769	100000
6565	258	1776	100000
6566	258	1780	100000
6567	258	1781	2488320
6568	258	1789	100000
6569	258	1793	466560
6570	258	1799	51840
6571	258	1800	100000
6572	258	1803	51840
6573	258	1806	100000
6574	258	1808	100000
6575	258	1809	2488320
6576	258	1810	2488320
6577	258	1811	100000
6578	258	1815	100000
6579	258	1821	2488320
6580	258	1823	100000
6581	258	1825	100000
6582	258	1828	100000
6583	258	1831	100000
6584	258	1834	100000
6585	258	1850	100000
6586	258	1851	100000
6587	258	1858	51840
6588	258	1861	100000
6589	258	1865	100000
6590	258	1868	2488320
6591	258	1871	51840
6592	258	1874	100000
6593	258	1875	2488320
6594	258	1877	100000
6595	258	1878	2488320
6596	258	1880	466560
6597	258	1883	100000
6598	258	1887	100000
6599	258	1889	100000
6600	258	1901	2488320
6601	258	1902	100000
6602	258	1911	100000
6603	258	1934	1244160
6604	258	1944	51840
6605	258	1951	51840
6606	258	1973	100000
6607	258	1984	100000
6608	258	2009	100000
6609	258	2026	100000
6610	258	2029	100000
6611	258	2041	100000
6612	258	2083	100000
6613	258	2115	51840
6614	258	2124	1244160
6615	258	2130	100000
6616	258	2140	100000
6617	258	2143	100000
6618	258	2145	100000
6619	258	2148	100000
6620	258	2158	51840
6621	258	2163	100000
6622	258	2168	51840
6623	258	2170	100000
6624	258	2176	2488320
6625	258	2180	100000
6626	258	2184	51840
6627	258	2189	100000
6628	258	2190	100000
6629	258	2192	100000
6630	258	2204	1244160
6631	258	2212	51840
6632	258	2216	100000
6633	258	2220	100000
6634	258	2221	2488320
6635	258	2223	100000
6636	258	2225	51840
6637	258	2228	51840
6638	258	2234	100000
6639	258	2255	100000
6640	258	2266	100000
6641	258	2269	100000
6642	258	2271	100000
6643	258	2278	100000
6644	258	2279	100000
6645	258	2286	100000
6646	258	2288	100000
6647	258	2295	51840
6648	258	2300	100000
6649	258	2304	100000
6650	258	2306	100000
6651	258	2307	51840
6652	258	2310	100000
6653	258	2311	100000
6654	258	2320	51840
6655	258	2323	100000
6656	258	2327	100000
6657	258	2350	100000
6658	258	2359	100000
6659	258	2396	100000
6660	258	2467	100000
6661	258	2490	100000
6662	258	2534	100000
6663	258	2535	100000
6664	258	2536	51840
6665	258	2541	2488320
6666	258	2542	100000
6667	258	2551	100000
6668	258	2553	100000
6669	258	2556	100000
6670	258	2567	51840
6671	258	2569	100000
6672	258	2571	100000
6673	258	2579	2488320
6674	258	2588	51840
6675	258	2592	100000
6676	258	2597	100000
6677	258	2598	100000
6678	258	2602	100000
6679	258	2607	100000
6680	258	2608	2488320
6681	258	2621	100000
6682	258	2622	51840
6683	258	2626	51840
6684	258	2628	100000
6685	258	2639	100000
6686	258	2641	100000
6687	258	2649	2488320
6688	258	2657	51840
6689	258	2659	100000
6690	258	2667	51840
6691	258	2669	51840
6692	258	2671	51840
6693	258	2674	100000
6694	258	2676	2488320
6695	258	2682	100000
6696	258	2687	100000
6697	258	2688	100000
6698	258	2690	100000
6699	258	2692	100000
6700	258	2701	2488320
6701	258	2704	51840
6702	258	2709	51840
6703	258	2711	51840
6704	258	2720	51840
6705	258	2721	51840
6706	258	2732	51840
6707	258	2736	100000
6708	258	2738	51840
6709	258	2746	100000
6710	258	2751	51840
6711	258	2771	2488320
6712	258	2780	100000
6713	258	2794	100000
6714	258	2799	100000
6715	258	2806	100000
6716	258	2830	2488320
6717	258	2866	2488320
6718	258	2942	100000
6719	258	2990	51840
6720	258	3021	466560
6721	258	3060	100000
6722	258	3138	466560
6723	258	3149	51840
6724	258	3243	51840
6725	258	3246	100000
6726	258	3264	2488320
6727	258	3273	100000
6728	258	3314	2488320
6729	258	3375	100000
6730	258	3380	100000
6731	258	3387	100000
6732	258	3388	100000
6733	258	3451	100000
6734	258	3468	100000
6735	258	3502	100000
6736	258	3541	100000
6737	258	3551	51840
6738	258	3553	100000
6739	258	3607	100000
6740	258	3610	51840
6741	258	3729	100000
6742	258	3815	100000
6743	258	3822	100000
6744	258	3906	100000
6745	258	3912	100000
6746	258	3941	2488320
6747	258	4007	2488320
6748	258	4010	2488320
6749	258	4015	466560
6750	258	4106	100000
6751	258	4107	51840
6752	258	4108	51840
6753	258	4111	51840
6754	258	4133	51840
6755	258	4134	51840
6756	258	4144	51840
6757	258	4147	100000
6758	258	4153	51840
6759	258	4162	51840
6760	258	4170	100000
6761	258	4171	100000
6762	258	4174	51840
6763	258	4180	100000
6764	258	4192	100000
6765	258	4197	100000
6766	258	4198	51840
6767	258	4200	100000
6768	258	4207	51840
6769	258	4220	100000
6770	258	4226	100000
6771	258	4228	100000
6772	258	4229	100000
6773	258	4237	2488320
6774	258	4239	1244160
6775	258	4242	51840
6776	258	4273	51840
6777	258	4274	51840
6778	258	4276	100000
6779	258	4278	2488320
6780	258	4280	100000
6781	258	4281	100000
6782	258	4282	100000
6783	258	4290	100000
6784	258	4295	51840
6785	258	4296	51840
6786	258	4305	51840
6787	258	4314	100000
6788	258	4317	466560
6789	258	4321	100000
6790	258	4328	51840
6791	258	4329	100000
6792	258	4344	100000
6793	258	4346	100000
6794	258	4347	51840
6795	258	4351	51840
6796	258	4353	100000
6797	258	4362	100000
6798	258	4364	51840
6799	258	4378	100000
6800	258	4380	100000
6801	258	4384	100000
6802	258	4386	100000
6803	258	4387	100000
6804	258	4395	100000
6805	258	4397	466560
6806	258	4405	100000
6807	258	4410	100000
6808	258	4413	51840
6809	258	4416	100000
6810	258	4417	51840
6811	258	4422	51840
6812	258	4423	51840
6813	258	4427	100000
6814	258	4433	100000
6815	258	4435	466560
6816	258	4436	100000
6817	258	4437	466560
6818	258	4438	100000
6819	258	4439	51840
6820	258	4440	100000
6821	258	4442	51840
6822	258	4448	51840
6823	258	4449	100000
6824	258	4458	51840
6825	258	4462	51840
6826	258	4464	51840
6827	258	4484	51840
6828	258	4488	100000
6829	258	4499	51840
6830	258	4509	100000
6831	258	4510	2488320
6832	258	4512	51840
6833	258	4516	51840
6834	258	4539	100000
6835	258	4542	2488320
6836	258	4544	51840
6837	258	4548	2488320
6838	258	4551	100000
6839	258	4555	51840
6840	258	4557	51840
6841	258	4575	51840
6842	258	4583	51840
6843	258	4587	51840
6844	258	4588	51840
6845	258	4591	100000
6846	258	4595	100000
6847	258	4604	100000
6848	258	4606	100000
6849	258	4620	100000
6850	258	4625	100000
6851	258	4638	51840
6852	258	4647	51840
6853	258	4649	100000
6854	258	4650	100000
6855	258	4652	51840
6856	258	4675	1244160
6857	258	4676	100000
6858	258	4678	1244160
6859	258	4693	51840
6860	258	4700	100000
6861	258	4701	51840
6862	258	4710	51840
6863	258	4714	51840
6864	258	4717	51840
6865	258	4724	100000
6866	258	4725	100000
6867	258	4726	2488320
6868	258	4728	51840
6869	258	4736	100000
6870	258	4749	51840
6871	258	4750	1244160
6872	258	4754	51840
6873	258	4761	466560
6874	258	4780	100000
6875	258	4791	1244160
6876	258	4793	51840
6877	258	4803	51840
6878	258	4804	100000
6879	258	4806	100000
6880	258	4813	51840
6881	258	4814	51840
6882	258	4817	100000
6883	258	4830	1244160
6884	258	4835	51840
6885	258	4836	51840
6886	258	4837	100000
6887	258	4841	51840
6888	258	4842	100000
6889	258	4843	100000
6890	258	4844	51840
6891	258	4846	51840
6892	258	4847	100000
6893	258	4849	2488320
6894	258	4850	51840
6895	258	4852	100000
6896	258	4859	100000
6897	258	4860	100000
6898	258	4861	51840
6899	258	4873	51840
6900	258	4874	1244160
6901	258	4878	466560
6902	258	4886	51840
6903	258	4897	51840
6904	258	4899	100000
6905	258	4906	100000
6906	258	4909	51840
6907	258	4913	51840
6908	258	4920	100000
6909	258	4921	51840
6910	258	4924	51840
6911	258	4927	100000
6912	258	4939	51840
6913	258	4941	51840
6914	258	4945	51840
6915	258	4947	51840
6916	258	4958	51840
6917	258	4966	51840
6918	258	4968	100000
6919	258	4971	100000
6920	258	4978	51840
6921	258	4986	100000
6922	258	4993	100000
6923	258	5000	100000
6924	258	5004	51840
6925	258	5019	100000
6926	258	5020	51840
6927	258	5021	466560
6928	258	5022	100000
6929	258	5026	2488320
6930	258	5032	100000
6931	258	5040	100000
6932	258	5041	100000
6933	258	5042	51840
6934	258	5052	100000
6935	258	5053	2488320
6936	258	5055	51840
6937	258	5056	51840
6938	258	5059	51840
6939	258	5091	51840
6940	258	5093	100000
6941	258	5094	51840
6942	258	5097	466560
6943	258	5102	100000
6944	258	5105	2488320
6945	258	5110	2488320
6946	258	5115	100000
6947	258	5122	51840
6948	258	5125	100000
6949	258	5129	51840
6950	258	5131	100000
6951	258	5132	100000
6952	258	5141	100000
6953	258	5142	100000
6954	258	5148	51840
6955	258	5150	51840
6956	258	5155	51840
6957	258	5159	51840
6958	258	5161	2488320
6959	258	5162	100000
6960	258	5169	2488320
6961	258	5170	100000
6962	258	5177	51840
6963	258	5184	100000
6964	258	5187	51840
6965	258	5188	1244160
6966	258	5193	100000
6967	258	5194	1244160
6968	258	5195	51840
6969	258	5208	2488320
6970	258	5209	466560
6971	258	5213	51840
6972	258	5214	100000
6973	258	5216	51840
6974	258	5217	100000
6975	258	5231	51840
6976	258	5237	51840
6977	258	5239	2488320
6978	258	5240	466560
6979	258	5241	100000
6980	258	5242	466560
6981	258	5247	51840
6982	258	5248	51840
6983	258	5249	1244160
6984	258	5252	51840
6985	258	5254	100000
6986	258	5259	51840
6987	258	5261	100000
6988	258	5267	51840
6989	258	5285	51840
6990	258	5289	51840
6991	258	5303	100000
6992	258	5328	100000
6993	258	5366	100000
6994	258	5377	2488320
6995	258	5424	100000
6996	258	5429	100000
6997	258	5482	100000
6998	258	5543	100000
6999	258	5600	100000
7000	258	5647	100000
7001	258	5723	100000
7002	258	5766	100000
7003	258	5775	100000
7004	258	5909	100000
7005	258	5955	2488320
7006	258	5992	466560
7007	258	6012	100000
7008	258	6050	100000
7009	258	6054	100000
7010	258	6055	100000
7011	258	6057	51840
7012	258	6061	100000
7013	258	6062	100000
7014	258	6065	51840
7015	258	6067	51840
7016	258	6071	51840
7017	258	6076	51840
7018	258	6079	51840
7019	258	6082	51840
7020	258	6084	51840
7021	258	6095	51840
7022	258	6100	51840
7023	258	6103	51840
7024	258	6104	51840
7025	258	6108	466560
7026	258	6113	51840
7027	258	6114	51840
7028	258	6119	100000
7029	258	6124	51840
7030	258	6129	100000
7031	258	6135	2488320
7032	258	6137	51840
7033	258	6142	2488320
7034	258	6150	2488320
7035	258	6151	100000
7036	258	6152	100000
7037	258	6167	51840
7038	258	6172	51840
7039	258	6174	51840
7040	258	6185	51840
7041	258	6189	51840
7042	258	6196	51840
7043	258	6200	51840
7044	258	6203	100000
7045	258	6205	51840
7046	258	6208	51840
7047	258	6213	2488320
7048	258	6217	100000
7049	258	6219	100000
7050	258	6222	100000
7051	258	6225	100000
7052	258	6227	1244160
7053	258	6237	51840
7054	258	6243	51840
7055	258	6244	100000
7056	258	6257	100000
7057	258	6272	100000
7058	258	6294	51840
7059	258	6295	100000
7060	258	6296	100000
7061	258	6306	51840
7062	258	6308	2488320
7063	258	6315	51840
7064	258	6319	100000
7065	258	6324	51840
7066	258	6332	100000
7067	258	6333	51840
7068	258	6337	51840
7069	258	6340	51840
7070	258	6341	100000
7071	258	6342	100000
7072	258	6343	2488320
7073	258	6351	51840
7074	258	6358	1244160
7075	258	6365	51840
7076	258	6367	51840
7077	258	6368	100000
7078	258	6372	51840
7079	258	6373	51840
7080	258	6375	1244160
7081	258	6376	1244160
7082	258	6386	100000
7083	258	6394	51840
7084	258	6398	100000
7085	258	6404	51840
7086	258	6405	51840
7087	258	6407	51840
7088	258	6416	2488320
7089	258	6435	51840
7090	258	6436	51840
7091	258	6448	51840
7092	258	6453	51840
7093	258	6458	466560
7094	258	6463	51840
7095	258	6469	51840
7096	258	6482	51840
7097	258	6485	51840
7098	258	6487	51840
7099	258	6490	51840
7100	258	6494	51840
7101	258	6497	51840
7102	258	6499	51840
7103	258	6502	100000
7104	258	6514	1244160
7105	258	6523	51840
7106	258	6524	100000
7107	258	6533	100000
7108	258	6545	51840
7109	258	6547	51840
7110	258	6554	100000
7111	258	6559	100000
7112	258	6561	1244160
7113	258	6562	100000
7114	258	6571	51840
7115	258	6575	51840
7116	258	6576	100000
7117	258	6577	2488320
7118	258	6580	51840
7119	258	6582	100000
7120	258	6584	51840
7121	258	6599	51840
7122	258	6601	51840
7123	258	6604	51840
7124	258	6613	51840
7125	258	6617	51840
7126	258	6618	51840
7127	258	6622	100000
7128	258	6628	51840
7129	258	6630	1244160
7130	258	6636	51840
7131	258	6638	51840
7132	258	6640	100000
7133	258	6643	100000
7134	258	6645	100000
7135	258	6646	100000
7136	258	6647	1244160
7137	258	6648	51840
7138	258	6649	51840
7139	258	6650	51840
7140	258	6651	51840
7141	258	6652	51840
7142	258	6655	51840
7143	258	6667	51840
7144	258	6671	51840
7145	258	6672	51840
7146	258	6675	100000
7147	258	6680	51840
7148	258	6685	1244160
7149	258	6689	51840
7150	258	6690	51840
7151	258	6691	51840
7152	258	6694	100000
7153	258	6696	51840
7154	258	6705	100000
7155	258	6715	51840
7156	258	6718	51840
7157	258	6726	100000
7158	258	6746	51840
7159	258	6752	51840
7160	258	6756	51840
7161	258	6782	100000
7162	258	6786	2488320
7163	258	6794	51840
7164	258	6801	51840
7165	258	6803	51840
7166	258	6806	51840
7167	258	6812	51840
7168	258	6813	100000
7169	258	6815	51840
7170	258	6822	51840
7171	258	6828	51840
7172	258	6830	51840
7173	258	6834	2488320
7174	258	6836	100000
7175	258	6844	51840
7176	258	6846	51840
7177	258	6847	51840
7178	258	6853	100000
7179	258	6859	1244160
7180	258	6860	51840
7181	258	6862	51840
7182	258	6863	100000
7183	258	6871	51840
7184	258	6875	51840
7185	258	6881	100000
7186	258	6882	51840
7187	258	6883	51840
7188	258	6893	51840
7189	258	6895	1244160
7190	258	6896	51840
7191	258	6901	100000
7192	258	6902	51840
7193	258	6904	51840
7194	258	6915	1244160
7195	258	6916	51840
7196	258	6919	100000
7197	258	6920	2488320
7198	258	6921	100000
7199	258	6922	100000
7200	258	6926	100000
7201	258	6930	100000
7202	258	6936	51840
7203	258	6948	100000
7204	258	6953	1244160
7205	258	6959	51840
7206	258	6960	51840
7207	258	6964	51840
7208	258	6965	51840
7209	258	6971	100000
7210	258	6980	51840
7211	258	6986	100000
7212	258	6987	100000
7213	258	6989	51840
7214	258	6997	100000
7215	258	7003	1244160
7216	258	7009	51840
7217	258	7014	51840
7218	258	7015	51840
7219	258	7018	51840
7220	258	7022	51840
7221	258	7026	51840
7222	258	7030	1244160
7223	258	7034	100000
7224	258	7036	51840
7225	258	7039	51840
7226	258	7045	100000
7227	258	7052	51840
7228	258	7055	100000
7229	258	7060	51840
7230	258	7061	51840
7231	258	7065	51840
7232	258	7068	2488320
7233	258	7069	1244160
7234	258	7082	51840
7235	258	7089	51840
7236	258	7091	51840
7237	258	7095	100000
7238	258	7100	1244160
7239	258	7108	51840
7240	258	7111	51840
7241	258	7113	100000
7242	258	7119	51840
7243	258	7121	51840
7244	258	7123	100000
7245	258	7131	100000
7246	258	7132	100000
7247	258	7135	51840
7248	258	7138	100000
7249	258	7144	51840
7250	258	7146	51840
7251	258	7148	51840
7252	258	7152	51840
7253	258	7154	51840
7254	258	7156	100000
7255	258	7158	51840
7256	258	7172	51840
7257	258	7179	51840
7258	258	7184	51840
7259	258	7186	100000
7260	258	7189	51840
7261	258	7197	100000
7262	258	7202	51840
7263	258	7203	51840
7264	258	7205	51840
7265	258	7211	100000
7266	258	7220	51840
7267	258	7247	100000
7268	258	7248	51840
7269	258	7254	51840
7270	258	7292	100000
7271	258	7437	2488320
7272	258	7523	466560
7273	258	7857	100000
7274	258	8001	100000
7275	258	8043	51840
7276	258	8044	51840
7277	258	8057	51840
7278	258	8063	51840
7279	258	8066	51840
7280	258	8071	100000
7281	258	8083	51840
7282	258	8093	51840
7283	258	8094	51840
7284	258	8098	51840
7285	258	8112	51840
7286	258	8113	51840
7287	258	8120	51840
7288	258	8121	100000
7289	258	8123	51840
7290	258	8141	51840
7291	258	8156	51840
7292	258	8157	51840
7293	258	8162	100000
7294	258	8166	51840
7295	258	8168	51840
7296	258	8170	466560
7297	258	8178	51840
7298	258	8182	51840
7299	258	8183	51840
7300	258	8219	51840
7301	258	8223	100000
7302	258	8228	51840
7303	258	8250	100000
7304	258	8251	51840
7305	258	8257	1244160
7306	258	8274	100000
7307	258	8279	51840
7308	258	8281	51840
7309	258	8311	51840
7310	258	8313	51840
7311	258	8319	100000
7312	258	8323	51840
7313	258	8329	100000
7314	258	8335	51840
7315	258	8342	51840
7316	258	8349	51840
7317	258	8359	51840
7318	258	8361	51840
7319	258	8362	100000
7320	258	8378	51840
7321	258	8379	2488320
7322	258	8391	51840
7323	258	8392	51840
7324	258	8393	51840
7325	258	8411	51840
7326	258	8413	51840
7327	258	8416	51840
7328	258	8417	51840
7329	258	8418	51840
7330	258	8420	51840
7331	258	8422	51840
7332	258	8423	51840
7333	258	8424	51840
7334	258	8432	51840
7335	258	8434	100000
7336	258	8435	466560
7337	258	8444	51840
7338	258	8451	2488320
7339	258	8452	51840
7340	258	8454	51840
7341	258	8455	51840
7342	258	8456	51840
7343	258	8468	100000
7344	258	8477	51840
7345	258	8481	51840
7346	258	8495	51840
7347	258	8497	100000
7348	258	8501	51840
7349	258	8533	51840
7350	258	8535	51840
7351	258	8541	51840
7352	258	8544	100000
7353	258	8545	51840
7354	258	8551	1244160
7355	258	8558	1244160
7356	258	8571	51840
7357	258	8574	51840
7358	258	8578	51840
7359	258	8587	51840
7360	258	8588	2488320
7361	258	8589	51840
7362	258	8595	51840
7363	258	8596	100000
7364	258	8603	100000
7365	258	8609	100000
7366	258	8620	100000
7367	258	8623	51840
7368	258	8651	100000
7369	258	8792	51840
7370	258	8810	466560
7371	258	8835	100000
7372	258	8874	100000
7373	258	8965	51840
7374	258	8977	100000
7375	258	9216	51840
7376	258	9301	51840
7377	258	9305	100000
7378	258	9306	2488320
7379	258	9317	51840
7380	258	9334	100000
7381	258	9339	51840
7382	258	9340	51840
7383	258	9343	51840
7384	258	9347	51840
7385	258	9348	51840
7386	258	9352	51840
7387	258	9356	51840
7388	258	9362	51840
7389	258	9378	1244160
7390	258	9382	1244160
7391	258	9392	100000
7392	258	9399	1244160
7393	258	9402	100000
7394	258	9403	51840
7395	258	9404	1244160
7396	258	9408	51840
7397	258	9410	100000
7398	258	9418	51840
7399	258	9420	51840
7400	258	9423	51840
7401	258	9426	51840
7402	258	9431	51840
7403	258	9434	100000
7404	258	9440	51840
7405	258	9441	51840
7406	258	9447	51840
7407	258	9449	100000
7408	258	9455	51840
7409	258	9466	51840
7410	258	9477	51840
7411	258	9478	51840
7412	258	9489	51840
7413	258	9506	51840
7414	258	9515	1244160
7415	258	9520	51840
7416	258	9528	100000
7417	258	9530	51840
7418	258	9540	51840
7419	258	9542	51840
7420	258	9544	1244160
7421	258	9545	51840
7422	258	9546	1244160
7423	258	9547	51840
7424	258	9556	2488320
7425	258	9576	51840
7426	258	9587	51840
7427	258	9591	51840
7428	258	9592	51840
7429	258	9593	51840
7430	258	9599	51840
7431	258	9602	51840
7432	258	9611	1244160
7433	258	9615	51840
7434	258	9616	100000
7435	258	9620	51840
7436	258	9622	1244160
7437	258	9653	51840
7438	258	9654	51840
7439	258	9658	51840
7440	258	9662	100000
7441	258	9664	100000
7442	258	9677	51840
7443	258	9678	51840
7444	258	9680	51840
7445	258	9682	51840
7446	258	9691	51840
7447	258	9693	51840
7448	258	9708	51840
7449	258	9712	51840
7450	258	9713	2488320
7451	258	9721	51840
7452	258	9723	51840
7453	258	9725	100000
7454	258	9726	100000
7455	258	9727	51840
7456	258	9732	51840
7457	258	9734	100000
7458	258	9742	1244160
7459	258	9745	100000
7460	258	9765	51840
7461	258	9767	51840
7462	258	9773	51840
7463	258	9780	51840
7464	258	9781	51840
7465	258	9789	100000
7466	258	9792	51840
7467	258	9794	51840
7468	258	9801	1244160
7469	258	9806	100000
7470	258	9809	51840
7471	258	9815	100000
7472	258	9823	51840
7473	258	9830	51840
7474	258	9831	51840
7475	258	9833	51840
7476	258	9845	1244160
7477	258	9850	51840
7478	258	9853	51840
7479	258	9867	51840
7480	258	9869	51840
7481	258	9871	100000
7482	258	9874	2488320
7483	258	9875	100000
7484	258	9885	100000
7485	258	9886	51840
7486	258	9887	51840
7487	258	9890	51840
7488	258	9891	51840
7489	258	9893	2488320
7490	258	9897	51840
7491	258	9898	51840
7492	258	9901	51840
7493	258	9909	100000
7494	258	9936	1244160
7495	258	9937	51840
7496	258	9938	466560
7497	258	9946	51840
7498	258	9947	100000
7499	258	9948	100000
7500	258	9949	2488320
7501	258	9950	100000
7502	258	9951	100000
7503	258	9952	100000
7504	258	9953	2488320
7505	258	9954	100000
7506	258	9955	100000
7507	258	9956	100000
7508	258	9957	100000
7509	258	9958	100000
7510	258	9959	100000
7511	258	9960	100000
7512	258	9961	100000
7513	258	9962	100000
7514	258	9968	51840
7515	258	9972	51840
7516	258	9974	51840
7517	258	9980	51840
7518	258	9981	2488320
7519	258	9982	51840
7520	258	9994	51840
7521	258	10004	51840
7522	258	10005	51840
7523	258	10010	2488320
7524	258	10015	51840
7525	258	10016	51840
7526	258	10017	100000
7527	258	10027	51840
7528	258	10028	51840
7529	258	10029	51840
7530	258	10036	51840
7531	258	10038	51840
7532	258	10049	51840
7533	258	10097	51840
7534	258	10109	51840
7535	258	10111	51840
7536	258	10118	51840
7537	258	10119	51840
7538	258	10122	51840
7539	258	10127	51840
7540	258	10129	51840
7541	258	10135	51840
7542	258	10138	51840
7543	258	10142	51840
7544	258	10143	466560
7545	258	10153	51840
7546	258	10160	51840
7547	258	10165	51840
7548	258	10166	100000
7549	258	10169	51840
7550	258	10175	51840
7551	258	10179	51840
7552	258	10189	51840
7553	258	10198	1244160
7554	258	10201	51840
7555	258	10205	51840
7556	258	10206	51840
7557	258	10207	1244160
7558	258	10219	51840
7559	258	10226	51840
7560	258	10228	51840
7561	258	10238	51840
7562	258	10241	51840
7563	258	10250	51840
7564	258	10258	51840
7565	258	10261	51840
7566	258	10264	51840
7567	258	10265	51840
7568	258	10275	100000
7569	258	10278	51840
7570	258	10292	51840
7571	258	10296	100000
7572	258	10300	51840
7573	258	10308	51840
7574	258	10317	51840
7575	258	10320	51840
7576	258	10322	51840
7577	258	10334	51840
7578	258	10335	100000
7579	258	10341	51840
7580	258	10343	100000
7581	258	10349	51840
7582	258	10350	51840
7583	258	10353	51840
7584	258	10355	51840
7585	258	10357	100000
7586	258	10359	51840
7587	258	10361	51840
7588	258	10365	51840
7589	258	10377	51840
7590	258	10382	1244160
7591	258	10385	51840
7592	258	10392	51840
7593	258	10399	100000
7594	258	10402	100000
7595	258	10407	51840
7596	258	10416	51840
7597	258	10419	1244160
7598	258	10422	51840
7599	258	10423	51840
7600	258	10424	51840
7601	258	10437	51840
7602	258	10440	51840
7603	258	10455	51840
7604	258	10463	51840
7605	258	10466	51840
7606	258	10471	51840
7607	258	10473	1244160
7608	258	10478	100000
7609	258	10496	51840
7610	258	10501	51840
7611	258	10503	51840
7612	258	10504	51840
7613	258	10506	51840
7614	258	10509	51840
7615	258	10510	1244160
7616	258	10511	2488320
7617	258	10516	51840
7618	258	10517	51840
7619	258	10520	51840
7620	258	10535	51840
7621	258	10537	51840
7622	258	10541	51840
7623	258	10542	51840
7624	258	10543	51840
7625	258	10547	51840
7626	258	10548	1244160
7627	258	10551	51840
7628	258	10556	51840
7629	258	10558	100000
7630	258	10564	100000
7631	258	10567	51840
7632	258	10569	51840
7633	258	10571	51840
7634	258	10573	51840
7635	258	10574	51840
7636	258	10578	51840
7637	258	10581	51840
7638	258	10582	100000
7639	258	10587	51840
7640	258	10594	100000
7641	258	10596	1244160
7642	258	10599	51840
7643	258	10600	100000
7644	258	10683	100000
7645	258	10728	2488320
7646	258	10836	51840
7647	258	10838	2488320
7648	258	10947	100000
7649	258	10951	100000
7650	258	10977	100000
7651	258	10978	100000
7652	258	11030	100000
7653	258	11138	100000
7654	258	11196	466560
7655	258	11369	51840
7656	258	11407	51840
7657	258	11467	51840
7658	258	11468	51840
7659	258	11471	51840
7660	258	11474	1244160
7661	258	11480	51840
7662	258	11482	51840
7663	258	11483	100000
7664	258	11485	51840
7665	258	11486	51840
7666	258	11491	51840
7667	258	11492	1244160
7668	258	11497	2488320
7669	258	11502	51840
7670	258	11506	51840
7671	258	11508	100000
7672	258	11518	51840
7673	258	11521	51840
7674	258	11522	100000
7675	258	11525	51840
7676	258	11536	51840
7677	258	11538	51840
7678	258	11548	51840
7679	258	11550	51840
7680	258	11553	51840
7681	258	11554	51840
7682	258	11559	51840
7683	258	11566	51840
7684	258	11574	51840
7685	258	11579	51840
7686	258	11582	51840
7687	258	11585	51840
7688	258	11604	51840
7689	258	11605	51840
7690	258	11621	51840
7691	258	11627	51840
7692	258	11630	51840
7693	258	11633	51840
7694	258	11637	51840
7695	258	11648	51840
7696	258	11656	51840
7697	258	11658	2488320
7698	258	11661	100000
7699	258	11662	100000
7700	258	11663	100000
7701	258	11668	51840
7702	258	11678	51840
7703	258	11683	51840
7704	258	11686	51840
7705	258	11696	51840
7706	258	11712	1244160
7707	258	11719	1244160
7708	258	11722	51840
7709	258	11736	51840
7710	258	11738	51840
7711	258	11739	51840
7712	258	11744	51840
7713	258	11746	51840
7714	258	11749	51840
7715	258	11752	100000
7716	258	11753	1244160
7717	258	11755	51840
7718	258	11775	51840
7719	258	11783	51840
7720	258	11789	51840
7721	258	11790	51840
7722	258	11792	51840
7723	258	11799	51840
7724	258	11800	51840
7725	258	11804	51840
7726	258	11806	51840
7727	258	11807	51840
7728	258	11809	51840
7729	258	11815	51840
7730	258	11817	51840
7731	258	11820	1244160
7732	258	11844	51840
7733	258	11849	51840
7734	258	11850	100000
7735	258	11857	51840
7736	258	11861	1244160
7737	258	11862	51840
7738	258	11868	51840
7739	258	11872	51840
7740	258	11876	51840
7741	258	11877	100000
7742	258	11882	100000
7743	258	11885	2488320
7744	258	11891	51840
7745	258	11895	51840
7746	258	11898	51840
7747	258	11899	100000
7748	258	11915	51840
7749	258	11918	51840
7750	258	11920	51840
7751	258	11923	1244160
7752	258	11929	51840
7753	258	11932	100000
7754	258	11937	51840
7755	258	11940	51840
7756	258	11948	51840
7757	258	11949	51840
7758	258	11956	51840
7759	258	11977	100000
7760	258	11980	100000
7761	258	11985	51840
7762	258	11992	51840
7763	258	11997	51840
7764	258	12008	51840
7765	258	12022	51840
7766	258	12025	1244160
7767	258	12031	51840
7768	258	12034	51840
7769	258	12036	2488320
7770	258	12037	100000
7771	258	12039	51840
7772	258	12042	2488320
7773	258	12060	51840
7774	258	12073	51840
7775	258	12076	100000
7776	258	12084	51840
7777	258	12092	51840
7778	258	12110	51840
7779	258	12112	51840
7780	258	12115	51840
7781	258	12118	51840
7782	258	12123	51840
7783	258	12134	1244160
7784	258	12139	100000
7785	258	12141	51840
7786	258	12144	51840
7787	258	12147	51840
7788	258	12156	51840
7789	258	12158	51840
7790	258	12160	51840
7791	258	12176	51840
7792	258	12178	100000
7793	258	12179	51840
7794	258	12181	100000
7795	258	12182	51840
7796	258	12186	51840
7797	258	12200	51840
7798	258	12203	100000
7799	258	12204	100000
7800	258	12220	466560
7801	258	12228	51840
7802	258	12233	51840
7803	258	12236	51840
7804	258	12243	51840
7805	258	12248	51840
7806	258	12256	51840
7807	258	12263	51840
7808	258	12266	51840
7809	258	12270	51840
7810	258	12309	51840
7811	258	12323	51840
7812	258	12330	51840
7813	258	12338	51840
7814	258	12350	51840
7815	258	12351	466560
7816	258	12359	51840
7817	258	12368	51840
7818	258	12370	51840
7819	258	12375	51840
7820	258	12381	51840
7821	258	12385	51840
7822	258	12386	51840
7823	258	12396	51840
7824	258	12398	100000
7825	258	12401	51840
7826	258	12408	51840
7827	258	12414	1244160
7828	258	12417	51840
7829	258	12418	51840
7830	258	12430	51840
7831	258	12434	51840
7832	258	12436	100000
7833	258	12443	51840
7834	258	12447	51840
7835	258	12468	51840
7836	258	12486	1244160
7837	258	12489	51840
7838	258	12491	100000
7839	258	12495	100000
7840	258	12501	51840
7841	258	12508	100000
7842	258	12511	100000
7843	258	12516	51840
7844	258	12523	51840
7845	258	12528	51840
7846	258	12529	1244160
7847	258	12549	51840
7848	258	12557	51840
7849	258	12558	51840
7850	258	12559	51840
7851	258	12565	51840
7852	258	12573	51840
7853	258	12574	2488320
7854	258	12576	51840
7855	258	12580	51840
7856	258	12583	51840
7857	258	12591	51840
7858	258	12604	51840
7859	258	12609	51840
7860	258	12613	51840
7861	258	12614	51840
7862	258	12617	51840
7863	258	12624	100000
7864	258	12626	51840
7865	258	12631	51840
7866	258	12632	51840
7867	258	12653	51840
7868	258	12658	51840
7869	258	12678	51840
7870	258	12682	100000
7871	258	12684	51840
7872	258	12691	51840
7873	258	12694	51840
7874	258	12700	1244160
7875	258	12701	51840
7876	258	12703	51840
7877	258	12705	51840
7878	258	12711	51840
7879	258	12713	51840
7880	258	12733	51840
7881	258	12740	51840
7882	258	12741	100000
7883	258	12749	51840
7884	258	12750	51840
7885	258	12754	100000
7886	258	12759	51840
7887	258	12774	51840
7888	258	12775	1244160
7889	258	12779	51840
7890	258	12784	51840
7891	258	12788	51840
7892	258	12800	51840
7893	258	12803	51840
7894	258	12808	51840
7895	258	12811	51840
7896	258	12814	51840
7897	258	12815	51840
7898	258	12819	51840
7899	258	12823	51840
7900	258	12834	1244160
7901	258	12837	51840
7902	258	12840	51840
7903	258	12847	100000
7904	258	12853	51840
7905	258	12856	51840
7906	258	12858	51840
7907	258	12859	51840
7908	258	12866	51840
7909	258	12881	51840
7910	258	12888	1244160
7911	258	12892	51840
7912	258	12895	51840
7913	258	12898	100000
7914	258	12903	51840
7915	258	12918	51840
7916	258	12919	51840
7917	258	12922	100000
7918	258	12923	51840
7919	258	12931	51840
7920	258	12933	51840
7921	258	12938	51840
7922	258	12953	51840
7923	258	12957	51840
7924	258	12961	51840
7925	258	12970	51840
7926	258	12971	51840
7927	258	12976	51840
7928	258	12980	1244160
7929	258	13010	51840
7930	258	13027	51840
7931	258	13108	100000
7932	258	13209	51840
7933	258	13462	51840
7934	258	13507	51840
7935	258	13627	100000
7936	258	13693	51840
7937	258	13695	51840
7938	258	13696	100000
7939	258	13698	51840
7940	258	13708	51840
7941	258	13713	2488320
7942	258	13714	51840
7943	258	13719	1244160
7944	258	13721	51840
7945	258	13728	100000
7946	258	13730	51840
7947	258	13731	1244160
7948	258	13742	51840
7949	258	13743	51840
7950	258	13744	51840
7951	258	13747	51840
7952	258	13748	51840
7953	258	13753	51840
7954	258	13761	1244160
7955	258	13771	51840
7956	258	13779	51840
7957	258	13781	51840
7958	258	13790	51840
7959	258	13800	51840
7960	258	13801	51840
7961	258	13809	51840
7962	258	13825	51840
7963	258	13829	51840
7964	258	13837	100000
7965	258	13839	100000
7966	258	13843	51840
7967	258	13853	51840
7968	258	13868	51840
7969	258	13869	51840
7970	258	13875	51840
7971	258	13877	1244160
7972	258	13901	51840
7973	258	13904	51840
7974	258	13913	51840
7975	258	13914	51840
7976	258	13925	51840
7977	258	13926	51840
7978	258	13927	1244160
7979	258	13928	51840
7980	258	13933	51840
7981	258	13936	51840
7982	258	13942	51840
7983	258	13947	51840
7984	258	13956	51840
7985	258	13974	51840
7986	258	13976	51840
7987	258	13980	51840
7988	258	13983	51840
7989	258	13985	51840
7990	258	13989	51840
7991	258	13992	1244160
7992	258	14016	1244160
7993	258	14029	51840
7994	258	14033	51840
7995	258	14034	51840
7996	258	14037	51840
7997	258	14040	2488320
7998	258	14053	51840
7999	258	14061	51840
8000	258	14062	51840
8001	258	14064	51840
8002	258	14067	51840
8003	258	14068	51840
8004	258	14078	51840
8005	258	14080	51840
8006	258	14085	51840
8007	258	14087	51840
8008	258	14089	51840
8009	258	14096	100000
8010	258	14098	51840
8011	258	14099	51840
8012	258	14100	51840
8013	258	14101	1244160
8014	258	14102	51840
8015	258	14107	51840
8016	258	14108	51840
8017	258	14113	51840
8018	258	14121	51840
8019	258	14122	51840
8020	258	14123	100000
8021	258	14128	51840
8022	258	14141	51840
8023	258	14143	51840
8024	258	14150	51840
8025	258	14156	51840
8026	258	14157	51840
8027	258	14168	51840
8028	258	14178	51840
8029	258	14180	100000
8030	258	14183	51840
8031	258	14194	51840
8032	258	14200	100000
8033	258	14202	51840
8034	258	14204	51840
8035	258	14226	51840
8036	258	14227	51840
8037	258	14231	51840
8038	258	14242	51840
8039	258	14244	51840
8040	258	14255	51840
8041	258	14261	51840
8042	258	14277	1244160
8043	258	14296	51840
8044	258	14308	100000
8045	258	14312	51840
8046	258	14325	51840
8047	258	14328	51840
8048	258	14330	51840
8049	258	14332	1244160
8050	258	14335	51840
8051	258	14336	51840
8052	258	14338	51840
8053	258	14363	100000
8054	258	14366	1244160
8055	258	14370	51840
8056	258	14376	51840
8057	258	14377	100000
8058	258	14378	51840
8059	258	14381	51840
8060	258	14405	1244160
8061	258	14442	51840
8062	258	14447	51840
8063	258	14449	100000
8064	258	14450	51840
8065	258	14451	51840
8066	258	14454	51840
8067	258	14458	51840
8068	258	14462	51840
8069	258	14475	100000
8070	258	14476	51840
8071	258	14480	1244160
8072	258	14481	51840
8073	258	14485	51840
8074	258	14499	100000
8075	258	14508	51840
8076	258	14515	51840
8077	258	14521	51840
8078	258	14533	51840
8079	258	14553	51840
8080	258	14555	51840
8081	258	14562	51840
8082	258	14563	51840
8083	258	14564	1244160
8084	258	14569	51840
8085	258	14571	100000
8086	258	14572	51840
8087	258	14581	51840
8088	258	14586	2488320
8089	258	14599	51840
8090	258	14723	51840
8091	258	14724	51840
8092	258	14725	51840
8093	258	14868	100000
8094	258	14964	51840
8095	258	15019	51840
8096	258	15038	51840
8097	258	15039	51840
8098	258	15059	51840
8099	258	15088	51840
8100	258	15114	51840
8101	258	15173	51840
8102	258	15213	51840
8103	258	15218	100000
8104	258	15297	51840
8105	258	15318	51840
8106	258	15319	51840
8107	258	15323	51840
8108	258	15324	51840
8109	258	15325	1244160
8110	258	15326	51840
8111	258	15394	51840
8112	258	15542	2488320
8113	258	15638	51840
8114	258	15658	51840
8115	259	1797	51840
8116	259	4826	100000
8117	259	6619	466560
8118	260	2029	100000
8119	260	2902	51840
8120	260	5839	51840
8121	260	7307	51840
8122	260	7402	51840
8123	260	7459	100000
8124	260	7569	1244160
8125	260	7643	51840
8126	260	7704	51840
8127	260	7751	51840
8128	260	10717	51840
8129	260	10886	51840
8130	260	11172	51840
8131	260	11278	51840
8132	262	11714	100000
8133	263	888	2488320
8134	263	4261	100000
8135	264	446	2488320
8136	264	881	100000
8137	264	4812	100000
8138	265	4816	51840
8139	265	15061	51840
8140	265	15062	51840
8141	265	15063	51840
8142	265	15102	51840
8143	265	15103	51840
8144	266	14835	51840
8145	266	14952	1244160
8146	266	15041	51840
8147	266	15042	51840
8148	267	429	100000
8149	267	431	51840
8150	267	504	51840
8151	267	764	100000
8152	267	807	100000
8153	267	1158	100000
8154	267	1470	51840
8155	267	1491	51840
8156	267	1540	100000
8157	267	1878	100000
8158	267	2234	100000
8159	267	2621	100000
8160	267	2668	100000
8161	267	2771	100000
8162	267	2932	100000
8163	267	3070	51840
8164	267	5487	1244160
8165	267	5899	100000
8166	267	7592	51840
8167	267	7736	100000
8168	267	10991	51840
8169	267	11225	51840
8170	267	13501	51840
8171	268	1588	51840
8172	268	9863	51840
8173	269	2231	100000
8174	270	278	100000
8175	270	764	2488320
8176	270	1442	1244160
8177	270	2066	2488320
8178	270	2095	100000
8179	270	2799	51840
8180	270	2856	51840
8181	270	2952	51840
8182	270	3046	100000
8183	270	3243	51840
8184	270	3314	100000
8185	270	3353	100000
8186	270	3362	2488320
8187	270	3384	2488320
8188	270	3432	100000
8189	270	5308	1244160
8190	270	5349	51840
8191	270	5395	466560
8192	270	5415	100000
8193	270	5421	51840
8194	270	5432	51840
8195	270	5484	51840
8196	270	5543	100000
8197	270	5855	51840
8198	270	5876	51840
8199	270	5923	2488320
8200	270	5950	51840
8201	270	6029	51840
8202	270	6031	2488320
8203	270	7267	100000
8204	270	7325	100000
8205	270	7395	100000
8206	270	7439	1244160
8207	270	7451	51840
8208	270	7557	51840
8209	270	7663	51840
8210	270	7664	100000
8211	270	7775	51840
8212	270	7806	100000
8213	270	7902	100000
8214	270	7911	100000
8215	270	10673	51840
8216	270	10710	51840
8217	270	10926	51840
8218	270	10967	100000
8219	270	11046	51840
8220	270	11064	51840
8221	270	11065	51840
8222	270	11082	51840
8223	270	11084	51840
8224	270	11096	51840
8225	270	11116	51840
8226	270	11168	51840
8227	270	11179	100000
8228	270	11412	100000
8229	270	11418	51840
8230	270	11429	100000
8231	270	13226	51840
8232	270	13249	2488320
8233	270	13264	100000
8234	270	13561	51840
8235	271	360	100000
8236	271	436	2488320
8237	271	438	51840
8238	271	676	100000
8239	271	678	51840
8240	271	751	100000
8241	271	764	100000
8242	271	888	100000
8243	271	1158	2488320
8244	271	1473	51840
8245	271	1509	100000
8246	271	1513	1244160
8247	271	1560	51840
8248	271	1878	100000
8249	271	2005	51840
8250	271	2011	51840
8251	271	2049	51840
8252	271	2106	51840
8253	271	2234	100000
8254	271	2789	100000
8255	271	2869	51840
8256	271	2904	100000
8257	271	2935	100000
8258	271	2963	51840
8259	271	2968	466560
8260	271	2981	51840
8261	271	3059	51840
8262	271	3115	100000
8263	271	3140	51840
8264	271	3199	51840
8265	271	3276	100000
8266	271	3288	51840
8267	271	3332	51840
8268	271	3338	51840
8269	271	3388	51840
8270	271	3418	1244160
8271	271	5300	51840
8272	271	5306	1244160
8273	271	5314	100000
8274	271	5328	100000
8275	271	5335	51840
8276	271	5354	100000
8277	271	5377	100000
8278	271	5380	51840
8279	271	5386	51840
8280	271	5414	100000
8281	271	5450	100000
8282	271	5472	2488320
8283	271	5475	51840
8284	271	5483	51840
8285	271	5485	51840
8286	271	5494	100000
8287	271	5501	51840
8288	271	5507	51840
8289	271	5524	100000
8290	271	5544	100000
8291	271	5567	51840
8292	271	5581	51840
8293	271	5601	1244160
8294	271	5609	51840
8295	271	5620	51840
8296	271	5630	51840
8297	271	5726	51840
8298	271	5732	100000
8299	271	5749	100000
8300	271	5812	2488320
8301	271	5844	100000
8302	271	5877	100000
8303	271	5898	51840
8304	271	5907	51840
8305	271	5987	51840
8306	271	5997	51840
8307	271	7276	51840
8308	271	7308	100000
8309	271	7331	51840
8310	271	7335	100000
8311	271	7342	100000
8312	271	7430	51840
8313	271	7443	100000
8314	271	7527	100000
8315	271	7539	51840
8316	271	7540	100000
8317	271	7558	51840
8318	271	7630	51840
8319	271	7635	2488320
8320	271	7649	100000
8321	271	7694	100000
8322	271	7698	51840
8323	271	7702	100000
8324	271	7711	100000
8325	271	7791	1244160
8326	271	7822	51840
8327	271	7904	100000
8328	271	7916	51840
8329	271	7955	100000
8330	271	8018	51840
8331	271	10722	100000
8332	271	10726	51840
8333	271	10762	2488320
8334	271	10769	51840
8335	271	10779	100000
8336	271	10850	100000
8337	271	10871	51840
8338	271	10882	51840
8339	271	10899	100000
8340	271	10972	1244160
8341	271	11071	51840
8342	271	11131	51840
8343	271	11166	51840
8344	271	11193	51840
8345	271	11198	100000
8346	271	11199	100000
8347	271	11330	51840
8348	271	11336	51840
8349	271	11357	51840
8350	271	11393	1244160
8351	271	11421	1244160
8352	271	11435	51840
8353	271	12989	1244160
8354	271	13122	51840
8355	271	13145	51840
8356	271	13201	51840
8357	271	13263	51840
8358	271	13270	51840
8359	271	13292	1244160
8360	271	13348	51840
8361	271	13349	100000
8362	271	13414	100000
8363	271	13439	51840
8364	271	13440	100000
8365	271	13444	51840
8366	271	13495	51840
8367	271	13655	51840
8368	272	360	100000
8369	273	886	100000
8370	274	777	100000
8371	275	918	100000
8372	276	500	466560
8373	277	965	51840
8374	278	279	2488320
8375	278	334	51840
8376	278	360	100000
8377	278	391	100000
8378	278	502	100000
8379	278	568	100000
8380	278	583	100000
8381	278	607	100000
8382	278	656	100000
8383	278	673	100000
8384	278	696	2488320
8385	278	737	100000
8386	278	746	100000
8387	278	757	100000
8388	278	759	100000
8389	278	764	100000
8390	278	768	2488320
8391	278	778	100000
8392	278	786	100000
8393	278	791	100000
8394	278	792	100000
8395	278	807	100000
8396	278	809	100000
8397	278	818	100000
8398	278	869	100000
8399	278	881	100000
8400	278	888	100000
8401	278	1082	100000
8402	278	1185	100000
8403	278	1426	100000
8404	278	1430	100000
8405	278	1446	100000
8406	278	1448	2488320
8407	278	1461	51840
8408	278	1464	100000
8409	278	1469	51840
8410	278	1470	100000
8411	278	1487	100000
8412	278	1504	100000
8413	278	1510	100000
8414	278	1513	100000
8415	278	1532	51840
8416	278	1533	100000
8417	278	1539	100000
8418	278	1549	100000
8419	278	1554	1244160
8420	278	1560	100000
8421	278	1567	2488320
8422	278	1568	100000
8423	278	1578	51840
8424	278	1624	100000
8425	278	1865	100000
8426	278	1874	100000
8427	278	1878	100000
8428	278	1965	100000
8429	278	2010	100000
8430	278	2016	100000
8431	278	2021	2488320
8432	278	2026	100000
8433	278	2040	100000
8434	278	2043	2488320
8435	278	2071	100000
8436	278	2101	51840
8437	278	2108	100000
8438	278	2163	100000
8439	278	2621	100000
8440	278	2763	100000
8441	278	2769	100000
8442	278	2780	466560
8443	278	2795	100000
8444	278	2798	100000
8445	278	2801	100000
8446	278	2805	100000
8447	278	2807	100000
8448	278	2811	51840
8449	278	2835	2488320
8450	278	2842	2488320
8451	278	2886	100000
8452	278	2893	100000
8453	278	2909	1244160
8454	278	2913	100000
8455	278	2925	100000
8456	278	2928	100000
8457	278	2935	100000
8458	278	2959	2488320
8459	278	2990	51840
8460	278	2995	100000
8461	278	3039	100000
8462	278	3054	51840
8463	278	3059	100000
8464	278	3073	100000
8465	278	3110	100000
8466	278	3116	100000
8467	278	3117	100000
8468	278	3124	100000
8469	278	3133	100000
8470	278	3138	100000
8471	278	3149	51840
8472	278	3169	100000
8473	278	3171	100000
8474	278	3199	51840
8475	278	3213	2488320
8476	278	3273	2488320
8477	278	3278	51840
8478	278	3288	2488320
8479	278	3297	100000
8480	278	3343	100000
8481	278	3347	2488320
8482	278	3419	51840
8483	278	5318	100000
8484	278	5348	2488320
8485	278	5366	100000
8486	278	5367	100000
8487	278	5373	51840
8488	278	5386	100000
8489	278	5411	2488320
8490	278	5422	100000
8491	278	5438	51840
8492	278	5453	100000
8493	278	5459	2488320
8494	278	5477	51840
8495	278	5480	100000
8496	278	5485	51840
8497	278	5491	100000
8498	278	5515	100000
8499	278	5520	100000
8500	278	5534	2488320
8501	278	5563	2488320
8502	278	5608	51840
8503	278	5609	466560
8504	278	5616	100000
8505	278	5651	51840
8506	278	5683	100000
8507	278	5714	100000
8508	278	5723	100000
8509	278	5739	100000
8510	278	5743	100000
8511	278	5756	100000
8512	278	5762	100000
8513	278	5775	100000
8514	278	5785	100000
8515	278	5788	1244160
8516	278	5796	2488320
8517	278	5807	2488320
8518	278	5833	100000
8519	278	5845	100000
8520	278	5854	2488320
8521	278	5888	100000
8522	278	5893	100000
8523	278	5908	100000
8524	278	5916	51840
8525	278	5951	100000
8526	278	5992	100000
8527	278	6012	100000
8528	278	6465	51840
8529	278	7282	100000
8530	278	7288	51840
8531	278	7316	51840
8532	278	7317	51840
8533	278	7329	51840
8534	278	7370	51840
8535	278	7380	100000
8536	278	7384	100000
8537	278	7394	51840
8538	278	7414	100000
8539	278	7416	100000
8540	278	7419	51840
8541	278	7436	1244160
8542	278	7437	100000
8543	278	7450	100000
8544	278	7453	100000
8545	278	7483	466560
8546	278	7489	100000
8547	278	7509	100000
8548	278	7522	51840
8549	278	7549	100000
8550	278	7553	100000
8551	278	7623	51840
8552	278	7625	100000
8553	278	7645	51840
8554	278	7647	100000
8555	278	7651	51840
8556	278	7654	100000
8557	278	7740	100000
8558	278	7744	1244160
8559	278	7788	51840
8560	278	7805	100000
8561	278	7815	466560
8562	278	7900	1244160
8563	278	7908	51840
8564	278	7919	51840
8565	278	7950	51840
8566	278	7974	100000
8567	278	7976	1244160
8568	278	7983	100000
8569	278	8064	100000
8570	278	8497	100000
8571	278	9135	51840
8572	278	9456	51840
8573	278	9465	51840
8574	278	9939	51840
8575	278	10184	2488320
8576	278	10248	100000
8577	278	10615	2488320
8578	278	10633	51840
8579	278	10663	100000
8580	278	10730	51840
8581	278	10736	51840
8582	278	10741	100000
8583	278	10773	466560
8584	278	10779	100000
8585	278	10803	51840
8586	278	10808	100000
8587	278	10845	51840
8588	278	10847	1244160
8589	278	10906	100000
8590	278	10921	51840
8591	278	11007	2488320
8592	278	11011	100000
8593	278	11068	100000
8594	278	11217	100000
8595	278	11226	100000
8596	278	11363	51840
8597	278	11366	51840
8598	278	11381	100000
8599	278	11399	51840
8600	278	11458	2488320
8601	278	12985	51840
8602	278	12994	51840
8603	278	12997	1244160
8604	278	13061	100000
8605	278	13104	51840
8606	278	13121	100000
8607	278	13155	100000
8608	278	13206	100000
8609	278	13291	100000
8610	278	13297	100000
8611	278	13395	51840
8612	278	13454	51840
8613	278	13459	2488320
8614	278	13477	100000
8615	278	13482	100000
8616	278	13566	51840
8617	279	739	100000
8618	280	530	100000
8619	281	370	466560
8620	281	530	100000
8621	282	888	100000
8622	283	2189	100000
8623	284	881	100000
8624	284	4436	100000
8625	286	1681	466560
8626	290	1507	100000
8627	290	2932	466560
8628	290	10925	51840
8629	291	1369	51840
8630	292	1604	51840
8631	293	2589	100000
8632	293	4261	100000
8633	293	6269	2488320
8634	296	2231	100000
8635	297	2231	100000
8636	298	2231	466560
8637	304	1056	51840
8638	304	2231	100000
8639	309	2231	2488320
8640	312	2231	100000
8641	318	2231	2488320
8642	325	1690	2488320
8643	325	14851	100000
8644	325	15214	51840
8645	328	2231	100000
8646	330	2231	100000
8647	334	3244	51840
8648	334	13412	51840
8649	335	444	100000
8650	336	444	100000
8651	337	444	100000
8652	338	444	466560
8653	338	1689	51840
8654	339	444	100000
8655	340	444	100000
8656	341	444	100000
8657	342	444	100000
8658	344	1681	51840
8659	345	2231	100000
8660	351	433	51840
8661	351	604	100000
8662	351	662	100000
8663	351	663	100000
8664	351	664	100000
8665	351	665	100000
8666	351	666	100000
8667	351	667	100000
8668	351	668	100000
8669	351	669	100000
8670	351	670	2488320
8671	351	764	100000
8672	351	2932	100000
8673	351	3070	51840
8674	351	3349	100000
8675	351	5363	51840
8676	351	7726	51840
8677	351	7940	2488320
8678	351	13374	51840
8679	353	2231	100000
8680	354	945	100000
8681	355	860	466560
8682	355	881	100000
8683	355	1878	100000
8684	355	2405	100000
8685	355	3465	100000
8686	355	3898	100000
8687	355	9061	100000
8688	355	14895	466560
8689	355	14897	100000
8690	355	14898	100000
8691	355	14899	100000
8692	355	14900	100000
8693	355	15571	100000
8694	358	8775	100000
8695	360	363	1244160
8696	360	384	2488320
8697	360	401	100000
8698	360	553	100000
8699	360	566	100000
8700	360	568	100000
8701	360	583	100000
8702	360	584	100000
8703	360	660	100000
8704	360	675	100000
8705	360	764	100000
8706	360	788	2488320
8707	360	790	100000
8708	360	798	100000
8709	360	818	100000
8710	360	869	100000
8711	360	881	100000
8712	360	888	100000
8713	360	906	2488320
8714	360	1010	100000
8715	360	1061	100000
8716	360	1082	100000
8717	360	1090	2488320
8718	360	1120	100000
8719	360	1122	100000
8720	360	1133	100000
8721	360	1158	100000
8722	360	1167	2488320
8723	360	1176	2488320
8724	360	1203	100000
8725	360	1208	100000
8726	360	1237	2488320
8727	360	1258	100000
8728	360	1366	100000
8729	360	1403	100000
8730	360	1444	2488320
8731	360	1462	100000
8732	360	1470	100000
8733	360	1471	100000
8734	360	1504	100000
8735	360	1594	100000
8736	360	1603	100000
8737	360	1606	100000
8738	360	1611	100000
8739	360	1718	100000
8740	360	1735	100000
8741	360	1781	100000
8742	360	1807	100000
8743	360	1815	100000
8744	360	1850	100000
8745	360	1852	100000
8746	360	1874	2488320
8747	360	1878	100000
8748	360	1994	100000
8749	360	2027	100000
8750	360	2054	100000
8751	360	2122	100000
8752	360	2147	2488320
8753	360	2162	100000
8754	360	2163	100000
8755	360	2216	100000
8756	360	2323	100000
8757	360	2381	100000
8758	360	2397	51840
8759	360	2398	2488320
8760	360	2503	100000
8761	360	2507	51840
8762	360	2621	466560
8763	360	2668	2488320
8764	360	2669	51840
8765	360	2690	100000
8766	360	2700	51840
8767	360	2704	100000
8768	360	2787	100000
8769	360	2795	100000
8770	360	2835	100000
8771	360	3007	466560
8772	360	3387	2488320
8773	360	3534	51840
8774	360	3670	100000
8775	360	3679	100000
8776	360	3681	100000
8777	360	3944	100000
8778	360	4136	466560
8779	360	4188	466560
8780	360	4319	51840
8781	360	4382	100000
8782	360	4403	100000
8783	360	4487	100000
8784	360	4524	100000
8785	360	4697	100000
8786	360	4743	100000
8787	360	4744	2488320
8788	360	4827	100000
8789	360	4878	51840
8790	360	4894	100000
8791	360	4919	100000
8792	360	5031	100000
8793	360	5089	100000
8794	360	5116	100000
8795	360	5247	51840
8796	360	5277	100000
8797	360	5283	100000
8798	360	5284	100000
8799	360	5775	100000
8800	360	6066	100000
8801	360	6073	100000
8802	360	6195	100000
8803	360	6371	51840
8804	360	6983	51840
8805	360	7003	51840
8806	360	7098	100000
8807	360	7157	100000
8808	360	8808	2488320
8809	360	8901	51840
8810	360	10279	100000
8811	360	10436	100000
8812	360	11475	100000
8813	360	12389	2488320
8814	360	13772	51840
8815	360	14608	100000
8816	360	14609	51840
8817	360	14610	100000
8818	360	14611	100000
8819	360	14612	100000
8820	360	14613	100000
8821	360	14614	2488320
8822	360	14615	100000
8823	360	14616	100000
8824	360	14617	100000
8825	360	14618	2488320
8826	360	14619	100000
8827	360	14620	2488320
8828	360	14621	51840
8829	360	14622	100000
8830	360	14623	100000
8831	360	14624	100000
8832	360	14625	100000
8833	360	14626	51840
8834	360	14627	51840
8835	360	14628	51840
8836	360	14629	51840
8837	360	14630	51840
8838	360	14631	51840
8839	360	14632	51840
8840	360	14633	100000
8841	360	14634	100000
8842	360	14635	51840
8843	360	14636	466560
8844	360	14637	100000
8845	360	14638	466560
8846	360	14639	100000
8847	360	14640	466560
8848	360	14641	100000
8849	360	14642	51840
8850	360	14643	51840
8851	360	14645	100000
8852	360	14646	51840
8853	360	14647	51840
8854	360	14648	51840
8855	360	14649	51840
8856	360	14650	100000
8857	360	14651	100000
8858	360	14652	100000
8859	360	14653	100000
8860	360	14654	100000
8861	360	14707	51840
8862	360	14708	51840
8863	360	14709	51840
8864	360	14713	100000
8865	360	14714	51840
8866	360	14715	100000
8867	360	14716	2488320
8868	360	14717	100000
8869	360	14718	100000
8870	360	14719	100000
8871	360	14720	1244160
8872	360	14721	51840
8873	360	14779	2488320
8874	360	14780	100000
8875	360	14781	100000
8876	360	14782	100000
8877	360	14783	100000
8878	360	14784	466560
8879	360	14785	100000
8880	360	14786	2488320
8881	360	14787	100000
8882	360	14788	2488320
8883	360	14789	100000
8884	360	14790	2488320
8885	360	14791	100000
8886	360	14792	100000
8887	360	14793	100000
8888	360	15023	100000
8889	360	15024	100000
8890	360	15025	100000
8891	360	15026	100000
8892	360	15027	100000
8893	360	15033	51840
8894	360	15110	51840
8895	360	15139	100000
8896	360	15140	100000
8897	360	15141	100000
8898	360	15142	100000
8899	360	15143	51840
8900	360	15144	100000
8901	360	15145	100000
8902	360	15146	51840
8903	360	15147	100000
8904	360	15177	51840
8905	360	15178	51840
8906	360	15179	51840
8907	360	15180	100000
8908	360	15397	51840
8909	360	15418	51840
8910	360	15428	51840
8911	360	15429	51840
8912	360	15430	51840
8913	360	15431	51840
8914	360	15432	51840
8915	360	15433	51840
8916	360	15434	51840
8917	360	15689	51840
8918	360	15690	51840
8919	360	15691	51840
8920	360	15692	51840
8921	360	15693	51840
8922	360	15694	100000
8923	360	15695	100000
8924	360	15696	51840
8925	360	15697	51840
8926	360	15698	100000
8927	360	15699	100000
8928	360	15700	51840
8929	360	15701	51840
8930	360	15702	51840
8931	360	15703	51840
8932	360	15704	51840
8933	360	15705	51840
8934	360	15706	51840
8935	360	15707	51840
8936	360	15710	51840
8937	360	15722	51840
8938	360	15724	51840
8939	360	15725	51840
8940	360	15726	51840
8941	360	15740	51840
8942	362	869	2488320
8943	362	3258	51840
8944	362	3268	51840
8945	362	3371	2488320
8946	362	5372	51840
8947	362	5529	51840
8948	362	5802	51840
8949	362	5880	51840
8950	362	7724	51840
8951	362	7766	51840
8952	362	7792	1244160
8953	362	11444	51840
8954	362	13317	51840
8955	362	13354	51840
8956	362	13490	51840
8957	365	888	51840
8958	366	2216	100000
8959	366	4231	100000
8960	367	2591	51840
8961	367	4429	100000
8962	368	3469	51840
8963	368	3475	100000
8964	369	1120	100000
8965	369	2163	100000
8966	369	4812	100000
8967	370	739	100000
8968	371	544	51840
8969	371	5318	2488320
8970	372	530	100000
8971	373	530	100000
8972	373	546	51840
8973	374	530	466560
8974	375	453	2488320
8975	375	530	100000
8976	376	1684	100000
8977	377	786	100000
8978	378	1693	100000
8979	380	381	100000
8980	381	604	100000
8981	381	2932	100000
8982	381	5537	100000
8983	381	7368	100000
8984	381	15057	2488320
8985	382	4261	100000
8986	382	6048	100000
8987	382	8180	100000
8988	383	8653	51840
8989	383	15311	51840
8990	383	15312	51840
8991	384	536	100000
8992	384	553	100000
8993	384	660	100000
8994	384	696	100000
8995	384	1071	51840
8996	384	1158	2488320
8997	384	1588	51840
8998	384	1718	51840
8999	384	1850	51840
9000	384	1874	100000
9001	384	1878	100000
9002	384	2163	100000
9003	384	2621	100000
9004	384	2668	100000
9005	384	3912	100000
9006	384	4857	100000
9007	385	963	100000
9008	387	2163	51840
9009	388	3131	2488320
9010	389	431	100000
9011	390	888	100000
9012	390	2163	100000
9013	391	540	100000
9014	391	759	100000
9015	391	764	100000
9016	391	881	100000
9017	391	1158	100000
9018	391	1203	100000
9019	391	1470	1244160
9020	391	1507	100000
9021	391	1515	100000
9022	391	1878	2488320
9023	391	2621	100000
9024	391	2668	100000
9025	391	2836	100000
9026	391	2896	100000
9027	391	2932	100000
9028	391	3177	100000
9029	391	5384	100000
9030	391	5553	100000
9031	391	7563	100000
9032	391	7564	100000
9033	391	7760	1244160
9034	391	7856	51840
9035	391	7978	100000
9036	391	10683	100000
9037	391	10689	100000
9038	391	10750	100000
9039	391	11104	51840
9040	391	11235	51840
9041	391	11260	100000
9042	391	11441	51840
9043	391	13216	100000
9044	391	13252	466560
9045	391	13438	51840
9046	391	13481	100000
9047	391	13500	100000
9048	391	13506	51840
9049	391	13662	100000
9050	392	1360	51840
9051	392	2163	100000
9052	393	2116	100000
9053	393	2276	2488320
9054	394	2163	51840
9055	395	2163	51840
9056	396	568	2488320
9057	396	1071	51840
9058	396	1158	100000
9059	396	1167	2488320
9060	396	1588	100000
9061	396	1718	100000
9062	396	1917	2488320
9063	396	4857	100000
9064	396	10137	100000
9065	396	10585	100000
9066	396	12268	1244160
9067	396	12532	51840
9068	397	424	100000
9069	397	628	100000
9070	398	1055	1244160
9071	399	3469	466560
9072	400	553	2488320
9073	400	568	100000
9074	400	696	2488320
9075	400	764	466560
9076	400	869	2488320
9077	400	881	100000
9078	400	886	1244160
9079	400	1071	51840
9080	400	1082	51840
9081	400	1158	100000
9082	400	1208	100000
9083	400	1219	51840
9084	400	1251	100000
9085	400	1292	51840
9086	400	1403	100000
9087	400	1588	100000
9088	400	1589	51840
9089	400	1603	100000
9090	400	1625	100000
9091	400	1648	2488320
9092	400	1801	51840
9093	400	1850	100000
9094	400	1901	2488320
9095	400	1912	51840
9096	400	2134	1244160
9097	400	2216	2488320
9098	400	2237	100000
9099	400	2248	100000
9100	400	2359	2488320
9101	400	2592	100000
9102	400	2621	100000
9103	400	2668	100000
9104	400	2704	51840
9105	400	2729	100000
9106	400	3487	51840
9107	400	3912	100000
9108	400	4110	51840
9109	400	4117	51840
9110	400	4143	51840
9111	400	4166	100000
9112	400	4289	2488320
9113	400	4299	51840
9114	400	4410	100000
9115	400	4741	100000
9116	400	4857	100000
9117	400	4974	100000
9118	400	6335	51840
9119	400	6910	51840
9120	400	7051	51840
9121	400	8084	51840
9122	400	8401	51840
9123	400	8460	51840
9124	400	9665	2488320
9125	400	9738	51840
9126	400	9802	51840
9127	400	9864	2488320
9128	400	11517	51840
9129	400	11555	51840
9130	400	12265	100000
9131	400	12395	51840
9132	400	12963	100000
9133	400	13782	100000
9134	400	13859	51840
9135	400	14153	100000
9136	400	14210	51840
9137	401	660	100000
9138	401	986	100000
9139	401	1047	2488320
9140	401	1091	100000
9141	401	1158	100000
9142	401	1356	51840
9143	401	1584	2488320
9144	401	1586	51840
9145	401	1588	2488320
9146	401	1709	100000
9147	401	1718	100000
9148	401	1782	100000
9149	401	1850	100000
9150	401	1909	100000
9151	401	2163	100000
9152	401	2252	51840
9153	401	2582	51840
9154	401	2633	100000
9155	401	4360	100000
9156	401	4466	51840
9157	401	4507	51840
9158	401	4757	100000
9159	401	4805	100000
9160	401	4810	100000
9161	401	4994	51840
9162	401	5066	51840
9163	401	5076	51840
9164	401	6156	100000
9165	401	6456	51840
9166	401	6603	51840
9167	401	6612	51840
9168	401	6707	1244160
9169	401	6858	51840
9170	401	7059	51840
9171	401	7085	51840
9172	401	7094	51840
9173	401	7185	51840
9174	401	7265	51840
9175	401	8102	51840
9176	401	8135	51840
9177	401	8180	100000
9178	401	8201	51840
9179	401	8341	51840
9180	401	8396	51840
9181	401	8405	1244160
9182	401	8517	51840
9183	401	8608	51840
9184	401	9451	51840
9185	401	9931	51840
9186	401	10066	51840
9187	401	10215	51840
9188	401	10258	51840
9189	401	10327	100000
9190	401	10353	51840
9191	401	10449	100000
9192	401	10468	100000
9193	401	10484	51840
9194	401	11598	100000
9195	401	11646	51840
9196	401	11657	51840
9197	401	11819	51840
9198	401	11872	51840
9199	401	12009	100000
9200	401	12254	51840
9201	401	12291	51840
9202	401	12327	51840
9203	401	12481	51840
9204	401	12693	2488320
9205	401	13808	51840
9206	401	13906	51840
9207	401	13922	1244160
9208	401	14011	51840
9209	401	14177	100000
9210	401	14400	51840
9211	401	14404	466560
9212	401	14460	51840
9213	401	14510	51840
9214	401	14517	51840
9215	401	14919	100000
9216	401	14958	100000
9217	401	15541	1244160
9218	402	1815	100000
9219	404	14723	51840
9220	404	14724	51840
9221	404	14725	51840
9222	406	1701	100000
9223	407	941	51840
9224	407	1588	466560
9225	410	690	51840
9226	410	15171	51840
9227	410	15172	51840
9228	411	1923	51840
9229	412	2746	100000
9230	412	4589	100000
9231	413	8347	51840
9232	414	604	100000
9233	414	752	2488320
9234	414	764	100000
9235	414	2932	100000
9236	415	608	100000
9237	415	764	2488320
9238	415	1600	2488320
9239	415	3061	51840
9240	415	5548	51840
9241	415	7434	51840
9242	415	8017	100000
9243	415	8019	51840
9244	415	10788	100000
9245	415	10801	51840
9246	415	10931	100000
9247	416	2232	51840
9248	416	9391	51840
9249	416	14902	51840
9250	417	2787	100000
9251	418	1595	100000
9252	418	4812	100000
9253	421	5786	51840
9254	422	1266	466560
9255	422	4092	100000
9256	423	4740	100000
9257	423	4741	100000
9258	424	483	100000
9259	424	605	100000
9260	424	764	2488320
9261	424	1878	100000
9262	424	2002	100000
9263	424	3086	100000
9264	424	5553	2488320
9265	424	11011	100000
9266	425	965	100000
9267	425	1588	100000
9268	425	2163	100000
9269	425	4436	100000
9270	427	431	51840
9271	428	431	1244160
9272	429	604	100000
9273	431	432	51840
9274	431	433	51840
9275	431	604	51840
9276	431	2932	51840
9277	431	3070	51840
9278	431	10836	51840
9279	433	764	51840
9280	434	604	100000
9281	434	2842	100000
9282	434	2932	100000
9283	434	2971	100000
9284	434	3139	466560
9285	434	5412	100000
9286	434	7495	51840
9287	434	13001	51840
9288	436	1525	100000
9289	436	1552	100000
9290	436	2787	466560
9291	436	3052	51840
9292	436	5472	100000
9293	436	15029	51840
9294	437	764	100000
9295	437	888	100000
9296	437	3415	51840
9297	437	5305	2488320
9298	437	5730	1244160
9299	437	5915	51840
9300	437	5931	100000
9301	437	7478	51840
9302	437	7693	1244160
9303	437	11335	51840
9304	437	13081	51840
9305	439	764	2488320
9306	439	888	100000
9307	439	1158	100000
9308	439	1878	100000
9309	439	2002	2488320
9310	439	2901	2488320
9311	439	3255	51840
9312	439	3275	51840
9313	439	3305	51840
9314	439	5520	100000
9315	439	5526	100000
9316	439	5541	466560
9317	439	5863	51840
9318	439	7781	100000
9319	439	7880	51840
9320	439	7982	51840
9321	439	8025	100000
9322	439	11364	100000
9323	439	13148	51840
9324	439	13203	51840
9325	439	13306	51840
9326	439	13358	51840
9327	439	13361	1244160
9328	439	13371	1244160
9329	439	13514	51840
9330	440	778	100000
9331	440	1444	466560
9332	440	11151	100000
9333	440	13491	51840
9334	441	655	51840
9335	441	2984	51840
9336	441	3237	100000
9337	441	5493	100000
9338	441	7757	51840
9339	441	13391	51840
9340	444	456	1244160
9341	444	463	51840
9342	444	465	51840
9343	444	467	1244160
9344	444	610	100000
9345	444	612	51840
9346	444	648	51840
9347	444	1002	51840
9348	444	1004	51840
9349	444	1005	1244160
9350	444	1087	1244160
9351	444	1088	51840
9352	444	1413	100000
9353	444	1414	51840
9354	444	1415	51840
9355	444	1416	51840
9356	444	1420	51840
9357	444	1425	51840
9358	444	1664	1244160
9359	444	1665	51840
9360	444	1667	51840
9361	444	1689	51840
9362	444	1693	100000
9363	444	1694	51840
9364	444	6011	100000
9365	444	11006	100000
9366	446	644	100000
9367	446	645	100000
9368	446	888	100000
9369	446	1090	100000
9370	446	4184	100000
9371	446	4339	100000
9372	446	4426	466560
9373	446	4547	100000
9374	446	4579	100000
9375	446	4812	100000
9376	446	6170	51840
9377	446	9772	100000
9378	446	10026	100000
9379	446	11460	100000
9380	446	12426	51840
9381	447	2981	51840
9382	448	1508	100000
9383	448	5684	51840
9384	448	11011	100000
9385	449	2163	51840
9386	450	881	100000
9387	450	2163	100000
9388	451	530	100000
9389	452	5825	100000
9390	454	530	100000
9391	455	475	100000
9392	455	582	2488320
9393	455	743	100000
9394	455	795	2488320
9395	455	813	51840
9396	455	1993	100000
9397	455	2979	2488320
9398	455	11011	100000
9399	455	13447	2488320
9400	457	2163	100000
9401	458	2983	51840
9402	458	3375	100000
9403	459	2163	100000
9404	460	2116	100000
9405	461	888	466560
9406	461	2163	100000
9407	462	4270	51840
9408	462	6368	51840
9409	462	6861	1244160
9410	462	12538	51840
9411	462	15401	51840
9412	468	2163	51840
9413	470	888	100000
9414	471	2163	100000
9415	472	785	100000
9416	473	785	466560
9417	475	1970	100000
9418	476	1603	100000
9419	476	8180	100000
9420	477	1781	100000
9421	478	1624	100000
9422	478	15155	100000
9423	479	2163	100000
9424	480	724	1244160
9425	481	660	100000
9426	481	1158	100000
9427	481	1356	51840
9428	481	9639	100000
9429	482	888	100000
9430	484	2163	100000
9431	485	591	51840
9432	485	1288	51840
9433	485	1298	51840
9434	485	1874	2488320
9435	485	2359	100000
9436	485	3844	51840
9437	485	4023	51840
9438	485	8804	51840
9439	485	9035	1244160
9440	487	635	51840
9441	487	696	2488320
9442	487	1158	51840
9443	487	1588	51840
9444	487	1878	100000
9445	487	1917	100000
9446	487	2621	100000
9447	487	3912	100000
9448	487	4857	100000
9449	487	5171	51840
9450	487	9719	51840
9451	487	9907	51840
9452	487	12131	51840
9453	489	881	51840
9454	490	14846	100000
9455	490	14878	100000
9456	490	14957	100000
9457	490	14976	466560
9458	490	14977	51840
9459	490	14978	51840
9460	490	14979	51840
9461	490	14980	1244160
9462	490	14981	51840
9463	490	14982	1244160
9464	490	14983	51840
9465	490	14984	51840
9466	490	15071	51840
9467	490	15075	51840
9468	490	15099	51840
9469	490	15105	51840
9470	490	15106	51840
9471	490	15108	51840
9472	490	15198	51840
9473	490	15204	51840
9474	490	15229	51840
9475	490	15423	51840
9476	490	15424	51840
9477	491	2942	100000
9478	495	6160	51840
9479	496	528	100000
9480	497	530	466560
9481	498	11011	100000
9482	499	11011	100000
9483	500	509	1244160
9484	500	675	100000
9485	500	764	100000
9486	500	913	51840
9487	500	1158	100000
9488	500	1444	1244160
9489	500	1470	51840
9490	500	1878	100000
9491	500	2668	100000
9492	500	3304	51840
9493	500	5382	51840
9494	500	5599	100000
9495	500	6026	51840
9496	500	7788	51840
9497	500	7879	2488320
9498	500	7963	51840
9499	500	10454	51840
9500	500	13154	51840
9501	501	764	100000
9502	501	779	51840
9503	501	881	100000
9504	501	888	2488320
9505	501	2932	100000
9506	501	7512	51840
9507	501	11202	51840
9508	501	11279	100000
9509	501	11301	100000
9510	501	14989	100000
9511	502	595	100000
9512	502	683	100000
9513	502	741	1244160
9514	502	747	100000
9515	502	1433	100000
9516	502	1466	466560
9517	502	1493	466560
9518	502	1539	2488320
9519	502	2094	100000
9520	502	2907	1244160
9521	502	2944	100000
9522	502	2962	51840
9523	502	3127	2488320
9524	502	3289	51840
9525	502	3334	100000
9526	502	5810	100000
9527	502	5900	51840
9528	502	11315	51840
9529	502	11331	100000
9530	502	13083	51840
9531	502	13680	51840
9532	503	2780	100000
9533	503	2932	100000
9534	504	764	100000
9535	504	2932	100000
9536	505	3009	51840
9537	505	3142	51840
9538	507	739	100000
9539	507	1507	100000
9540	507	2787	2488320
9541	507	5472	100000
9542	508	2942	51840
9543	510	1010	51840
9544	510	2163	2488320
9545	510	5234	51840
9546	511	5002	100000
9547	512	627	51840
9548	514	515	100000
9549	514	952	100000
9550	514	1723	100000
9551	514	4127	100000
9552	514	4740	100000
9553	514	4741	100000
9554	514	11986	100000
9555	514	12794	100000
9556	514	12804	51840
9557	514	12842	51840
9558	514	12925	100000
9559	514	12982	51840
9560	514	13729	51840
9561	514	14021	51840
9562	514	14313	100000
9563	514	14972	100000
9564	515	698	2488320
9565	515	1659	51840
9566	515	4740	100000
9567	515	6434	100000
9568	515	6597	466560
9569	515	6598	100000
9570	515	9372	100000
9571	515	11494	100000
9572	515	11593	51840
9573	515	11599	100000
9574	515	11694	51840
9575	515	11758	1244160
9576	515	12052	100000
9577	515	12581	51840
9578	515	15034	51840
9579	515	15444	1244160
9580	515	15668	51840
9581	515	15669	51840
9582	517	906	2488320
9583	518	739	51840
9584	519	3273	51840
9585	520	771	100000
9586	521	12637	51840
9587	522	1435	1244160
9588	523	7228	51840
9589	524	652	51840
9590	525	1435	100000
9591	526	11271	51840
9592	526	14819	51840
9593	526	14820	51840
9594	526	14821	51840
9595	526	14822	51840
9596	526	14823	51840
9597	527	530	100000
9598	527	7486	100000
9599	528	530	100000
9600	529	1504	51840
9601	530	531	100000
9602	530	532	51840
9603	530	533	100000
9604	530	534	2488320
9605	530	535	100000
9606	530	543	2488320
9607	530	544	2488320
9608	530	545	466560
9609	530	546	100000
9610	530	764	100000
9611	530	1158	100000
9612	530	1504	100000
9613	530	1878	2488320
9614	530	3469	2488320
9615	530	4365	100000
9616	530	5775	100000
9617	530	5825	100000
9618	530	7816	100000
9619	530	11011	100000
9620	538	1504	51840
9621	539	850	51840
9622	539	4515	100000
9623	539	5179	51840
9624	539	6757	100000
9625	539	8568	51840
9626	539	9624	51840
9627	539	10356	51840
9628	539	11962	51840
9629	539	12149	51840
9630	539	12831	100000
9631	539	13866	51840
9632	539	13941	100000
9633	539	14406	100000
9634	539	15109	51840
9635	539	15436	51840
9636	541	568	100000
9637	541	729	2488320
9638	541	905	51840
9639	541	1071	100000
9640	541	1082	100000
9641	541	1158	2488320
9642	541	1382	51840
9643	541	1718	100000
9644	541	1806	100000
9645	541	1878	100000
9646	541	1917	100000
9647	541	2179	2488320
9648	541	4812	100000
9649	541	4857	100000
9650	541	12066	100000
9651	541	13955	51840
9652	542	936	100000
9653	542	2163	100000
9654	542	10363	100000
9655	542	14959	2488320
9656	547	1504	51840
9657	548	764	1244160
9658	548	1158	51840
9659	548	1878	51840
9660	548	5318	51840
9661	549	906	51840
9662	551	552	51840
9663	551	634	51840
9664	551	2216	100000
9665	551	4676	100000
9666	551	4889	2488320
9667	551	12003	51840
9668	552	4676	100000
9669	553	555	100000
9670	553	562	100000
9671	553	565	100000
9672	553	566	100000
9673	553	567	51840
9674	553	568	100000
9675	553	569	100000
9676	553	570	2488320
9677	553	571	100000
9678	553	572	2488320
9679	553	575	100000
9680	553	576	100000
9681	553	577	100000
9682	553	583	100000
9683	553	584	100000
9684	553	629	100000
9685	553	660	100000
9686	553	675	100000
9687	553	693	100000
9688	553	696	100000
9689	553	697	100000
9690	553	764	100000
9691	553	785	100000
9692	553	788	2488320
9693	553	798	100000
9694	553	809	100000
9695	553	818	100000
9696	553	869	100000
9697	553	881	100000
9698	553	886	51840
9699	553	1080	100000
9700	553	1120	100000
9701	553	1140	100000
9702	553	1146	51840
9703	553	1158	100000
9704	553	1167	100000
9705	553	1176	100000
9706	553	1185	100000
9707	553	1203	2488320
9708	553	1225	51840
9709	553	1226	100000
9710	553	1228	100000
9711	553	1229	100000
9712	553	1230	2488320
9713	553	1231	100000
9714	553	1235	51840
9715	553	1236	100000
9716	553	1237	100000
9717	553	1238	51840
9718	553	1240	100000
9719	553	1244	100000
9720	553	1245	100000
9721	553	1250	100000
9722	553	1251	100000
9723	553	1257	2488320
9724	553	1258	2488320
9725	553	1288	2488320
9726	553	1291	51840
9727	553	1292	100000
9728	553	1364	100000
9729	553	1444	100000
9730	553	1603	100000
9731	553	1708	51840
9732	553	1718	100000
9733	553	1807	2488320
9734	553	1850	100000
9735	553	1878	100000
9736	553	2009	466560
9737	553	2122	51840
9738	553	2198	100000
9739	553	2216	100000
9740	553	2359	100000
9741	553	2378	51840
9742	553	2379	100000
9743	553	2380	51840
9744	553	2386	51840
9745	553	2388	100000
9746	553	2390	51840
9747	553	2391	100000
9748	553	2392	100000
9749	553	2394	100000
9750	553	2398	100000
9751	553	2399	100000
9752	553	2495	100000
9753	553	2498	51840
9754	553	2500	2488320
9755	553	2501	100000
9756	553	2508	100000
9757	553	2509	100000
9758	553	2511	100000
9759	553	2513	100000
9760	553	2621	100000
9761	553	2668	100000
9762	553	2704	51840
9763	553	2780	466560
9764	553	2787	100000
9765	553	3201	51840
9766	553	3396	51840
9767	553	3441	51840
9768	553	3443	2488320
9769	553	3525	100000
9770	553	3528	51840
9771	553	3529	100000
9772	553	3534	51840
9773	553	3535	100000
9774	553	3613	100000
9775	553	3686	100000
9776	553	3688	2488320
9777	553	3689	51840
9778	553	3690	100000
9779	553	3691	100000
9780	553	3692	100000
9781	553	3729	51840
9782	553	3838	100000
9783	553	3912	100000
9784	553	3944	100000
9785	553	3946	100000
9786	553	3950	51840
9787	553	3962	100000
9788	553	3963	100000
9789	553	3967	1244160
9790	553	4135	51840
9791	553	4720	51840
9792	553	4857	100000
9793	553	5031	100000
9794	553	5169	51840
9795	553	5775	100000
9796	553	6129	100000
9797	553	6438	51840
9798	553	7157	100000
9799	553	7305	2488320
9800	553	8180	100000
9801	553	8698	100000
9802	553	8702	100000
9803	553	8711	100000
9804	553	8712	51840
9805	553	8808	100000
9806	553	8809	51840
9807	553	8813	51840
9808	553	8816	51840
9809	553	8817	466560
9810	553	8822	1244160
9811	553	8827	100000
9812	553	8990	100000
9813	553	9010	100000
9814	553	9077	51840
9815	553	9079	1244160
9816	553	9082	2488320
9817	553	9090	100000
9818	553	9091	51840
9819	553	9665	100000
9820	553	9738	51840
9821	553	9991	100000
9822	553	14860	100000
9823	553	14861	100000
9824	553	14862	100000
9825	554	693	100000
9826	554	3956	100000
9827	555	556	2488320
9828	555	557	100000
9829	555	558	100000
9830	555	560	100000
9831	555	563	100000
9832	555	568	100000
9833	555	693	100000
9834	555	1240	100000
9835	555	1252	100000
9836	555	2378	100000
9837	555	2492	100000
9838	555	3443	100000
9839	555	3531	100000
9840	555	8985	2488320
9841	555	8999	2488320
9842	555	15040	51840
9843	556	693	100000
9844	557	693	100000
9845	557	1258	100000
9846	558	693	100000
9847	558	1262	100000
9848	558	15333	100000
9849	559	565	100000
9850	559	693	100000
9851	559	859	100000
9852	559	1445	100000
9853	559	2492	2488320
9854	560	693	100000
9855	560	8704	51840
9856	561	693	100000
9857	562	696	100000
9858	562	881	100000
9859	562	888	466560
9860	562	1240	100000
9861	562	2378	100000
9862	562	3443	100000
9863	562	3679	100000
9864	562	9083	100000
9865	565	568	100000
9866	565	572	51840
9867	565	867	100000
9868	565	1240	100000
9869	565	2378	100000
9870	565	2492	100000
9871	565	2493	51840
9872	565	2497	51840
9873	565	3443	100000
9874	565	3524	100000
9875	565	9005	100000
9876	565	9114	100000
9877	566	696	100000
9878	566	881	100000
9879	566	888	100000
9880	566	2378	100000
9881	566	2393	51840
9882	566	2501	51840
9883	566	2504	51840
9884	566	2700	51840
9885	566	3673	100000
9886	566	3682	100000
9887	566	3945	100000
9888	567	1240	51840
9889	567	2378	51840
9890	568	569	100000
9891	568	573	100000
9892	568	575	100000
9893	568	583	100000
9894	568	584	100000
9895	568	629	100000
9896	568	660	100000
9897	568	675	2488320
9898	568	764	100000
9899	568	785	2488320
9900	568	788	100000
9901	568	798	100000
9902	568	809	100000
9903	568	818	100000
9904	568	860	100000
9905	568	869	100000
9906	568	881	2488320
9907	568	886	100000
9908	568	888	100000
9909	568	921	2488320
9910	568	933	100000
9911	568	956	2488320
9912	568	973	2488320
9913	568	1000	51840
9914	568	1044	1244160
9915	568	1061	466560
9916	568	1071	2488320
9917	568	1082	100000
9918	568	1120	2488320
9919	568	1122	2488320
9920	568	1146	51840
9921	568	1158	100000
9922	568	1167	51840
9923	568	1172	51840
9924	568	1176	100000
9925	568	1185	100000
9926	568	1193	100000
9927	568	1203	100000
9928	568	1208	2488320
9929	568	1210	100000
9930	568	1219	51840
9931	568	1227	51840
9932	568	1228	2488320
9933	568	1229	2488320
9934	568	1233	466560
9935	568	1234	466560
9936	568	1235	100000
9937	568	1244	2488320
9938	568	1245	100000
9939	568	1250	100000
9940	568	1263	100000
9941	568	1280	2488320
9942	568	1284	100000
9943	568	1289	100000
9944	568	1291	51840
9945	568	1292	100000
9946	568	1298	100000
9947	568	1304	100000
9948	568	1369	100000
9949	568	1382	100000
9950	568	1400	2488320
9951	568	1403	100000
9952	568	1464	100000
9953	568	1504	100000
9954	568	1588	100000
9955	568	1603	100000
9956	568	1630	100000
9957	568	1718	100000
9958	568	1735	100000
9959	568	1781	100000
9960	568	1801	100000
9961	568	1802	100000
9962	568	1806	100000
9963	568	1807	100000
9964	568	1832	51840
9965	568	1850	100000
9966	568	1852	100000
9967	568	1856	100000
9968	568	1865	100000
9969	568	1874	100000
9970	568	1878	100000
9971	568	1882	51840
9972	568	1906	100000
9973	568	1917	100000
9974	568	2009	2488320
9975	568	2029	100000
9976	568	2062	466560
9977	568	2101	51840
9978	568	2122	100000
9979	568	2134	466560
9980	568	2216	100000
9981	568	2273	51840
9982	568	2287	100000
9983	568	2323	51840
9984	568	2329	100000
9985	568	2359	100000
9986	568	2360	100000
9987	568	2364	100000
9988	568	2378	51840
9989	568	2380	1244160
9990	568	2386	100000
9991	568	2394	100000
9992	568	2396	100000
9993	568	2397	51840
9994	568	2477	100000
9995	568	2492	100000
9996	568	2497	1244160
9997	568	2498	100000
9998	568	2500	2488320
9999	568	2506	51840
10000	568	2507	51840
10001	568	2508	100000
10002	568	2509	2488320
10003	568	2513	100000
10004	568	2565	100000
10005	568	2621	466560
10006	568	2668	100000
10007	568	2669	51840
10008	568	2700	100000
10009	568	2787	100000
10010	568	2867	2488320
10011	568	3241	100000
10012	568	3271	100000
10013	568	3396	51840
10014	568	3443	2488320
10015	568	3468	100000
10016	568	3487	51840
10017	568	3502	100000
10018	568	3523	100000
10019	568	3525	100000
10020	568	3529	100000
10021	568	3534	100000
10022	568	3607	466560
10023	568	3613	100000
10024	568	3620	51840
10025	568	3670	100000
10026	568	3687	51840
10027	568	3688	100000
10028	568	3729	51840
10029	568	3815	100000
10030	568	3838	100000
10031	568	3900	2488320
10032	568	3904	51840
10033	568	3906	100000
10034	568	3912	466560
10035	568	3950	100000
10036	568	3951	2488320
10037	568	3953	100000
10038	568	3958	100000
10039	568	3963	100000
10040	568	3968	51840
10041	568	4135	51840
10042	568	4267	51840
10043	568	4289	100000
10044	568	4727	51840
10045	568	4740	100000
10046	568	4857	100000
10047	568	5031	100000
10048	568	5151	100000
10049	568	5169	51840
10050	568	5201	100000
10051	568	5553	100000
10052	568	5775	100000
10053	568	6326	100000
10054	568	6438	51840
10055	568	6531	51840
10056	568	6632	1244160
10057	568	6873	51840
10058	568	7157	51840
10059	568	7228	100000
10060	568	7305	100000
10061	568	7324	100000
10062	568	7937	100000
10063	568	8139	100000
10064	568	8616	100000
10065	568	8651	100000
10066	568	8697	100000
10067	568	8700	100000
10068	568	8701	100000
10069	568	8707	1244160
10070	568	8710	1244160
10071	568	8712	51840
10072	568	8714	100000
10073	568	8716	100000
10074	568	8802	100000
10075	568	8809	51840
10076	568	8810	100000
10077	568	8825	100000
10078	568	8835	100000
10079	568	9072	2488320
10080	568	9073	100000
10081	568	9079	1244160
10082	568	9091	100000
10083	568	9093	100000
10084	568	9117	51840
10085	568	9121	466560
10086	568	9210	51840
10087	568	9211	51840
10088	568	9288	466560
10089	568	9497	51840
10090	568	9738	51840
10091	568	9991	100000
10092	568	10368	100000
10093	568	11517	51840
10094	568	11980	51840
10095	568	12395	51840
10096	568	12860	100000
10097	568	14210	1244160
10098	569	693	2488320
10099	569	696	100000
10100	569	697	100000
10101	569	881	100000
10102	569	1256	51840
10103	569	1504	2488320
10104	569	1878	100000
10105	569	2359	100000
10106	569	2378	100000
10107	569	2513	100000
10108	569	3520	51840
10109	569	3670	100000
10110	569	3678	100000
10111	569	3687	51840
10112	569	3956	100000
10113	569	3957	51840
10114	569	3958	51840
10115	569	3968	1244160
10116	569	7305	100000
10117	569	8697	51840
10118	569	8701	100000
10119	569	8710	51840
10120	569	8808	100000
10121	569	8810	100000
10122	569	8819	100000
10123	569	8826	51840
10124	569	9083	2488320
10125	569	9119	51840
10126	570	696	2488320
10127	570	881	2488320
10128	570	1240	100000
10129	570	1256	51840
10130	570	1878	100000
10131	570	2378	100000
10132	571	587	466560
10133	571	1240	100000
10134	571	1504	100000
10135	571	2378	100000
10136	571	2395	51840
10137	571	2496	100000
10138	571	3443	100000
10139	571	3537	100000
10140	571	8818	100000
10141	572	2492	51840
10142	574	1251	100000
10143	575	1240	2488320
10144	575	2378	100000
10145	576	696	100000
10146	576	881	2488320
10147	576	1504	466560
10148	576	2378	100000
10149	576	3674	1244160
10150	577	764	100000
10151	577	807	51840
10152	577	818	100000
10153	577	881	100000
10154	577	888	100000
10155	577	1071	51840
10156	577	1158	2488320
10157	577	1203	100000
10158	577	1454	51840
10159	577	1470	51840
10160	577	1536	100000
10161	577	1718	466560
10162	577	1878	100000
10163	577	2668	100000
10164	577	2835	100000
10165	577	3228	51840
10166	577	4857	2488320
10167	577	5775	100000
10168	577	5970	51840
10169	577	7585	51840
10170	577	10841	100000
10171	577	11189	51840
10172	579	583	2488320
10173	580	839	51840
10174	580	1158	51840
10175	580	1878	100000
10176	580	1917	51840
10177	580	2621	100000
10178	580	3912	2488320
10179	580	4857	100000
10180	580	14951	2488320
10181	580	15168	51840
10182	581	1449	2488320
10183	583	584	2488320
10184	583	590	2488320
10185	583	619	100000
10186	583	660	100000
10187	583	675	100000
10188	583	696	100000
10189	583	713	51840
10190	583	732	2488320
10191	583	764	100000
10192	583	778	100000
10193	583	785	2488320
10194	583	818	100000
10195	583	881	100000
10196	583	886	100000
10197	583	888	100000
10198	583	921	100000
10199	583	973	100000
10200	583	974	100000
10201	583	1044	100000
10202	583	1061	100000
10203	583	1071	100000
10204	583	1082	466560
10205	583	1109	2488320
10206	583	1122	100000
10207	583	1158	100000
10208	583	1167	2488320
10209	583	1176	100000
10210	583	1186	100000
10211	583	1203	2488320
10212	583	1251	2488320
10213	583	1258	100000
10214	583	1292	100000
10215	583	1377	100000
10216	583	1444	100000
10217	583	1588	100000
10218	583	1603	100000
10219	583	1619	51840
10220	583	1631	100000
10221	583	1657	51840
10222	583	1718	100000
10223	583	1728	466560
10224	583	1754	100000
10225	583	1772	51840
10226	583	1806	2488320
10227	583	1850	100000
10228	583	1874	100000
10229	583	1878	100000
10230	583	1880	100000
10231	583	1882	51840
10232	583	1917	2488320
10233	583	1998	51840
10234	583	2122	2488320
10235	583	2134	2488320
10236	583	2163	2488320
10237	583	2209	51840
10238	583	2216	2488320
10239	583	2359	100000
10240	583	2537	100000
10241	583	2543	51840
10242	583	2617	2488320
10243	583	2621	100000
10244	583	2652	100000
10245	583	2668	466560
10246	583	2709	51840
10247	583	2764	100000
10248	583	3396	51840
10249	583	3487	51840
10250	583	3502	466560
10251	583	3729	51840
10252	583	3912	100000
10253	583	4135	51840
10254	583	4160	51840
10255	583	4226	2488320
10256	583	4248	51840
10257	583	4455	51840
10258	583	4486	51840
10259	583	4530	51840
10260	583	4594	51840
10261	583	4612	51840
10262	583	4614	466560
10263	583	4617	100000
10264	583	4621	1244160
10265	583	4635	51840
10266	583	4642	100000
10267	583	4665	100000
10268	583	4666	51840
10269	583	4694	51840
10270	583	4720	100000
10271	583	4764	100000
10272	583	4813	51840
10273	583	4829	100000
10274	583	4841	51840
10275	583	4857	100000
10276	583	4935	2488320
10277	583	5003	51840
10278	583	5036	100000
10279	583	5048	51840
10280	583	5052	2488320
10281	583	5057	51840
10282	583	5228	51840
10283	583	5230	51840
10284	583	5775	100000
10285	583	6091	51840
10286	583	6098	51840
10287	583	6169	51840
10288	583	6314	1244160
10289	583	6319	100000
10290	583	6354	51840
10291	583	6452	51840
10292	583	6471	2488320
10293	583	6531	100000
10294	583	6616	51840
10295	583	6634	51840
10296	583	6660	2488320
10297	583	6689	51840
10298	583	6964	1244160
10299	583	7040	51840
10300	583	7051	2488320
10301	583	7212	51840
10302	583	8043	51840
10303	583	8072	1244160
10304	583	8139	51840
10305	583	8316	100000
10306	583	8352	1244160
10307	583	8405	51840
10308	583	8463	100000
10309	583	8561	51840
10310	583	9397	51840
10311	583	9435	51840
10312	583	9470	100000
10313	583	9479	1244160
10314	583	9568	51840
10315	583	9661	51840
10316	583	9665	100000
10317	583	9718	51840
10318	583	9738	51840
10319	583	9826	100000
10320	583	9830	51840
10321	583	10008	100000
10322	583	10132	51840
10323	583	10144	1244160
10324	583	10223	51840
10325	583	10265	51840
10326	583	10273	51840
10327	583	10285	51840
10328	583	10397	51840
10329	583	10415	1244160
10330	583	10540	1244160
10331	583	11504	51840
10332	583	11517	51840
10333	583	11528	51840
10334	583	11530	51840
10335	583	11595	100000
10336	583	11604	51840
10337	583	11612	51840
10338	583	11672	51840
10339	583	11685	51840
10340	583	11708	51840
10341	583	11827	51840
10342	583	11841	51840
10343	583	11842	51840
10344	583	11967	51840
10345	583	11980	100000
10346	583	12011	51840
10347	583	12078	51840
10348	583	12090	51840
10349	583	12165	51840
10350	583	12250	51840
10351	583	12403	51840
10352	583	12783	51840
10353	583	12818	51840
10354	583	12826	51840
10355	583	12882	51840
10356	583	12887	1244160
10357	583	13691	51840
10358	583	13700	1244160
10359	583	13746	51840
10360	583	13792	51840
10361	583	13895	51840
10362	583	13957	51840
10363	583	13986	1244160
10364	583	14000	51840
10365	583	14015	51840
10366	583	14056	51840
10367	583	14143	51840
10368	583	14144	100000
10369	583	14194	51840
10370	583	14210	1244160
10371	583	14217	51840
10372	583	14220	51840
10373	583	14230	51840
10374	583	14264	51840
10375	583	14273	51840
10376	583	14306	51840
10377	583	14327	51840
10378	583	14379	51840
10379	583	14403	51840
10380	583	14410	51840
10381	583	14581	51840
10382	583	14710	51840
10383	583	14711	51840
10384	583	14816	51840
10385	583	14833	100000
10386	583	14834	100000
10387	583	15225	51840
10388	583	15402	51840
10389	583	15411	51840
10390	583	15486	1244160
10391	583	15487	51840
10392	583	15488	51840
10393	583	15499	51840
10394	583	15500	51840
10395	583	15501	51840
10396	583	15502	51840
10397	583	15537	1244160
10398	583	15546	51840
10399	583	15547	51840
10400	583	15548	51840
10401	583	15549	1244160
10402	583	15550	51840
10403	583	15551	51840
10404	583	15552	51840
10405	583	15608	51840
10406	583	15609	51840
10407	583	15610	51840
10408	583	15611	51840
10409	583	15612	1244160
10410	583	15613	51840
10411	583	15673	51840
10412	583	15678	51840
10413	583	15679	51840
10414	583	15727	51840
10415	583	15728	51840
10416	583	15729	51840
10417	583	15730	51840
10418	583	15731	51840
10419	583	15732	51840
10420	583	15733	51840
10421	583	15734	51840
10422	583	15735	51840
10423	583	15736	51840
10424	583	15737	51840
10425	583	15738	51840
10426	583	15739	51840
10427	584	660	100000
10428	584	696	100000
10429	584	764	100000
10430	584	818	100000
10431	584	1018	51840
10432	584	1071	100000
10433	584	1158	100000
10434	584	1588	2488320
10435	584	1718	100000
10436	584	1850	100000
10437	584	1878	100000
10438	584	2621	100000
10439	584	2668	100000
10440	584	3912	100000
10441	584	4214	51840
10442	584	4857	100000
10443	584	6987	100000
10444	584	10269	51840
10445	584	10395	51840
10446	584	12502	51840
10447	584	12760	51840
10448	584	13937	51840
10449	584	14560	51840
10450	585	13885	100000
10451	586	850	100000
10452	586	876	100000
10453	586	2113	51840
10454	586	4223	51840
10455	587	881	100000
10456	587	888	2488320
10457	587	1240	2488320
10458	587	2493	51840
10459	587	8696	100000
10460	587	8709	51840
10461	589	1519	51840
10462	589	13213	100000
10463	591	1427	100000
10464	591	2163	100000
10465	591	4081	51840
10466	591	4437	100000
10467	592	835	51840
10468	592	2163	100000
10469	592	2216	100000
10470	592	4676	100000
10471	592	14576	51840
10472	592	14836	100000
10473	592	14870	2488320
10474	592	14999	2488320
10475	592	15398	51840
10476	593	1120	100000
10477	593	2163	100000
10478	594	1817	100000
10479	595	2045	100000
10480	595	2858	100000
10481	595	2964	100000
10482	595	3047	51840
10483	595	3053	100000
10484	595	3230	51840
10485	595	7640	1244160
10486	595	13182	51840
10487	595	13500	51840
10488	596	809	100000
10489	597	686	1244160
10490	598	2022	100000
10491	598	5695	100000
10492	598	10668	51840
10493	598	10872	51840
10494	599	3375	100000
10495	600	3273	100000
10496	600	3313	100000
10497	600	5714	466560
10498	600	13540	100000
10499	601	5896	100000
10500	602	2900	51840
10501	603	11011	100000
10502	604	764	100000
10503	604	812	100000
10504	604	818	100000
10505	604	1504	466560
10506	604	2234	100000
10507	604	2780	51840
10508	604	2932	100000
10509	604	3070	51840
10510	604	4365	51840
10511	604	4812	100000
10512	604	7350	100000
10513	604	11011	2488320
10514	605	1545	2488320
10515	605	3416	100000
10516	605	11011	466560
10517	605	13651	100000
10518	606	2029	100000
10519	606	7305	100000
10520	607	764	100000
10521	607	807	51840
10522	607	818	100000
10523	607	1158	100000
10524	607	1470	100000
10525	607	1878	100000
10526	607	2668	466560
10527	607	3431	51840
10528	607	7284	51840
10529	607	11011	100000
10530	607	15152	100000
10531	608	5628	100000
10532	609	748	466560
10533	609	3096	100000
10534	609	5972	51840
10535	609	7840	51840
10536	609	7918	51840
10537	609	10892	51840
10538	609	11011	100000
10539	609	13197	51840
10540	611	1906	51840
10541	611	2163	100000
10542	611	8427	1244160
10543	613	4223	1244160
10544	613	8180	2488320
10545	614	633	100000
10546	616	1588	100000
10547	617	627	51840
10548	618	2163	100000
10549	618	6153	466560
10550	619	739	100000
10551	619	764	100000
10552	619	1042	100000
10553	619	1158	100000
10554	619	1167	466560
10555	619	1208	100000
10556	619	1236	100000
10557	619	1310	2488320
10558	619	1344	2488320
10559	619	1504	100000
10560	619	1547	100000
10561	619	1588	100000
10562	619	1718	2488320
10563	619	1850	100000
10564	619	1878	100000
10565	619	1900	2488320
10566	619	1982	100000
10567	619	2359	100000
10568	619	2668	100000
10569	619	3912	2488320
10570	619	4123	51840
10571	619	4857	100000
10572	619	5992	466560
10573	619	7248	51840
10574	619	7371	100000
10575	619	10978	2488320
10576	619	11204	100000
10577	619	11289	51840
10578	619	12128	51840
10579	619	12920	100000
10580	619	13006	51840
10581	619	13472	51840
10582	619	14200	100000
10583	620	1641	100000
10584	620	6495	2488320
10585	622	623	2488320
10586	622	624	51840
10587	622	7228	466560
10588	622	10034	100000
10589	622	15100	51840
10590	626	4374	51840
10591	626	15100	51840
10592	627	812	100000
10593	627	1515	51840
10594	627	1539	2488320
10595	627	3131	100000
10596	627	5752	2488320
10597	628	764	100000
10598	628	807	100000
10599	628	810	100000
10600	628	1158	100000
10601	628	1168	51840
10602	628	1203	100000
10603	628	1470	100000
10604	628	1504	100000
10605	628	1573	100000
10606	628	1712	100000
10607	628	1878	2488320
10608	628	2109	100000
10609	628	2163	100000
10610	628	2234	100000
10611	628	2668	100000
10612	628	2835	100000
10613	628	2932	100000
10614	628	2970	100000
10615	628	2997	100000
10616	628	3148	2488320
10617	628	3319	100000
10618	628	5347	2488320
10619	628	5431	51840
10620	628	5580	100000
10621	628	5633	51840
10622	628	5775	100000
10623	628	5784	51840
10624	628	5796	100000
10625	628	5939	100000
10626	628	5969	2488320
10627	628	6334	100000
10628	628	7268	466560
10629	628	7343	100000
10630	628	7496	51840
10631	628	7505	51840
10632	628	7546	100000
10633	628	7580	51840
10634	628	7687	51840
10635	628	7810	51840
10636	628	7923	100000
10637	628	8025	100000
10638	628	9351	51840
10639	628	9791	466560
10640	628	10621	1244160
10641	628	10658	2488320
10642	628	10762	100000
10643	628	11005	100000
10644	628	11103	100000
10645	628	11162	51840
10646	628	11191	100000
10647	628	11236	51840
10648	628	11262	100000
10649	628	11271	2488320
10650	628	11368	1244160
10651	628	11529	100000
10652	628	13210	51840
10653	628	13237	2488320
10654	628	13334	100000
10655	628	13341	2488320
10656	628	14959	2488320
10657	629	631	100000
10658	629	1202	2488320
10659	629	1203	2488320
10660	629	1208	2488320
10661	629	1504	100000
10662	629	2163	100000
10663	629	2365	100000
10664	629	3588	51840
10665	629	3634	51840
10666	629	3712	466560
10667	629	4029	100000
10668	629	6334	100000
10669	629	8288	100000
10670	629	8865	100000
10671	629	9150	51840
10672	629	9171	51840
10673	629	9259	100000
10674	629	9795	100000
10675	630	631	100000
10676	630	2163	2488320
10677	630	2747	100000
10678	630	7228	100000
10679	630	13881	51840
10680	632	1276	2488320
10681	632	1444	2488320
10682	632	3564	100000
10683	632	4030	100000
10684	633	933	100000
10685	633	1730	100000
10686	633	4812	100000
10687	633	12252	2488320
10688	634	4676	100000
10689	636	696	2488320
10690	637	1195	100000
10691	637	1200	2488320
10692	637	1202	100000
10693	637	1203	100000
10694	637	3447	1244160
10695	637	3646	51840
10696	637	3847	51840
10697	637	4032	51840
10698	637	4044	51840
10699	637	4084	1244160
10700	637	8833	51840
10701	637	8869	51840
10702	637	8906	466560
10703	638	881	2488320
10704	639	2746	100000
10705	640	2163	100000
10706	641	703	100000
10707	641	881	100000
10708	641	2163	100000
10709	641	2270	100000
10710	641	2560	100000
10711	641	2636	100000
10712	641	8366	51840
10713	641	8562	51840
10714	641	10453	51840
10715	641	11508	51840
10716	641	11603	51840
10717	641	11645	100000
10718	641	12295	2488320
10719	641	12627	51840
10720	641	14251	51840
10721	641	15459	51840
10722	642	696	2488320
10723	644	1742	100000
10724	644	6810	466560
10725	646	2163	51840
10726	647	1670	51840
10727	650	2163	51840
10728	651	2163	51840
10729	652	657	1244160
10730	652	1192	51840
10731	652	1208	100000
10732	652	1267	1244160
10733	652	1341	51840
10734	652	2359	100000
10735	652	2374	1244160
10736	652	2423	100000
10737	652	2434	100000
10738	652	2439	51840
10739	652	2444	51840
10740	652	2445	51840
10741	652	2446	51840
10742	652	2465	51840
10743	652	2478	100000
10744	652	2480	51840
10745	652	2485	51840
10746	652	2520	51840
10747	652	2521	51840
10748	652	3460	100000
10749	652	3477	100000
10750	652	3480	51840
10751	652	3497	51840
10752	652	3498	51840
10753	652	3512	2488320
10754	652	3543	51840
10755	652	3554	1244160
10756	652	3561	51840
10757	652	3594	51840
10758	652	3648	51840
10759	652	3655	51840
10760	652	3665	100000
10761	652	3707	51840
10762	652	3719	51840
10763	652	3754	2488320
10764	652	3760	51840
10765	652	3762	51840
10766	652	3809	100000
10767	652	3897	51840
10768	652	3912	100000
10769	652	4003	1244160
10770	652	4008	51840
10771	652	4042	51840
10772	652	4086	51840
10773	652	4087	51840
10774	652	4092	51840
10775	652	8663	51840
10776	652	8717	1244160
10777	652	8718	100000
10778	652	8726	1244160
10779	652	8781	1244160
10780	652	8784	2488320
10781	652	8786	2488320
10782	652	8789	100000
10783	652	8790	100000
10784	652	8843	51840
10785	652	8870	51840
10786	652	8871	51840
10787	652	8963	51840
10788	652	9023	51840
10789	652	9026	51840
10790	652	9027	100000
10791	652	9029	51840
10792	652	9064	51840
10793	652	9104	51840
10794	652	9166	51840
10795	652	9175	51840
10796	652	9215	100000
10797	652	9257	51840
10798	652	9266	51840
10799	652	9267	51840
10800	652	9268	51840
10801	652	15166	51840
10802	653	2163	100000
10803	653	8180	100000
10804	654	764	51840
10805	654	777	51840
10806	654	807	51840
10807	654	881	100000
10808	654	1158	51840
10809	654	1203	51840
10810	654	1470	51840
10811	654	1878	2488320
10812	654	2621	2488320
10813	654	2668	2488320
10814	654	2911	51840
10815	654	2924	51840
10816	654	3016	51840
10817	654	3072	51840
10818	654	3186	51840
10819	654	3234	51840
10820	654	3257	51840
10821	654	3396	51840
10822	654	5775	2488320
10823	654	7691	51840
10824	654	10659	51840
10825	654	11367	51840
10826	654	13364	51840
10827	655	1444	100000
10828	655	1545	51840
10829	655	2806	51840
10830	655	7380	51840
10831	655	7936	100000
10832	655	11072	100000
10833	655	11206	1244160
10834	655	13291	51840
10835	655	13487	100000
10836	656	5870	51840
10837	656	5993	1244160
10838	656	13102	51840
10839	657	2360	51840
10840	660	696	100000
10841	660	764	466560
10842	660	785	2488320
10843	660	788	100000
10844	660	798	2488320
10845	660	818	100000
10846	660	869	2488320
10847	660	881	100000
10848	660	888	100000
10849	660	973	100000
10850	660	1044	51840
10851	660	1071	100000
10852	660	1082	100000
10853	660	1120	2488320
10854	660	1140	100000
10855	660	1158	100000
10856	660	1167	100000
10857	660	1176	100000
10858	660	1203	100000
10859	660	1208	100000
10860	660	1258	100000
10861	660	1403	100000
10862	660	1444	100000
10863	660	1451	100000
10864	660	1504	100000
10865	660	1588	100000
10866	660	1603	100000
10867	660	1606	2488320
10868	660	1629	100000
10869	660	1718	100000
10870	660	1740	100000
10871	660	1761	100000
10872	660	1765	51840
10873	660	1781	100000
10874	660	1801	100000
10875	660	1806	100000
10876	660	1850	2488320
10877	660	1852	100000
10878	660	1874	100000
10879	660	1878	2488320
10880	660	1905	100000
10881	660	2122	2488320
10882	660	2159	51840
10883	660	2163	100000
10884	660	2216	100000
10885	660	2231	100000
10886	660	2262	51840
10887	660	2294	2488320
10888	660	2321	100000
10889	660	2359	100000
10890	660	2621	100000
10891	660	2704	100000
10892	660	2745	466560
10893	660	3502	100000
10894	660	4519	100000
10895	660	4544	51840
10896	660	4603	100000
10897	660	4633	100000
10898	660	4718	51840
10899	660	4734	51840
10900	660	4741	2488320
10901	660	4762	100000
10902	660	4878	2488320
10903	660	4917	51840
10904	660	5106	51840
10905	660	6063	51840
10906	660	6149	51840
10907	660	6228	51840
10908	660	6311	51840
10909	660	6347	51840
10910	660	6442	100000
10911	660	6623	100000
10912	660	6773	51840
10913	660	6961	100000
10914	660	6965	51840
10915	660	6969	51840
10916	660	8054	51840
10917	660	8056	51840
10918	660	8131	51840
10919	660	8172	51840
10920	660	8305	51840
10921	660	8628	2488320
10922	660	9317	51840
10923	660	9353	51840
10924	660	9494	51840
10925	660	9655	51840
10926	660	9675	1244160
10927	660	9696	51840
10928	660	9916	100000
10929	660	9984	51840
10930	660	9992	51840
10931	660	9998	51840
10932	660	10064	1244160
10933	660	10076	2488320
10934	660	10083	51840
10935	660	10108	51840
10936	660	10115	100000
10937	660	10121	51840
10938	660	10159	100000
10939	660	10260	100000
10940	660	10269	51840
10941	660	10321	1244160
10942	660	10366	51840
10943	660	10368	100000
10944	660	10371	51840
10945	660	10441	51840
10946	660	10538	51840
10947	660	10549	51840
10948	660	10554	51840
10949	660	11479	51840
10950	660	11547	2488320
10951	660	11557	51840
10952	660	11606	51840
10953	660	11642	51840
10954	660	11675	1244160
10955	660	11724	51840
10956	660	11732	100000
10957	660	11734	51840
10958	660	11768	1244160
10959	660	11791	51840
10960	660	11818	51840
10961	660	11889	51840
10962	660	11915	51840
10963	660	11935	51840
10964	660	11968	51840
10965	660	12059	51840
10966	660	12083	51840
10967	660	12096	51840
10968	660	12137	51840
10969	660	12163	51840
10970	660	12292	1244160
10971	660	12296	51840
10972	660	12333	51840
10973	660	12358	51840
10974	660	12460	1244160
10975	660	12520	51840
10976	660	12526	51840
10977	660	12533	2488320
10978	660	12594	51840
10979	660	12596	51840
10980	660	12689	1244160
10981	660	12712	51840
10982	660	12851	1244160
10983	660	12902	1244160
10984	660	12907	51840
10985	660	12916	51840
10986	660	12934	100000
10987	660	12959	51840
10988	660	13670	51840
10989	660	13739	51840
10990	660	13785	51840
10991	660	13796	51840
10992	660	13940	100000
10993	660	14004	100000
10994	660	14053	1244160
10995	660	14090	51840
10996	660	14221	51840
10997	660	15079	51840
10998	660	15191	51840
10999	660	15194	51840
11000	660	15195	51840
11001	660	15403	51840
11002	660	15404	51840
11003	660	15410	51840
11004	660	15415	51840
11005	660	15416	51840
11006	666	3277	1244160
11007	671	1483	51840
11008	671	11011	100000
11009	672	812	100000
11010	672	1476	51840
11011	672	1539	100000
11012	673	11011	100000
11013	674	1504	100000
11014	674	1978	100000
11015	674	1981	100000
11016	674	2858	100000
11017	674	2898	51840
11018	674	2905	51840
11019	674	2936	51840
11020	674	2940	1244160
11021	674	3051	51840
11022	674	3197	100000
11023	674	3218	51840
11024	674	3311	2488320
11025	674	3426	466560
11026	674	5456	51840
11027	674	5575	51840
11028	674	5654	100000
11029	674	5673	1244160
11030	674	5676	51840
11031	674	5772	51840
11032	674	5857	51840
11033	674	5976	51840
11034	674	5982	51840
11035	674	6009	51840
11036	674	7397	100000
11037	674	7469	51840
11038	674	7501	51840
11039	674	7776	1244160
11040	674	7820	51840
11041	674	7967	51840
11042	674	10619	51840
11043	674	10644	51840
11044	674	10688	100000
11045	674	10756	100000
11046	674	10958	51840
11047	674	11147	100000
11048	674	11235	51840
11049	674	11246	51840
11050	674	12995	51840
11051	674	13014	1244160
11052	674	13157	51840
11053	674	13166	100000
11054	674	13190	51840
11055	674	13247	51840
11056	674	13345	100000
11057	674	13532	51840
11058	675	764	100000
11059	675	818	100000
11060	675	881	100000
11061	675	888	100000
11062	675	1071	100000
11063	675	1158	100000
11064	675	1203	466560
11065	675	1444	100000
11066	675	1470	100000
11067	675	1529	100000
11068	675	1850	100000
11069	675	1878	100000
11070	675	1917	100000
11071	675	2621	2488320
11072	675	2668	100000
11073	675	2787	100000
11074	675	2825	100000
11075	675	2835	466560
11076	675	2933	2488320
11077	675	2958	100000
11078	675	3090	2488320
11079	675	3101	100000
11080	675	3103	51840
11081	675	3229	100000
11082	675	3350	51840
11083	675	3423	51840
11084	675	4474	100000
11085	675	4857	100000
11086	675	5498	100000
11087	675	5653	51840
11088	675	5764	51840
11089	675	5775	100000
11090	675	5892	51840
11091	675	5897	100000
11092	675	5904	100000
11093	675	6007	51840
11094	675	7426	51840
11095	675	7538	51840
11096	675	7675	51840
11097	675	10786	1244160
11098	675	10814	51840
11099	675	10815	51840
11100	675	10937	51840
11101	675	11080	51840
11102	675	11325	1244160
11103	675	11345	51840
11104	675	11424	100000
11105	675	11430	51840
11106	675	13006	51840
11107	675	13024	51840
11108	675	13054	1244160
11109	675	13146	100000
11110	675	13276	2488320
11111	675	13320	100000
11112	675	13356	51840
11113	675	13357	1244160
11114	675	13472	51840
11115	675	15205	51840
11116	675	15206	51840
11117	676	1158	100000
11118	676	1878	100000
11119	676	1982	100000
11120	676	2945	100000
11121	677	1504	100000
11122	677	1508	100000
11123	677	3372	1244160
11124	677	5730	51840
11125	677	5965	51840
11126	677	11004	51840
11127	677	13081	100000
11128	677	13419	51840
11129	679	2932	1244160
11130	680	1185	51840
11131	680	2234	51840
11132	680	5916	51840
11133	681	1503	51840
11134	681	1504	100000
11135	681	2018	100000
11136	681	2768	100000
11137	681	2932	2488320
11138	681	3153	466560
11139	681	5511	100000
11140	681	7848	51840
11141	681	10640	1244160
11142	681	10791	100000
11143	681	11170	100000
11144	681	11371	51840
11145	682	1539	466560
11146	684	1904	51840
11147	684	13752	51840
11148	685	888	100000
11149	686	1531	2488320
11150	686	1539	100000
11151	687	864	100000
11152	688	1010	100000
11153	688	1120	100000
11154	688	1588	100000
11155	688	4334	100000
11156	688	8374	51840
11157	688	8489	51840
11158	689	1010	100000
11159	689	1617	100000
11160	689	2163	100000
11161	689	4812	100000
11162	689	11520	51840
11163	690	4170	51840
11164	690	4721	51840
11165	690	6546	51840
11166	690	6742	51840
11167	690	6963	51840
11168	690	8544	51840
11169	690	12519	51840
11170	690	13817	51840
11171	690	14267	51840
11172	690	15077	51840
11173	690	15171	51840
11174	690	15172	51840
11175	691	4589	2488320
11176	691	9391	100000
11177	692	1755	51840
11178	692	1818	100000
11179	692	1874	100000
11180	692	2164	100000
11181	692	4213	51840
11182	692	4383	51840
11183	692	4829	100000
11184	692	4948	1244160
11185	692	6539	51840
11186	692	7070	51840
11187	692	8282	100000
11188	692	8320	51840
11189	692	8479	51840
11190	692	8576	51840
11191	692	9509	51840
11192	692	10164	51840
11193	692	10592	100000
11194	692	11237	100000
11195	692	12605	1244160
11196	693	696	100000
11197	693	990	2488320
11198	693	1240	100000
11199	693	1246	51840
11200	693	1261	100000
11201	693	1262	100000
11202	693	2382	466560
11203	693	2492	100000
11204	693	2514	51840
11205	693	3443	100000
11206	693	3531	100000
11207	693	3536	2488320
11208	693	3668	100000
11209	693	4812	100000
11210	693	8829	100000
11211	693	8985	100000
11212	693	8993	51840
11213	693	8994	100000
11214	693	8996	100000
11215	693	9005	100000
11216	693	9009	100000
11217	693	9085	100000
11218	693	9112	51840
11219	693	9113	100000
11220	693	9116	51840
11221	693	9131	100000
11222	693	9208	100000
11223	693	11011	100000
11224	693	14862	466560
11225	693	14863	100000
11226	693	14864	100000
11227	693	14865	466560
11228	693	14997	100000
11229	693	15009	100000
11230	693	15010	100000
11231	693	15040	51840
11232	693	15289	51840
11233	693	15290	51840
11234	693	15291	51840
11235	693	15292	51840
11236	693	15293	51840
11237	693	15331	51840
11238	693	15332	100000
11239	693	15334	1244160
11240	693	15386	51840
11241	694	888	1244160
11242	694	2163	51840
11243	695	965	100000
11244	696	726	100000
11245	696	764	100000
11246	696	778	100000
11247	696	785	100000
11248	696	788	100000
11249	696	798	100000
11250	696	818	100000
11251	696	834	100000
11252	696	838	51840
11253	696	846	100000
11254	696	860	466560
11255	696	869	100000
11256	696	881	100000
11257	696	886	100000
11258	696	888	100000
11259	696	910	51840
11260	696	920	2488320
11261	696	934	1244160
11262	696	949	51840
11263	696	979	100000
11264	696	1000	1244160
11265	696	1021	100000
11266	696	1023	51840
11267	696	1024	100000
11268	696	1026	100000
11269	696	1054	100000
11270	696	1061	466560
11271	696	1071	100000
11272	696	1082	2488320
11273	696	1120	100000
11274	696	1140	2488320
11275	696	1152	100000
11276	696	1158	100000
11277	696	1167	100000
11278	696	1174	100000
11279	696	1176	100000
11280	696	1190	100000
11281	696	1194	100000
11282	696	1203	2488320
11283	696	1206	100000
11284	696	1208	466560
11285	696	1213	2488320
11286	696	1225	100000
11287	696	1226	100000
11288	696	1228	100000
11289	696	1233	100000
11290	696	1237	100000
11291	696	1239	100000
11292	696	1245	100000
11293	696	1250	2488320
11294	696	1256	100000
11295	696	1265	100000
11296	696	1272	2488320
11297	696	1292	100000
11298	696	1295	100000
11299	696	1330	100000
11300	696	1337	51840
11301	696	1378	100000
11302	696	1380	51840
11303	696	1444	100000
11304	696	1451	100000
11305	696	1470	100000
11306	696	1504	100000
11307	696	1554	100000
11308	696	1559	100000
11309	696	1580	51840
11310	696	1588	100000
11311	696	1600	100000
11312	696	1619	51840
11313	696	1623	100000
11314	696	1631	100000
11315	696	1708	100000
11316	696	1718	100000
11317	696	1737	100000
11318	696	1742	100000
11319	696	1760	51840
11320	696	1763	100000
11321	696	1771	51840
11322	696	1781	100000
11323	696	1802	100000
11324	696	1807	100000
11325	696	1824	51840
11326	696	1850	100000
11327	696	1852	2488320
11328	696	1862	100000
11329	696	1874	100000
11330	696	1878	100000
11331	696	1880	100000
11332	696	1917	100000
11333	696	2009	100000
11334	696	2122	2488320
11335	696	2127	100000
11336	696	2134	100000
11337	696	2148	100000
11338	696	2158	100000
11339	696	2163	100000
11340	696	2198	100000
11341	696	2199	51840
11342	696	2231	2488320
11343	696	2253	51840
11344	696	2258	100000
11345	696	2276	100000
11346	696	2316	100000
11347	696	2325	100000
11348	696	2350	100000
11349	696	2359	100000
11350	696	2381	100000
11351	696	2386	100000
11352	696	2387	51840
11353	696	2401	100000
11354	696	2404	100000
11355	696	2442	51840
11356	696	2454	100000
11357	696	2463	100000
11358	696	2490	100000
11359	696	2501	100000
11360	696	2504	51840
11361	696	2546	466560
11362	696	2559	100000
11363	696	2563	100000
11364	696	2595	100000
11365	696	2604	51840
11366	696	2621	100000
11367	696	2657	51840
11368	696	2661	51840
11369	696	2668	100000
11370	696	2669	51840
11371	696	2674	100000
11372	696	2702	51840
11373	696	2704	51840
11374	696	2707	100000
11375	696	2737	51840
11376	696	2738	100000
11377	696	2742	100000
11378	696	2749	100000
11379	696	3135	100000
11380	696	3262	51840
11381	696	3396	51840
11382	696	3441	100000
11383	696	3445	51840
11384	696	3487	100000
11385	696	3491	2488320
11386	696	3502	100000
11387	696	3510	100000
11388	696	3538	100000
11389	696	3541	100000
11390	696	3560	51840
11391	696	3619	2488320
11392	696	3664	100000
11393	696	3670	100000
11394	696	3672	100000
11395	696	3674	100000
11396	696	3687	100000
11397	696	3765	100000
11398	696	3838	2488320
11399	696	3839	100000
11400	696	3856	100000
11401	696	3894	100000
11402	696	3899	100000
11403	696	3907	100000
11404	696	3941	100000
11405	696	3942	100000
11406	696	3954	100000
11407	696	3955	51840
11408	696	3960	100000
11409	696	3961	100000
11410	696	3968	100000
11411	696	3970	51840
11412	696	4007	100000
11413	696	4021	100000
11414	696	4029	100000
11415	696	4081	100000
11416	696	4088	100000
11417	696	4122	51840
11418	696	4195	466560
11419	696	4220	2488320
11420	696	4225	51840
11421	696	4268	466560
11422	696	4325	51840
11423	696	4327	100000
11424	696	4338	51840
11425	696	4349	51840
11426	696	4355	100000
11427	696	4402	100000
11428	696	4435	100000
11429	696	4436	100000
11430	696	4437	2488320
11431	696	4438	2488320
11432	696	4473	51840
11433	696	4503	2488320
11434	696	4526	100000
11435	696	4543	51840
11436	696	4556	100000
11437	696	4598	51840
11438	696	4665	51840
11439	696	4703	100000
11440	696	4705	100000
11441	696	4719	51840
11442	696	4751	51840
11443	696	4760	100000
11444	696	4767	51840
11445	696	4828	51840
11446	696	4834	100000
11447	696	4857	100000
11448	696	4879	100000
11449	696	4883	100000
11450	696	4885	51840
11451	696	4943	100000
11452	696	4967	100000
11453	696	4970	100000
11454	696	4975	100000
11455	696	5008	100000
11456	696	5021	2488320
11457	696	5022	100000
11458	696	5031	100000
11459	696	5035	51840
11460	696	5057	51840
11461	696	5080	100000
11462	696	5123	100000
11463	696	5128	51840
11464	696	5129	100000
11465	696	5151	100000
11466	696	5183	51840
11467	696	5189	51840
11468	696	5195	51840
11469	696	5199	2488320
11470	696	5214	100000
11471	696	5239	100000
11472	696	5240	2488320
11473	696	5241	100000
11474	696	5242	100000
11475	696	5252	51840
11476	696	5256	51840
11477	696	5268	51840
11478	696	5287	100000
11479	696	5325	100000
11480	696	5420	100000
11481	696	5553	100000
11482	696	5574	51840
11483	696	5775	100000
11484	696	6017	2488320
11485	696	6060	100000
11486	696	6063	51840
11487	696	6065	51840
11488	696	6123	51840
11489	696	6129	100000
11490	696	6132	51840
11491	696	6150	100000
11492	696	6246	1244160
11493	696	6249	100000
11494	696	6282	100000
11495	696	6285	51840
11496	696	6292	100000
11497	696	6305	100000
11498	696	6311	100000
11499	696	6314	100000
11500	696	6341	100000
11501	696	6342	100000
11502	696	6343	100000
11503	696	6374	51840
11504	696	6396	100000
11505	696	6410	100000
11506	696	6415	51840
11507	696	6423	100000
11508	696	6438	51840
11509	696	6479	51840
11510	696	6506	51840
11511	696	6521	51840
11512	696	6534	51840
11513	696	6557	51840
11514	696	6567	51840
11515	696	6582	100000
11516	696	6621	100000
11517	696	6665	51840
11518	696	6695	51840
11519	696	6714	100000
11520	696	6767	100000
11521	696	6779	100000
11522	696	6784	51840
11523	696	6789	100000
11524	696	6804	100000
11525	696	6827	100000
11526	696	6841	51840
11527	696	6854	51840
11528	696	6903	51840
11529	696	6905	51840
11530	696	6919	51840
11531	696	6920	100000
11532	696	6921	51840
11533	696	6922	100000
11534	696	6949	1244160
11535	696	6972	51840
11536	696	7006	100000
11537	696	7048	1244160
11538	696	7075	2488320
11539	696	7095	51840
11540	696	7101	100000
11541	696	7123	100000
11542	696	7157	51840
11543	696	7214	100000
11544	696	7234	51840
11545	696	7246	51840
11546	696	7305	100000
11547	696	7547	100000
11548	696	7660	51840
11549	696	7907	100000
11550	696	8052	100000
11551	696	8065	51840
11552	696	8095	51840
11553	696	8100	51840
11554	696	8108	51840
11555	696	8181	51840
11556	696	8247	51840
11557	696	8256	51840
11558	696	8258	51840
11559	696	8262	2488320
11560	696	8301	51840
11561	696	8315	51840
11562	696	8403	51840
11563	696	8453	51840
11564	696	8490	51840
11565	696	8500	100000
11566	696	8501	51840
11567	696	8585	51840
11568	696	8608	100000
11569	696	8630	2488320
11570	696	8695	100000
11571	696	8702	100000
11572	696	8707	2488320
11573	696	8723	100000
11574	696	8730	51840
11575	696	8773	51840
11576	696	8792	100000
11577	696	8809	100000
11578	696	8810	100000
11579	696	8815	100000
11580	696	8834	100000
11581	696	8835	100000
11582	696	8848	100000
11583	696	8866	100000
11584	696	8977	100000
11585	696	8983	100000
11586	696	9022	100000
11587	696	9076	51840
11588	696	9119	100000
11589	696	9122	100000
11590	696	9132	51840
11591	696	9154	100000
11592	696	9182	100000
11593	696	9202	1244160
11594	696	9309	1244160
11595	696	9311	51840
11596	696	9330	51840
11597	696	9331	51840
11598	696	9354	2488320
11599	696	9370	51840
11600	696	9453	51840
11601	696	9468	100000
11602	696	9507	51840
11603	696	9510	1244160
11604	696	9518	100000
11605	696	9519	51840
11606	696	9536	51840
11607	696	9562	51840
11608	696	9596	51840
11609	696	9601	51840
11610	696	9604	51840
11611	696	9630	51840
11612	696	9644	2488320
11613	696	9664	100000
11614	696	9684	51840
11615	696	9696	1244160
11616	696	9706	51840
11617	696	9721	51840
11618	696	9737	51840
11619	696	9738	100000
11620	696	9752	2488320
11621	696	9808	51840
11622	696	9811	100000
11623	696	9814	51840
11624	696	9822	51840
11625	696	9842	51840
11626	696	9848	466560
11627	696	9862	51840
11628	696	9936	51840
11629	696	9991	100000
11630	696	9998	51840
11631	696	10047	51840
11632	696	10094	51840
11633	696	10112	51840
11634	696	10146	51840
11635	696	10154	51840
11636	696	10185	466560
11637	696	10219	51840
11638	696	10224	2488320
11639	696	10271	51840
11640	696	10272	51840
11641	696	10295	1244160
11642	696	10311	2488320
11643	696	10345	51840
11644	696	10381	51840
11645	696	10444	51840
11646	696	10464	51840
11647	696	10479	2488320
11648	696	10480	51840
11649	696	10538	51840
11650	696	10601	100000
11651	696	10918	51840
11652	696	11160	100000
11653	696	11363	100000
11654	696	11510	51840
11655	696	11517	51840
11656	696	11518	51840
11657	696	11549	51840
11658	696	11558	100000
11659	696	11665	51840
11660	696	11768	51840
11661	696	11777	51840
11662	696	11812	51840
11663	696	11826	51840
11664	696	11870	51840
11665	696	11919	100000
11666	696	11933	51840
11667	696	11934	51840
11668	696	11974	51840
11669	696	12013	51840
11670	696	12021	100000
11671	696	12031	51840
11672	696	12038	2488320
11673	696	12056	100000
11674	696	12086	100000
11675	696	12090	51840
11676	696	12140	2488320
11677	696	12148	1244160
11678	696	12177	51840
11679	696	12276	51840
11680	696	12283	51840
11681	696	12290	51840
11682	696	12301	100000
11683	696	12325	100000
11684	696	12344	100000
11685	696	12346	100000
11686	696	12349	100000
11687	696	12355	51840
11688	696	12441	100000
11689	696	12471	1244160
11690	696	12483	51840
11691	696	12498	2488320
11692	696	12500	51840
11693	696	12504	51840
11694	696	12510	100000
11695	696	12511	466560
11696	696	12518	51840
11697	696	12520	1244160
11698	696	12525	51840
11699	696	12539	51840
11700	696	12544	100000
11701	696	12557	51840
11702	696	12572	51840
11703	696	12576	1244160
11704	696	12586	51840
11705	696	12773	51840
11706	696	12804	100000
11707	696	12820	51840
11708	696	12862	51840
11709	696	12894	51840
11710	696	12904	51840
11711	696	12905	51840
11712	696	12968	51840
11713	696	13304	51840
11714	696	13445	51840
11715	696	13704	51840
11716	696	13790	51840
11717	696	13820	51840
11718	696	13871	51840
11719	696	13880	51840
11720	696	13952	1244160
11721	696	13954	2488320
11722	696	14026	51840
11723	696	14041	1244160
11724	696	14044	51840
11725	696	14055	51840
11726	696	14088	1244160
11727	696	14147	51840
11728	696	14158	51840
11729	696	14159	51840
11730	696	14185	100000
11731	696	14286	51840
11732	696	14303	51840
11733	696	14305	51840
11734	696	14310	100000
11735	696	14322	51840
11736	696	14346	51840
11737	696	14367	51840
11738	696	14421	51840
11739	696	14423	51840
11740	696	14488	51840
11741	696	14539	51840
11742	696	14594	100000
11743	696	14596	51840
11744	696	14871	100000
11745	696	14879	100000
11746	696	14949	2488320
11747	696	15032	51840
11748	696	15054	51840
11749	696	15157	51840
11750	696	15159	1244160
11751	696	15160	51840
11752	696	15161	1244160
11753	696	15162	51840
11754	696	15164	51840
11755	696	15165	51840
11756	696	15475	51840
11757	697	1231	2488320
11758	697	1240	100000
11759	697	1249	100000
11760	697	1631	2488320
11761	697	2378	1244160
11762	697	2385	51840
11763	697	2499	100000
11764	697	2500	51840
11765	697	3443	100000
11766	697	3525	51840
11767	697	3537	2488320
11768	697	3669	100000
11769	697	3673	1244160
11770	697	3840	100000
11771	697	6334	100000
11772	697	8692	51840
11773	697	8708	51840
11774	697	8992	51840
11775	697	9211	1244160
11776	698	1606	2488320
11777	698	14987	2488320
11778	699	1766	51840
11779	701	2165	1244160
11780	702	881	466560
11781	702	6087	100000
11782	704	2218	2488320
11783	704	4300	51840
11784	704	9390	100000
11785	704	12429	100000
11786	705	1539	466560
11787	705	1542	51840
11788	705	1985	466560
11789	705	5603	100000
11790	706	888	100000
11791	706	1850	100000
11792	707	1024	51840
11793	707	2122	51840
11794	707	2261	51840
11795	707	8199	51840
11796	707	9870	51840
11797	707	12952	51840
11798	708	2163	51840
11799	709	881	51840
11800	711	888	51840
11801	711	1444	51840
11802	712	888	51840
11803	712	3512	51840
11804	714	888	51840
11805	714	2163	51840
11806	715	888	51840
11807	715	2163	1244160
11808	716	888	466560
11809	716	1444	51840
11810	716	2009	2488320
11811	717	888	51840
11812	717	3512	1244160
11813	718	888	51840
11814	718	1444	51840
11815	719	888	51840
11816	719	1444	51840
11817	720	888	1244160
11818	720	3512	51840
11819	721	2163	51840
11820	722	1925	2488320
11821	723	818	51840
11822	723	1122	51840
11823	724	4517	100000
11824	724	4812	100000
11825	724	6158	51840
11826	724	8449	1244160
11827	724	8474	2488320
11828	724	10364	51840
11829	724	12534	51840
11830	724	14837	1244160
11831	724	14839	51840
11832	724	14855	51840
11833	724	14856	51840
11834	724	14876	1244160
11835	724	14882	51840
11836	724	14924	1244160
11837	724	15006	51840
11838	724	15058	51840
11839	727	1742	100000
11840	727	10508	51840
11841	727	14070	51840
11842	730	2189	2488320
11843	731	1899	100000
11844	731	9391	100000
11845	732	869	100000
11846	733	1681	51840
11847	734	2163	100000
11848	736	1874	100000
11849	736	4561	51840
11850	737	738	51840
11851	737	764	100000
11852	737	818	100000
11853	737	881	100000
11854	737	958	51840
11855	737	1158	100000
11856	737	1470	51840
11857	737	1878	100000
11858	737	2106	51840
11859	737	2359	100000
11860	737	2621	100000
11861	737	2835	100000
11862	737	5292	466560
11863	737	5341	51840
11864	737	5386	100000
11865	737	5775	466560
11866	737	5873	466560
11867	737	7310	100000
11868	737	7551	51840
11869	737	7761	51840
11870	737	7826	100000
11871	737	10942	100000
11872	737	11085	100000
11873	737	11255	51840
11874	737	13222	100000
11875	737	13536	51840
11876	737	14818	100000
11877	737	14927	100000
11878	738	14927	51840
11879	739	782	51840
11880	739	1504	2488320
11881	739	1994	100000
11882	739	2814	2488320
11883	739	2882	51840
11884	739	2883	1244160
11885	739	2909	100000
11886	739	2923	1244160
11887	739	3012	51840
11888	739	3073	100000
11889	739	3159	51840
11890	739	3210	51840
11891	739	3220	51840
11892	739	3233	51840
11893	739	3357	100000
11894	739	3399	100000
11895	739	3412	51840
11896	739	5315	51840
11897	739	5379	51840
11898	739	5461	1244160
11899	739	5518	51840
11900	739	5562	51840
11901	739	5619	51840
11902	739	5635	100000
11903	739	5640	1244160
11904	739	5663	1244160
11905	739	5677	51840
11906	739	5706	51840
11907	739	5707	51840
11908	739	5742	2488320
11909	739	5825	100000
11910	739	5848	51840
11911	739	5980	51840
11912	739	7283	51840
11913	739	7298	51840
11914	739	7314	51840
11915	739	7427	51840
11916	739	7486	466560
11917	739	7609	51840
11918	739	7624	51840
11919	739	7637	51840
11920	739	7638	100000
11921	739	7755	51840
11922	739	7778	1244160
11923	739	7780	100000
11924	739	7801	51840
11925	739	7807	51840
11926	739	7929	51840
11927	739	7943	51840
11928	739	7957	1244160
11929	739	10612	51840
11930	739	10662	51840
11931	739	10680	51840
11932	739	10694	51840
11933	739	10695	1244160
11934	739	10760	1244160
11935	739	10765	51840
11936	739	10781	51840
11937	739	10802	51840
11938	739	10978	100000
11939	739	11038	1244160
11940	739	11063	1244160
11941	739	11094	51840
11942	739	11108	1244160
11943	739	11110	51840
11944	739	11262	100000
11945	739	11289	51840
11946	739	11454	51840
11947	739	13002	51840
11948	739	13092	51840
11949	739	13135	1244160
11950	739	13280	1244160
11951	739	13289	155520
11952	739	13323	466560
11953	739	13469	51840
11954	739	13473	100000
11955	739	13545	51840
11956	740	761	100000
11957	740	793	100000
11958	740	2786	100000
11959	740	2888	51840
11960	740	2890	100000
11961	740	2896	100000
11962	740	3026	100000
11963	740	3051	2488320
11964	740	3099	100000
11965	740	3130	100000
11966	740	3142	2488320
11967	740	3181	51840
11968	740	3227	100000
11969	740	3230	100000
11970	740	3365	100000
11971	740	5384	100000
11972	740	5576	51840
11973	740	5795	100000
11974	740	5813	100000
11975	740	5868	100000
11976	740	5869	2488320
11977	740	5883	100000
11978	740	5889	51840
11979	740	5900	100000
11980	740	5937	51840
11981	740	5958	51840
11982	740	6006	100000
11983	740	7549	100000
11984	740	7674	51840
11985	740	7776	100000
11986	740	7856	51840
11987	740	8012	51840
11988	740	8016	51840
11989	740	10619	1244160
11990	740	10664	51840
11991	740	10731	2488320
11992	740	10876	100000
11993	740	10880	100000
11994	740	11074	2488320
11995	740	11281	1244160
11996	740	11439	466560
11997	740	13082	51840
11998	740	13101	51840
11999	740	13115	100000
12000	740	13182	100000
12001	741	2867	51840
12002	741	11174	1244160
12003	742	1539	100000
12004	744	11011	100000
12005	745	2867	100000
12006	745	13025	51840
12007	746	764	100000
12008	746	3106	100000
12009	746	7689	51840
12010	746	7784	51840
12011	746	10617	51840
12012	746	11146	51840
12013	746	11377	1244160
12014	748	1561	100000
12015	748	5069	100000
12016	748	10981	1244160
12017	748	13537	1244160
12018	749	7965	100000
12019	750	2932	100000
12020	750	7860	466560
12021	751	2867	100000
12022	751	10657	100000
12023	751	13057	100000
12024	752	778	2488320
12025	753	3313	100000
12026	754	3060	100000
12027	754	5305	51840
12028	754	5465	51840
12029	754	5915	51840
12030	754	5965	51840
12031	754	7391	1244160
12032	754	7693	51840
12033	754	11004	51840
12034	754	13502	51840
12035	755	785	466560
12036	755	5302	100000
12037	756	3336	100000
12038	757	764	100000
12039	757	773	100000
12040	757	1158	100000
12041	757	1444	100000
12042	757	1456	100000
12043	757	1470	100000
12044	757	2058	2488320
12045	757	2621	2488320
12046	757	2668	100000
12047	757	2771	100000
12048	757	2835	100000
12049	757	2932	100000
12050	757	5339	100000
12051	757	5358	2488320
12052	757	5515	51840
12053	757	5775	100000
12054	757	7373	2488320
12055	757	7592	466560
12056	757	7892	51840
12057	757	10684	51840
12058	757	10873	100000
12059	757	10925	100000
12060	757	10944	1244160
12061	757	10959	2488320
12062	757	11078	51840
12063	757	13094	51840
12064	757	13606	2488320
12065	757	13640	51840
12066	757	15057	2488320
12067	757	15128	1244160
12068	758	10632	100000
12069	758	10777	51840
12070	759	780	51840
12071	759	2803	100000
12072	759	2835	100000
12073	759	5487	100000
12074	759	7752	51840
12075	759	15132	100000
12076	759	15154	100000
12077	759	15598	100000
12078	759	15601	100000
12079	759	15602	100000
12080	760	2865	51840
12081	760	5984	51840
12082	760	13415	100000
12083	761	2867	100000
12084	762	797	51840
12085	762	2070	100000
12086	762	2817	51840
12087	762	7874	51840
12088	762	10791	100000
12089	762	10865	1244160
12090	762	11383	51840
12091	762	13070	51840
12092	762	13407	51840
12093	762	13582	100000
12094	763	1426	51840
12095	763	2070	51840
12096	763	5908	100000
12097	763	11434	51840
12098	764	767	100000
12099	764	768	100000
12100	764	771	100000
12101	764	777	100000
12102	764	778	100000
12103	764	785	100000
12104	764	787	100000
12105	764	788	100000
12106	764	789	100000
12107	764	791	100000
12108	764	792	466560
12109	764	794	100000
12110	764	798	100000
12111	764	804	100000
12112	764	806	100000
12113	764	807	1244160
12114	764	809	100000
12115	764	818	100000
12116	764	869	466560
12117	764	881	100000
12118	764	888	100000
12119	764	956	100000
12120	764	973	100000
12121	764	1082	100000
12122	764	1120	100000
12123	764	1140	100000
12124	764	1158	100000
12125	764	1167	100000
12126	764	1176	100000
12127	764	1185	100000
12128	764	1203	100000
12129	764	1258	100000
12130	764	1284	100000
12131	764	1426	100000
12132	764	1427	100000
12133	764	1435	100000
12134	764	1437	100000
12135	764	1439	100000
12136	764	1440	100000
12137	764	1442	100000
12138	764	1444	2488320
12139	764	1446	100000
12140	764	1447	100000
12141	764	1450	100000
12142	764	1451	51840
12143	764	1454	1244160
12144	764	1459	100000
12145	764	1461	51840
12146	764	1464	100000
12147	764	1470	51840
12148	764	1471	100000
12149	764	1472	51840
12150	764	1475	100000
12151	764	1487	100000
12152	764	1491	100000
12153	764	1492	51840
12154	764	1496	100000
12155	764	1504	100000
12156	764	1522	100000
12157	764	1525	2488320
12158	764	1530	51840
12159	764	1541	100000
12160	764	1552	100000
12161	764	1554	51840
12162	764	1557	100000
12163	764	1559	51840
12164	764	1566	2488320
12165	764	1578	51840
12166	764	1580	51840
12167	764	1588	2488320
12168	764	1600	100000
12169	764	1709	1244160
12170	764	1718	100000
12171	764	1735	100000
12172	764	1781	100000
12173	764	1807	100000
12174	764	1850	100000
12175	764	1852	100000
12176	764	1865	2488320
12177	764	1878	100000
12178	764	1917	466560
12179	764	1963	51840
12180	764	1967	2488320
12181	764	1973	100000
12182	764	1983	100000
12183	764	1989	51840
12184	764	2008	51840
12185	764	2009	100000
12186	764	2012	100000
12187	764	2013	100000
12188	764	2017	100000
12189	764	2024	100000
12190	764	2029	100000
12191	764	2034	51840
12192	764	2037	100000
12193	764	2041	51840
12194	764	2043	100000
12195	764	2049	100000
12196	764	2054	100000
12197	764	2062	100000
12198	764	2101	51840
12199	764	2102	100000
12200	764	2106	100000
12201	764	2122	100000
12202	764	2216	466560
12203	764	2231	100000
12204	764	2234	2488320
12205	764	2359	2488320
12206	764	2621	100000
12207	764	2668	100000
12208	764	2669	51840
12209	764	2699	51840
12210	764	2769	100000
12211	764	2771	2488320
12212	764	2773	100000
12213	764	2780	2488320
12214	764	2787	100000
12215	764	2791	2488320
12216	764	2795	466560
12217	764	2800	51840
12218	764	2811	51840
12219	764	2822	100000
12220	764	2825	51840
12221	764	2830	100000
12222	764	2835	466560
12223	764	2839	51840
12224	764	2849	100000
12225	764	2855	100000
12226	764	2856	100000
12227	764	2859	100000
12228	764	2864	100000
12229	764	2901	51840
12230	764	2906	100000
12231	764	2913	100000
12232	764	2928	100000
12233	764	2932	100000
12234	764	2935	100000
12235	764	2942	100000
12236	764	2956	100000
12237	764	2958	100000
12238	764	2989	51840
12239	764	3000	51840
12240	764	3021	1244160
12241	764	3036	100000
12242	764	3096	100000
12243	764	3116	100000
12244	764	3120	2488320
12245	764	3121	2488320
12246	764	3135	100000
12247	764	3150	2488320
12248	764	3164	100000
12249	764	3169	100000
12250	764	3170	100000
12251	764	3194	51840
12252	764	3201	51840
12253	764	3215	51840
12254	764	3229	100000
12255	764	3243	2488320
12256	764	3248	51840
12257	764	3262	1244160
12258	764	3264	1244160
12259	764	3271	100000
12260	764	3278	51840
12261	764	3282	100000
12262	764	3300	51840
12263	764	3302	1244160
12264	764	3313	100000
12265	764	3321	100000
12266	764	3345	51840
12267	764	3363	100000
12268	764	3373	2488320
12269	764	3374	100000
12270	764	3380	2488320
12271	764	3387	100000
12272	764	3396	51840
12273	764	3405	51840
12274	764	3410	100000
12275	764	3419	51840
12276	764	3421	51840
12277	764	3729	51840
12278	764	3912	100000
12279	764	4135	51840
12280	764	5256	51840
12281	764	5306	100000
12282	764	5311	466560
12283	764	5317	100000
12284	764	5345	51840
12285	764	5392	100000
12286	764	5396	100000
12287	764	5411	100000
12288	764	5438	51840
12289	764	5453	1244160
12290	764	5483	51840
12291	764	5485	100000
12292	764	5489	100000
12293	764	5495	51840
12294	764	5515	100000
12295	764	5520	100000
12296	764	5531	51840
12297	764	5553	51840
12298	764	5596	100000
12299	764	5631	100000
12300	764	5639	100000
12301	764	5647	51840
12302	764	5659	2488320
12303	764	5710	51840
12304	764	5714	2488320
12305	764	5715	100000
12306	764	5731	100000
12307	764	5741	100000
12308	764	5770	51840
12309	764	5775	100000
12310	764	5788	51840
12311	764	5833	100000
12312	764	5895	100000
12313	764	5909	100000
12314	764	5911	100000
12315	764	5946	100000
12316	764	5955	466560
12317	764	5992	2488320
12318	764	6020	100000
12319	764	6030	100000
12320	764	6250	100000
12321	764	6326	100000
12322	764	6438	51840
12323	764	7157	100000
12324	764	7305	100000
12325	764	7324	100000
12326	764	7437	100000
12327	764	7472	1244160
12328	764	7533	100000
12329	764	7602	100000
12330	764	7715	51840
12331	764	7716	100000
12332	764	7744	1244160
12333	764	7809	51840
12334	764	7821	1244160
12335	764	7877	51840
12336	764	7947	100000
12337	764	8005	100000
12338	764	8037	51840
12339	764	8180	100000
12340	764	9738	100000
12341	764	10632	100000
12342	764	10839	2488320
12343	764	10989	100000
12344	764	10993	51840
12345	764	11114	51840
12346	764	13013	51840
12347	764	13289	51840
12348	764	13379	51840
12349	764	13557	51840
12350	765	2050	100000
12351	766	1426	100000
12352	766	3087	100000
12353	766	3197	51840
12354	766	3435	51840
12355	766	5572	51840
12356	766	5579	1244160
12357	766	5589	51840
12358	766	5642	51840
12359	766	7309	51840
12360	766	7586	51840
12361	766	7599	51840
12362	766	11190	51840
12363	766	11268	51840
12364	766	13339	51840
12365	767	807	51840
12366	767	888	100000
12367	767	1158	466560
12368	767	1878	100000
12369	767	3148	51840
12370	767	5345	51840
12371	767	7529	51840
12372	767	11340	51840
12373	768	807	100000
12374	768	881	100000
12375	768	1158	100000
12376	768	1878	100000
12377	768	5775	100000
12378	769	774	51840
12379	769	812	100000
12380	769	815	100000
12381	769	1493	51840
12382	769	1539	100000
12383	769	2077	100000
12384	769	2078	100000
12385	769	2088	2488320
12386	769	2966	100000
12387	769	3128	51840
12388	769	3238	51840
12389	769	3368	51840
12390	769	5383	100000
12391	769	5868	100000
12392	769	10994	51840
12393	770	11011	100000
12394	771	1499	51840
12395	771	1563	100000
12396	771	1966	51840
12397	771	2015	100000
12398	771	2066	100000
12399	771	2089	51840
12400	771	2095	100000
12401	771	2799	51840
12402	771	2821	51840
12403	771	2952	51840
12404	771	3129	1244160
12405	771	3196	51840
12406	771	3279	2488320
12407	771	3313	51840
12408	771	3316	466560
12409	771	5308	51840
12410	771	5331	51840
12411	771	5349	51840
12412	771	5356	1244160
12413	771	5403	51840
12414	771	5415	2488320
12415	771	5425	1244160
12416	771	5446	51840
12417	771	5454	100000
12418	771	5468	51840
12419	771	5481	1244160
12420	771	5484	51840
12421	771	5497	100000
12422	771	5543	2488320
12423	771	5549	51840
12424	771	5686	51840
12425	771	5744	51840
12426	771	5774	51840
12427	771	5790	51840
12428	771	5824	51840
12429	771	5846	51840
12430	771	5876	51840
12431	771	5882	51840
12432	771	5923	2488320
12433	771	5945	51840
12434	771	5948	51840
12435	771	6002	51840
12436	771	6029	51840
12437	771	6031	51840
12438	771	7267	466560
12439	771	7349	51840
12440	771	7395	100000
12441	771	7413	51840
12442	771	7451	1244160
12443	771	7490	51840
12444	771	7493	51840
12445	771	7498	2488320
12446	771	7515	51840
12447	771	7530	51840
12448	771	7531	1244160
12449	771	7557	51840
12450	771	7589	1244160
12451	771	7659	51840
12452	771	7663	51840
12453	771	7689	51840
12454	771	7727	51840
12455	771	7854	51840
12456	771	7865	51840
12457	771	7871	51840
12458	771	7884	51840
12459	771	7911	51840
12460	771	7917	1244160
12461	771	7926	100000
12462	771	10617	51840
12463	771	10673	51840
12464	771	10693	100000
12465	771	10710	51840
12466	771	10714	100000
12467	771	10795	100000
12468	771	10825	51840
12469	771	10826	100000
12470	771	10863	51840
12471	771	10891	51840
12472	771	10990	51840
12473	771	11005	100000
12474	771	11006	466560
12475	771	11017	51840
12476	771	11024	1244160
12477	771	11040	51840
12478	771	11075	51840
12479	771	11082	51840
12480	771	11084	51840
12481	771	11096	51840
12482	771	11130	51840
12483	771	11146	1244160
12484	771	11291	51840
12485	771	11412	100000
12486	771	11415	100000
12487	771	11429	100000
12488	771	13142	51840
12489	771	13538	100000
12490	771	13884	100000
12491	771	14826	51840
12492	772	5396	100000
12493	773	1507	2488320
12494	774	2058	100000
12495	774	2964	51840
12496	775	5691	51840
12497	776	7563	100000
12498	777	807	100000
12499	777	881	100000
12500	777	1158	100000
12501	777	1470	100000
12502	777	1504	100000
12503	777	2621	2488320
12504	777	2668	2488320
12505	777	2835	100000
12506	777	2877	100000
12507	777	2897	1244160
12508	777	3346	51840
12509	777	5331	100000
12510	777	5403	100000
12511	777	5418	100000
12512	777	5461	51840
12513	777	5775	100000
12514	777	5943	51840
12515	777	7313	51840
12516	777	7339	51840
12517	777	7422	51840
12518	777	7479	100000
12519	777	7480	100000
12520	777	7481	100000
12521	777	7482	100000
12522	777	7571	100000
12523	777	7573	51840
12524	777	7595	100000
12525	777	7638	100000
12526	777	7677	51840
12527	777	7910	51840
12528	777	7988	51840
12529	777	8030	51840
12530	777	8187	51840
12531	777	8321	100000
12532	777	10628	51840
12533	777	10972	100000
12534	777	11107	51840
12535	777	13133	51840
12536	777	13340	100000
12537	777	13467	51840
12538	777	13568	51840
12539	778	807	51840
12540	778	818	100000
12541	778	881	100000
12542	778	1158	100000
12543	778	1203	100000
12544	778	1470	51840
12545	778	1504	100000
12546	778	1574	100000
12547	778	1878	100000
12548	778	2037	100000
12549	778	2064	100000
12550	778	2359	100000
12551	778	2621	100000
12552	778	2668	100000
12553	778	2669	51840
12554	778	2835	100000
12555	778	2852	1244160
12556	778	2932	100000
12557	778	2996	2488320
12558	778	3150	100000
12559	778	3285	100000
12560	778	5427	100000
12561	778	5539	100000
12562	778	5685	51840
12563	778	5725	100000
12564	778	5775	100000
12565	778	5853	51840
12566	778	5902	1244160
12567	778	5960	100000
12568	778	6250	100000
12569	778	7290	100000
12570	778	7304	100000
12571	778	7315	51840
12572	778	7420	1244160
12573	778	7512	100000
12574	778	7612	51840
12575	778	7887	51840
12576	778	10774	100000
12577	778	10832	2488320
12578	778	11175	51840
12579	778	11312	100000
12580	778	11425	100000
12581	778	13208	51840
12582	778	13433	100000
12583	779	2932	100000
12584	780	15132	51840
12585	780	15154	51840
12586	780	15598	51840
12587	780	15601	51840
12588	780	15602	51840
12589	781	881	51840
12590	782	1552	51840
12591	783	2163	51840
12592	784	881	51840
12593	785	788	100000
12594	785	790	100000
12595	785	805	2488320
12596	785	806	100000
12597	785	807	100000
12598	785	814	1244160
12599	785	881	100000
12600	785	888	466560
12601	785	1158	100000
12602	785	1185	100000
12603	785	1203	100000
12604	785	1446	100000
12605	785	1454	1244160
12606	785	1488	100000
12607	785	1504	100000
12608	785	1522	51840
12609	785	1536	100000
12610	785	1544	100000
12611	785	1718	100000
12612	785	1850	100000
12613	785	1878	100000
12614	785	1963	51840
12615	785	1989	51840
12616	785	2032	100000
12617	785	2163	100000
12618	785	2621	100000
12619	785	2746	2488320
12620	785	3007	100000
12621	785	3015	100000
12622	785	3345	466560
12623	785	5416	100000
12624	785	5477	1244160
12625	785	5519	51840
12626	785	5560	51840
12627	785	5608	51840
12628	785	5723	51840
12629	785	5913	2488320
12630	785	5978	51840
12631	785	7425	2488320
12632	785	7511	100000
12633	785	7808	2488320
12634	785	10940	51840
12635	785	10948	51840
12636	785	11272	51840
12637	785	11443	2488320
12638	785	11539	1244160
12639	785	13108	51840
12640	785	13565	51840
12641	785	13621	51840
12642	786	1865	100000
12643	786	2932	100000
12644	786	3092	100000
12645	786	5443	100000
12646	786	7393	2488320
12647	786	7654	51840
12648	786	7736	100000
12649	786	7843	51840
12650	786	9892	51840
12651	786	10725	1244160
12652	786	11201	51840
12653	786	13446	100000
12654	786	13605	51840
12655	787	818	100000
12656	787	881	100000
12657	787	1492	51840
12658	787	5425	100000
12659	787	5446	51840
12660	787	5549	51840
12661	787	5686	51840
12662	787	6003	100000
12663	787	7271	51840
12664	787	7355	51840
12665	787	7413	100000
12666	787	7418	1244160
12667	787	7764	100000
12668	787	7775	100000
12669	787	11033	100000
12670	787	11277	51840
12671	787	13177	51840
12672	788	807	51840
12673	788	818	100000
12674	788	881	100000
12675	788	888	466560
12676	788	1071	100000
12677	788	1158	100000
12678	788	1203	2488320
12679	788	1382	100000
12680	788	1470	100000
12681	788	1572	2488320
12682	788	1588	2488320
12683	788	1718	100000
12684	788	1806	2488320
12685	788	1850	2488320
12686	788	1874	100000
12687	788	1878	100000
12688	788	1917	100000
12689	788	2163	100000
12690	788	2621	100000
12691	788	2668	100000
12692	788	2800	51840
12693	788	2835	2488320
12694	788	2916	1244160
12695	788	2932	100000
12696	788	2935	100000
12697	788	3061	51840
12698	788	3111	1244160
12699	788	3161	51840
12700	788	3162	100000
12701	788	3307	51840
12702	788	3320	2488320
12703	788	3355	2488320
12704	788	3366	466560
12705	788	3912	100000
12706	788	4857	100000
12707	788	5352	51840
12708	788	5451	466560
12709	788	5530	100000
12710	788	5548	51840
12711	788	5551	51840
12712	788	5623	51840
12713	788	5641	100000
12714	788	5644	51840
12715	788	5755	100000
12716	788	5775	2488320
12717	788	6015	100000
12718	788	6023	51840
12719	788	6028	100000
12720	788	7313	51840
12721	788	7347	100000
12722	788	7381	51840
12723	788	7398	1244160
12724	788	7444	51840
12725	788	7491	100000
12726	788	7533	100000
12727	788	7741	51840
12728	788	7849	100000
12729	788	7952	100000
12730	788	8035	51840
12731	788	10621	51840
12732	788	10824	100000
12733	788	11026	51840
12734	788	11029	100000
12735	788	11117	100000
12736	788	11128	51840
12737	788	11191	100000
12738	788	11215	51840
12739	788	11220	100000
12740	788	11426	100000
12741	788	13064	100000
12742	788	13076	51840
12743	788	13331	100000
12744	788	13519	51840
12745	788	13577	100000
12746	789	818	100000
12747	789	1472	100000
12748	789	2773	51840
12749	789	2794	1244160
12750	789	2834	466560
12751	789	2961	100000
12752	789	3404	1244160
12753	789	5766	100000
12754	789	7432	51840
12755	789	7899	1244160
12756	789	11123	51840
12757	789	11234	100000
12758	789	13312	51840
12759	789	13367	51840
12760	790	798	100000
12761	790	1158	100000
12762	790	1878	100000
12763	790	11109	51840
12764	791	881	100000
12765	791	1569	100000
12766	791	2932	100000
12767	791	5974	51840
12768	791	7883	51840
12769	791	11202	51840
12770	791	11283	100000
12771	791	11312	100000
12772	791	13594	100000
12773	792	2932	100000
12774	792	11010	2488320
12775	792	13580	100000
12776	793	3039	100000
12777	794	1444	100000
12778	794	2234	100000
12779	794	2821	100000
12780	794	5349	51840
12781	794	5391	1244160
12782	794	5421	51840
12783	794	5440	51840
12784	794	5549	100000
12785	794	5686	51840
12786	794	5744	51840
12787	794	5774	51840
12788	794	5790	51840
12789	794	5846	1244160
12790	794	5945	51840
12791	794	6002	51840
12792	794	7382	51840
12793	794	7490	51840
12794	794	7493	51840
12795	794	7727	51840
12796	794	7744	100000
12797	794	7865	51840
12798	794	7871	1244160
12799	794	7884	1244160
12800	794	7917	51840
12801	794	10739	51840
12802	794	10798	51840
12803	794	10884	100000
12804	794	11040	51840
12805	794	11046	51840
12806	794	11075	51840
12807	794	11406	51840
12808	794	13150	51840
12809	794	13151	51840
12810	794	13168	51840
12811	794	13170	51840
12812	794	13308	51840
12813	794	14826	100000
12814	796	812	100000
12815	796	1539	100000
12816	796	2085	100000
12817	796	2889	2488320
12818	796	2917	100000
12819	796	3128	100000
12820	796	7768	51840
12821	796	10889	51840
12822	796	10890	1244160
12823	797	10791	2488320
12824	798	807	51840
12825	798	818	100000
12826	798	881	100000
12827	798	888	100000
12828	798	958	51840
12829	798	1158	466560
12830	798	1200	100000
12831	798	1203	100000
12832	798	1438	100000
12833	798	1450	100000
12834	798	1459	100000
12835	798	1470	2488320
12836	798	1487	100000
12837	798	1504	2488320
12838	798	1850	100000
12839	798	1874	2488320
12840	798	1878	100000
12841	798	2059	100000
12842	798	2075	100000
12843	798	2092	100000
12844	798	2110	51840
12845	798	2163	100000
12846	798	2621	100000
12847	798	2824	100000
12848	798	2835	100000
12849	798	2864	2488320
12850	798	2901	2488320
12851	798	2920	100000
12852	798	3017	100000
12853	798	3027	51840
12854	798	3179	51840
12855	798	3206	100000
12856	798	3213	2488320
12857	798	3358	100000
12858	798	3402	51840
12859	798	3409	51840
12860	798	3410	100000
12861	798	5293	2488320
12862	798	5337	51840
12863	798	5394	100000
12864	798	5397	100000
12865	798	5558	100000
12866	798	5574	51840
12867	798	5636	2488320
12868	798	5702	51840
12869	798	5765	100000
12870	798	5775	100000
12871	798	5851	100000
12872	798	5894	100000
12873	798	5911	100000
12874	798	5912	51840
12875	798	6027	51840
12876	798	6038	100000
12877	798	6175	100000
12878	798	6250	100000
12879	798	7274	100000
12880	798	7276	100000
12881	798	7322	466560
12882	798	7333	51840
12883	798	7367	100000
12884	798	7371	100000
12885	798	7404	100000
12886	798	7430	100000
12887	798	7582	100000
12888	798	7590	2488320
12889	798	7644	100000
12890	798	7728	100000
12891	798	7830	51840
12892	798	7959	100000
12893	798	8026	100000
12894	798	8037	51840
12895	798	8723	100000
12896	798	10114	100000
12897	798	10678	100000
12898	798	10733	100000
12899	798	10741	100000
12900	798	10835	100000
12901	798	10871	51840
12902	798	10902	100000
12903	798	10956	100000
12904	798	11044	2488320
12905	798	11054	100000
12906	798	11056	51840
12907	798	11151	100000
12908	798	11181	51840
12909	798	11230	1244160
12910	798	11399	2488320
12911	798	11451	100000
12912	798	13008	51840
12913	798	13033	100000
12914	798	13136	100000
12915	798	13222	100000
12916	798	13245	51840
12917	798	13258	1244160
12918	798	13278	100000
12919	798	13370	100000
12920	798	13402	51840
12921	798	13414	2488320
12922	798	13547	51840
12923	798	13608	51840
12924	798	13611	1244160
12925	798	13618	100000
12926	799	1449	100000
12927	800	818	100000
12928	800	3148	51840
12929	800	5992	100000
12930	801	1539	51840
12931	802	2070	100000
12932	802	3153	51840
12933	802	11059	51840
12934	802	11318	51840
12935	802	13579	51840
12936	803	1523	100000
12937	803	1969	100000
12938	803	5629	100000
12939	804	1158	100000
12940	804	1427	51840
12941	804	1470	51840
12942	804	1878	100000
12943	804	1998	51840
12944	804	2234	1244160
12945	804	2359	100000
12946	804	2621	100000
12947	804	2668	100000
12948	804	2835	100000
12949	804	5360	100000
12950	804	7650	51840
12951	804	7733	51840
12952	804	7825	51840
12953	804	7872	100000
12954	804	8006	51840
12955	804	11396	100000
12956	804	13395	1244160
12957	805	3378	51840
12958	805	5839	51840
12959	805	7326	51840
12960	805	7928	51840
12961	805	11172	51840
12962	805	13113	51840
12963	805	13241	100000
12964	806	1878	2488320
12965	806	5710	51840
12966	806	10711	100000
12967	806	13393	100000
12968	807	818	100000
12969	807	1158	1244160
12970	807	1185	2488320
12971	807	1437	51840
12972	807	1444	100000
12973	807	1451	51840
12974	807	1454	51840
12975	807	1455	51840
12976	807	1471	51840
12977	807	1475	51840
12978	807	1504	51840
12979	807	1547	51840
12980	807	1549	51840
12981	807	1554	51840
12982	807	1566	100000
12983	807	1600	51840
12984	807	1878	51840
12985	807	1989	51840
12986	807	2008	51840
12987	807	2009	51840
12988	807	2029	100000
12989	807	2037	51840
12990	807	2054	51840
12991	807	2062	51840
12992	807	2234	51840
12993	807	2780	51840
12994	807	2787	51840
12995	807	2811	1244160
12996	807	2866	51840
12997	807	3007	51840
12998	807	3021	51840
12999	807	3024	51840
13000	807	3034	51840
13001	807	3096	51840
13002	807	3117	100000
13003	807	3188	100000
13004	807	3239	51840
13005	807	3264	1244160
13006	807	3300	51840
13007	807	3310	51840
13008	807	3387	51840
13009	807	3391	51840
13010	807	3419	51840
13011	807	3421	51840
13012	807	3428	51840
13013	807	5301	100000
13014	807	5367	51840
13015	807	5381	51840
13016	807	5438	51840
13017	807	5491	1244160
13018	807	5495	51840
13019	807	5540	51840
13020	807	5704	51840
13021	807	5710	51840
13022	807	5711	51840
13023	807	5736	51840
13024	807	5909	51840
13025	807	5911	51840
13026	807	5992	51840
13027	807	6250	51840
13028	807	7499	51840
13029	807	7523	51840
13030	807	7660	51840
13031	807	7950	51840
13032	807	7976	51840
13033	807	10611	51840
13034	807	10633	51840
13035	807	10738	1244160
13036	807	10782	100000
13037	807	10818	51840
13038	807	10827	51840
13039	807	10918	51840
13040	807	11000	51840
13041	807	11160	51840
13042	807	11363	51840
13043	807	11437	51840
13044	807	12994	51840
13045	807	13042	51840
13046	807	13223	51840
13047	808	1434	100000
13048	809	818	100000
13049	809	1158	100000
13050	809	1878	2488320
13051	809	2234	100000
13052	809	2668	100000
13053	809	4857	100000
13054	809	8180	466560
13055	809	10836	51840
13056	809	15131	51840
13057	810	1066	100000
13058	810	2056	2488320
13059	810	3222	51840
13060	810	3268	51840
13061	810	3371	100000
13062	810	5613	51840
13063	810	7526	51840
13064	810	7723	51840
13065	810	7868	51840
13066	810	8031	51840
13067	810	9795	2488320
13068	811	1444	100000
13069	811	2046	100000
13070	811	2796	2488320
13071	811	2927	2488320
13072	811	5302	100000
13073	811	5508	51840
13074	811	11187	51840
13075	811	11257	51840
13076	811	13181	51840
13077	812	1515	100000
13078	812	1520	51840
13079	812	3311	51840
13080	814	1963	51840
13081	816	2057	100000
13082	816	2848	51840
13083	816	3325	51840
13084	816	5426	51840
13085	816	5434	100000
13086	816	5775	100000
13087	816	5796	100000
13088	816	5969	100000
13089	816	6032	51840
13090	816	7275	51840
13091	816	7411	51840
13092	816	7452	51840
13093	816	7468	51840
13094	816	7470	100000
13095	816	7520	2488320
13096	816	7681	100000
13097	816	7814	51840
13098	816	7905	51840
13099	816	8042	51840
13100	816	10682	51840
13101	816	10784	51840
13102	816	10828	51840
13103	816	10839	100000
13104	816	10859	51840
13105	816	10888	1244160
13106	816	10906	100000
13107	816	10915	51840
13108	816	10961	51840
13109	816	11012	100000
13110	816	11055	1244160
13111	816	11057	51840
13112	816	11194	51840
13113	816	11221	51840
13114	816	11376	51840
13115	816	11428	51840
13116	816	13023	51840
13117	816	13253	100000
13118	816	13587	100000
13119	816	13642	100000
13120	817	2116	100000
13121	817	6683	100000
13122	818	881	100000
13123	818	886	100000
13124	818	888	100000
13125	818	901	100000
13126	818	941	100000
13127	818	944	100000
13128	818	950	100000
13129	818	973	100000
13130	818	1010	100000
13131	818	1020	100000
13132	818	1044	51840
13133	818	1082	100000
13134	818	1090	100000
13135	818	1122	100000
13136	818	1157	100000
13137	818	1158	2488320
13138	818	1167	2488320
13139	818	1176	2488320
13140	818	1179	100000
13141	818	1185	100000
13142	818	1203	100000
13143	818	1223	100000
13144	818	1258	100000
13145	818	1351	2488320
13146	818	1356	51840
13147	818	1362	100000
13148	818	1374	100000
13149	818	1380	51840
13150	818	1384	100000
13151	818	1386	2488320
13152	818	1388	2488320
13153	818	1389	100000
13154	818	1390	100000
13155	818	1391	100000
13156	818	1400	100000
13157	818	1435	2488320
13158	818	1437	2488320
13159	818	1450	100000
13160	818	1455	51840
13161	818	1465	100000
13162	818	1470	100000
13163	818	1471	2488320
13164	818	1504	100000
13165	818	1549	100000
13166	818	1565	2488320
13167	818	1580	51840
13168	818	1588	2488320
13169	818	1600	100000
13170	818	1618	100000
13171	818	1657	51840
13172	818	1718	100000
13173	818	1735	100000
13174	818	1765	51840
13175	818	1766	2488320
13176	818	1781	100000
13177	818	1797	466560
13178	818	1815	100000
13179	818	1819	1244160
13180	818	1847	100000
13181	818	1850	100000
13182	818	1854	100000
13183	818	1874	100000
13184	818	1878	100000
13185	818	1906	100000
13186	818	1949	2488320
13187	818	1961	2488320
13188	818	1969	100000
13189	818	1975	2488320
13190	818	2008	2488320
13191	818	2009	2488320
13192	818	2034	51840
13193	818	2037	466560
13194	818	2054	100000
13195	818	2062	466560
13196	818	2069	100000
13197	818	2086	2488320
13198	818	2105	51840
13199	818	2121	100000
13200	818	2122	100000
13201	818	2142	100000
13202	818	2152	1244160
13203	818	2163	100000
13204	818	2209	2488320
13205	818	2222	466560
13206	818	2230	100000
13207	818	2234	100000
13208	818	2255	100000
13209	818	2282	100000
13210	818	2323	100000
13211	818	2327	100000
13212	818	2359	100000
13213	818	2621	100000
13214	818	2624	100000
13215	818	2673	2488320
13216	818	2679	51840
13217	818	2693	100000
13218	818	2699	51840
13219	818	2703	51840
13220	818	2704	51840
13221	818	2747	2488320
13222	818	2763	100000
13223	818	2779	100000
13224	818	2780	100000
13225	818	2787	466560
13226	818	2788	51840
13227	818	2795	2488320
13228	818	2825	100000
13229	818	2887	100000
13230	818	2913	100000
13231	818	2925	100000
13232	818	2928	466560
13233	818	2942	2488320
13234	818	2963	100000
13235	818	2981	100000
13236	818	3007	100000
13237	818	3016	100000
13238	818	3021	51840
13239	818	3024	100000
13240	818	3054	100000
13241	818	3072	100000
13242	818	3082	100000
13243	818	3096	100000
13244	818	3117	100000
13245	818	3121	2488320
13246	818	3132	100000
13247	818	3140	2488320
13248	818	3141	100000
13249	818	3191	2488320
13250	818	3194	51840
13251	818	3221	100000
13252	818	3225	100000
13253	818	3234	51840
13254	818	3239	100000
13255	818	3257	1244160
13256	818	3278	1244160
13257	818	3302	1244160
13258	818	3310	1244160
13259	818	3327	155520
13260	818	3338	466560
13261	818	3380	100000
13262	818	3387	100000
13263	818	3388	100000
13264	818	3396	100000
13265	818	3401	51840
13266	818	3419	100000
13267	818	3421	51840
13268	818	3431	100000
13269	818	3758	100000
13270	818	3906	100000
13271	818	4135	51840
13272	818	4195	100000
13273	818	4207	51840
13274	818	4220	100000
13275	818	4231	100000
13276	818	4255	51840
13277	818	4260	51840
13278	818	4264	466560
13279	818	4337	51840
13280	818	4359	100000
13281	818	4364	51840
13282	818	4398	2488320
13283	818	4435	100000
13284	818	4436	100000
13285	818	4438	100000
13286	818	4449	100000
13287	818	4492	51840
13288	818	4493	100000
13289	818	4592	100000
13290	818	4668	100000
13291	818	4670	100000
13292	818	4674	100000
13293	818	4682	100000
13294	818	4718	2488320
13295	818	4741	100000
13296	818	4746	51840
13297	818	4842	100000
13298	818	4857	100000
13299	818	4865	51840
13300	818	4878	51840
13301	818	4938	51840
13302	818	4960	2488320
13303	818	4962	100000
13304	818	4968	100000
13305	818	4982	51840
13306	818	5021	2488320
13307	818	5044	51840
13308	818	5045	1244160
13309	818	5062	100000
13310	818	5071	2488320
13311	818	5126	100000
13312	818	5137	2488320
13313	818	5151	466560
13314	818	5169	100000
13315	818	5206	2488320
13316	818	5256	51840
13317	818	5262	2488320
13318	818	5296	100000
13319	818	5301	100000
13320	818	5320	100000
13321	818	5337	100000
13322	818	5367	100000
13323	818	5381	51840
13324	818	5438	51840
13325	818	5458	51840
13326	818	5520	100000
13327	818	5540	100000
13328	818	5553	100000
13329	818	5559	51840
13330	818	5563	2488320
13331	818	5567	100000
13332	818	5574	100000
13333	818	5585	100000
13334	818	5624	100000
13335	818	5664	100000
13336	818	5704	51840
13337	818	5723	100000
13338	818	5746	100000
13339	818	5754	100000
13340	818	5775	100000
13341	818	5814	51840
13342	818	5818	51840
13343	818	5885	100000
13344	818	5898	100000
13345	818	5908	2488320
13346	818	5911	100000
13347	818	5951	100000
13348	818	5959	51840
13349	818	5971	100000
13350	818	5975	51840
13351	818	5990	1244160
13352	818	5992	100000
13353	818	5997	2488320
13354	818	6008	100000
13355	818	6090	51840
13356	818	6094	100000
13357	818	6097	100000
13358	818	6100	51840
13359	818	6106	100000
13360	818	6109	51840
13361	818	6116	2488320
13362	818	6130	2488320
13363	818	6177	51840
13364	818	6193	51840
13365	818	6197	51840
13366	818	6231	51840
13367	818	6250	100000
13368	818	6251	100000
13369	818	6256	100000
13370	818	6276	100000
13371	818	6297	100000
13372	818	6339	51840
13373	818	6349	51840
13374	818	6377	100000
13375	818	6403	466560
13376	818	6444	2488320
13377	818	6464	51840
13378	818	6465	51840
13379	818	6473	100000
13380	818	6477	51840
13381	818	6484	100000
13382	818	6495	2488320
13383	818	6658	51840
13384	818	6678	100000
13385	818	6684	51840
13386	818	6689	51840
13387	818	6706	100000
13388	818	6707	466560
13389	818	6712	1244160
13390	818	6772	100000
13391	818	6840	100000
13392	818	6843	51840
13393	818	6852	2488320
13394	818	6867	100000
13395	818	6886	51840
13396	818	6913	466560
13397	818	6920	100000
13398	818	6922	100000
13399	818	6925	51840
13400	818	6978	51840
13401	818	6981	51840
13402	818	7008	100000
13403	818	7017	51840
13404	818	7086	2488320
13405	818	7173	51840
13406	818	7174	100000
13407	818	7181	100000
13408	818	7216	51840
13409	818	7244	51840
13410	818	7253	1244160
13411	818	7272	100000
13412	818	7286	100000
13413	818	7299	51840
13414	818	7302	2488320
13415	818	7305	2488320
13416	818	7317	51840
13417	818	7323	100000
13418	818	7324	100000
13419	818	7329	51840
13420	818	7340	2488320
13421	818	7378	51840
13422	818	7384	100000
13423	818	7416	100000
13424	818	7419	100000
13425	818	7423	100000
13426	818	7429	2488320
13427	818	7443	100000
13428	818	7472	51840
13429	818	7475	100000
13430	818	7499	100000
13431	818	7500	100000
13432	818	7513	51840
13433	818	7517	100000
13434	818	7518	100000
13435	818	7523	2488320
13436	818	7651	51840
13437	818	7660	100000
13438	818	7682	100000
13439	818	7696	100000
13440	818	7699	100000
13441	818	7709	51840
13442	818	7712	100000
13443	818	7718	51840
13444	818	7735	1244160
13445	818	7771	100000
13446	818	7794	100000
13447	818	7802	100000
13448	818	7895	51840
13449	818	7916	100000
13450	818	7922	51840
13451	818	8001	2488320
13452	818	8006	100000
13453	818	8015	1244160
13454	818	8037	51840
13455	818	8073	51840
13456	818	8074	100000
13457	818	8075	100000
13458	818	8076	51840
13459	818	8077	51840
13460	818	8092	2488320
13461	818	8111	100000
13462	818	8118	466560
13463	818	8137	100000
13464	818	8139	100000
13465	818	8151	100000
13466	818	8160	51840
13467	818	8171	51840
13468	818	8243	100000
13469	818	8292	466560
13470	818	8293	100000
13471	818	8381	51840
13472	818	8457	51840
13473	818	8485	51840
13474	818	8492	51840
13475	818	9324	51840
13476	818	9325	51840
13477	818	9326	51840
13478	818	9327	51840
13479	818	9329	51840
13480	818	9330	51840
13481	818	9331	51840
13482	818	9355	100000
13483	818	9367	51840
13484	818	9376	100000
13485	818	9428	51840
13486	818	9463	51840
13487	818	9484	2488320
13488	818	9644	100000
13489	818	9661	51840
13490	818	9664	2488320
13491	818	9665	100000
13492	818	9685	51840
13493	818	9703	100000
13494	818	9711	100000
13495	818	9714	100000
13496	818	9716	100000
13497	818	9738	100000
13498	818	9744	2488320
13499	818	9755	100000
13500	818	9760	100000
13501	818	9822	51840
13502	818	9823	1244160
13503	818	9846	100000
13504	818	9885	51840
13505	818	9932	1244160
13506	818	9991	100000
13507	818	10056	2488320
13508	818	10149	51840
13509	818	10150	51840
13510	818	10151	51840
13511	818	10156	100000
13512	818	10181	100000
13513	818	10184	100000
13514	818	10245	51840
13515	818	10248	100000
13516	818	10283	51840
13517	818	10289	2488320
13518	818	10316	100000
13519	818	10329	51840
13520	818	10345	51840
13521	818	10398	466560
13522	818	10445	100000
13523	818	10456	51840
13524	818	10462	100000
13525	818	10500	51840
13526	818	10523	51840
13527	818	10611	51840
13528	818	10627	51840
13529	818	10645	51840
13530	818	10655	51840
13531	818	10659	51840
13532	818	10719	100000
13533	818	10728	2488320
13534	818	10743	100000
13535	818	10746	100000
13536	818	10769	100000
13537	818	10772	51840
13538	818	10785	51840
13539	818	10836	100000
13540	818	10866	100000
13541	818	10896	100000
13542	818	10899	100000
13543	818	10903	1244160
13544	818	10912	51840
13545	818	10946	100000
13546	818	10970	51840
13547	818	10985	51840
13548	818	11081	51840
13549	818	11100	51840
13550	818	11121	51840
13551	818	11135	51840
13552	818	11160	100000
13553	818	11219	51840
13554	818	11273	100000
13555	818	11297	51840
13556	818	11304	51840
13557	818	11308	51840
13558	818	11347	100000
13559	818	11354	1244160
13560	818	11370	1244160
13561	818	11407	100000
13562	818	11419	100000
13563	818	11489	51840
13564	818	11517	2488320
13565	818	11616	51840
13566	818	11620	1244160
13567	818	11662	100000
13568	818	11735	51840
13569	818	11754	100000
13570	818	11910	100000
13571	818	11944	51840
13572	818	11972	51840
13573	818	11974	51840
13574	818	11983	51840
13575	818	12058	51840
13576	818	12080	100000
13577	818	12089	100000
13578	818	12105	100000
13579	818	12138	1244160
13580	818	12265	100000
13581	818	12319	51840
13582	818	12383	51840
13583	818	12389	100000
13584	818	12391	2488320
13585	818	12427	100000
13586	818	12467	51840
13587	818	12491	100000
13588	818	12513	100000
13589	818	12568	1244160
13590	818	12584	100000
13591	818	12700	51840
13592	818	12725	100000
13593	818	12845	51840
13594	818	12913	51840
13595	818	12979	466560
13596	818	12994	100000
13597	818	13005	100000
13598	818	13063	1244160
13599	818	13100	155520
13600	818	13108	51840
13601	818	13156	51840
13602	818	13217	51840
13603	818	13231	51840
13604	818	13232	51840
13605	818	13293	466560
13606	818	13336	51840
13607	818	13352	51840
13608	818	13355	51840
13609	818	13364	100000
13610	818	13376	100000
13611	818	13396	1244160
13612	818	13445	51840
13613	818	13454	100000
13614	818	13617	51840
13615	818	13632	100000
13616	818	13648	51840
13617	818	13682	51840
13618	818	13700	51840
13619	818	13754	100000
13620	818	13793	51840
13621	818	13802	51840
13622	818	13890	100000
13623	818	14027	51840
13624	818	14045	1244160
13625	818	14154	1244160
13626	818	14189	51840
13627	818	14211	51840
13628	818	14303	51840
13629	818	14348	1244160
13630	818	14368	51840
13631	818	14502	100000
13632	818	15531	2488320
13633	818	15589	100000
13634	819	7232	51840
13635	820	881	100000
13636	820	1584	100000
13637	822	928	100000
13638	824	1584	51840
13639	824	12509	51840
13640	825	827	100000
13641	826	827	51840
13642	830	2231	2488320
13643	831	4149	51840
13644	831	4435	100000
13645	831	13851	51840
13646	831	13966	51840
13647	831	15532	1244160
13648	831	15615	51840
13649	832	869	100000
13650	833	1012	2488320
13651	833	15173	51840
13652	834	2163	2488320
13653	835	14870	51840
13654	835	15398	51840
13655	839	1588	100000
13656	839	14951	100000
13657	839	15168	51840
13658	840	1049	51840
13659	840	4562	1244160
13660	840	4787	51840
13661	840	6068	51840
13662	840	6342	100000
13663	840	9725	51840
13664	840	9994	51840
13665	840	11643	51840
13666	840	12305	51840
13667	840	12391	51840
13668	840	13798	100000
13669	840	14057	51840
13670	840	15098	51840
13671	842	2445	51840
13672	843	2445	51840
13673	843	2447	1244160
13674	843	2456	51840
13675	843	3912	100000
13676	843	4042	51840
13677	843	8718	1244160
13678	844	12977	51840
13679	847	1261	100000
13680	849	2216	100000
13681	850	2247	100000
13682	850	11760	51840
13683	851	2163	100000
13684	852	904	100000
13685	852	6796	100000
13686	853	4223	100000
13687	854	2142	2488320
13688	854	4223	100000
13689	855	1899	466560
13690	855	2746	100000
13691	855	9391	100000
13692	856	2163	2488320
13693	857	888	51840
13694	859	2375	51840
13695	859	3492	100000
13696	860	1203	100000
13697	860	1294	100000
13698	860	1504	100000
13699	860	3613	100000
13700	860	3729	100000
13701	860	4096	1244160
13702	860	4955	100000
13703	860	8638	100000
13704	860	9060	2488320
13705	860	15055	51840
13706	860	15056	51840
13707	861	1729	100000
13708	861	1846	100000
13709	861	2163	100000
13710	861	2697	100000
13711	861	4165	2488320
13712	861	4223	100000
13713	861	6948	100000
13714	862	2216	51840
13715	862	15112	51840
13716	864	4223	100000
13717	864	8180	100000
13718	864	14853	100000
13719	865	2163	100000
13720	865	12367	100000
13721	866	1899	2488320
13722	866	9391	100000
13723	868	2163	1244160
13724	869	888	100000
13725	869	1071	100000
13726	869	1158	100000
13727	869	1197	100000
13728	869	1202	100000
13729	869	1279	100000
13730	869	1382	100000
13731	869	1470	100000
13732	869	1488	466560
13733	869	1584	2488320
13734	869	1588	100000
13735	869	1718	2488320
13736	869	1806	100000
13737	869	1850	2488320
13738	869	1878	2488320
13739	869	1917	100000
13740	869	1982	2488320
13741	869	2083	1244160
13742	869	2322	2488320
13743	869	2621	466560
13744	869	2668	100000
13745	869	2730	100000
13746	869	2991	51840
13747	869	3001	100000
13748	869	3271	100000
13749	869	3370	100000
13750	869	3451	100000
13751	869	3491	100000
13752	869	3879	100000
13753	869	3907	100000
13754	869	3912	100000
13755	869	4857	100000
13756	869	5433	100000
13757	869	5651	51840
13758	869	5710	51840
13759	869	5775	2488320
13760	869	7166	51840
13761	869	7623	51840
13762	869	9512	51840
13763	869	9636	51840
13764	869	10615	100000
13765	869	11271	100000
13766	869	12104	51840
13767	869	12503	2488320
13768	869	12601	2488320
13769	869	12840	51840
13770	869	12876	51840
13771	869	13670	51840
13772	872	2629	51840
13773	873	2163	100000
13774	873	12049	51840
13775	874	888	466560
13776	874	1378	100000
13777	875	888	2488320
13778	875	13765	2488320
13779	875	14270	51840
13780	877	881	100000
13781	879	1683	51840
13782	880	1899	100000
13783	881	886	100000
13784	881	888	100000
13785	881	924	51840
13786	881	957	100000
13787	881	973	100000
13788	881	1019	100000
13789	881	1044	100000
13790	881	1054	100000
13791	881	1061	100000
13792	881	1079	100000
13793	881	1082	100000
13794	881	1086	100000
13795	881	1090	100000
13796	881	1092	51840
13797	881	1120	100000
13798	881	1158	100000
13799	881	1167	100000
13800	881	1176	100000
13801	881	1179	466560
13802	881	1185	100000
13803	881	1200	2488320
13804	881	1202	2488320
13805	881	1204	100000
13806	881	1218	100000
13807	881	1226	100000
13808	881	1227	466560
13809	881	1233	100000
13810	881	1235	100000
13811	881	1256	100000
13812	881	1258	100000
13813	881	1271	100000
13814	881	1276	100000
13815	881	1284	2488320
13816	881	1292	100000
13817	881	1293	100000
13818	881	1330	466560
13819	881	1337	1244160
13820	881	1369	100000
13821	881	1374	100000
13822	881	1427	100000
13823	881	1435	100000
13824	881	1444	100000
13825	881	1451	100000
13826	881	1461	100000
13827	881	1464	100000
13828	881	1470	2488320
13829	881	1496	100000
13830	881	1504	100000
13831	881	1525	100000
13832	881	1557	100000
13833	881	1588	100000
13834	881	1589	2488320
13835	881	1599	100000
13836	881	1652	2488320
13837	881	1714	100000
13838	881	1722	2488320
13839	881	1760	51840
13840	881	1765	2488320
13841	881	1766	100000
13842	881	1781	100000
13843	881	1801	466560
13844	881	1806	100000
13845	881	1807	100000
13846	881	1815	100000
13847	881	1824	51840
13848	881	1833	100000
13849	881	1853	51840
13850	881	1865	100000
13851	881	1874	100000
13852	881	1878	100000
13853	881	1882	51840
13854	881	1883	100000
13855	881	1890	100000
13856	881	1907	2488320
13857	881	1982	100000
13858	881	1991	100000
13859	881	2008	100000
13860	881	2029	100000
13861	881	2043	100000
13862	881	2054	100000
13863	881	2129	466560
13864	881	2148	466560
13865	881	2156	100000
13866	881	2163	100000
13867	881	2182	100000
13868	881	2198	100000
13869	881	2231	100000
13870	881	2234	466560
13871	881	2282	100000
13872	881	2295	100000
13873	881	2312	1244160
13874	881	2328	100000
13875	881	2359	100000
13876	881	2365	2488320
13877	881	2378	100000
13878	881	2380	100000
13879	881	2381	466560
13880	881	2406	100000
13881	881	2409	2488320
13882	881	2410	100000
13883	881	2500	100000
13884	881	2508	100000
13885	881	2519	466560
13886	881	2556	466560
13887	881	2598	100000
13888	881	2618	100000
13889	881	2621	100000
13890	881	2635	51840
13891	881	2679	100000
13892	881	2692	100000
13893	881	2704	51840
13894	881	2747	100000
13895	881	2825	2488320
13896	881	2835	100000
13897	881	2849	100000
13898	881	2897	100000
13899	881	2913	100000
13900	881	2932	100000
13901	881	3057	100000
13902	881	3096	2488320
13903	881	3112	100000
13904	881	3215	2488320
13905	881	3224	100000
13906	881	3239	2488320
13907	881	3321	100000
13908	881	3325	51840
13909	881	3388	100000
13910	881	3405	100000
13911	881	3433	51840
13912	881	3443	2488320
13913	881	3451	100000
13914	881	3465	466560
13915	881	3467	51840
13916	881	3475	466560
13917	881	3491	2488320
13918	881	3502	2488320
13919	881	3528	51840
13920	881	3534	100000
13921	881	3540	100000
13922	881	3558	100000
13923	881	3581	100000
13924	881	3592	100000
13925	881	3610	51840
13926	881	3670	100000
13927	881	3674	100000
13928	881	3679	2488320
13929	881	3725	100000
13930	881	3729	100000
13931	881	3765	100000
13932	881	3768	2488320
13933	881	3783	100000
13934	881	3808	466560
13935	881	3837	100000
13936	881	3838	100000
13937	881	3839	100000
13938	881	3856	100000
13939	881	3883	100000
13940	881	3887	100000
13941	881	3899	2488320
13942	881	3958	100000
13943	881	3970	100000
13944	881	3975	100000
13945	881	4038	51840
13946	881	4043	100000
13947	881	4222	100000
13948	881	4232	51840
13949	881	4289	100000
13950	881	4349	100000
13951	881	4352	100000
13952	881	4354	51840
13953	881	4401	100000
13954	881	4435	100000
13955	881	4436	100000
13956	881	4438	2488320
13957	881	4493	100000
13958	881	4506	466560
13959	881	4518	100000
13960	881	4583	51840
13961	881	4594	51840
13962	881	4601	51840
13963	881	4680	100000
13964	881	4683	100000
13965	881	4704	51840
13966	881	4712	100000
13967	881	4720	100000
13968	881	4760	100000
13969	881	4799	100000
13970	881	4826	100000
13971	881	4842	51840
13972	881	4866	100000
13973	881	4891	100000
13974	881	4902	100000
13975	881	4921	51840
13976	881	4935	100000
13977	881	4949	100000
13978	881	5054	51840
13979	881	5069	100000
13980	881	5078	51840
13981	881	5116	100000
13982	881	5133	100000
13983	881	5151	100000
13984	881	5170	2488320
13985	881	5173	51840
13986	881	5192	100000
13987	881	5197	51840
13988	881	5226	51840
13989	881	5232	100000
13990	881	5238	1244160
13991	881	5241	100000
13992	881	5247	51840
13993	881	5282	51840
13994	881	5381	51840
13995	881	5392	100000
13996	881	5395	100000
13997	881	5453	2488320
13998	881	5490	100000
13999	881	5514	51840
14000	881	5591	2488320
14001	881	5608	51840
14002	881	5647	100000
14003	881	5714	2488320
14004	881	5775	100000
14005	881	5785	100000
14006	881	5809	51840
14007	881	5812	100000
14008	881	5818	2488320
14009	881	5849	100000
14010	881	5892	51840
14011	881	5959	51840
14012	881	5970	2488320
14013	881	6001	2488320
14014	881	6019	466560
14015	881	6057	51840
14016	881	6094	100000
14017	881	6172	51840
14018	881	6180	100000
14019	881	6189	100000
14020	881	6224	100000
14021	881	6238	100000
14022	881	6242	51840
14023	881	6290	2488320
14024	881	6305	100000
14025	881	6306	51840
14026	881	6326	100000
14027	881	6342	100000
14028	881	6343	100000
14029	881	6360	1244160
14030	881	6361	51840
14031	881	6446	51840
14032	881	6448	51840
14033	881	6483	51840
14034	881	6502	100000
14035	881	6506	51840
14036	881	6507	51840
14037	881	6527	51840
14038	881	6574	100000
14039	881	6579	51840
14040	881	6589	100000
14041	881	6612	51840
14042	881	6642	51840
14043	881	6656	51840
14044	881	6662	1244160
14045	881	6681	100000
14046	881	6689	100000
14047	881	6710	51840
14048	881	6741	51840
14049	881	6760	51840
14050	881	6796	2488320
14051	881	6830	51840
14052	881	6878	100000
14053	881	6918	100000
14054	881	6919	100000
14055	881	6920	100000
14056	881	6921	1244160
14057	881	6922	2488320
14058	881	6929	51840
14059	881	6971	100000
14060	881	6997	100000
14061	881	7005	51840
14062	881	7015	51840
14063	881	7027	51840
14064	881	7031	51840
14065	881	7035	51840
14066	881	7052	51840
14067	881	7099	51840
14068	881	7136	51840
14069	881	7203	51840
14070	881	7214	100000
14071	881	7225	51840
14072	881	7226	51840
14073	881	7235	51840
14074	881	7262	1244160
14075	881	7436	51840
14076	881	7456	2488320
14077	881	7489	100000
14078	881	7494	100000
14079	881	7602	100000
14080	881	7697	100000
14081	881	7744	100000
14082	881	7796	100000
14083	881	7821	100000
14084	881	7845	466560
14085	881	7908	100000
14086	881	7935	51840
14087	881	7937	100000
14088	881	8020	51840
14089	881	8050	100000
14090	881	8052	51840
14091	881	8073	100000
14092	881	8074	100000
14093	881	8076	100000
14094	881	8077	100000
14095	881	8103	100000
14096	881	8126	51840
14097	881	8140	51840
14098	881	8154	100000
14099	881	8190	51840
14100	881	8194	51840
14101	881	8207	51840
14102	881	8233	51840
14103	881	8290	51840
14104	881	8291	100000
14105	881	8314	51840
14106	881	8351	51840
14107	881	8355	51840
14108	881	8370	51840
14109	881	8427	100000
14110	881	8465	51840
14111	881	8469	100000
14112	881	8500	100000
14113	881	8502	100000
14114	881	8535	51840
14115	881	8542	51840
14116	881	8563	51840
14117	881	8566	51840
14118	881	8573	51840
14119	881	8575	51840
14120	881	8585	51840
14121	881	8598	51840
14122	881	8609	100000
14123	881	8611	51840
14124	881	8633	100000
14125	881	8690	2488320
14126	881	8697	2488320
14127	881	8708	466560
14128	881	8710	100000
14129	881	8712	51840
14130	881	8718	100000
14131	881	8733	2488320
14132	881	8773	2488320
14133	881	8796	100000
14134	881	8808	2488320
14135	881	8809	100000
14136	881	8810	100000
14137	881	8814	100000
14138	881	8816	100000
14139	881	8826	100000
14140	881	8828	100000
14141	881	8835	466560
14142	881	8965	51840
14143	881	8973	100000
14144	881	8981	100000
14145	881	9007	51840
14146	881	9018	100000
14147	881	9033	51840
14148	881	9057	100000
14149	881	9084	51840
14150	881	9099	2488320
14151	881	9154	100000
14152	881	9164	100000
14153	881	9204	51840
14154	881	9205	100000
14155	881	9265	51840
14156	881	9272	51840
14157	881	9292	100000
14158	881	9308	51840
14159	881	9405	100000
14160	881	9422	100000
14161	881	9453	51840
14162	881	9456	2488320
14163	881	9481	51840
14164	881	9516	2488320
14165	881	9524	51840
14166	881	9527	100000
14167	881	9582	51840
14168	881	9591	51840
14169	881	9618	1244160
14170	881	9656	100000
14171	881	9664	100000
14172	881	9694	100000
14173	881	9698	1244160
14174	881	9708	51840
14175	881	9746	51840
14176	881	9774	51840
14177	881	9874	100000
14178	881	9880	51840
14179	881	9898	51840
14180	881	9929	51840
14181	881	9944	51840
14182	881	9964	100000
14183	881	9984	51840
14184	881	10024	51840
14185	881	10048	100000
14186	881	10070	51840
14187	881	10078	51840
14188	881	10085	51840
14189	881	10127	51840
14190	881	10135	51840
14191	881	10155	51840
14192	881	10163	51840
14193	881	10203	100000
14194	881	10215	100000
14195	881	10229	51840
14196	881	10232	51840
14197	881	10267	51840
14198	881	10268	2488320
14199	881	10284	1244160
14200	881	10288	100000
14201	881	10297	100000
14202	881	10298	51840
14203	881	10332	51840
14204	881	10333	100000
14205	881	10336	100000
14206	881	10451	100000
14207	881	10457	51840
14208	881	10505	51840
14209	881	10515	51840
14210	881	10537	51840
14211	881	10550	100000
14212	881	10572	100000
14213	881	10627	51840
14214	881	10714	100000
14215	881	10989	466560
14216	881	11011	100000
14217	881	11031	51840
14218	881	11196	2488320
14219	881	11287	51840
14220	881	11454	51840
14221	881	11531	2488320
14222	881	11534	51840
14223	881	11567	51840
14224	881	11570	51840
14225	881	11629	51840
14226	881	11636	51840
14227	881	11643	51840
14228	881	11692	2488320
14229	881	11717	100000
14230	881	11729	51840
14231	881	11732	100000
14232	881	11779	100000
14233	881	11807	51840
14234	881	11834	51840
14235	881	11847	51840
14236	881	11889	51840
14237	881	11915	51840
14238	881	11917	1244160
14239	881	11943	51840
14240	881	11952	51840
14241	881	11990	51840
14242	881	12024	51840
14243	881	12044	1244160
14244	881	12088	51840
14245	881	12094	51840
14246	881	12109	51840
14247	881	12120	100000
14248	881	12125	51840
14249	881	12137	51840
14250	881	12153	51840
14251	881	12154	51840
14252	881	12236	51840
14253	881	12240	51840
14254	881	12249	2488320
14255	881	12259	51840
14256	881	12272	51840
14257	881	12294	51840
14258	881	12308	51840
14259	881	12320	100000
14260	881	12355	100000
14261	881	12359	51840
14262	881	12377	51840
14263	881	12388	100000
14264	881	12418	51840
14265	881	12429	100000
14266	881	12448	51840
14267	881	12454	51840
14268	881	12477	1244160
14269	881	12480	466560
14270	881	12485	51840
14271	881	12527	100000
14272	881	12564	100000
14273	881	12602	51840
14274	881	12606	51840
14275	881	12642	1244160
14276	881	12666	100000
14277	881	12677	51840
14278	881	12684	51840
14279	881	12816	51840
14280	881	12822	51840
14281	881	12829	51840
14282	881	12859	51840
14283	881	12951	100000
14284	881	12955	51840
14285	881	12965	51840
14286	881	13037	51840
14287	881	13066	2488320
14288	881	13104	100000
14289	881	13305	51840
14290	881	13749	51840
14291	881	13758	51840
14292	881	13766	100000
14293	881	13802	51840
14294	881	13815	51840
14295	881	13858	100000
14296	881	13865	51840
14297	881	13917	51840
14298	881	13952	100000
14299	881	14034	1244160
14300	881	14046	51840
14301	881	14091	51840
14302	881	14188	51840
14303	881	14269	51840
14304	881	14293	51840
14305	881	14341	51840
14306	881	14368	51840
14307	881	14397	51840
14308	881	14424	51840
14309	881	14482	51840
14310	881	14499	100000
14311	881	14537	51840
14312	881	14573	1244160
14313	881	14722	51840
14314	881	14727	51840
14315	881	14803	51840
14316	881	15043	51840
14317	881	15050	51840
14318	881	15465	51840
14319	881	15466	51840
14320	881	15467	51840
14321	881	15472	51840
14322	881	15493	51840
14323	882	1958	100000
14324	882	2492	100000
14325	882	3835	1244160
14326	883	8606	100000
14327	884	5012	51840
14328	885	2163	51840
14329	886	1158	51840
14330	886	1203	51840
14331	886	1504	51840
14332	886	1718	51840
14333	886	1874	51840
14334	886	1878	100000
14335	886	1940	2488320
14336	886	4857	51840
14337	886	8180	51840
14338	888	891	100000
14339	888	912	100000
14340	888	956	100000
14341	888	973	100000
14342	888	977	100000
14343	888	983	2488320
14344	888	1007	100000
14345	888	1010	100000
14346	888	1035	100000
14347	888	1044	100000
14348	888	1053	100000
14349	888	1058	100000
14350	888	1061	100000
14351	888	1071	100000
14352	888	1080	100000
14353	888	1085	2488320
14354	888	1106	100000
14355	888	1109	100000
14356	888	1111	51840
14357	888	1113	2488320
14358	888	1122	100000
14359	888	1136	51840
14360	888	1137	51840
14361	888	1176	100000
14362	888	1178	51840
14363	888	1185	100000
14364	888	1193	2488320
14365	888	1219	466560
14366	888	1240	466560
14367	888	1245	100000
14368	888	1276	2488320
14369	888	1283	100000
14370	888	1284	100000
14371	888	1289	100000
14372	888	1364	51840
14373	888	1377	100000
14374	888	1382	2488320
14375	888	1401	51840
14376	888	1427	100000
14377	888	1440	100000
14378	888	1453	100000
14379	888	1471	2488320
14380	888	1475	100000
14381	888	1504	466560
14382	888	1522	100000
14383	888	1525	100000
14384	888	1552	100000
14385	888	1564	100000
14386	888	1582	100000
14387	888	1588	100000
14388	888	1613	100000
14389	888	1624	2488320
14390	888	1648	100000
14391	888	1652	100000
14392	888	1657	51840
14393	888	1701	100000
14394	888	1716	100000
14395	888	1718	100000
14396	888	1728	100000
14397	888	1734	100000
14398	888	1735	100000
14399	888	1736	51840
14400	888	1738	466560
14401	888	1742	100000
14402	888	1757	51840
14403	888	1766	100000
14404	888	1777	100000
14405	888	1781	100000
14406	888	1795	51840
14407	888	1798	51840
14408	888	1801	100000
14409	888	1819	51840
14410	888	1825	100000
14411	888	1828	2488320
14412	888	1861	100000
14413	888	1865	100000
14414	888	1869	2488320
14415	888	1871	51840
14416	888	1875	100000
14417	888	1878	100000
14418	888	1881	100000
14419	888	1899	100000
14420	888	1902	100000
14421	888	1917	2488320
14422	888	1923	100000
14423	888	1936	51840
14424	888	1942	51840
14425	888	1947	100000
14426	888	1955	100000
14427	888	1974	2488320
14428	888	1975	100000
14429	888	1983	100000
14430	888	2010	2488320
14431	888	2029	100000
14432	888	2041	51840
14433	888	2069	100000
14434	888	2083	100000
14435	888	2100	2488320
14436	888	2124	100000
14437	888	2126	100000
14438	888	2132	2488320
14439	888	2142	100000
14440	888	2148	466560
14441	888	2153	100000
14442	888	2163	100000
14443	888	2171	51840
14444	888	2188	100000
14445	888	2217	51840
14446	888	2219	51840
14447	888	2238	100000
14448	888	2249	2488320
14449	888	2257	100000
14450	888	2268	51840
14451	888	2269	100000
14452	888	2290	51840
14453	888	2297	100000
14454	888	2302	1244160
14455	888	2310	100000
14456	888	2312	100000
14457	888	2323	100000
14458	888	2343	100000
14459	888	2350	100000
14460	888	2360	100000
14461	888	2467	2488320
14462	888	2476	51840
14463	888	2534	2488320
14464	888	2545	100000
14465	888	2563	100000
14466	888	2565	100000
14467	888	2567	51840
14468	888	2598	100000
14469	888	2603	100000
14470	888	2618	100000
14471	888	2621	100000
14472	888	2645	100000
14473	888	2655	51840
14474	888	2674	100000
14475	888	2686	2488320
14476	888	2687	100000
14477	888	2704	51840
14478	888	2706	100000
14479	888	2711	51840
14480	888	2727	51840
14481	888	2737	100000
14482	888	2747	100000
14483	888	2760	51840
14484	888	2768	2488320
14485	888	2787	2488320
14486	888	2835	100000
14487	888	2837	1244160
14488	888	2866	100000
14489	888	2867	100000
14490	888	2880	100000
14491	888	2897	100000
14492	888	2910	100000
14493	888	2913	100000
14494	888	2935	100000
14495	888	2961	2488320
14496	888	2988	100000
14497	888	3001	2488320
14498	888	3057	100000
14499	888	3060	100000
14500	888	3076	2488320
14501	888	3097	100000
14502	888	3134	100000
14503	888	3254	51840
14504	888	3259	100000
14505	888	3271	100000
14506	888	3302	51840
14507	888	3321	2488320
14508	888	3364	100000
14509	888	3370	100000
14510	888	3375	100000
14511	888	3388	100000
14512	888	3415	100000
14513	888	3426	2488320
14514	888	3452	466560
14515	888	3520	100000
14516	888	3670	100000
14517	888	3716	100000
14518	888	3729	100000
14519	888	3778	100000
14520	888	3815	100000
14521	888	3900	100000
14522	888	3906	466560
14523	888	4015	100000
14524	888	4108	1244160
14525	888	4116	100000
14526	888	4126	2488320
14527	888	4128	51840
14528	888	4150	1244160
14529	888	4162	51840
14530	888	4175	51840
14531	888	4233	100000
14532	888	4253	51840
14533	888	4255	100000
14534	888	4264	100000
14535	888	4267	51840
14536	888	4275	51840
14537	888	4297	100000
14538	888	4304	51840
14539	888	4305	51840
14540	888	4326	51840
14541	888	4330	1244160
14542	888	4337	100000
14543	888	4340	51840
14544	888	4341	51840
14545	888	4343	100000
14546	888	4384	100000
14547	888	4405	100000
14548	888	4407	51840
14549	888	4417	51840
14550	888	4430	51840
14551	888	4435	100000
14552	888	4436	100000
14553	888	4437	466560
14554	888	4438	100000
14555	888	4448	100000
14556	888	4481	100000
14557	888	4482	1244160
14558	888	4498	51840
14559	888	4499	100000
14560	888	4533	51840
14561	888	4567	100000
14562	888	4582	51840
14563	888	4599	100000
14564	888	4615	100000
14565	888	4621	51840
14566	888	4632	51840
14567	888	4633	100000
14568	888	4634	1244160
14569	888	4646	100000
14570	888	4653	1244160
14571	888	4654	51840
14572	888	4663	100000
14573	888	4665	100000
14574	888	4666	100000
14575	888	4669	100000
14576	888	4681	1244160
14577	888	4690	100000
14578	888	4715	51840
14579	888	4728	1244160
14580	888	4739	51840
14581	888	4768	51840
14582	888	4788	51840
14583	888	4803	51840
14584	888	4818	100000
14585	888	4822	100000
14586	888	4837	100000
14587	888	4861	100000
14588	888	4865	51840
14589	888	4867	51840
14590	888	4887	51840
14591	888	4909	51840
14592	888	4911	51840
14593	888	4917	51840
14594	888	4922	100000
14595	888	4933	100000
14596	888	4936	51840
14597	888	4950	51840
14598	888	4955	2488320
14599	888	4966	100000
14600	888	4990	51840
14601	888	4995	51840
14602	888	5002	100000
14603	888	5021	2488320
14604	888	5022	100000
14605	888	5031	100000
14606	888	5033	100000
14607	888	5050	2488320
14608	888	5056	1244160
14609	888	5061	51840
14610	888	5085	51840
14611	888	5105	100000
14612	888	5146	100000
14613	888	5148	51840
14614	888	5154	51840
14615	888	5163	100000
14616	888	5196	51840
14617	888	5239	100000
14618	888	5240	100000
14619	888	5241	100000
14620	888	5242	2488320
14621	888	5247	51840
14622	888	5248	51840
14623	888	5250	100000
14624	888	5256	100000
14625	888	5265	51840
14626	888	5275	51840
14627	888	5306	2488320
14628	888	5334	100000
14629	888	5364	2488320
14630	888	5393	100000
14631	888	5429	100000
14632	888	5472	100000
14633	888	5495	51840
14634	888	5594	2488320
14635	888	5596	100000
14636	888	5714	100000
14637	888	5719	2488320
14638	888	5769	100000
14639	888	5770	100000
14640	888	5775	100000
14641	888	5792	100000
14642	888	5850	100000
14643	888	5909	100000
14644	888	5922	51840
14645	888	5952	100000
14646	888	5959	100000
14647	888	5992	2488320
14648	888	6068	100000
14649	888	6100	51840
14650	888	6114	51840
14651	888	6121	466560
14652	888	6122	51840
14653	888	6124	51840
14654	888	6136	2488320
14655	888	6143	100000
14656	888	6148	51840
14657	888	6150	100000
14658	888	6157	1244160
14659	888	6164	51840
14660	888	6181	1244160
14661	888	6182	51840
14662	888	6194	100000
14663	888	6207	51840
14664	888	6212	100000
14665	888	6218	100000
14666	888	6239	2488320
14667	888	6287	51840
14668	888	6289	51840
14669	888	6304	51840
14670	888	6313	51840
14671	888	6319	100000
14672	888	6322	51840
14673	888	6334	100000
14674	888	6341	100000
14675	888	6342	2488320
14676	888	6343	2488320
14677	888	6344	100000
14678	888	6348	51840
14679	888	6361	51840
14680	888	6374	100000
14681	888	6398	51840
14682	888	6418	51840
14683	888	6463	51840
14684	888	6495	2488320
14685	888	6519	1244160
14686	888	6526	51840
14687	888	6545	51840
14688	888	6561	100000
14689	888	6575	51840
14690	888	6600	51840
14691	888	6611	51840
14692	888	6620	2488320
14693	888	6672	51840
14694	888	6701	51840
14695	888	6708	51840
14696	888	6725	100000
14697	888	6728	51840
14698	888	6738	2488320
14699	888	6752	51840
14700	888	6776	51840
14701	888	6783	100000
14702	888	6802	51840
14703	888	6814	51840
14704	888	6831	51840
14705	888	6849	51840
14706	888	6854	100000
14707	888	6866	51840
14708	888	6886	1244160
14709	888	6889	51840
14710	888	6902	51840
14711	888	6905	51840
14712	888	6919	100000
14713	888	6920	100000
14714	888	6921	100000
14715	888	6922	2488320
14716	888	6940	51840
14717	888	6976	100000
14718	888	6981	51840
14719	888	6985	51840
14720	888	7007	51840
14721	888	7008	100000
14722	888	7020	51840
14723	888	7028	51840
14724	888	7030	51840
14725	888	7040	51840
14726	888	7046	51840
14727	888	7067	51840
14728	888	7096	100000
14729	888	7139	51840
14730	888	7157	51840
14731	888	7169	51840
14732	888	7180	51840
14733	888	7185	51840
14734	888	7208	51840
14735	888	7223	51840
14736	888	7248	51840
14737	888	7249	51840
14738	888	7252	2488320
14739	888	7305	100000
14740	888	7311	100000
14741	888	7339	2488320
14742	888	7424	100000
14743	888	7444	100000
14744	888	7472	51840
14745	888	7578	51840
14746	888	7604	100000
14747	888	7683	51840
14748	888	7735	51840
14749	888	7782	51840
14750	888	7850	51840
14751	888	8003	51840
14752	888	8004	2488320
14753	888	8008	100000
14754	888	8049	100000
14755	888	8052	100000
14756	888	8066	51840
14757	888	8074	2488320
14758	888	8086	51840
14759	888	8089	51840
14760	888	8132	51840
14761	888	8134	51840
14762	888	8142	51840
14763	888	8144	51840
14764	888	8161	51840
14765	888	8172	51840
14766	888	8207	51840
14767	888	8213	51840
14768	888	8214	51840
14769	888	8217	51840
14770	888	8222	51840
14771	888	8224	100000
14772	888	8264	100000
14773	888	8298	51840
14774	888	8314	51840
14775	888	8319	2488320
14776	888	8329	100000
14777	888	8345	51840
14778	888	8391	51840
14779	888	8401	100000
14780	888	8434	100000
14781	888	8435	100000
14782	888	8457	100000
14783	888	8475	51840
14784	888	8488	100000
14785	888	8496	100000
14786	888	8547	51840
14787	888	8550	100000
14788	888	8603	100000
14789	888	8661	51840
14790	888	8965	51840
14791	888	9298	100000
14792	888	9316	51840
14793	888	9320	51840
14794	888	9338	100000
14795	888	9385	51840
14796	888	9395	51840
14797	888	9406	51840
14798	888	9522	51840
14799	888	9525	100000
14800	888	9532	51840
14801	888	9634	51840
14802	888	9639	100000
14803	888	9646	51840
14804	888	9664	100000
14805	888	9665	100000
14806	888	9666	2488320
14807	888	9686	51840
14808	888	9703	100000
14809	888	9731	100000
14810	888	9736	100000
14811	888	9744	100000
14812	888	9792	51840
14813	888	9809	51840
14814	888	9813	100000
14815	888	9855	51840
14816	888	9863	100000
14817	888	9869	51840
14818	888	9877	51840
14819	888	9883	100000
14820	888	9889	51840
14821	888	9910	100000
14822	888	9918	51840
14823	888	9924	51840
14824	888	9937	51840
14825	888	10023	51840
14826	888	10028	51840
14827	888	10039	51840
14828	888	10049	51840
14829	888	10057	51840
14830	888	10105	100000
14831	888	10107	2488320
14832	888	10132	51840
14833	888	10168	100000
14834	888	10172	51840
14835	888	10180	51840
14836	888	10187	100000
14837	888	10237	51840
14838	888	10259	51840
14839	888	10294	51840
14840	888	10328	51840
14841	888	10334	51840
14842	888	10355	51840
14843	888	10378	100000
14844	888	10387	2488320
14845	888	10401	1244160
14846	888	10416	51840
14847	888	10440	51840
14848	888	10441	51840
14849	888	10454	51840
14850	888	10493	51840
14851	888	10526	51840
14852	888	10529	100000
14853	888	10544	1244160
14854	888	10546	51840
14855	888	10557	51840
14856	888	10562	51840
14857	888	10577	51840
14858	888	10578	51840
14859	888	10604	2488320
14860	888	10623	100000
14861	888	10645	51840
14862	888	10685	51840
14863	888	10713	51840
14864	888	10733	51840
14865	888	10874	51840
14866	888	10902	466560
14867	888	10984	100000
14868	888	11030	100000
14869	888	11031	51840
14870	888	11121	51840
14871	888	11160	51840
14872	888	11308	51840
14873	888	11403	2488320
14874	888	11466	51840
14875	888	11523	51840
14876	888	11546	51840
14877	888	11559	51840
14878	888	11578	51840
14879	888	11583	100000
14880	888	11608	51840
14881	888	11637	51840
14882	888	11650	466560
14883	888	11681	51840
14884	888	11730	51840
14885	888	11744	51840
14886	888	11763	51840
14887	888	11766	51840
14888	888	11845	51840
14889	888	11855	51840
14890	888	11863	51840
14891	888	11900	51840
14892	888	11909	51840
14893	888	11926	51840
14894	888	11929	51840
14895	888	11937	51840
14896	888	11975	51840
14897	888	12026	51840
14898	888	12040	51840
14899	888	12071	51840
14900	888	12094	51840
14901	888	12095	100000
14902	888	12123	51840
14903	888	12182	51840
14904	888	12191	51840
14905	888	12201	51840
14906	888	12213	100000
14907	888	12299	51840
14908	888	12304	51840
14909	888	12311	51840
14910	888	12313	51840
14911	888	12329	51840
14912	888	12368	51840
14913	888	12393	51840
14914	888	12408	51840
14915	888	12412	100000
14916	888	12449	51840
14917	888	12481	1244160
14918	888	12506	51840
14919	888	12516	51840
14920	888	12535	100000
14921	888	12547	51840
14922	888	12582	51840
14923	888	12590	51840
14924	888	12591	51840
14925	888	12636	51840
14926	888	12672	2488320
14927	888	12682	51840
14928	888	12692	51840
14929	888	12707	1244160
14930	888	12713	51840
14931	888	12734	51840
14932	888	12765	100000
14933	888	12784	51840
14934	888	12787	1244160
14935	888	12823	51840
14936	888	12844	51840
14937	888	12899	51840
14938	888	12927	1244160
14939	888	12931	51840
14940	888	12950	51840
14941	888	12967	51840
14942	888	12971	51840
14943	888	13010	100000
14944	888	13024	1244160
14945	888	13050	100000
14946	888	13067	51840
14947	888	13201	100000
14948	888	13294	51840
14949	888	13437	2488320
14950	888	13776	51840
14951	888	13821	51840
14952	888	13822	51840
14953	888	13847	100000
14954	888	13873	51840
14955	888	13876	51840
14956	888	13896	51840
14957	888	13909	1244160
14958	888	13914	51840
14959	888	13947	51840
14960	888	14033	51840
14961	888	14132	51840
14962	888	14193	51840
14963	888	14215	51840
14964	888	14228	51840
14965	888	14249	51840
14966	888	14257	1244160
14967	888	14295	51840
14968	888	14304	51840
14969	888	14316	51840
14970	888	14321	51840
14971	888	14334	100000
14972	888	14342	51840
14973	888	14353	51840
14974	888	14421	51840
14975	888	14435	51840
14976	888	14503	51840
14977	888	14507	51840
14978	888	14513	51840
14979	888	14520	51840
14980	888	14530	51840
14981	888	14540	51840
14982	888	14543	51840
14983	888	14553	51840
14984	888	14868	100000
14985	888	15135	51840
14986	888	15162	51840
14987	888	15193	51840
14988	888	15199	51840
14989	888	15231	51840
14990	888	15233	51840
14991	888	15234	100000
14992	888	15473	51840
14993	888	15474	51840
14994	889	6783	51840
14995	890	2163	51840
14996	891	2360	100000
14997	891	2891	100000
14998	891	3581	100000
14999	892	8180	100000
15000	893	1589	2488320
15001	893	2731	51840
15002	893	15209	51840
15003	893	15212	51840
15004	894	941	51840
15005	894	1188	51840
15006	894	1588	2488320
15007	895	9067	466560
15008	896	1917	51840
15009	897	2163	1244160
15010	898	4126	100000
15011	899	6922	100000
15012	900	2163	100000
15013	901	2163	100000
15014	901	13728	100000
15015	901	14010	51840
15016	901	14324	51840
15017	901	15506	51840
15018	902	1120	100000
15019	903	2746	100000
15020	904	1105	100000
15021	904	1742	100000
15022	904	4812	100000
15023	904	6796	100000
15024	905	1071	2488320
15025	905	2163	100000
15026	905	6895	51840
15027	905	12551	1244160
15028	905	12786	51840
15029	905	14065	51840
15030	906	1096	466560
15031	906	1149	51840
15032	906	1504	100000
15033	906	1613	100000
15034	906	1646	100000
15035	906	1652	2488320
15036	906	1786	51840
15037	906	1807	2488320
15038	906	1917	466560
15039	906	2348	100000
15040	906	2561	100000
15041	906	2562	51840
15042	906	2662	100000
15043	906	4489	51840
15044	906	4660	100000
15045	906	4800	100000
15046	906	4868	51840
15047	906	5135	466560
15048	906	5158	51840
15049	906	5246	51840
15050	906	6051	100000
15051	906	6326	100000
15052	906	6329	51840
15053	906	6478	100000
15054	906	6583	51840
15055	906	6747	1244160
15056	906	6798	51840
15057	906	7228	100000
15058	906	8582	100000
15059	906	9557	51840
15060	906	9697	51840
15061	906	9761	51840
15062	906	9919	100000
15063	906	10098	51840
15064	906	10225	51840
15065	906	10236	1244160
15066	906	10370	466560
15067	906	10428	51840
15068	906	11539	51840
15069	906	11651	51840
15070	906	11674	100000
15071	906	12129	51840
15072	906	12196	51840
15073	906	12321	100000
15074	906	12667	51840
15075	906	12799	51840
15076	906	14558	1244160
15077	908	2360	51840
15078	909	973	100000
15079	909	1284	100000
15080	909	2420	2488320
15081	909	2459	100000
15082	909	3469	100000
15083	909	3500	51840
15084	909	3502	100000
15085	909	3790	51840
15086	909	3920	51840
15087	909	8912	100000
15088	911	965	1244160
15089	912	1120	100000
15090	912	2163	100000
15091	913	1475	1244160
15092	913	2234	51840
15093	918	1153	51840
15094	918	1899	2488320
15095	918	4589	100000
15096	918	11591	100000
15097	921	1718	51840
15098	921	1878	100000
15099	921	2621	100000
15100	921	2668	100000
15101	921	4875	51840
15102	921	5287	2488320
15103	922	2746	51840
15104	922	9391	51840
15105	922	14991	51840
15106	923	1287	100000
15107	923	2360	100000
15108	923	2410	100000
15109	923	2489	51840
15110	923	3813	100000
15111	923	4012	100000
15112	923	4015	51840
15113	923	4092	51840
15114	923	8718	51840
15115	923	8903	51840
15116	924	2163	51840
15117	925	2163	51840
15118	925	15533	51840
15119	926	1630	100000
15120	927	928	100000
15121	927	1202	100000
15122	927	1204	2488320
15123	928	1069	100000
15124	928	1161	100000
15125	928	1191	100000
15126	928	1195	100000
15127	928	1344	100000
15128	928	2483	51840
15129	928	2484	51840
15130	928	3465	100000
15131	928	4812	466560
15132	929	2163	100000
15133	930	1120	100000
15134	933	934	51840
15135	933	1071	51840
15136	933	1158	100000
15137	933	1718	100000
15138	933	1730	100000
15139	933	1917	100000
15140	933	12066	51840
15141	935	1369	2488320
15142	936	3512	100000
15143	937	1759	100000
15144	937	10333	100000
15145	938	963	51840
15146	938	1850	100000
15147	939	957	51840
15148	939	1158	100000
15149	939	1917	51840
15150	939	1932	51840
15151	939	3912	100000
15152	939	4857	100000
15153	940	4435	100000
15154	941	1021	100000
15155	941	1083	100000
15156	941	1089	2488320
15157	941	1188	1244160
15158	941	1588	100000
15159	941	1830	100000
15160	941	4422	51840
15161	941	15159	51840
15162	942	4725	100000
15163	944	4777	100000
15164	945	4443	2488320
15165	945	4812	100000
15166	945	6627	51840
15167	946	1176	100000
15168	947	2621	100000
15169	947	2668	100000
15170	947	7231	51840
15171	947	8628	51840
15172	948	2563	100000
15173	951	9665	2488320
15174	951	12314	100000
15175	952	1603	100000
15176	952	2730	100000
15177	953	2163	100000
15178	953	4954	51840
15179	953	7150	51840
15180	954	2163	51840
15181	955	971	51840
15182	955	1114	100000
15183	955	1422	100000
15184	955	1685	100000
15185	955	2163	100000
15186	955	15007	100000
15187	955	15011	100000
15188	955	15076	51840
15189	955	15441	1244160
15190	956	1158	100000
15191	956	1753	51840
15192	956	1878	100000
15193	956	2133	51840
15194	956	2163	100000
15195	956	2226	100000
15196	956	2351	100000
15197	956	2668	100000
15198	956	4213	100000
15199	956	4383	51840
15200	956	4857	100000
15201	956	5014	100000
15202	956	6539	100000
15203	956	7054	100000
15204	956	8282	100000
15205	956	8479	100000
15206	956	8576	51840
15207	956	9509	51840
15208	956	9791	100000
15209	956	10164	51840
15210	956	10287	51840
15211	956	10337	100000
15212	956	12106	100000
15213	956	12514	51840
15214	956	12605	51840
15215	956	13840	1244160
15216	956	15018	100000
15217	956	15155	100000
15218	957	1158	100000
15219	957	1359	155520
15220	957	1878	100000
15221	957	1917	100000
15222	957	3912	100000
15223	957	6760	51840
15224	957	9820	100000
15225	957	11836	51840
15226	957	12538	1244160
15227	957	13882	51840
15228	957	14425	51840
15229	957	15014	51840
15230	957	15015	51840
15231	957	15016	51840
15232	957	15017	51840
15233	957	15435	51840
15234	960	973	100000
15235	960	1284	100000
15236	961	2216	100000
15237	961	4539	100000
15238	961	5232	100000
15239	961	7066	466560
15240	961	8309	51840
15241	961	9911	51840
15242	961	10031	51840
15243	961	12639	100000
15244	961	12801	51840
15245	961	12937	51840
15246	961	14160	51840
15247	961	14207	51840
15248	961	14222	51840
15249	961	14438	100000
15250	963	964	51840
15251	963	1076	51840
15252	963	1130	51840
15253	963	1627	2488320
15254	963	1732	51840
15255	963	4757	1244160
15256	963	4812	100000
15257	963	5034	51840
15258	963	8294	466560
15259	963	10449	51840
15260	963	12554	51840
15261	963	12926	100000
15262	963	14292	100000
15263	964	1850	51840
15264	965	1096	100000
15265	965	1200	100000
15266	965	1360	2488320
15267	965	1947	2488320
15268	965	2358	100000
15269	965	2359	100000
15270	965	3457	51840
15271	965	3486	100000
15272	965	3559	100000
15273	965	3840	100000
15274	965	3884	51840
15275	965	3885	51840
15276	965	4029	100000
15277	965	4039	51840
15278	965	4204	100000
15279	965	4236	466560
15280	965	4493	100000
15281	965	9178	51840
15282	965	9185	1244160
15283	965	9476	100000
15284	965	9656	100000
15285	965	10978	100000
15286	966	2163	100000
15287	966	4435	100000
15288	966	5022	100000
15289	967	1109	100000
15290	967	1815	100000
15291	968	7228	100000
15292	971	2163	100000
15293	971	4290	51840
15294	971	6953	51840
15295	971	11732	100000
15296	971	12365	51840
15297	971	14470	51840
15298	972	973	2488320
15299	972	1284	100000
15300	973	982	100000
15301	973	1037	100000
15302	973	1158	100000
15303	973	1167	100000
15304	973	1203	100000
15305	973	1218	100000
15306	973	1220	100000
15307	973	1221	466560
15308	973	1271	100000
15309	973	1284	2488320
15310	973	1301	100000
15311	973	1352	466560
15312	973	1710	100000
15313	973	1718	100000
15314	973	1850	100000
15315	973	1874	100000
15316	973	1917	2488320
15317	973	1947	100000
15318	973	2357	100000
15319	973	2359	100000
15320	973	2414	51840
15321	973	2416	100000
15322	973	2417	1244160
15323	973	2418	51840
15324	973	2419	466560
15325	973	2421	2488320
15326	973	2457	51840
15327	973	2461	51840
15328	973	3472	100000
15329	973	3473	100000
15330	973	3475	100000
15331	973	3482	1244160
15332	973	3500	100000
15333	973	3503	100000
15334	973	3504	51840
15335	973	3578	100000
15336	973	3580	51840
15337	973	3582	1244160
15338	973	3583	51840
15339	973	3595	1244160
15340	973	3600	100000
15341	973	3602	51840
15342	973	3620	51840
15343	973	3625	51840
15344	973	3626	51840
15345	973	3627	51840
15346	973	3628	51840
15347	973	3629	51840
15348	973	3630	100000
15349	973	3631	100000
15350	973	3657	51840
15351	973	3695	1244160
15352	973	3697	51840
15353	973	3700	51840
15354	973	3701	51840
15355	973	3703	100000
15356	973	3705	51840
15357	973	3732	51840
15358	973	3734	100000
15359	973	3735	100000
15360	973	3738	51840
15361	973	3740	100000
15362	973	3741	51840
15363	973	3743	51840
15364	973	3744	100000
15365	973	3747	51840
15366	973	3748	51840
15367	973	3751	100000
15368	973	3752	1244160
15369	973	3767	51840
15370	973	3779	100000
15371	973	3780	1244160
15372	973	3782	51840
15373	973	3784	51840
15374	973	3787	100000
15375	973	3789	51840
15376	973	3790	100000
15377	973	3792	51840
15378	973	3793	51840
15379	973	3796	51840
15380	973	3797	51840
15381	973	3799	1244160
15382	973	3803	51840
15383	973	3850	51840
15384	973	3851	100000
15385	973	3852	1244160
15386	973	3855	1244160
15387	973	3859	51840
15388	973	3860	51840
15389	973	3861	100000
15390	973	3862	51840
15391	973	3863	51840
15392	973	3865	51840
15393	973	3866	51840
15394	973	3867	51840
15395	973	3868	51840
15396	973	3912	100000
15397	973	3915	51840
15398	973	3916	51840
15399	973	3918	51840
15400	973	3919	51840
15401	973	3921	51840
15402	973	3922	100000
15403	973	3923	51840
15404	973	3925	51840
15405	973	3927	51840
15406	973	3928	51840
15407	973	3929	51840
15408	973	3932	51840
15409	973	3935	51840
15410	973	3937	51840
15411	973	3978	51840
15412	973	3979	100000
15413	973	3980	1244160
15414	973	3981	51840
15415	973	3985	51840
15416	973	3986	51840
15417	973	3991	51840
15418	973	3995	51840
15419	973	4006	51840
15420	973	4046	51840
15421	973	4047	100000
15422	973	4048	100000
15423	973	4049	51840
15424	973	4054	51840
15425	973	4055	51840
15426	973	4057	100000
15427	973	4058	51840
15428	973	4059	51840
15429	973	4060	51840
15430	973	4062	51840
15431	973	4063	51840
15432	973	4064	51840
15433	973	4065	51840
15434	973	4067	51840
15435	973	4068	51840
15436	973	4069	2488320
15437	973	4072	100000
15438	973	4073	51840
15439	973	4076	1244160
15440	973	4857	100000
15441	973	5775	100000
15442	973	7003	51840
15443	973	8180	100000
15444	973	8737	51840
15445	973	8738	51840
15446	973	8742	100000
15447	973	8743	51840
15448	973	8748	51840
15449	973	8752	51840
15450	973	8753	51840
15451	973	8754	51840
15452	973	8757	51840
15453	973	8758	51840
15454	973	8759	51840
15455	973	8763	51840
15456	973	8764	51840
15457	973	8913	51840
15458	973	8914	51840
15459	973	8916	51840
15460	973	8918	100000
15461	973	8919	51840
15462	973	8920	51840
15463	973	8922	51840
15464	973	8927	51840
15465	973	8929	100000
15466	973	8930	51840
15467	973	8933	51840
15468	973	8934	51840
15469	973	8935	100000
15470	973	8942	100000
15471	973	8946	51840
15472	973	8951	1244160
15473	973	8952	100000
15474	973	9042	51840
15475	973	9043	51840
15476	973	9044	51840
15477	973	9045	51840
15478	973	9046	51840
15479	973	9047	51840
15480	973	9048	51840
15481	973	9049	51840
15482	973	9050	100000
15483	973	9051	1244160
15484	973	9053	51840
15485	973	9137	100000
15486	973	9138	1244160
15487	973	9139	51840
15488	973	9140	51840
15489	973	9141	51840
15490	973	9143	51840
15491	973	9147	51840
15492	973	9148	51840
15493	973	9217	51840
15494	973	9218	51840
15495	973	9221	2488320
15496	973	9222	51840
15497	973	9225	51840
15498	973	9227	51840
15499	973	9230	51840
15500	973	9231	466560
15501	973	9233	51840
15502	973	9234	51840
15503	973	9235	51840
15504	973	9236	51840
15505	973	9237	51840
15506	973	9238	51840
15507	973	9239	51840
15508	973	9240	51840
15509	973	9241	51840
15510	973	9242	51840
15511	973	9243	51840
15512	973	9244	51840
15513	973	9245	51840
15514	973	9247	51840
15515	973	9248	51840
15516	973	9249	51840
15517	973	9250	1244160
15518	973	9251	51840
15519	973	9252	51840
15520	973	9253	51840
15521	973	9254	51840
15522	973	9255	51840
15523	973	9278	51840
15524	975	1504	100000
15525	975	5002	100000
15526	976	1174	100000
15527	976	2116	466560
15528	977	2163	100000
15529	980	1899	100000
15530	980	2746	100000
15531	982	1284	100000
15532	984	1815	51840
15533	985	4627	1244160
15534	985	11519	51840
15535	985	12091	51840
15536	985	14017	51840
15537	986	1815	100000
15538	987	1284	51840
15539	989	1850	100000
15540	989	2163	100000
15541	990	2492	100000
15542	990	3556	100000
15543	990	3598	2488320
15544	990	3890	51840
15545	990	15012	51840
15546	990	15288	51840
15547	990	15382	51840
15548	991	1010	51840
15549	992	1197	100000
15550	993	2374	51840
15551	994	1617	100000
15552	994	2163	100000
15553	994	7005	51840
15554	997	2169	1244160
15555	997	6816	1244160
15556	998	4740	100000
15557	998	4741	100000
15558	999	2621	100000
15559	1000	1158	51840
15560	1000	2198	51840
15561	1001	1120	100000
15562	1001	4847	100000
15563	1001	6219	100000
15564	1003	6403	51840
15565	1003	15235	51840
15566	1003	15236	51840
15567	1003	15237	51840
15568	1003	15238	51840
15569	1003	15243	51840
15570	1003	15244	155520
15571	1003	15245	51840
15572	1003	15246	51840
15573	1003	15247	51840
15574	1003	15248	51840
15575	1003	15249	51840
15576	1003	15250	51840
15577	1003	15251	51840
15578	1003	15252	51840
15579	1003	15253	51840
15580	1003	15254	51840
15581	1003	15255	51840
15582	1003	15256	51840
15583	1003	15257	51840
15584	1003	15276	51840
15585	1003	15538	51840
15586	1003	15539	51840
15587	1003	15633	51840
15588	1006	1610	2488320
15589	1007	1098	100000
15590	1007	1850	100000
15591	1007	2163	100000
15592	1007	6467	100000
15593	1007	10583	51840
15594	1007	11955	51840
15595	1007	12068	2488320
15596	1009	2746	100000
15597	1010	1012	100000
15598	1010	1022	100000
15599	1010	1046	51840
15600	1010	1073	51840
15601	1010	1086	100000
15602	1010	1129	51840
15603	1010	1637	51840
15604	1010	1720	51840
15605	1010	1768	51840
15606	1010	1777	100000
15607	1010	1799	100000
15608	1010	1801	100000
15609	1010	1848	51840
15610	1010	2132	100000
15611	1010	2135	51840
15612	1010	2163	100000
15613	1010	2174	51840
15614	1010	2315	2488320
15615	1010	2352	100000
15616	1010	2642	51840
15617	1010	2676	100000
15618	1010	2744	100000
15619	1010	4167	51840
15620	1010	4266	51840
15621	1010	4293	2488320
15622	1010	4346	51840
15623	1010	4457	100000
15624	1010	4519	100000
15625	1010	4528	51840
15626	1010	4671	51840
15627	1010	4750	51840
15628	1010	4781	51840
15629	1010	4815	51840
15630	1010	4836	51840
15631	1010	4848	51840
15632	1010	4983	51840
15633	1010	4989	100000
15634	1010	5046	1244160
15635	1010	5047	100000
15636	1010	5084	1244160
15637	1010	5225	51840
15638	1010	6089	100000
15639	1010	6146	100000
15640	1010	6192	100000
15641	1010	6253	100000
15642	1010	6317	100000
15643	1010	6347	51840
15644	1010	6394	51840
15645	1010	6440	100000
15646	1010	6460	1244160
15647	1010	6481	51840
15648	1010	6489	100000
15649	1010	6559	51840
15650	1010	6564	51840
15651	1010	6622	100000
15652	1010	6643	100000
15653	1010	6704	51840
15654	1010	6766	51840
15655	1010	6789	100000
15656	1010	6814	51840
15657	1010	6888	100000
15658	1010	6950	51840
15659	1010	6957	51840
15660	1010	6959	51840
15661	1010	6990	1244160
15662	1010	7065	51840
15663	1010	7170	51840
15664	1010	7172	51840
15665	1010	7174	2488320
15666	1010	7192	51840
15667	1010	7220	51840
15668	1010	7250	51840
15669	1010	7261	100000
15670	1010	7266	466560
15671	1010	8058	51840
15672	1010	8243	100000
15673	1010	8252	51840
15674	1010	8286	51840
15675	1010	8288	466560
15676	1010	8303	51840
15677	1010	8327	51840
15678	1010	8342	51840
15679	1010	8363	51840
15680	1010	8374	51840
15681	1010	8397	51840
15682	1010	8408	51840
15683	1010	8451	100000
15684	1010	8481	51840
15685	1010	8489	51840
15686	1010	8495	51840
15687	1010	8512	51840
15688	1010	8563	51840
15689	1010	9323	51840
15690	1010	9401	1244160
15691	1010	9416	51840
15692	1010	9441	51840
15693	1010	9475	100000
15694	1010	9477	51840
15695	1010	9499	1244160
15696	1010	9537	51840
15697	1010	9545	51840
15698	1010	9574	100000
15699	1010	9600	51840
15700	1010	9662	51840
15701	1010	9703	2488320
15702	1010	9740	1244160
15703	1010	9865	51840
15704	1010	9871	51840
15705	1010	9902	51840
15706	1010	9912	100000
15707	1010	9986	51840
15708	1010	10007	51840
15709	1010	10050	51840
15710	1010	10065	51840
15711	1010	10163	51840
15712	1010	10303	51840
15713	1010	10350	51840
15714	1010	10357	100000
15715	1010	10359	1244160
15716	1010	10374	51840
15717	1010	10376	51840
15718	1010	10450	51840
15719	1010	10513	100000
15720	1010	10541	51840
15721	1010	10609	100000
15722	1010	10610	51840
15723	1010	11491	51840
15724	1010	11515	51840
15725	1010	11520	51840
15726	1010	11679	2488320
15727	1010	11778	1244160
15728	1010	11779	100000
15729	1010	11802	51840
15730	1010	11825	51840
15731	1010	11867	51840
15732	1010	11902	100000
15733	1010	11946	51840
15734	1010	11969	51840
15735	1010	11973	51840
15736	1010	11982	51840
15737	1010	11998	51840
15738	1010	12014	51840
15739	1010	12096	1244160
15740	1010	12122	100000
15741	1010	12127	51840
15742	1010	12178	100000
15743	1010	12208	51840
15744	1010	12225	51840
15745	1010	12305	51840
15746	1010	12360	51840
15747	1010	12430	51840
15748	1010	12485	51840
15749	1010	12543	51840
15750	1010	12600	51840
15751	1010	12649	51840
15752	1010	12793	51840
15753	1010	12849	100000
15754	1010	12905	51840
15755	1010	12953	51840
15756	1010	12968	51840
15757	1010	13686	51840
15758	1010	13723	51840
15759	1010	13860	51840
15760	1010	13910	1244160
15761	1010	14195	1244160
15762	1010	14337	1244160
15763	1010	14487	51840
15764	1010	14512	51840
15765	1010	14533	51840
15766	1010	14565	100000
15767	1010	14690	51840
15768	1010	14748	51840
15769	1010	14756	51840
15770	1010	14763	51840
15771	1010	14764	51840
15772	1010	15014	51840
15773	1010	15015	51840
15774	1010	15016	51840
15775	1010	15017	51840
15776	1010	15036	51840
15777	1010	15044	466560
15778	1011	1120	51840
15779	1011	1588	100000
15780	1011	2163	100000
15781	1012	4812	466560
15782	1013	1418	51840
15783	1013	2231	51840
15784	1014	1090	100000
15785	1014	2541	100000
15786	1014	2900	2488320
15787	1014	7391	100000
15788	1015	1298	100000
15789	1015	2455	51840
15790	1017	1396	100000
15791	1018	1878	100000
15792	1019	6180	100000
15793	1019	7247	51840
15794	1019	14153	51840
15795	1020	6707	2488320
15796	1020	8180	2488320
15797	1020	12863	100000
15798	1021	1663	100000
15799	1022	4189	100000
15800	1027	15220	51840
15801	1027	15221	51840
15802	1032	1735	51840
15803	1032	4435	1244160
15804	1035	1820	100000
15805	1035	1903	51840
15806	1035	2214	51840
15807	1035	2277	100000
15808	1035	4294	1244160
15809	1035	4358	51840
15810	1035	4504	51840
15811	1035	4878	100000
15812	1035	4965	100000
15813	1035	6298	100000
15814	1035	6423	51840
15815	1035	6591	51840
15816	1035	6906	51840
15817	1035	6939	100000
15818	1035	6993	51840
15819	1035	7017	51840
15820	1035	7079	51840
15821	1035	7157	466560
15822	1035	7253	1244160
15823	1035	7655	51840
15824	1035	8192	51840
15825	1035	8200	51840
15826	1035	8244	51840
15827	1035	8296	100000
15828	1035	8399	51840
15829	1035	8429	51840
15830	1035	8448	100000
15831	1035	8577	51840
15832	1035	8616	100000
15833	1035	9471	51840
15834	1035	9482	51840
15835	1035	9561	51840
15836	1035	9672	51840
15837	1035	10080	2488320
15838	1035	10081	51840
15839	1035	10101	51840
15840	1035	10181	100000
15841	1035	10311	100000
15842	1035	14035	51840
15843	1035	14051	51840
15844	1035	14568	51840
15845	1036	4589	100000
15846	1037	1203	100000
15847	1037	1300	51840
15848	1037	2621	100000
15849	1037	3599	100000
15850	1037	3605	51840
15851	1037	3656	51840
15852	1037	3660	51840
15853	1037	3661	51840
15854	1037	3739	51840
15855	1037	3747	51840
15856	1037	3792	51840
15857	1037	3854	100000
15858	1037	3855	51840
15859	1037	3860	51840
15860	1037	3921	51840
15861	1037	3922	100000
15862	1037	3926	51840
15863	1037	3982	1244160
15864	1037	4054	51840
15865	1037	4062	51840
15866	1037	4066	51840
15867	1037	8752	1244160
15868	1037	8758	51840
15869	1037	8769	51840
15870	1037	8916	51840
15871	1037	8924	51840
15872	1037	8948	100000
15873	1037	15575	100000
15874	1037	15577	51840
15875	1037	15588	51840
15876	1038	1838	100000
15877	1038	2113	51840
15878	1038	2114	51840
15879	1038	2696	100000
15880	1038	5241	100000
15881	1038	12167	100000
15882	1039	2163	100000
15883	1040	1378	100000
15884	1041	1504	100000
15885	1042	1158	100000
15886	1042	1470	51840
15887	1042	1504	100000
15888	1042	1878	100000
15889	1042	1947	100000
15890	1042	2628	1244160
15891	1042	2668	466560
15892	1042	2861	51840
15893	1042	5710	51840
15894	1042	8185	51840
15895	1042	10798	51840
15896	1043	1504	51840
15897	1043	9627	51840
15898	1044	1504	51840
15899	1044	1735	51840
15900	1044	1878	100000
15901	1044	2163	100000
15902	1044	8180	51840
15903	1044	15158	51840
15904	1044	15476	51840
15905	1045	2695	100000
15906	1048	1941	100000
15907	1049	11673	51840
15908	1050	2692	51840
15909	1050	9703	100000
15910	1051	1369	100000
15911	1051	12659	100000
15912	1054	1202	51840
15913	1054	1203	100000
15914	1054	1327	51840
15915	1054	2367	51840
15916	1054	2484	100000
15917	1054	2518	51840
15918	1054	3555	51840
15919	1054	3572	100000
15920	1054	3575	1244160
15921	1054	3722	51840
15922	1054	3847	51840
15923	1054	3877	51840
15924	1054	4005	51840
15925	1054	4044	51840
15926	1054	4084	51840
15927	1054	8655	51840
15928	1054	8680	51840
15929	1054	8721	51840
15930	1054	8728	1244160
15931	1054	8887	51840
15932	1054	9285	51840
15933	1059	1378	100000
15934	1059	2163	2488320
15935	1060	1815	100000
15936	1060	9896	1244160
15937	1061	1158	466560
15938	1061	1203	100000
15939	1061	1288	100000
15940	1061	1312	100000
15941	1061	1314	100000
15942	1061	1315	2488320
15943	1061	1317	51840
15944	1061	1318	51840
15945	1061	1334	51840
15946	1061	1339	100000
15947	1061	1504	100000
15948	1061	1588	100000
15949	1061	1874	100000
15950	1061	1878	100000
15951	1061	2148	100000
15952	1061	2163	100000
15953	1061	2354	100000
15954	1061	2359	100000
15955	1061	2621	100000
15956	1061	2766	100000
15957	1061	3545	100000
15958	1061	3547	100000
15959	1061	3765	100000
15960	1061	3901	100000
15961	1061	4022	2488320
15962	1061	4085	100000
15963	1061	4857	100000
15964	1061	5062	100000
15965	1061	5351	466560
15966	1061	5810	100000
15967	1061	8180	100000
15968	1061	8643	100000
15969	1061	8651	100000
15970	1061	8881	100000
15971	1062	1158	51840
15972	1063	8651	100000
15973	1066	3022	100000
15974	1066	3370	100000
15975	1066	6012	100000
15976	1067	1071	51840
15977	1067	2267	466560
15978	1068	15037	51840
15979	1068	15215	51840
15980	1068	15216	51840
15981	1068	15217	51840
15982	1069	3541	466560
15983	1070	1606	100000
15984	1070	2163	100000
15985	1071	1120	100000
15986	1071	1122	51840
15987	1071	1140	51840
15988	1071	1158	100000
15989	1071	1176	51840
15990	1071	1208	100000
15991	1071	1251	100000
15992	1071	1258	100000
15993	1071	1284	100000
15994	1071	1369	2488320
15995	1071	1382	1244160
15996	1071	1403	51840
15997	1071	1588	100000
15998	1071	1603	100000
15999	1071	1718	51840
16000	1071	1735	100000
16001	1071	1781	51840
16002	1071	1802	51840
16003	1071	1806	51840
16004	1071	1807	466560
16005	1071	1816	100000
16006	1071	1832	51840
16007	1071	1852	51840
16008	1071	1878	2488320
16009	1071	1917	2488320
16010	1071	2009	100000
16011	1071	2122	51840
16012	1071	2198	51840
16013	1071	2216	100000
16014	1071	2243	51840
16015	1071	2267	51840
16016	1071	2323	51840
16017	1071	2565	51840
16018	1071	2621	100000
16019	1071	2668	100000
16020	1071	2704	51840
16021	1071	3396	51840
16022	1071	3729	51840
16023	1071	4119	51840
16024	1071	4135	1244160
16025	1071	4857	1244160
16026	1071	5012	51840
16027	1071	5031	51840
16028	1071	5151	51840
16029	1071	5170	51840
16030	1071	5256	51840
16031	1071	6531	51840
16032	1071	6841	51840
16033	1071	7228	2488320
16034	1071	8180	2488320
16035	1071	9601	51840
16036	1071	9665	51840
16037	1071	9703	100000
16038	1071	9738	51840
16039	1071	9864	51840
16040	1071	9991	1244160
16041	1071	10368	51840
16042	1071	10590	51840
16043	1071	12265	51840
16044	1071	12271	51840
16045	1071	13950	100000
16046	1071	14210	51840
16047	1071	14496	51840
16048	1075	1120	51840
16049	1076	1120	2488320
16050	1077	1906	100000
16051	1078	6970	100000
16052	1079	2467	51840
16053	1080	1240	51840
16054	1080	1364	51840
16055	1080	1504	100000
16056	1080	1923	1244160
16057	1080	2378	51840
16058	1080	3443	51840
16059	1081	1878	100000
16060	1082	1158	100000
16061	1082	1167	2488320
16062	1082	1203	2488320
16063	1082	1219	1244160
16064	1082	1363	100000
16065	1082	1588	100000
16066	1082	1654	100000
16067	1082	1850	100000
16068	1082	1874	100000
16069	1082	1878	100000
16070	1082	2153	2488320
16071	1082	2621	100000
16072	1082	2780	100000
16073	1082	3502	100000
16074	1082	3912	100000
16075	1082	4857	100000
16076	1082	6326	100000
16077	1082	6841	51840
16078	1082	7012	51840
16079	1082	10553	51840
16080	1082	12104	51840
16081	1082	12300	100000
16082	1082	12826	1244160
16083	1082	12860	1244160
16084	1082	13953	1244160
16085	1082	14557	51840
16086	1082	15417	51840
16087	1082	15445	51840
16088	1082	15447	51840
16089	1082	15460	100000
16090	1082	15461	100000
16091	1082	15462	2488320
16092	1082	15479	51840
16093	1082	15535	51840
16094	1085	15525	51840
16095	1089	1588	100000
16096	1089	1836	2488320
16097	1090	1598	100000
16098	1090	2317	100000
16099	1090	2754	100000
16100	1090	4163	2488320
16101	1090	4188	2488320
16102	1090	4204	2488320
16103	1090	4312	100000
16104	1090	4350	100000
16105	1090	4722	100000
16106	1090	4748	100000
16107	1090	4918	2488320
16108	1090	4984	100000
16109	1090	5013	100000
16110	1090	5117	100000
16111	1090	6073	100000
16112	1090	6321	466560
16113	1090	6421	51840
16114	1090	6486	100000
16115	1090	6488	51840
16116	1090	6635	51840
16117	1090	6679	51840
16118	1090	6754	100000
16119	1090	6992	100000
16120	1090	7162	2488320
16121	1090	7171	466560
16122	1090	7204	2488320
16123	1090	8048	100000
16124	1090	8245	100000
16125	1090	8334	1244160
16126	1090	8350	100000
16127	1090	8522	100000
16128	1090	8609	100000
16129	1090	9486	100000
16130	1090	9491	2488320
16131	1090	9550	466560
16132	1090	9579	100000
16133	1090	9700	100000
16134	1090	9701	100000
16135	1090	9756	100000
16136	1090	9868	100000
16137	1090	10123	100000
16138	1090	10246	100000
16139	1090	11460	100000
16140	1090	11541	100000
16141	1090	11878	51840
16142	1090	11912	51840
16143	1090	11927	100000
16144	1090	12072	51840
16145	1090	12093	51840
16146	1090	12116	51840
16147	1090	12136	51840
16148	1090	12198	100000
16149	1090	12324	2488320
16150	1090	12425	100000
16151	1090	12426	51840
16152	1090	12474	1244160
16153	1090	12643	2488320
16154	1090	12644	100000
16155	1090	12661	100000
16156	1090	14048	100000
16157	1090	14059	100000
16158	1091	1867	2488320
16159	1091	1895	51840
16160	1091	10066	51840
16161	1091	12261	51840
16162	1091	12344	2488320
16163	1091	12756	51840
16164	1091	13808	100000
16165	1092	2163	100000
16166	1093	4764	100000
16167	1093	15461	51840
16168	1093	15462	100000
16169	1094	2163	100000
16170	1095	11795	51840
16171	1096	1250	100000
16172	1096	2300	100000
16173	1097	4857	51840
16174	1097	6083	51840
16175	1099	2163	100000
16176	1099	8091	51840
16177	1100	1725	2488320
16178	1100	2163	100000
16179	1100	6130	100000
16180	1100	6418	100000
16181	1100	6674	51840
16182	1100	10498	51840
16183	1100	12765	100000
16184	1100	14607	51840
16185	1101	1634	51840
16186	1101	1731	100000
16187	1101	2163	100000
16188	1101	5212	51840
16189	1101	6395	51840
16190	1101	9528	100000
16191	1101	11843	51840
16192	1102	1387	100000
16193	1102	2163	100000
16194	1102	6297	51840
16195	1102	6819	100000
16196	1102	11567	51840
16197	1102	11861	51840
16198	1102	12398	100000
16199	1102	12817	100000
16200	1103	2163	100000
16201	1103	9482	51840
16202	1103	14316	51840
16203	1103	15626	51840
16204	1104	2163	100000
16205	1105	1347	2488320
16206	1105	2286	100000
16207	1107	2357	100000
16208	1107	2516	100000
16209	1108	2668	100000
16210	1108	5201	51840
16211	1109	6401	51840
16212	1109	10366	51840
16213	1110	1120	100000
16214	1113	13999	100000
16215	1113	14543	51840
16216	1113	15454	51840
16217	1113	15455	51840
16218	1113	15480	51840
16219	1113	15518	51840
16220	1115	2169	2488320
16221	1117	2163	51840
16222	1118	8588	2488320
16223	1118	11558	100000
16224	1119	1158	100000
16225	1119	1917	51840
16226	1119	4857	2488320
16227	1119	6059	51840
16228	1119	6326	100000
16229	1119	11472	51840
16230	1120	1158	100000
16231	1120	1203	100000
16232	1120	1588	2488320
16233	1120	1649	100000
16234	1120	1691	100000
16235	1120	1718	100000
16236	1120	1787	100000
16237	1120	1850	100000
16238	1120	1878	100000
16239	1120	1884	100000
16240	1120	1888	100000
16241	1120	1917	100000
16242	1120	2163	100000
16243	1120	2191	100000
16244	1120	2249	100000
16245	1120	2534	100000
16246	1120	2588	51840
16247	1120	2621	466560
16248	1120	2646	100000
16249	1120	2668	100000
16250	1120	2674	100000
16251	1120	2715	100000
16252	1120	2717	51840
16253	1120	2719	466560
16254	1120	2734	100000
16255	1120	2753	100000
16256	1120	2760	51840
16257	1120	3009	100000
16258	1120	3912	100000
16259	1120	4107	51840
16260	1120	4108	51840
16261	1120	4109	100000
16262	1120	4130	2488320
16263	1120	4181	51840
16264	1120	4266	51840
16265	1120	4272	51840
16266	1120	4318	100000
16267	1120	4328	51840
16268	1120	4531	100000
16269	1120	4638	51840
16270	1120	4729	100000
16271	1120	4745	51840
16272	1120	4751	51840
16273	1120	4846	51840
16274	1120	4857	2488320
16275	1120	4874	51840
16276	1120	4893	100000
16277	1120	4969	100000
16278	1120	4997	51840
16279	1120	5011	2488320
16280	1120	5082	100000
16281	1120	5110	51840
16282	1120	5134	1244160
16283	1120	5141	100000
16284	1120	5153	2488320
16285	1120	5171	51840
16286	1120	5174	51840
16287	1120	6062	1244160
16288	1120	6072	51840
16289	1120	6087	100000
16290	1120	6139	51840
16291	1120	6172	51840
16292	1120	6231	51840
16293	1120	6245	51840
16294	1120	6314	51840
16295	1120	6402	100000
16296	1120	6411	51840
16297	1120	6429	100000
16298	1120	6451	100000
16299	1120	6466	100000
16300	1120	6487	51840
16301	1120	6546	100000
16302	1120	6568	2488320
16303	1120	6612	51840
16304	1120	6637	2488320
16305	1120	6669	100000
16306	1120	6743	51840
16307	1120	6757	1244160
16308	1120	6795	51840
16309	1120	6802	2488320
16310	1120	6838	51840
16311	1120	6853	100000
16312	1120	6856	51840
16313	1120	6873	51840
16314	1120	6874	100000
16315	1120	6926	51840
16316	1120	7057	51840
16317	1120	7170	51840
16318	1120	7187	51840
16319	1120	7240	51840
16320	1120	8051	100000
16321	1120	8089	51840
16322	1120	8125	51840
16323	1120	8128	51840
16324	1120	8150	100000
16325	1120	8185	2488320
16326	1120	8203	51840
16327	1120	8216	51840
16328	1120	8227	51840
16329	1120	8272	51840
16330	1120	8303	51840
16331	1120	8340	51840
16332	1120	8341	51840
16333	1120	8383	51840
16334	1120	8384	51840
16335	1120	8414	51840
16336	1120	8417	1244160
16337	1120	8484	51840
16338	1120	8537	51840
16339	1120	8567	51840
16340	1120	9300	51840
16341	1120	9375	51840
16342	1120	9387	51840
16343	1120	9398	51840
16344	1120	9409	100000
16345	1120	9417	51840
16346	1120	9439	51840
16347	1120	9454	51840
16348	1120	9498	51840
16349	1120	9567	51840
16350	1120	9577	51840
16351	1120	9594	51840
16352	1120	9637	51840
16353	1120	9692	1244160
16354	1120	9730	51840
16355	1120	9815	51840
16356	1120	9857	100000
16357	1120	9858	51840
16358	1120	9865	51840
16359	1120	9901	51840
16360	1120	9931	51840
16361	1120	9965	51840
16362	1120	9993	466560
16363	1120	10003	51840
16364	1120	10105	100000
16365	1120	10119	1244160
16366	1120	10124	51840
16367	1120	10137	100000
16368	1120	10270	1244160
16369	1120	10310	1244160
16370	1120	10315	51840
16371	1120	10320	51840
16372	1120	10323	51840
16373	1120	10338	51840
16374	1120	10354	1244160
16375	1120	10403	51840
16376	1120	10459	51840
16377	1120	10461	100000
16378	1120	10481	51840
16379	1120	10488	100000
16380	1120	10575	51840
16381	1120	10589	51840
16382	1120	10597	51840
16383	1120	11484	100000
16384	1120	11527	51840
16385	1120	11573	51840
16386	1120	11581	51840
16387	1120	11582	51840
16388	1120	11599	100000
16389	1120	11618	51840
16390	1120	11649	51840
16391	1120	11669	51840
16392	1120	11689	51840
16393	1120	11695	51840
16394	1120	11715	51840
16395	1120	11730	51840
16396	1120	11791	51840
16397	1120	11793	51840
16398	1120	11851	51840
16399	1120	11861	1244160
16400	1120	11866	51840
16401	1120	11942	100000
16402	1120	11955	100000
16403	1120	11988	51840
16404	1120	12023	51840
16405	1120	12024	51840
16406	1120	12030	466560
16407	1120	12045	466560
16408	1120	12074	466560
16409	1120	12122	100000
16410	1120	12131	51840
16411	1120	12149	51840
16412	1120	12153	51840
16413	1120	12170	51840
16414	1120	12180	51840
16415	1120	12195	51840
16416	1120	12205	466560
16417	1120	12232	51840
16418	1120	12251	2488320
16419	1120	12257	51840
16420	1120	12260	51840
16421	1120	12267	51840
16422	1120	12277	51840
16423	1120	12379	51840
16424	1120	12382	51840
16425	1120	12388	100000
16426	1120	12433	51840
16427	1120	12442	51840
16428	1120	12531	100000
16429	1120	12546	51840
16430	1120	12553	100000
16431	1120	12611	51840
16432	1120	12630	51840
16433	1120	12651	51840
16434	1120	12668	51840
16435	1120	12697	1244160
16436	1120	12741	100000
16437	1120	12757	51840
16438	1120	12764	51840
16439	1120	12772	100000
16440	1120	12787	51840
16441	1120	12797	51840
16442	1120	12813	51840
16443	1120	12822	1244160
16444	1120	12835	51840
16445	1120	12854	100000
16446	1120	12883	51840
16447	1120	12942	51840
16448	1120	12947	51840
16449	1120	12955	100000
16450	1120	12964	100000
16451	1120	12966	51840
16452	1120	12974	51840
16453	1120	13715	51840
16454	1120	13747	51840
16455	1120	13770	51840
16456	1120	13777	100000
16457	1120	13778	100000
16458	1120	13854	51840
16459	1120	13865	51840
16460	1120	13896	51840
16461	1120	13982	51840
16462	1120	13992	51840
16463	1120	14003	100000
16464	1120	14041	51840
16465	1120	14083	100000
16466	1120	14087	51840
16467	1120	14092	1244160
16468	1120	14117	2488320
16469	1120	14124	51840
16470	1120	14148	100000
16471	1120	14150	51840
16472	1120	14161	1244160
16473	1120	14164	51840
16474	1120	14171	2488320
16475	1120	14264	51840
16476	1120	14270	51840
16477	1120	14307	51840
16478	1120	14311	51840
16479	1120	14376	51840
16480	1120	14407	51840
16481	1120	14412	51840
16482	1120	14415	51840
16483	1120	14444	1244160
16484	1120	14450	51840
16485	1120	14454	1244160
16486	1120	14461	51840
16487	1120	14490	51840
16488	1120	14498	51840
16489	1120	14512	1244160
16490	1120	14521	51840
16491	1120	14535	51840
16492	1120	14545	51840
16493	1120	14564	51840
16494	1120	14584	1244160
16495	1120	14590	51840
16496	1120	14696	100000
16497	1120	15225	51840
16498	1120	15399	51840
16499	1120	15400	51840
16500	1120	15485	51840
16501	1120	15491	51840
16502	1120	15558	51840
16503	1121	15561	51840
16504	1122	1158	100000
16505	1122	1203	100000
16506	1122	1718	100000
16507	1122	1878	100000
16508	1122	2163	100000
16509	1122	2621	2488320
16510	1122	2668	100000
16511	1122	3912	100000
16512	1122	4857	100000
16513	1122	10531	51840
16514	1122	15207	51840
16515	1123	6145	51840
16516	1123	10014	51840
16517	1123	11997	51840
16518	1123	14015	51840
16519	1124	2163	2488320
16520	1125	2163	51840
16521	1125	15533	51840
16522	1126	1588	51840
16523	1127	9824	2488320
16524	1128	2891	51840
16525	1130	1588	100000
16526	1130	1850	100000
16527	1131	4121	100000
16528	1132	1817	100000
16529	1132	2150	100000
16530	1134	2122	51840
16531	1135	2163	51840
16532	1136	1444	51840
16533	1137	3512	51840
16534	1139	4236	100000
16535	1139	9159	100000
16536	1140	1158	100000
16537	1140	1203	100000
16538	1140	1382	1244160
16539	1140	1588	2488320
16540	1140	1718	100000
16541	1140	1850	2488320
16542	1140	1917	2488320
16543	1140	2621	100000
16544	1140	2668	100000
16545	1140	4857	100000
16546	1140	8180	100000
16547	1142	2122	51840
16548	1142	14557	51840
16549	1143	9665	466560
16550	1144	1840	100000
16551	1146	2621	100000
16552	1148	2163	51840
16553	1149	1874	100000
16554	1150	7228	2488320
16555	1151	9846	100000
16556	1151	12441	100000
16557	1151	14413	100000
16558	1151	14526	51840
16559	1151	15079	51840
16560	1151	15191	51840
16561	1151	15194	1244160
16562	1151	15195	51840
16563	1151	15403	1244160
16564	1151	15404	51840
16565	1151	15410	51840
16566	1151	15415	51840
16567	1151	15416	51840
16568	1151	15554	51840
16569	1152	12752	2488320
16570	1152	14888	51840
16571	1152	14950	100000
16572	1153	1899	100000
16573	1155	1850	100000
16574	1156	1815	100000
16575	1156	1917	100000
16576	1156	6326	51840
16577	1157	14502	51840
16578	1158	1167	100000
16579	1158	1176	100000
16580	1158	1185	100000
16581	1158	1203	2488320
16582	1158	1251	100000
16583	1158	1258	100000
16584	1158	1284	100000
16585	1158	1292	100000
16586	1158	1369	100000
16587	1158	1382	100000
16588	1158	1400	100000
16589	1158	1403	100000
16590	1158	1427	466560
16591	1158	1435	100000
16592	1158	1437	100000
16593	1158	1444	100000
16594	1158	1450	100000
16595	1158	1451	51840
16596	1158	1454	100000
16597	1158	1455	51840
16598	1158	1461	51840
16599	1158	1470	51840
16600	1158	1471	100000
16601	1158	1475	2488320
16602	1158	1500	100000
16603	1158	1504	100000
16604	1158	1522	2488320
16605	1158	1525	100000
16606	1158	1526	51840
16607	1158	1530	51840
16608	1158	1541	100000
16609	1158	1547	100000
16610	1158	1549	100000
16611	1158	1552	100000
16612	1158	1554	100000
16613	1158	1559	51840
16614	1158	1560	100000
16615	1158	1566	100000
16616	1158	1580	2488320
16617	1158	1588	100000
16618	1158	1600	100000
16619	1158	1603	100000
16620	1158	1631	100000
16621	1158	1709	51840
16622	1158	1718	100000
16623	1158	1735	100000
16624	1158	1781	100000
16625	1158	1801	100000
16626	1158	1802	100000
16627	1158	1805	51840
16628	1158	1806	100000
16629	1158	1807	100000
16630	1158	1832	51840
16631	1158	1850	100000
16632	1158	1852	51840
16633	1158	1856	2488320
16634	1158	1865	100000
16635	1158	1875	51840
16636	1158	1878	100000
16637	1158	1880	100000
16638	1158	1882	51840
16639	1158	1906	100000
16640	1158	1917	100000
16641	1158	1925	100000
16642	1158	1961	100000
16643	1158	1963	100000
16644	1158	1969	100000
16645	1158	1973	100000
16646	1158	1982	51840
16647	1158	1989	51840
16648	1158	1998	51840
16649	1158	2008	51840
16650	1158	2009	100000
16651	1158	2013	466560
16652	1158	2029	466560
16653	1158	2034	51840
16654	1158	2037	100000
16655	1158	2041	1244160
16656	1158	2054	100000
16657	1158	2062	100000
16658	1158	2079	51840
16659	1158	2106	100000
16660	1158	2122	51840
16661	1158	2134	100000
16662	1158	2163	2488320
16663	1158	2198	100000
16664	1158	2216	2488320
16665	1158	2231	100000
16666	1158	2234	100000
16667	1158	2267	2488320
16668	1158	2273	51840
16669	1158	2303	51840
16670	1158	2323	51840
16671	1158	2359	100000
16672	1158	2546	51840
16673	1158	2565	100000
16674	1158	2621	100000
16675	1158	2632	100000
16676	1158	2668	51840
16677	1158	2669	51840
16678	1158	2674	2488320
16679	1158	2699	51840
16680	1158	2704	51840
16681	1158	2769	100000
16682	1158	2780	100000
16683	1158	2787	100000
16684	1158	2795	2488320
16685	1158	2811	51840
16686	1158	2825	100000
16687	1158	2839	51840
16688	1158	2849	100000
16689	1158	2866	100000
16690	1158	2886	100000
16691	1158	2887	100000
16692	1158	2897	100000
16693	1158	2909	51840
16694	1158	2911	51840
16695	1158	2915	51840
16696	1158	2924	51840
16697	1158	2925	100000
16698	1158	2928	100000
16699	1158	2935	100000
16700	1158	2955	51840
16701	1158	2956	100000
16702	1158	2958	100000
16703	1158	2981	466560
16704	1158	2989	51840
16705	1158	2998	51840
16706	1158	3002	51840
16707	1158	3007	100000
16708	1158	3016	100000
16709	1158	3021	466560
16710	1158	3024	51840
16711	1158	3034	51840
16712	1158	3054	51840
16713	1158	3060	100000
16714	1158	3081	2488320
16715	1158	3083	2488320
16716	1158	3096	100000
16717	1158	3117	100000
16718	1158	3120	2488320
16719	1158	3121	100000
16720	1158	3137	2488320
16721	1158	3149	51840
16722	1158	3150	100000
16723	1158	3188	2488320
16724	1158	3194	51840
16725	1158	3199	51840
16726	1158	3201	51840
16727	1158	3209	51840
16728	1158	3215	2488320
16729	1158	3225	100000
16730	1158	3234	100000
16731	1158	3236	2488320
16732	1158	3239	100000
16733	1158	3248	100000
16734	1158	3254	51840
16735	1158	3257	51840
16736	1158	3262	51840
16737	1158	3264	51840
16738	1158	3271	100000
16739	1158	3300	100000
16740	1158	3302	51840
16741	1158	3310	100000
16742	1158	3321	100000
16743	1158	3332	100000
16744	1158	3380	100000
16745	1158	3387	100000
16746	1158	3391	100000
16747	1158	3396	51840
16748	1158	3418	1244160
16749	1158	3419	51840
16750	1158	3428	100000
16751	1158	3433	51840
16752	1158	3475	100000
16753	1158	3487	100000
16754	1158	3912	100000
16755	1158	4135	51840
16756	1158	4236	100000
16757	1158	4289	2488320
16758	1158	4378	2488320
16759	1158	4513	51840
16760	1158	4561	100000
16761	1158	4720	100000
16762	1158	4727	100000
16763	1158	4728	51840
16764	1158	4741	2488320
16765	1158	4857	51840
16766	1158	4933	2488320
16767	1158	4998	51840
16768	1158	5025	51840
16769	1158	5031	51840
16770	1158	5151	100000
16771	1158	5170	51840
16772	1158	5182	51840
16773	1158	5191	51840
16774	1158	5192	51840
16775	1158	5201	51840
16776	1158	5256	51840
16777	1158	5306	51840
16778	1158	5307	100000
16779	1158	5318	100000
16780	1158	5365	100000
16781	1158	5367	100000
16782	1158	5377	51840
16783	1158	5381	51840
16784	1158	5424	51840
16785	1158	5438	1244160
16786	1158	5453	2488320
16787	1158	5458	51840
16788	1158	5472	100000
16789	1158	5491	100000
16790	1158	5495	51840
16791	1158	5531	51840
16792	1158	5540	51840
16793	1158	5563	100000
16794	1158	5608	51840
16795	1158	5620	51840
16796	1158	5651	51840
16797	1158	5691	1244160
16798	1158	5704	51840
16799	1158	5710	2488320
16800	1158	5711	1244160
16801	1158	5715	100000
16802	1158	5723	2488320
16803	1158	5732	1244160
16804	1158	5736	51840
16805	1158	5759	51840
16806	1158	5775	466560
16807	1158	5814	466560
16808	1158	5847	51840
16809	1158	5909	100000
16810	1158	5911	100000
16811	1158	5951	466560
16812	1158	5975	51840
16813	1158	5992	100000
16814	1158	6017	51840
16815	1158	6030	100000
16816	1158	6123	51840
16817	1158	6250	100000
16818	1158	6326	2488320
16819	1158	6415	51840
16820	1158	6438	51840
16821	1158	6452	51840
16822	1158	6457	51840
16823	1158	6462	466560
16824	1158	6531	51840
16825	1158	6632	51840
16826	1158	6873	1244160
16827	1158	7003	1244160
16828	1158	7157	51840
16829	1158	7228	100000
16830	1158	7305	100000
16831	1158	7317	51840
16832	1158	7323	2488320
16833	1158	7324	2488320
16834	1158	7329	51840
16835	1158	7352	100000
16836	1158	7378	100000
16837	1158	7472	51840
16838	1158	7499	100000
16839	1158	7523	51840
16840	1158	7533	100000
16841	1158	7554	51840
16842	1158	7565	51840
16843	1158	7650	100000
16844	1158	7683	100000
16845	1158	7709	100000
16846	1158	7725	51840
16847	1158	7950	1244160
16848	1158	7976	51840
16849	1158	7991	2488320
16850	1158	8001	51840
16851	1158	8015	51840
16852	1158	8056	466560
16853	1158	8069	100000
16854	1158	8084	51840
16855	1158	8139	51840
16856	1158	8145	51840
16857	1158	8233	51840
16858	1158	8364	1244160
16859	1158	8517	51840
16860	1158	8569	51840
16861	1158	8607	51840
16862	1158	8616	51840
16863	1158	8623	100000
16864	1158	9339	51840
16865	1158	9357	100000
16866	1158	9369	51840
16867	1158	9497	51840
16868	1158	9601	51840
16869	1158	9665	100000
16870	1158	9738	2488320
16871	1158	9885	51840
16872	1158	9940	51840
16873	1158	9991	100000
16874	1158	10161	51840
16875	1158	10367	51840
16876	1158	10368	100000
16877	1158	10415	51840
16878	1158	10438	51840
16879	1158	10611	51840
16880	1158	10627	51840
16881	1158	10630	1244160
16882	1158	10633	1244160
16883	1158	10655	51840
16884	1158	10679	100000
16885	1158	10737	51840
16886	1158	10738	51840
16887	1158	10742	100000
16888	1158	10772	51840
16889	1158	10782	100000
16890	1158	10803	51840
16891	1158	10818	51840
16892	1158	10820	51840
16893	1158	10827	51840
16894	1158	10861	100000
16895	1158	10903	51840
16896	1158	10912	51840
16897	1158	10918	1244160
16898	1158	10970	51840
16899	1158	10989	100000
16900	1158	11081	100000
16901	1158	11095	51840
16902	1158	11114	51840
16903	1158	11160	2488320
16904	1158	11219	51840
16905	1158	11363	51840
16906	1158	11369	51840
16907	1158	11432	2488320
16908	1158	11437	51840
16909	1158	11517	51840
16910	1158	11612	100000
16911	1158	11664	1244160
16912	1158	11675	51840
16913	1158	11980	100000
16914	1158	12395	51840
16915	1158	12673	1244160
16916	1158	12743	51840
16917	1158	12758	51840
16918	1158	12761	51840
16919	1158	12798	51840
16920	1158	12994	51840
16921	1158	13042	51840
16922	1158	13046	1244160
16923	1158	13108	100000
16924	1158	13199	51840
16925	1158	13223	51840
16926	1158	13231	51840
16927	1158	13232	51840
16928	1158	13321	51840
16929	1158	13336	51840
16930	1158	13355	51840
16931	1158	13385	51840
16932	1158	13396	51840
16933	1158	13401	51840
16934	1158	13440	100000
16935	1158	13453	51840
16936	1158	13797	51840
16937	1158	13838	1244160
16938	1158	14027	51840
16939	1158	14210	51840
16940	1158	14369	51840
16941	1158	15226	1244160
16942	1159	1202	100000
16943	1159	1203	100000
16944	1159	1205	51840
16945	1159	2196	100000
16946	1159	2367	51840
16947	1159	2432	51840
16948	1159	2479	51840
16949	1159	3455	51840
16950	1159	3572	1244160
16951	1159	3635	51840
16952	1159	3877	1244160
16953	1159	3910	51840
16954	1159	4005	51840
16955	1159	4080	51840
16956	1159	4082	51840
16957	1159	4098	51840
16958	1159	8655	51840
16959	1159	8911	51840
16960	1159	8982	100000
16961	1159	9018	100000
16962	1159	9030	51840
16963	1159	9169	100000
16964	1159	9177	51840
16965	1160	11750	1244160
16966	1161	8869	51840
16967	1161	8887	51840
16968	1162	1718	51840
16969	1164	1299	51840
16970	1164	2492	2488320
16971	1164	3551	100000
16972	1164	3552	100000
16973	1164	3553	100000
16974	1165	7211	51840
16975	1166	2163	1244160
16976	1167	1203	2488320
16977	1167	1382	100000
16978	1167	1400	100000
16979	1167	1504	100000
16980	1167	1588	100000
16981	1167	1718	100000
16982	1167	1806	100000
16983	1167	1850	100000
16984	1167	1874	466560
16985	1167	1878	100000
16986	1167	2163	100000
16987	1167	2621	100000
16988	1167	2668	100000
16989	1167	3421	51840
16990	1167	3729	51840
16991	1167	3912	100000
16992	1167	4741	100000
16993	1167	4857	51840
16994	1167	5182	51840
16995	1167	7228	100000
16996	1167	11890	100000
16997	1167	15595	100000
16998	1167	15596	100000
16999	1167	15597	1244160
17000	1168	2163	51840
17001	1168	4435	51840
17002	1170	2163	1244160
17003	1171	1174	51840
17004	1171	13954	51840
17005	1172	1878	51840
17006	1174	2276	100000
17007	1174	4812	2488320
17008	1174	6070	51840
17009	1175	7182	2488320
17010	1176	1203	100000
17011	1176	1382	100000
17012	1176	1587	51840
17013	1176	1588	51840
17014	1176	1718	2488320
17015	1176	1850	100000
17016	1176	1878	100000
17017	1176	1917	100000
17018	1176	1949	100000
17019	1176	2163	2488320
17020	1176	2175	51840
17021	1176	2489	100000
17022	1176	2571	100000
17023	1176	2621	2488320
17024	1176	2640	1244160
17025	1176	2668	466560
17026	1176	2761	51840
17027	1176	3912	100000
17028	1176	4451	51840
17029	1176	4618	1244160
17030	1176	4857	100000
17031	1176	5265	51840
17032	1176	5269	51840
17033	1176	5272	51840
17034	1176	6082	1244160
17035	1176	6210	51840
17036	1176	6216	51840
17037	1176	6570	2488320
17038	1176	6600	2488320
17039	1176	6813	100000
17040	1176	7126	51840
17041	1176	8169	51840
17042	1176	8214	51840
17043	1176	8438	51840
17044	1176	8450	466560
17045	1176	8465	51840
17046	1176	8534	51840
17047	1176	8893	100000
17048	1176	9500	51840
17049	1176	9501	1244160
17050	1176	9503	51840
17051	1176	9771	100000
17052	1176	10024	51840
17053	1176	10074	100000
17054	1176	10188	51840
17055	1176	10296	100000
17056	1176	10332	51840
17057	1176	10547	51840
17058	1176	11606	51840
17059	1176	11668	51840
17060	1176	12253	51840
17061	1176	12322	1244160
17062	1176	12552	2488320
17063	1176	12559	51840
17064	1176	12745	51840
17065	1176	12949	51840
17066	1176	13688	100000
17067	1176	13759	51840
17068	1176	13814	51840
17069	1176	14069	51840
17070	1176	14193	51840
17071	1176	14249	51840
17072	1177	2163	100000
17073	1178	5021	51840
17074	1181	2695	466560
17075	1181	9665	100000
17076	1181	10217	51840
17077	1181	14417	1244160
17078	1182	1815	100000
17079	1183	9664	100000
17080	1184	5123	100000
17081	1185	1470	51840
17082	1185	1494	51840
17083	1185	1562	100000
17084	1185	1878	100000
17085	1185	1917	100000
17086	1185	1982	100000
17087	1185	2034	51840
17088	1185	2065	51840
17089	1185	2102	100000
17090	1185	2234	100000
17091	1185	2621	2488320
17092	1185	2668	100000
17093	1185	2835	100000
17094	1185	3083	51840
17095	1185	3148	100000
17096	1185	3154	100000
17097	1185	3434	51840
17098	1185	4380	100000
17099	1185	4857	100000
17100	1185	5457	100000
17101	1185	5586	51840
17102	1185	5699	100000
17103	1185	5943	100000
17104	1185	6014	100000
17105	1185	6705	100000
17106	1185	7289	51840
17107	1185	7324	1244160
17108	1185	7332	51840
17109	1185	7386	51840
17110	1185	7523	51840
17111	1185	7617	51840
17112	1185	7630	100000
17113	1185	7780	466560
17114	1185	7811	51840
17115	1185	7911	100000
17116	1185	7931	1244160
17117	1185	7949	51840
17118	1185	7992	51840
17119	1185	10867	51840
17120	1185	10912	51840
17121	1185	10968	100000
17122	1185	11036	51840
17123	1185	11081	51840
17124	1185	11143	51840
17125	1185	11150	100000
17126	1185	11253	51840
17127	1185	11302	51840
17128	1185	11304	51840
17129	1185	11359	51840
17130	1185	11415	100000
17131	1185	13024	51840
17132	1185	13042	1244160
17133	1185	13046	51840
17134	1185	13049	51840
17135	1185	13118	100000
17136	1185	13138	100000
17137	1185	13154	51840
17138	1185	13176	51840
17139	1185	13261	100000
17140	1185	13267	100000
17141	1185	13332	51840
17142	1185	13355	51840
17143	1185	13401	51840
17144	1185	13529	51840
17145	1185	13566	51840
17146	1185	13604	100000
17147	1185	13609	1244160
17148	1186	1781	100000
17149	1188	4422	51840
17150	1188	4812	51840
17151	1189	2134	100000
17152	1192	2360	51840
17153	1193	1203	100000
17154	1193	2359	100000
17155	1193	2437	2488320
17156	1193	3491	100000
17157	1194	1202	100000
17158	1194	1203	1244160
17159	1196	1210	100000
17160	1196	1284	100000
17161	1196	1288	100000
17162	1196	2163	100000
17163	1196	3549	100000
17164	1196	3632	1244160
17165	1196	3755	51840
17166	1196	3770	51840
17167	1196	3971	100000
17168	1196	9199	51840
17169	1196	15383	51840
17170	1197	1281	100000
17171	1197	1326	51840
17172	1197	3556	100000
17173	1197	3641	51840
17174	1197	3645	51840
17175	1197	3652	51840
17176	1197	3774	51840
17177	1197	3890	100000
17178	1197	4812	100000
17179	1197	8675	100000
17180	1197	15288	51840
17181	1197	15294	51840
17182	1198	5069	100000
17183	1198	8497	2488320
17184	1198	15328	51840
17185	1199	8651	466560
17186	1200	1213	100000
17187	1200	1283	100000
17188	1200	2359	100000
17189	1200	2490	100000
17190	1200	3885	100000
17191	1200	3941	100000
17192	1200	5069	100000
17193	1200	8734	100000
17194	1200	8980	51840
17195	1200	9656	51840
17196	1201	2443	51840
17197	1201	3999	51840
17198	1201	4012	2488320
17199	1202	1203	100000
17200	1202	1204	51840
17201	1202	1206	100000
17202	1202	1214	100000
17203	1202	1279	100000
17204	1202	1313	100000
17205	1202	1344	100000
17206	1202	1504	466560
17207	1202	1874	100000
17208	1202	2355	51840
17209	1202	2364	51840
17210	1202	2377	51840
17211	1202	2406	100000
17212	1202	2522	51840
17213	1202	3447	100000
17214	1202	3461	51840
17215	1202	3468	100000
17216	1202	3491	100000
17217	1202	3512	100000
17218	1202	3541	51840
17219	1202	3555	51840
17220	1202	3560	51840
17221	1202	3592	100000
17222	1202	3619	100000
17223	1202	3664	100000
17224	1202	3718	100000
17225	1202	3765	51840
17226	1202	3768	51840
17227	1202	3772	100000
17228	1202	3837	51840
17229	1202	3839	100000
17230	1202	3887	51840
17231	1202	3893	100000
17232	1202	3894	100000
17233	1202	3902	2488320
17234	1202	3975	51840
17235	1202	4001	100000
17236	1202	4014	1244160
17237	1202	4021	51840
17238	1202	4028	51840
17239	1202	4045	51840
17240	1202	4098	100000
17241	1202	7305	2488320
17242	1202	8651	100000
17243	1202	8688	51840
17244	1202	8773	51840
17245	1202	8848	100000
17246	1202	8901	51840
17247	1202	8905	51840
17248	1202	8957	51840
17249	1202	9033	51840
17250	1202	9275	51840
17251	1202	9276	100000
17252	1202	15297	100000
17253	1203	1210	100000
17254	1203	1211	51840
17255	1203	1212	51840
17256	1203	1214	466560
17257	1203	1215	100000
17258	1203	1240	100000
17259	1203	1251	100000
17260	1203	1258	100000
17261	1203	1273	100000
17262	1203	1276	100000
17263	1203	1278	100000
17264	1203	1279	100000
17265	1203	1280	100000
17266	1203	1283	2488320
17267	1203	1284	100000
17268	1203	1289	2488320
17269	1203	1298	100000
17270	1203	1400	100000
17271	1203	1403	100000
17272	1203	1435	100000
17273	1203	1444	100000
17274	1203	1451	466560
17275	1203	1470	51840
17276	1203	1471	100000
17277	1203	1504	100000
17278	1203	1541	100000
17279	1203	1588	100000
17280	1203	1600	100000
17281	1203	1603	2488320
17282	1203	1606	100000
17283	1203	1657	100000
17284	1203	1709	100000
17285	1203	1735	466560
17286	1203	1878	100000
17287	1203	1906	100000
17288	1203	1923	100000
17289	1203	2008	51840
17290	1203	2009	100000
17291	1203	2029	100000
17292	1203	2037	100000
17293	1203	2041	1244160
17294	1203	2122	100000
17295	1203	2216	100000
17296	1203	2234	100000
17297	1203	2359	100000
17298	1203	2360	100000
17299	1203	2414	466560
17300	1203	2433	51840
17301	1203	2440	100000
17302	1203	2466	100000
17303	1203	2476	51840
17304	1203	2477	100000
17305	1203	2522	100000
17306	1203	2621	2488320
17307	1203	2668	100000
17308	1203	2669	51840
17309	1203	2699	100000
17310	1203	2704	51840
17311	1203	2780	100000
17312	1203	2787	100000
17313	1203	3024	51840
17314	1203	3060	100000
17315	1203	3194	51840
17316	1203	3201	51840
17317	1203	3271	100000
17318	1203	3396	51840
17319	1203	3421	51840
17320	1203	3440	51840
17321	1203	3443	100000
17322	1203	3445	100000
17323	1203	3446	2488320
17324	1203	3502	100000
17325	1203	3564	466560
17326	1203	3607	100000
17327	1203	3608	100000
17328	1203	3610	1244160
17329	1203	3613	100000
17330	1203	3633	100000
17331	1203	3662	466560
17332	1203	3663	2488320
17333	1203	3667	51840
17334	1203	3694	100000
17335	1203	3713	466560
17336	1203	3716	100000
17337	1203	3763	100000
17338	1203	3765	100000
17339	1203	3773	2488320
17340	1203	3804	51840
17341	1203	3815	100000
17342	1203	3889	100000
17343	1203	3891	100000
17344	1203	3895	100000
17345	1203	3900	2488320
17346	1203	3902	100000
17347	1203	3940	2488320
17348	1203	3998	100000
17349	1203	4013	100000
17350	1203	4015	100000
17351	1203	4016	1244160
17352	1203	4103	100000
17353	1203	4135	1244160
17354	1203	4289	100000
17355	1203	4644	100000
17356	1203	4720	2488320
17357	1203	4741	100000
17358	1203	4811	2488320
17359	1203	4857	100000
17360	1203	5044	51840
17361	1203	5045	51840
17362	1203	5151	100000
17363	1203	5169	51840
17364	1203	5531	1244160
17365	1203	5775	100000
17366	1203	6030	100000
17367	1203	6326	100000
17368	1203	7003	51840
17369	1203	7157	100000
17370	1203	7305	100000
17371	1203	7472	51840
17372	1203	8623	51840
17373	1203	8630	100000
17374	1203	8648	100000
17375	1203	8650	100000
17376	1203	8653	100000
17377	1203	8661	51840
17378	1203	8668	466560
17379	1203	8685	466560
17380	1203	8719	51840
17381	1203	8778	51840
17382	1203	8783	100000
17383	1203	8797	100000
17384	1203	8800	100000
17385	1203	8835	2488320
17386	1203	8866	100000
17387	1203	8902	100000
17388	1203	8908	100000
17389	1203	8959	100000
17390	1203	8962	51840
17391	1203	8972	51840
17392	1203	9016	466560
17393	1203	9036	51840
17394	1203	9057	466560
17395	1203	9069	100000
17396	1203	9172	100000
17397	1203	9187	100000
17398	1203	9196	51840
17399	1203	9216	51840
17400	1203	9274	100000
17401	1203	9291	51840
17402	1203	9293	51840
17403	1203	9299	100000
17404	1203	9842	51840
17405	1203	11714	100000
17406	1203	11980	100000
17407	1203	15283	51840
17408	1203	15375	51840
17409	1204	3468	51840
17410	1204	3491	51840
17411	1206	1207	100000
17412	1206	2377	51840
17413	1206	3634	51840
17414	1206	3722	51840
17415	1206	3903	51840
17416	1206	8678	51840
17417	1206	8833	51840
17418	1208	1268	100000
17419	1208	1286	100000
17420	1208	1287	100000
17421	1208	2489	100000
17422	1208	2526	100000
17423	1208	2621	100000
17424	1208	3442	100000
17425	1208	3506	100000
17426	1208	3513	51840
17427	1208	3566	100000
17428	1208	3567	100000
17429	1208	3611	2488320
17430	1208	3808	2488320
17431	1208	3883	100000
17432	1208	3886	51840
17433	1208	3969	100000
17434	1208	4857	100000
17435	1208	8180	100000
17436	1208	8832	100000
17437	1208	8854	100000
17438	1208	8971	51840
17439	1208	9164	51840
17440	1208	9167	51840
17441	1208	15301	51840
17442	1208	15302	51840
17443	1208	15303	51840
17444	1208	15304	51840
17445	1208	15305	51840
17446	1208	15306	51840
17447	1208	15307	2488320
17448	1208	15666	2488320
17449	1209	3839	2488320
17450	1210	1269	100000
17451	1210	1275	100000
17452	1210	1308	100000
17453	1210	1874	100000
17454	1210	2357	2488320
17455	1210	2359	100000
17456	1210	2370	466560
17457	1210	2424	100000
17458	1210	2454	1244160
17459	1210	2455	100000
17460	1210	2470	100000
17461	1210	2486	100000
17462	1210	2516	100000
17463	1210	3499	2488320
17464	1210	3770	100000
17465	1210	3775	100000
17466	1210	3845	100000
17467	1210	3908	100000
17468	1210	4083	51840
17469	1210	12080	51840
17470	1213	2359	100000
17471	1213	3457	100000
17472	1213	3512	100000
17473	1213	3840	100000
17474	1213	3876	100000
17475	1213	4007	2488320
17476	1213	6210	100000
17477	1213	8724	2488320
17478	1213	8772	51840
17479	1213	8846	2488320
17480	1213	8975	100000
17481	1213	8980	51840
17482	1213	9443	100000
17483	1214	1504	100000
17484	1214	2364	51840
17485	1216	1631	51840
17486	1217	3613	100000
17487	1217	3901	100000
17488	1218	1284	100000
17489	1218	3745	2488320
17490	1218	3920	1244160
17491	1218	8924	100000
17492	1218	8948	100000
17493	1218	9224	100000
17494	1218	14665	51840
17495	1219	1223	100000
17496	1219	2621	100000
17497	1219	4057	51840
17498	1219	4857	1244160
17499	1220	1284	100000
17500	1220	3469	51840
17501	1222	3475	100000
17502	1223	1240	100000
17503	1223	3502	100000
17504	1223	3603	1244160
17505	1223	3704	51840
17506	1223	3801	51840
17507	1223	3851	51840
17508	1223	3853	100000
17509	1223	3872	100000
17510	1223	3936	51840
17511	1223	3983	51840
17512	1223	3992	1244160
17513	1223	7305	100000
17514	1223	8753	51840
17515	1223	9217	51840
17516	1223	15581	100000
17517	1223	15582	100000
17518	1223	15583	100000
17519	1223	15584	100000
17520	1223	15585	100000
17521	1223	15586	100000
17522	1223	15587	100000
17523	1224	1284	100000
17524	1224	3500	100000
17525	1226	1240	100000
17526	1226	2378	51840
17527	1226	3443	100000
17528	1227	2378	51840
17529	1228	1240	100000
17530	1228	2378	100000
17531	1229	1240	2488320
17532	1229	2378	51840
17533	1229	3443	466560
17534	1229	9002	51840
17535	1230	2378	100000
17536	1230	2396	100000
17537	1230	3951	51840
17538	1230	8703	2488320
17539	1230	8834	100000
17540	1231	1243	100000
17541	1231	1250	466560
17542	1231	1258	100000
17543	1231	1264	51840
17544	1231	1504	100000
17545	1231	2378	100000
17546	1231	2494	100000
17547	1231	3512	100000
17548	1231	8716	51840
17549	1231	8831	51840
17550	1231	8989	51840
17551	1232	1251	100000
17552	1233	1878	100000
17553	1233	2378	100000
17554	1235	1240	100000
17555	1235	1250	100000
17556	1235	1253	51840
17557	1235	2359	100000
17558	1235	2378	51840
17559	1235	3443	51840
17560	1235	9075	51840
17561	1236	1344	51840
17562	1236	1504	51840
17563	1236	1878	100000
17564	1236	2378	51840
17565	1236	2385	2488320
17566	1237	1240	100000
17567	1237	2378	1244160
17568	1237	3443	100000
17569	1238	1258	100000
17570	1239	1240	2488320
17571	1239	1250	100000
17572	1239	2378	51840
17573	1239	3443	2488320
17574	1239	3948	2488320
17575	1239	8699	51840
17576	1240	1246	51840
17577	1240	1249	100000
17578	1240	1250	100000
17579	1240	1255	100000
17580	1240	1257	51840
17581	1240	1259	51840
17582	1240	1923	51840
17583	1240	2378	51840
17584	1240	2379	100000
17585	1240	2380	51840
17586	1240	2386	100000
17587	1240	2392	100000
17588	1240	2396	51840
17589	1240	2500	100000
17590	1240	2503	51840
17591	1240	2578	100000
17592	1240	2700	51840
17593	1240	3502	2488320
17594	1240	3520	51840
17595	1240	3523	51840
17596	1240	3539	51840
17597	1240	3669	100000
17598	1240	3670	100000
17599	1240	3681	100000
17600	1240	3685	51840
17601	1240	3688	100000
17602	1240	3946	100000
17603	1240	3949	100000
17604	1240	3957	51840
17605	1240	3958	2488320
17606	1240	8694	2488320
17607	1240	8697	2488320
17608	1240	8698	100000
17609	1240	8699	51840
17610	1240	8700	100000
17611	1240	8809	51840
17612	1240	8810	100000
17613	1240	8811	1244160
17614	1240	8824	51840
17615	1240	8983	51840
17616	1240	8992	100000
17617	1240	8994	100000
17618	1240	9075	100000
17619	1240	9204	51840
17620	1240	9209	1244160
17621	1241	2500	51840
17622	1241	8826	100000
17623	1242	1263	100000
17624	1244	2378	2488320
17625	1245	2378	100000
17626	1247	1250	100000
17627	1247	1263	100000
17628	1248	1250	51840
17629	1248	1251	51840
17630	1248	1258	100000
17631	1250	1251	2488320
17632	1250	1258	2488320
17633	1250	1878	100000
17634	1250	2378	100000
17635	1250	2391	51840
17636	1250	2398	100000
17637	1250	2504	51840
17638	1250	2509	100000
17639	1250	3532	100000
17640	1250	3675	100000
17641	1250	3676	1244160
17642	1250	3678	100000
17643	1250	3943	2488320
17644	1250	3945	100000
17645	1250	3958	100000
17646	1250	3967	1244160
17647	1250	8706	100000
17648	1250	8711	51840
17649	1250	8715	51840
17650	1250	8716	100000
17651	1250	8816	1244160
17652	1250	8825	51840
17653	1250	8986	100000
17654	1250	8987	51840
17655	1250	8988	51840
17656	1250	8991	51840
17657	1250	8997	466560
17658	1250	8999	466560
17659	1250	9008	100000
17660	1250	9010	2488320
17661	1250	9076	1244160
17662	1250	9082	100000
17663	1250	9085	100000
17664	1250	9089	1244160
17665	1250	9093	100000
17666	1250	9112	51840
17667	1250	9118	51840
17668	1250	9121	51840
17669	1250	9122	51840
17670	1250	9131	2488320
17671	1250	9202	51840
17672	1250	9203	100000
17673	1250	15009	100000
17674	1250	15333	100000
17675	1250	15334	51840
17676	1251	1259	2488320
17677	1251	1260	100000
17678	1251	1718	100000
17679	1251	2378	100000
17680	1251	2379	100000
17681	1251	2388	466560
17682	1251	2390	51840
17683	1251	2392	100000
17684	1251	2395	100000
17685	1251	2498	100000
17686	1251	2500	100000
17687	1251	2621	100000
17688	1251	3443	100000
17689	1251	3521	51840
17690	1251	3523	100000
17691	1251	3526	100000
17692	1251	3535	2488320
17693	1251	3676	51840
17694	1251	3677	51840
17695	1251	3680	100000
17696	1251	3685	100000
17697	1251	3688	100000
17698	1251	3912	100000
17699	1251	3946	100000
17700	1251	3947	51840
17701	1251	3949	100000
17702	1251	3952	100000
17703	1251	3953	1244160
17704	1251	3957	51840
17705	1251	3966	100000
17706	1251	4857	100000
17707	1251	5775	100000
17708	1251	8692	100000
17709	1251	8710	2488320
17710	1251	8713	51840
17711	1251	8815	100000
17712	1251	8822	51840
17713	1251	8987	51840
17714	1251	8991	51840
17715	1251	8995	100000
17716	1251	8997	100000
17717	1251	9002	100000
17718	1251	9006	51840
17719	1251	9087	100000
17720	1251	9123	51840
17721	1251	9125	100000
17722	1251	9201	466560
17723	1251	9213	100000
17724	1251	9214	51840
17725	1251	14863	100000
17726	1251	14864	466560
17727	1251	14997	100000
17728	1251	15010	100000
17729	1251	15332	100000
17730	1252	1285	100000
17731	1252	1303	100000
17732	1252	2492	100000
17733	1252	3835	51840
17734	1252	8898	51840
17735	1254	1263	51840
17736	1254	2378	100000
17737	1255	1263	100000
17738	1257	2378	100000
17739	1258	1588	100000
17740	1258	1718	100000
17741	1258	1850	100000
17742	1258	1874	466560
17743	1258	1878	2488320
17744	1258	2378	2488320
17745	1258	2383	100000
17746	1258	2393	100000
17747	1258	2503	100000
17748	1258	2505	51840
17749	1258	2621	100000
17750	1258	2668	2488320
17751	1258	3521	2488320
17752	1258	3673	100000
17753	1258	3686	100000
17754	1258	3689	51840
17755	1258	3912	100000
17756	1258	3947	100000
17757	1258	3955	51840
17758	1258	3958	100000
17759	1258	3963	100000
17760	1258	3964	51840
17761	1258	4857	100000
17762	1258	5775	100000
17763	1258	8684	51840
17764	1258	8693	100000
17765	1258	8708	100000
17766	1258	8712	51840
17767	1258	8713	51840
17768	1258	8827	100000
17769	1258	8831	2488320
17770	1258	8988	100000
17771	1258	8989	2488320
17772	1258	8990	2488320
17773	1258	9006	100000
17774	1258	9007	100000
17775	1258	9077	51840
17776	1258	9084	51840
17777	1258	9086	51840
17778	1258	9111	100000
17779	1258	9117	1244160
17780	1258	9120	100000
17781	1258	9127	100000
17782	1258	9128	51840
17783	1258	9212	1244160
17784	1258	9885	100000
17785	1262	2492	2488320
17786	1263	1360	2488320
17787	1263	2378	100000
17788	1263	3526	100000
17789	1263	3530	2488320
17790	1263	3540	100000
17791	1263	3691	2488320
17792	1263	8709	51840
17793	1263	8821	51840
17794	1264	1504	100000
17795	1265	1322	1244160
17796	1265	2360	100000
17797	1265	3542	51840
17798	1265	3888	100000
17799	1265	4012	2488320
17800	1265	8672	51840
17801	1265	9280	51840
17802	1266	2360	100000
17803	1266	2426	100000
17804	1266	2427	1244160
17805	1266	2430	51840
17806	1266	14854	51840
17807	1266	14925	1244160
17808	1266	14953	51840
17809	1266	14995	51840
17810	1266	15021	51840
17811	1266	15111	51840
17812	1266	15337	51840
17813	1266	15338	51840
17814	1267	2360	100000
17815	1267	3912	2488320
17816	1267	4086	51840
17817	1267	9257	51840
17818	1268	3883	51840
17819	1268	3889	51840
17820	1268	4035	1244160
17821	1268	8886	51840
17822	1269	3755	51840
17823	1269	9025	1244160
17824	1270	2360	100000
17825	1271	3662	51840
17826	1271	8925	51840
17827	1272	2365	1244160
17828	1272	3613	100000
17829	1272	3899	100000
17830	1272	3901	100000
17831	1272	8639	51840
17832	1272	9151	51840
17833	1273	8651	100000
17834	1274	1284	100000
17835	1275	1326	51840
17836	1275	2359	100000
17837	1275	2464	51840
17838	1275	3593	100000
17839	1275	3774	51840
17840	1275	3971	100000
17841	1275	4004	51840
17842	1275	8904	51840
17843	1275	9107	51840
17844	1275	9170	51840
17845	1275	9289	51840
17846	1275	12981	51840
17847	1275	15381	51840
17848	1276	1277	100000
17849	1276	1874	100000
17850	1276	2029	100000
17851	1276	2163	100000
17852	1276	2359	100000
17853	1276	2467	51840
17854	1276	3452	51840
17855	1276	3564	51840
17856	1276	3591	2488320
17857	1276	3608	100000
17858	1276	3609	51840
17859	1276	3663	100000
17860	1276	3694	100000
17861	1276	3812	100000
17862	1276	3841	100000
17863	1276	3842	466560
17864	1276	3895	51840
17865	1276	3972	51840
17866	1276	3998	1244160
17867	1276	4010	100000
17868	1276	4020	100000
17869	1276	4030	1244160
17870	1276	4079	51840
17871	1276	4103	51840
17872	1276	8640	100000
17873	1276	8648	2488320
17874	1276	8653	51840
17875	1276	8658	100000
17876	1276	8667	51840
17877	1276	8671	100000
17878	1276	8681	100000
17879	1276	8685	100000
17880	1276	8783	51840
17881	1276	8795	100000
17882	1276	8855	2488320
17883	1276	8860	1244160
17884	1276	8867	100000
17885	1276	8883	100000
17886	1276	8884	1244160
17887	1276	8891	2488320
17888	1276	8897	2488320
17889	1276	8902	466560
17890	1276	8974	51840
17891	1276	9096	100000
17892	1276	9145	51840
17893	1276	9187	1244160
17894	1276	15315	51840
17895	1276	15316	51840
17896	1276	15388	51840
17897	1276	15389	51840
17898	1277	3451	100000
17899	1278	1289	51840
17900	1278	1874	2488320
17901	1278	3607	51840
17902	1278	3716	100000
17903	1278	3725	51840
17904	1280	1297	100000
17905	1280	1302	100000
17906	1280	1305	2488320
17907	1280	1332	100000
17908	1280	1342	2488320
17909	1280	3585	51840
17910	1280	3875	1244160
17911	1280	8801	100000
17912	1280	8954	51840
17913	1280	9039	100000
17914	1280	9191	51840
17915	1280	15299	51840
17916	1280	15321	51840
17917	1281	1290	100000
17918	1281	2516	51840
17919	1282	2526	100000
17920	1282	3518	1244160
17921	1282	3617	51840
17922	1282	3769	51840
17923	1282	3882	51840
17924	1282	3889	100000
17925	1283	3708	100000
17926	1283	5069	100000
17927	1283	8956	100000
17928	1284	1300	466560
17929	1284	1379	100000
17930	1284	1878	100000
17931	1284	1947	2488320
17932	1284	2163	100000
17933	1284	2359	100000
17934	1284	2417	100000
17935	1284	2418	2488320
17936	1284	2419	2488320
17937	1284	2420	100000
17938	1284	2457	100000
17939	1284	2461	100000
17940	1284	2462	1244160
17941	1284	2621	100000
17942	1284	3472	100000
17943	1284	3473	100000
17944	1284	3474	100000
17945	1284	3475	100000
17946	1284	3482	100000
17947	1284	3501	2488320
17948	1284	3502	100000
17949	1284	3503	100000
17950	1284	3504	100000
17951	1284	3505	100000
17952	1284	3578	100000
17953	1284	3580	51840
17954	1284	3583	100000
17955	1284	3595	1244160
17956	1284	3600	100000
17957	1284	3602	51840
17958	1284	3603	51840
17959	1284	3604	51840
17960	1284	3624	51840
17961	1284	3625	2488320
17962	1284	3626	51840
17963	1284	3627	51840
17964	1284	3628	51840
17965	1284	3631	100000
17966	1284	3656	51840
17967	1284	3657	2488320
17968	1284	3658	466560
17969	1284	3659	51840
17970	1284	3661	51840
17971	1284	3695	100000
17972	1284	3696	51840
17973	1284	3697	51840
17974	1284	3698	2488320
17975	1284	3701	51840
17976	1284	3702	51840
17977	1284	3704	51840
17978	1284	3705	51840
17979	1284	3732	51840
17980	1284	3734	100000
17981	1284	3737	100000
17982	1284	3738	51840
17983	1284	3741	51840
17984	1284	3743	51840
17985	1284	3746	51840
17986	1284	3747	51840
17987	1284	3748	51840
17988	1284	3752	51840
17989	1284	3767	51840
17990	1284	3779	100000
17991	1284	3780	100000
17992	1284	3782	51840
17993	1284	3784	51840
17994	1284	3785	2488320
17995	1284	3786	100000
17996	1284	3788	100000
17997	1284	3789	51840
17998	1284	3790	100000
17999	1284	3792	51840
18000	1284	3794	100000
18001	1284	3795	100000
18002	1284	3796	51840
18003	1284	3797	2488320
18004	1284	3798	100000
18005	1284	3799	51840
18006	1284	3800	100000
18007	1284	3801	51840
18008	1284	3802	100000
18009	1284	3803	51840
18010	1284	3850	51840
18011	1284	3852	51840
18012	1284	3854	100000
18013	1284	3855	51840
18014	1284	3857	2488320
18015	1284	3858	51840
18016	1284	3859	51840
18017	1284	3860	51840
18018	1284	3862	51840
18019	1284	3863	51840
18020	1284	3864	51840
18021	1284	3865	100000
18022	1284	3867	51840
18023	1284	3868	51840
18024	1284	3869	51840
18025	1284	3870	100000
18026	1284	3871	100000
18027	1284	3872	100000
18028	1284	3912	100000
18029	1284	3914	51840
18030	1284	3915	51840
18031	1284	3917	100000
18032	1284	3918	100000
18033	1284	3919	2488320
18034	1284	3921	1244160
18035	1284	3923	100000
18036	1284	3925	51840
18037	1284	3926	51840
18038	1284	3927	51840
18039	1284	3928	51840
18040	1284	3929	100000
18041	1284	3930	100000
18042	1284	3932	51840
18043	1284	3933	51840
18044	1284	3935	51840
18045	1284	3937	100000
18046	1284	3977	1244160
18047	1284	3980	51840
18048	1284	3981	2488320
18049	1284	3984	100000
18050	1284	3985	51840
18051	1284	3986	51840
18052	1284	3987	2488320
18053	1284	3988	100000
18054	1284	3989	51840
18055	1284	3990	51840
18056	1284	3994	51840
18057	1284	3995	51840
18058	1284	4006	100000
18059	1284	4046	51840
18060	1284	4047	51840
18061	1284	4049	51840
18062	1284	4051	2488320
18063	1284	4052	51840
18064	1284	4055	51840
18065	1284	4057	100000
18066	1284	4058	51840
18067	1284	4060	1244160
18068	1284	4063	51840
18069	1284	4065	51840
18070	1284	4067	51840
18071	1284	4068	51840
18072	1284	4070	51840
18073	1284	4071	51840
18074	1284	4073	51840
18075	1284	4074	100000
18076	1284	4075	51840
18077	1284	4076	51840
18078	1284	4077	100000
18079	1284	4078	51840
18080	1284	4857	2488320
18081	1284	5775	100000
18082	1284	8737	51840
18083	1284	8738	466560
18084	1284	8742	100000
18085	1284	8748	51840
18086	1284	8754	51840
18087	1284	8757	1244160
18088	1284	8758	51840
18089	1284	8764	100000
18090	1284	8767	51840
18091	1284	8914	51840
18092	1284	8919	51840
18093	1284	8920	51840
18094	1284	8923	1244160
18095	1284	8927	51840
18096	1284	8930	51840
18097	1284	8931	51840
18098	1284	8932	100000
18099	1284	8933	100000
18100	1284	8934	51840
18101	1284	8939	51840
18102	1284	8941	100000
18103	1284	8942	100000
18104	1284	8943	100000
18105	1284	8944	1244160
18106	1284	8946	1244160
18107	1284	8949	51840
18108	1284	8950	51840
18109	1284	8951	51840
18110	1284	9042	2488320
18111	1284	9043	100000
18112	1284	9044	100000
18113	1284	9046	51840
18114	1284	9048	51840
18115	1284	9049	51840
18116	1284	9051	100000
18117	1284	9053	100000
18118	1284	9137	100000
18119	1284	9138	100000
18120	1284	9139	51840
18121	1284	9140	51840
18122	1284	9141	100000
18123	1284	9143	100000
18124	1284	9144	100000
18125	1284	9147	51840
18126	1284	9148	51840
18127	1284	9220	2488320
18128	1284	9223	100000
18129	1284	9226	51840
18130	1284	9228	100000
18131	1284	9232	51840
18132	1284	9234	1244160
18133	1284	9235	51840
18134	1284	9236	2488320
18135	1284	9237	1244160
18136	1284	9238	51840
18137	1284	9239	51840
18138	1284	9240	51840
18139	1284	9241	51840
18140	1284	9242	51840
18141	1284	9243	51840
18142	1284	9244	51840
18143	1284	9245	51840
18144	1284	9246	1244160
18145	1284	9247	51840
18146	1284	9248	51840
18147	1284	9249	51840
18148	1284	9250	51840
18149	1284	9251	51840
18150	1284	9252	51840
18151	1284	9254	51840
18152	1284	9255	51840
18153	1284	15393	100000
18154	1285	2424	100000
18155	1286	1329	51840
18156	1286	3449	51840
18157	1286	3565	100000
18158	1286	3617	51840
18159	1286	3889	100000
18160	1286	3969	100000
18161	1286	8796	51840
18162	1286	8971	51840
18163	1286	9167	51840
18164	1286	9263	51840
18165	1287	1333	51840
18166	1287	3569	466560
18167	1287	3764	51840
18168	1287	3889	100000
18169	1287	8641	100000
18170	1287	8886	51840
18171	1287	15339	1244160
18172	1287	15340	51840
18173	1288	1289	51840
18174	1288	1302	2488320
18175	1288	3502	51840
18176	1288	4014	51840
18177	1288	9017	51840
18178	1289	1747	51840
18179	1289	2359	2488320
18180	1289	2372	51840
18181	1289	2413	51840
18182	1289	3444	1244160
18183	1289	3511	100000
18184	1289	3544	100000
18185	1289	3562	100000
18186	1289	3573	51840
18187	1289	3904	1244160
18188	1289	4011	51840
18189	1289	4093	100000
18190	1289	8686	100000
18191	1289	8785	51840
18192	1289	8787	100000
18193	1289	8857	1244160
18194	1289	8961	1244160
18195	1289	8979	51840
18196	1289	9161	51840
18197	1289	9194	100000
18198	1289	9200	51840
18199	1289	9284	51840
18200	1289	9294	51840
18201	1289	9297	51840
18202	1290	2163	100000
18203	1290	2368	51840
18204	1290	2464	51840
18205	1290	3652	51840
18206	1290	3755	51840
18207	1290	4004	51840
18208	1290	9199	51840
18209	1291	2378	51840
18210	1292	1718	100000
18211	1292	1878	2488320
18212	1292	2163	2488320
18213	1292	2621	100000
18214	1292	3912	100000
18215	1292	4857	100000
18216	1292	8637	51840
18217	1292	9153	51840
18218	1293	8835	2488320
18219	1296	2360	100000
18220	1297	3451	100000
18221	1297	6210	51840
18222	1297	8977	100000
18223	1298	1874	100000
18224	1298	2409	51840
18225	1298	3485	100000
18226	1298	3844	100000
18227	1298	4081	100000
18228	1298	8666	100000
18229	1298	8847	51840
18230	1298	9017	1244160
18231	1298	9197	100000
18232	1298	15374	100000
18233	1304	1504	100000
18234	1304	1631	100000
18235	1304	1874	2488320
18236	1304	2472	100000
18237	1304	2474	100000
18238	1304	3819	51840
18239	1304	9015	100000
18240	1304	15570	51840
18241	1304	15578	100000
18242	1305	3451	100000
18243	1305	3715	51840
18244	1307	2376	51840
18245	1307	2452	51840
18246	1307	3912	51840
18247	1307	15094	1244160
18248	1307	15335	51840
18249	1307	15342	51840
18250	1307	15360	51840
18251	1307	15392	51840
18252	1309	2360	100000
18253	1309	15355	100000
18254	1310	1344	51840
18255	1310	1504	100000
18256	1310	2359	100000
18257	1310	2360	100000
18258	1312	1316	100000
18259	1312	2354	51840
18260	1312	2473	100000
18261	1312	3492	100000
18262	1312	3816	2488320
18263	1312	3818	100000
18264	1312	3820	100000
18265	1312	3821	2488320
18266	1312	3823	2488320
18267	1312	3825	100000
18268	1312	3828	100000
18269	1312	3829	100000
18270	1312	3832	100000
18271	1312	4095	100000
18272	1312	8644	2488320
18273	1312	15320	51840
18274	1313	3712	1244160
18275	1314	3816	100000
18276	1314	8643	51840
18277	1314	8850	51840
18278	1314	8878	100000
18279	1314	8882	100000
18280	1314	9012	100000
18281	1314	9193	100000
18282	1315	3827	100000
18283	1315	3831	100000
18284	1315	8683	2488320
18285	1315	15569	100000
18286	1319	3912	100000
18287	1320	2359	51840
18288	1320	4000	100000
18289	1321	8735	51840
18290	1323	8497	2488320
18291	1324	2428	51840
18292	1324	3574	51840
18293	1325	2455	51840
18294	1328	2357	51840
18295	1328	2424	51840
18296	1331	9067	51840
18297	1332	3577	100000
18298	1332	4236	51840
18299	1332	8778	1244160
18300	1333	8633	100000
18301	1335	3975	51840
18302	1336	3912	100000
18303	1336	8805	51840
18304	1338	2359	100000
18305	1340	3664	51840
18306	1341	3466	51840
18307	1341	3912	100000
18308	1341	8659	51840
18309	1342	5069	100000
18310	1343	2360	100000
18311	1344	1504	100000
18312	1344	2905	2488320
18313	1344	4014	1244160
18314	1344	12470	51840
18315	1346	6927	51840
18316	1346	8514	51840
18317	1347	4373	51840
18318	1347	4500	1244160
18319	1347	4602	100000
18320	1347	5775	100000
18321	1347	8433	51840
18322	1347	12190	51840
18323	1348	2163	2488320
18324	1348	14247	51840
18325	1350	2163	100000
18326	1353	10401	51840
18327	1354	1906	100000
18328	1355	2286	100000
18329	1358	2163	1244160
18330	1359	1878	51840
18331	1360	1475	100000
18332	1360	2148	2488320
18333	1360	2163	2488320
18334	1360	3001	51840
18335	1361	10188	51840
18336	1364	3097	100000
18337	1365	1588	100000
18338	1365	2163	2488320
18339	1367	1617	100000
18340	1367	2273	100000
18341	1367	6526	51840
18342	1367	6724	100000
18343	1367	7110	51840
18344	1367	9480	51840
18345	1367	14418	51840
18346	1367	14479	1244160
18347	1368	1847	100000
18348	1368	12462	100000
18349	1368	14452	51840
18350	1368	14729	51840
18351	1368	14815	51840
18352	1368	14817	51840
18353	1368	15443	51840
18354	1368	15496	51840
18355	1368	15514	51840
18356	1368	15563	51840
18357	1368	15564	100000
18358	1369	1382	100000
18359	1369	1651	51840
18360	1369	1878	100000
18361	1369	1924	51840
18362	1369	2163	100000
18363	1369	2269	100000
18364	1369	2569	100000
18365	1369	2590	466560
18366	1369	2653	100000
18367	1369	2744	100000
18368	1369	4168	51840
18369	1369	4172	100000
18370	1369	4366	100000
18371	1369	4815	51840
18372	1369	4895	51840
18373	1369	6694	100000
18374	1369	6698	2488320
18375	1369	6844	1244160
18376	1369	6916	1244160
18377	1369	7065	51840
18378	1369	7113	100000
18379	1369	8099	100000
18380	1369	8154	466560
18381	1369	8168	1244160
18382	1369	8346	1244160
18383	1369	8488	100000
18384	1369	9306	2488320
18385	1369	9386	51840
18386	1369	9458	51840
18387	1369	9476	100000
18388	1369	9929	2488320
18389	1369	10374	100000
18390	1369	10467	51840
18391	1369	11515	51840
18392	1369	11615	100000
18393	1369	11748	1244160
18394	1369	12488	51840
18395	1369	13711	51840
18396	1369	13755	51840
18397	1369	13989	51840
18398	1369	14360	100000
18399	1369	15073	466560
18400	1369	15463	51840
18401	1370	11532	51840
18402	1371	12845	51840
18403	1371	15440	51840
18404	1372	6706	51840
18405	1373	6120	100000
18406	1374	2167	100000
18407	1375	10604	100000
18408	1375	12860	100000
18409	1376	1588	100000
18410	1376	9703	466560
18411	1377	4435	100000
18412	1378	2163	100000
18413	1378	2275	51840
18414	1378	4812	100000
18415	1378	5198	2488320
18416	1380	1588	51840
18417	1380	2163	100000
18418	1382	1718	51840
18419	1382	1730	100000
18420	1382	1806	51840
18421	1382	1807	100000
18422	1382	1850	100000
18423	1382	1852	51840
18424	1382	1878	2488320
18425	1382	2009	100000
18426	1382	2163	100000
18427	1382	2609	51840
18428	1382	2674	466560
18429	1382	4346	51840
18430	1382	4513	51840
18431	1382	4857	100000
18432	1382	5151	51840
18433	1382	5170	51840
18434	1382	6959	51840
18435	1382	8180	100000
18436	1382	11940	51840
18437	1382	12316	100000
18438	1382	15096	51840
18439	1382	15201	51840
18440	1382	15202	51840
18441	1382	15213	51840
18442	1385	1850	1244160
18443	1385	2163	100000
18444	1390	6920	100000
18445	1392	1807	100000
18446	1392	6326	100000
18447	1392	6865	51840
18448	1392	7090	51840
18449	1392	10061	100000
18450	1393	2001	51840
18451	1394	2163	100000
18452	1395	2163	100000
18453	1395	15227	51840
18454	1396	4230	51840
18455	1396	4812	100000
18456	1396	8532	1244160
18457	1397	4438	100000
18458	1397	5023	100000
18459	1398	1878	100000
18460	1399	2359	2488320
18461	1399	8780	51840
18462	1399	9038	51840
18463	1400	1427	100000
18464	1400	1470	100000
18465	1400	1497	100000
18466	1400	1878	100000
18467	1400	2668	100000
18468	1400	2835	100000
18469	1400	3121	51840
18470	1400	3298	100000
18471	1400	4857	100000
18472	1400	5527	2488320
18473	1400	5704	100000
18474	1400	5710	1244160
18475	1400	5775	100000
18476	1400	7541	51840
18477	1400	7769	100000
18478	1400	8015	51840
18479	1400	10786	51840
18480	1400	10894	2488320
18481	1400	13048	51840
18482	1400	15663	100000
18483	1400	15664	51840
18484	1400	15698	2488320
18485	1401	2163	51840
18486	1402	1726	1244160
18487	1403	1504	466560
18488	1403	1588	100000
18489	1403	1718	51840
18490	1403	1850	100000
18491	1403	1874	2488320
18492	1403	1878	2488320
18493	1403	1917	100000
18494	1403	2621	100000
18495	1403	4857	2488320
18496	1403	5288	2488320
18497	1403	9544	51840
18498	1403	10102	100000
18499	1403	11743	100000
18500	1403	12882	51840
18501	1403	14243	51840
18502	1403	14244	51840
18503	1403	15222	100000
18504	1403	15223	2488320
18505	1403	15224	100000
18506	1404	9599	1244160
18507	1405	11885	100000
18508	1405	15222	51840
18509	1405	15223	51840
18510	1405	15224	100000
18511	1406	7118	51840
18512	1406	11914	51840
18513	1406	14546	51840
18514	1408	13807	51840
18515	1409	6968	100000
18516	1411	4827	51840
18517	1412	1681	51840
18518	1418	2231	100000
18519	1422	14904	100000
18520	1422	15047	51840
18521	1422	15183	51840
18522	1422	15492	51840
18523	1426	1986	100000
18524	1426	2021	51840
18525	1426	2777	100000
18526	1426	2817	100000
18527	1426	2820	100000
18528	1426	2868	100000
18529	1426	2900	2488320
18530	1426	2922	100000
18531	1426	2932	100000
18532	1426	3102	100000
18533	1426	3197	100000
18534	1426	3377	100000
18535	1426	3429	2488320
18536	1426	5353	100000
18537	1426	5466	100000
18538	1426	5737	1244160
18539	1426	5745	51840
18540	1426	5906	100000
18541	1426	6011	100000
18542	1426	7279	100000
18543	1426	7720	100000
18544	1426	7885	51840
18545	1426	11144	51840
18546	1426	11197	1244160
18547	1426	11264	51840
18548	1426	11332	51840
18549	1426	11361	100000
18550	1426	11409	1244160
18551	1426	12986	51840
18552	1426	13019	2488320
18553	1426	13412	51840
18554	1426	13483	51840
18555	1426	13644	51840
18556	1427	1444	2488320
18557	1427	1470	51840
18558	1427	1541	51840
18559	1427	1865	100000
18560	1427	1878	100000
18561	1427	2234	2488320
18562	1427	2359	2488320
18563	1427	2660	100000
18564	1427	2933	100000
18565	1427	2998	51840
18566	1427	3037	51840
18567	1427	3052	100000
18568	1427	3090	100000
18569	1427	3421	2488320
18570	1427	4799	100000
18571	1427	5823	1244160
18572	1427	5884	51840
18573	1427	5897	100000
18574	1427	5904	100000
18575	1427	5962	1244160
18576	1427	7399	51840
18577	1427	7528	100000
18578	1427	7543	100000
18579	1427	7565	51840
18580	1427	7713	51840
18581	1427	7811	100000
18582	1427	7901	51840
18583	1427	7947	51840
18584	1427	7981	51840
18585	1427	9753	51840
18586	1427	10443	51840
18587	1427	10667	100000
18588	1427	10690	51840
18589	1427	10748	51840
18590	1427	10819	1244160
18591	1427	11080	100000
18592	1427	11347	51840
18593	1427	11351	1244160
18594	1427	13000	100000
18595	1427	13065	51840
18596	1427	13133	51840
18597	1427	13276	100000
18598	1427	13622	51840
18599	1427	15138	51840
18600	1428	2059	1244160
18601	1428	3407	100000
18602	1429	7577	51840
18603	1429	10681	51840
18604	1430	2932	100000
18605	1430	3224	1244160
18606	1430	3239	100000
18607	1431	3271	2488320
18608	1432	1878	100000
18609	1432	2913	100000
18610	1432	5632	51840
18611	1432	10792	51840
18612	1434	1445	51840
18613	1434	1539	2488320
18614	1434	5679	51840
18615	1435	1462	466560
18616	1435	1470	51840
18617	1435	1878	100000
18618	1435	1961	51840
18619	1435	2234	2488320
18620	1435	2621	100000
18621	1435	2835	100000
18622	1435	3044	100000
18623	1435	3134	100000
18624	1435	5365	51840
18625	1435	7485	51840
18626	1435	7875	51840
18627	1435	10793	100000
18628	1436	5302	100000
18629	1437	1470	51840
18630	1437	1504	100000
18631	1437	1878	466560
18632	1437	2359	100000
18633	1437	2621	100000
18634	1437	2668	100000
18635	1437	2835	100000
18636	1437	5775	100000
18637	1438	2029	100000
18638	1438	2048	100000
18639	1438	5666	2488320
18640	1438	10938	51840
18641	1438	11292	51840
18642	1438	11305	51840
18643	1438	13018	51840
18644	1438	13521	51840
18645	1439	3308	2488320
18646	1439	10736	51840
18647	1440	1443	100000
18648	1440	1485	51840
18649	1440	2856	51840
18650	1440	3062	100000
18651	1440	3170	51840
18652	1440	5308	100000
18653	1440	5468	51840
18654	1440	5598	51840
18655	1440	7418	51840
18656	1440	7534	1244160
18657	1440	7589	100000
18658	1440	7770	51840
18659	1440	10990	51840
18660	1440	11293	100000
18661	1441	2833	2488320
18662	1442	5440	1244160
18663	1444	1464	100000
18664	1444	1469	100000
18665	1444	1470	51840
18666	1444	1487	100000
18667	1444	1504	466560
18668	1444	1529	100000
18669	1444	1532	51840
18670	1444	1533	100000
18671	1444	1588	100000
18672	1444	1624	2488320
18673	1444	1718	100000
18674	1444	1850	100000
18675	1444	1878	100000
18676	1444	2009	2488320
18677	1444	2022	100000
18678	1444	2071	100000
18679	1444	2075	466560
18680	1444	2091	51840
18681	1444	2163	100000
18682	1444	2441	100000
18683	1444	2467	100000
18684	1444	2621	100000
18685	1444	2699	51840
18686	1444	2797	51840
18687	1444	2835	100000
18688	1444	2837	2488320
18689	1444	2859	51840
18690	1444	2931	51840
18691	1444	2942	2488320
18692	1444	2958	2488320
18693	1444	3008	2488320
18694	1444	3188	100000
18695	1444	3229	100000
18696	1444	3328	100000
18697	1444	3392	2488320
18698	1444	3452	2488320
18699	1444	3564	51840
18700	1444	3895	2488320
18701	1444	4857	100000
18702	1444	5330	2488320
18703	1444	5775	100000
18704	1444	5784	100000
18705	1444	5796	100000
18706	1444	5797	100000
18707	1444	5810	2488320
18708	1444	5884	51840
18709	1444	5962	100000
18710	1444	5968	100000
18711	1444	7138	100000
18712	1444	7303	100000
18713	1444	7384	2488320
18714	1444	7401	100000
18715	1444	7426	51840
18716	1444	7525	100000
18717	1444	7538	51840
18718	1444	7541	51840
18719	1444	7552	51840
18720	1444	7574	2488320
18721	1444	7675	51840
18722	1444	7707	51840
18723	1444	7951	51840
18724	1444	8731	2488320
18725	1444	8802	2488320
18726	1444	9656	51840
18727	1444	9795	2488320
18728	1444	10474	51840
18729	1444	10700	51840
18730	1444	10877	100000
18731	1444	11178	2488320
18732	1444	11209	51840
18733	1444	11272	100000
18734	1444	11282	100000
18735	1444	11344	51840
18736	1444	11416	100000
18737	1444	13026	51840
18738	1444	13048	51840
18739	1444	13251	51840
18740	1444	13425	100000
18741	1444	15004	51840
18742	1444	15122	51840
18743	1444	15135	51840
18744	1444	15136	51840
18745	1444	15205	51840
18746	1444	15206	51840
18747	1445	3131	100000
18748	1446	1878	100000
18749	1446	5657	51840
18750	1446	8040	51840
18751	1447	15130	100000
18752	1449	1479	100000
18753	1449	1489	1244160
18754	1449	2019	2488320
18755	1449	2052	100000
18756	1449	2084	100000
18757	1449	2808	100000
18758	1449	2812	100000
18759	1449	2827	100000
18760	1449	2987	100000
18761	1449	3020	100000
18762	1449	3035	1244160
18763	1449	3041	100000
18764	1449	3042	51840
18765	1449	3058	100000
18766	1449	3091	51840
18767	1449	3136	51840
18768	1449	3287	51840
18769	1449	3335	2488320
18770	1449	5350	100000
18771	1449	5374	51840
18772	1449	5879	100000
18773	1449	7402	51840
18774	1449	7514	51840
18775	1449	7704	51840
18776	1449	10670	51840
18777	1449	10886	1244160
18778	1449	11011	100000
18779	1450	1878	2488320
18780	1451	1470	51840
18781	1451	1511	100000
18782	1451	1878	51840
18783	1451	2359	51840
18784	1451	2668	1244160
18785	1451	2835	51840
18786	1451	3034	51840
18787	1451	3228	100000
18788	1451	5759	51840
18789	1451	10820	51840
18790	1452	2070	100000
18791	1452	3153	100000
18792	1452	5831	51840
18793	1452	7671	51840
18794	1452	12999	1244160
18795	1452	13228	51840
18796	1452	13550	51840
18797	1453	1874	100000
18798	1454	5775	100000
18799	1455	1878	100000
18800	1455	11369	51840
18801	1456	3328	100000
18802	1457	2052	51840
18803	1457	3377	100000
18804	1458	2060	466560
18805	1458	7596	51840
18806	1458	10962	51840
18807	1458	13484	51840
18808	1459	5842	100000
18809	1459	5992	2488320
18810	1460	2083	2488320
18811	1460	2861	100000
18812	1461	1470	51840
18813	1461	1878	100000
18814	1461	2234	51840
18815	1461	2621	100000
18816	1461	2668	100000
18817	1461	5031	100000
18818	1461	5775	100000
18819	1461	10742	100000
18820	1462	15667	100000
18821	1463	5578	51840
18822	1464	1470	51840
18823	1464	1504	466560
18824	1464	1874	2488320
18825	1464	1878	100000
18826	1464	1917	100000
18827	1464	2621	100000
18828	1464	2668	100000
18829	1464	2669	100000
18830	1464	2874	100000
18831	1464	2956	51840
18832	1464	2986	100000
18833	1464	3007	51840
18834	1464	3261	51840
18835	1464	4857	100000
18836	1464	5300	100000
18837	1464	5341	100000
18838	1464	5496	100000
18839	1464	5728	51840
18840	1464	5734	51840
18841	1464	5775	100000
18842	1464	5928	51840
18843	1464	7278	2488320
18844	1464	10852	466560
18845	1464	10893	100000
18846	1464	13510	51840
18847	1464	13531	51840
18848	1465	2037	2488320
18849	1465	2234	100000
18850	1465	7324	2488320
18851	1465	7729	1244160
18852	1465	11123	51840
18853	1465	11433	51840
18854	1465	11447	51840
18855	1465	13334	2488320
18856	1465	13418	100000
18857	1465	13614	51840
18858	1467	2929	51840
18859	1467	3177	100000
18860	1467	10691	100000
18861	1467	13669	51840
18862	1468	3025	100000
18863	1469	5992	100000
18864	1470	1471	100000
18865	1470	1475	100000
18866	1470	1500	100000
18867	1470	1504	100000
18868	1470	1525	100000
18869	1470	1526	51840
18870	1470	1530	51840
18871	1470	1541	51840
18872	1470	1549	51840
18873	1470	1559	51840
18874	1470	1600	100000
18875	1470	1709	1244160
18876	1470	1805	1244160
18877	1470	1878	100000
18878	1470	1961	51840
18879	1470	1969	51840
18880	1470	2008	51840
18881	1470	2009	1244160
18882	1470	2029	100000
18883	1470	2037	51840
18884	1470	2041	51840
18885	1470	2054	100000
18886	1470	2062	100000
18887	1470	2086	100000
18888	1470	2234	51840
18889	1470	2359	100000
18890	1470	2621	51840
18891	1470	2668	1244160
18892	1470	2699	51840
18893	1470	2780	51840
18894	1470	2787	51840
18895	1470	2825	51840
18896	1470	2835	51840
18897	1470	2915	51840
18898	1470	2928	100000
18899	1470	2998	51840
18900	1470	3002	51840
18901	1470	3007	51840
18902	1470	3024	51840
18903	1470	3033	51840
18904	1470	3060	51840
18905	1470	3096	51840
18906	1470	3121	51840
18907	1470	3150	2488320
18908	1470	3194	51840
18909	1470	3225	51840
18910	1470	3236	51840
18911	1470	3248	2488320
18912	1470	3262	51840
18913	1470	3302	51840
18914	1470	3321	51840
18915	1470	3419	51840
18916	1470	3421	51840
18917	1470	4236	100000
18918	1470	5365	51840
18919	1470	5453	51840
18920	1470	5531	51840
18921	1470	5710	51840
18922	1470	5759	51840
18923	1470	5775	51840
18924	1470	5909	51840
18925	1470	5911	51840
18926	1470	5975	51840
18927	1470	5992	51840
18928	1470	6030	51840
18929	1470	6250	51840
18930	1470	7305	100000
18931	1470	7324	51840
18932	1470	7329	51840
18933	1470	7399	51840
18934	1470	7472	51840
18935	1470	7565	51840
18936	1470	7650	51840
18937	1470	7683	1244160
18938	1470	7733	100000
18939	1470	8001	51840
18940	1470	10627	51840
18941	1470	10772	51840
18942	1470	10803	51840
18943	1470	10820	51840
18944	1470	10989	51840
18945	1470	11114	51840
18946	1470	12150	51840
18947	1470	13199	51840
18948	1471	1878	100000
18949	1471	2359	100000
18950	1471	2621	100000
18951	1471	2668	2488320
18952	1471	2835	51840
18953	1471	3272	100000
18954	1471	5775	100000
18955	1471	6007	51840
18956	1471	7311	51840
18957	1471	7575	100000
18958	1471	7631	51840
18959	1471	7650	100000
18960	1471	7682	100000
18961	1471	8023	100000
18962	1471	11099	2488320
18963	1471	11135	51840
18964	1471	11143	51840
18965	1471	13107	51840
18966	1471	13672	51840
18967	1471	15599	51840
18968	1472	1504	100000
18969	1473	3120	2488320
18970	1473	13194	51840
18971	1474	1504	100000
18972	1474	2932	100000
18973	1475	1878	2488320
18974	1475	2359	100000
18975	1475	2621	100000
18976	1475	2668	466560
18977	1475	2699	51840
18978	1475	2835	100000
18979	1475	5775	100000
18980	1475	5830	100000
18981	1475	7374	100000
18982	1475	11351	51840
18983	1475	13065	100000
18984	1476	3026	100000
18985	1476	7563	100000
18986	1476	13397	100000
18987	1477	1539	100000
18988	1478	1507	100000
18989	1480	1539	100000
18990	1481	1507	51840
18991	1482	2834	51840
18992	1482	7610	100000
18993	1483	7327	100000
18994	1484	1539	100000
18995	1484	3397	51840
18996	1484	5406	51840
18997	1484	7984	51840
18998	1486	1511	100000
18999	1487	1506	100000
19000	1487	1537	100000
19001	1487	1970	100000
19002	1487	2059	51840
19003	1487	2943	100000
19004	1487	3018	100000
19005	1487	3246	51840
19006	1487	5992	100000
19007	1487	7409	100000
19008	1487	7415	100000
19009	1487	7753	51840
19010	1487	13164	51840
19011	1488	3118	51840
19012	1488	3207	100000
19013	1488	3260	1244160
19014	1488	3371	51840
19015	1488	5529	51840
19016	1488	5625	51840
19017	1488	5994	51840
19018	1488	7392	466560
19019	1488	7792	51840
19020	1488	10723	2488320
19021	1488	11145	51840
19022	1488	13317	1244160
19023	1490	1491	51840
19024	1491	1574	100000
19025	1491	2932	100000
19026	1491	3171	51840
19027	1491	3374	51840
19028	1491	3398	51840
19029	1491	5427	51840
19030	1491	5539	100000
19031	1491	5902	51840
19032	1491	7304	100000
19033	1491	7420	51840
19034	1491	7511	51840
19035	1491	10625	2488320
19036	1491	13562	1244160
19037	1494	5775	51840
19038	1495	1984	100000
19039	1495	11170	100000
19040	1496	5631	100000
19041	1500	1511	100000
19042	1500	2359	466560
19043	1500	2621	2488320
19044	1500	2668	100000
19045	1500	5723	100000
19046	1501	2083	100000
19047	1501	13482	51840
19048	1502	2029	466560
19049	1503	1504	2488320
19050	1504	1547	100000
19051	1504	1603	2488320
19052	1504	1797	100000
19053	1504	1874	2488320
19054	1504	1878	100000
19055	1504	1883	100000
19056	1504	1900	100000
19057	1504	1995	100000
19058	1504	2000	100000
19059	1504	2001	100000
19060	1504	2016	100000
19061	1504	2023	51840
19062	1504	2073	100000
19063	1504	2104	100000
19064	1504	2163	100000
19065	1504	2216	100000
19066	1504	2219	51840
19067	1504	2234	466560
19068	1504	2359	100000
19069	1504	2397	51840
19070	1504	2596	100000
19071	1504	2629	2488320
19072	1504	2658	100000
19073	1504	2663	2488320
19074	1504	2664	100000
19075	1504	2688	100000
19076	1504	2699	51840
19077	1504	2780	100000
19078	1504	2787	100000
19079	1504	2826	100000
19080	1504	2855	100000
19081	1504	2861	100000
19082	1504	2871	100000
19083	1504	2913	100000
19084	1504	2989	51840
19085	1504	3027	100000
19086	1504	3067	51840
19087	1504	3069	100000
19088	1504	3077	100000
19089	1504	3089	100000
19090	1504	3206	100000
19091	1504	3223	466560
19092	1504	3253	466560
19093	1504	3314	100000
19094	1504	3421	100000
19095	1504	3815	2488320
19096	1504	4014	100000
19097	1504	4028	2488320
19098	1504	4030	100000
19099	1504	4034	51840
19100	1504	4123	100000
19101	1504	4265	100000
19102	1504	4993	51840
19103	1504	5169	51840
19104	1504	5318	100000
19105	1504	5345	100000
19106	1504	5366	2488320
19107	1504	5396	100000
19108	1504	5411	100000
19109	1504	5423	100000
19110	1504	5429	100000
19111	1504	5435	100000
19112	1504	5550	100000
19113	1504	5723	100000
19114	1504	5775	100000
19115	1504	5951	100000
19116	1504	7299	51840
19117	1504	7324	100000
19118	1504	7455	100000
19119	1504	7497	51840
19120	1504	7622	51840
19121	1504	7714	100000
19122	1504	7765	51840
19123	1504	7996	51840
19124	1504	8609	2488320
19125	1504	8732	100000
19126	1504	8826	100000
19127	1504	8860	51840
19128	1504	8905	100000
19129	1504	8979	100000
19130	1504	9031	100000
19131	1504	9281	51840
19132	1504	9491	2488320
19133	1504	10086	51840
19134	1504	10125	100000
19135	1504	10837	100000
19136	1504	10985	51840
19137	1504	11083	100000
19138	1504	11271	51840
19139	1504	11280	2488320
19140	1504	11320	100000
19141	1504	11850	100000
19142	1504	12438	2488320
19143	1504	13003	51840
19144	1504	13075	51840
19145	1504	13131	100000
19146	1504	13209	51840
19147	1504	13220	51840
19148	1504	13305	100000
19149	1504	13403	100000
19150	1504	14829	51840
19151	1505	7602	100000
19152	1506	1553	51840
19153	1507	2847	100000
19154	1507	3166	2488320
19155	1507	5503	51840
19156	1507	7777	466560
19157	1507	7946	51840
19158	1507	10851	51840
19159	1507	13095	51840
19160	1507	13173	51840
19161	1508	7391	100000
19162	1509	2787	100000
19163	1510	2022	100000
19164	1510	2072	100000
19165	1510	2776	100000
19166	1510	2828	51840
19167	1510	3032	2488320
19168	1510	5402	1244160
19169	1510	5449	51840
19170	1510	5506	51840
19171	1510	5776	51840
19172	1510	5806	51840
19173	1510	5996	51840
19174	1510	7579	51840
19175	1510	7621	51840
19176	1510	11048	100000
19177	1510	11087	51840
19178	1510	11161	51840
19179	1510	11358	51840
19180	1510	13219	51840
19181	1510	13400	51840
19182	1511	1530	466560
19183	1511	1999	51840
19184	1511	3191	466560
19185	1511	5527	2488320
19186	1511	5586	51840
19187	1511	5700	100000
19188	1511	5759	51840
19189	1511	7617	51840
19190	1511	7947	100000
19191	1511	13118	51840
19192	1511	13146	100000
19193	1511	13261	51840
19194	1511	13326	51840
19195	1512	2925	100000
19196	1513	5516	51840
19197	1513	5571	51840
19198	1514	2022	100000
19199	1514	2846	51840
19200	1514	3138	100000
19201	1514	7739	51840
19202	1514	13184	51840
19203	1515	5993	51840
19204	1515	13257	51840
19205	1515	13667	51840
19206	1516	5149	100000
19207	1516	7548	100000
19208	1517	1600	100000
19209	1517	5965	51840
19210	1518	5631	100000
19211	1519	7351	51840
19212	1519	10922	51840
19213	1519	13213	100000
19214	1520	3142	100000
19215	1520	3311	1244160
19216	1521	3032	51840
19217	1521	10734	51840
19218	1521	11011	100000
19219	1522	1878	100000
19220	1522	1982	100000
19221	1522	3137	51840
19222	1522	5375	100000
19223	1522	7679	2488320
19224	1522	10866	100000
19225	1522	11334	466560
19226	1522	13366	51840
19227	1524	2971	466560
19228	1525	1878	100000
19229	1525	2025	51840
19230	1525	2234	100000
19231	1525	5466	100000
19232	1525	5749	2488320
19233	1525	15138	51840
19234	1526	1878	100000
19235	1527	2867	100000
19236	1527	10615	51840
19237	1528	7303	51840
19238	1529	2932	100000
19239	1529	3151	51840
19240	1529	3328	51840
19241	1529	5858	100000
19242	1529	7848	51840
19243	1529	10791	100000
19244	1529	11170	100000
19245	1529	11196	100000
19246	1529	13474	51840
19247	1529	15070	51840
19248	1530	1878	100000
19249	1530	2621	100000
19250	1530	2668	100000
19251	1530	2835	51840
19252	1530	5775	100000
19253	1533	2042	2488320
19254	1533	2877	100000
19255	1533	2879	100000
19256	1533	3088	100000
19257	1533	3356	100000
19258	1533	5476	100000
19259	1533	5936	100000
19260	1533	10686	100000
19261	1533	11148	51840
19262	1534	2787	51840
19263	1534	5491	51840
19264	1534	6017	51840
19265	1534	11457	51840
19266	1534	13476	51840
19267	1535	2867	100000
19268	1535	7965	51840
19269	1536	2234	100000
19270	1536	5823	51840
19271	1538	2977	2488320
19272	1539	1971	100000
19273	1539	2862	51840
19274	1539	2919	100000
19275	1539	2977	100000
19276	1539	3064	100000
19277	1539	3079	466560
19278	1539	3142	100000
19279	1539	3144	51840
19280	1539	3368	100000
19281	1539	4365	2488320
19282	1539	5935	51840
19283	1539	7361	2488320
19284	1539	13185	51840
19285	1540	3092	100000
19286	1541	1878	100000
19287	1541	2359	100000
19288	1541	2621	100000
19289	1541	2668	100000
19290	1541	2763	100000
19291	1541	2835	100000
19292	1541	5992	100000
19293	1541	7504	51840
19294	1542	5900	51840
19295	1543	2867	100000
19296	1543	7977	51840
19297	1543	10615	51840
19298	1545	2080	100000
19299	1545	3043	100000
19300	1545	5390	100000
19301	1545	5738	51840
19302	1545	7714	51840
19303	1545	7855	51840
19304	1545	7870	51840
19305	1545	7973	2488320
19306	1545	10692	1244160
19307	1545	13298	2488320
19308	1546	2054	100000
19309	1546	2897	466560
19310	1547	1878	100000
19311	1547	3049	100000
19312	1547	3239	51840
19313	1547	6705	100000
19314	1547	7610	100000
19315	1547	11359	51840
19316	1547	12470	51840
19317	1549	1878	2488320
19318	1549	2359	100000
19319	1549	2621	100000
19320	1549	2668	100000
19321	1549	2924	51840
19322	1549	5420	51840
19323	1549	5723	1244160
19324	1549	5775	2488320
19325	1549	7617	100000
19326	1549	7944	51840
19327	1549	10999	51840
19328	1550	7742	1244160
19329	1550	13019	51840
19330	1550	13234	1244160
19331	1551	2980	51840
19332	1551	7553	2488320
19333	1552	2883	100000
19334	1552	2989	51840
19335	1552	3003	51840
19336	1552	3290	51840
19337	1552	3375	100000
19338	1552	5348	51840
19339	1552	5663	51840
19340	1552	5683	51840
19341	1552	5707	51840
19342	1552	5735	51840
19343	1552	7789	1244160
19344	1552	7807	51840
19345	1552	7845	100000
19346	1552	7853	51840
19347	1552	7909	51840
19348	1552	7912	51840
19349	1552	10652	100000
19350	1554	1878	100000
19351	1554	1982	51840
19352	1554	2857	51840
19353	1554	2924	51840
19354	1554	3186	51840
19355	1554	3257	51840
19356	1554	8015	1244160
19357	1554	11367	51840
19358	1554	13541	100000
19359	1554	15119	51840
19360	1555	2098	51840
19361	1556	3421	51840
19362	1556	5723	51840
19363	1556	15137	51840
19364	1557	3010	100000
19365	1557	5822	100000
19366	1557	5934	51840
19367	1557	7271	51840
19368	1557	8498	2488320
19369	1557	10736	51840
19370	1557	10753	51840
19371	1557	11431	51840
19372	1558	2103	100000
19373	1558	2841	2488320
19374	1558	2935	100000
19375	1558	3023	100000
19376	1558	3373	2488320
19377	1558	3389	51840
19378	1558	7703	51840
19379	1558	7827	51840
19380	1558	11122	2488320
19381	1558	11270	51840
19382	1558	13028	51840
19383	1558	13246	2488320
19384	1558	13327	1244160
19385	1558	13330	51840
19386	1558	13363	51840
19387	1558	13368	51840
19388	1559	1878	100000
19389	1559	2359	51840
19390	1559	2621	51840
19391	1559	2668	100000
19392	1559	2835	51840
19393	1559	5723	100000
19394	1559	5775	2488320
19395	1560	1600	100000
19396	1560	1982	51840
19397	1560	5775	100000
19398	1560	11060	51840
19399	1561	2021	100000
19400	1561	2972	51840
19401	1561	3004	100000
19402	1561	3240	100000
19403	1561	3330	51840
19404	1561	5398	51840
19405	1561	5566	51840
19406	1561	5717	100000
19407	1561	5750	51840
19408	1561	7348	51840
19409	1561	7387	51840
19410	1561	7646	51840
19411	1561	7866	51840
19412	1561	7878	51840
19413	1561	10624	51840
19414	1561	10653	51840
19415	1561	10712	51840
19416	1561	10764	100000
19417	1561	11132	51840
19418	1561	11218	51840
19419	1561	11222	51840
19420	1561	13526	155520
19421	1561	13543	100000
19422	1562	7532	100000
19423	1563	2029	100000
19424	1564	7281	51840
19425	1564	7859	100000
19426	1566	3381	100000
19427	1566	10861	51840
19428	1567	2806	100000
19429	1567	13124	1244160
19430	1568	3109	51840
19431	1568	3253	2488320
19432	1568	5333	51840
19433	1568	5528	51840
19434	1568	5618	51840
19435	1568	5783	51840
19436	1568	5785	466560
19437	1568	5803	100000
19438	1568	5856	100000
19439	1568	5860	100000
19440	1568	7285	51840
19441	1568	7328	51840
19442	1568	7405	100000
19443	1568	7852	51840
19444	1568	7970	100000
19445	1568	8027	51840
19446	1568	8039	51840
19447	1568	10620	51840
19448	1568	10661	51840
19449	1568	10672	51840
19450	1568	10780	51840
19451	1568	10842	51840
19452	1568	10954	51840
19453	1568	11025	51840
19454	1568	11090	51840
19455	1568	11126	100000
19456	1568	11136	51840
19457	1568	11188	51840
19458	1568	11366	51840
19459	1568	11374	51840
19460	1568	13020	51840
19461	1568	13116	51840
19462	1568	13130	51840
19463	1568	13225	51840
19464	1568	13360	51840
19465	1568	13372	51840
19466	1569	2932	100000
19467	1572	2001	100000
19468	1575	3415	2488320
19469	1577	2075	100000
19470	1578	1878	100000
19471	1578	7522	51840
19472	1579	2795	2488320
19473	1580	2668	466560
19474	1580	5775	100000
19475	1581	4422	51840
19476	1583	4429	51840
19477	1584	12785	51840
19478	1584	15457	51840
19479	1585	2724	100000
19480	1585	5062	100000
19481	1585	5410	100000
19482	1586	2163	51840
19483	1588	1603	100000
19484	1588	1631	2488320
19485	1588	1662	2488320
19486	1588	1718	100000
19487	1588	1740	100000
19488	1588	1781	100000
19489	1588	1807	100000
19490	1588	1850	100000
19491	1588	1852	51840
19492	1588	1878	100000
19493	1588	1880	51840
19494	1588	1893	100000
19495	1588	1905	100000
19496	1588	1908	100000
19497	1588	1917	100000
19498	1588	1918	2488320
19499	1588	1998	51840
19500	1588	2009	2488320
19501	1588	2122	51840
19502	1588	2156	100000
19503	1588	2163	100000
19504	1588	2216	100000
19505	1588	2231	100000
19506	1588	2243	51840
19507	1588	2309	100000
19508	1588	2334	100000
19509	1588	2546	51840
19510	1588	2621	100000
19511	1588	2704	51840
19512	1588	3396	51840
19513	1588	3729	51840
19514	1588	3912	100000
19515	1588	4111	100000
19516	1588	4135	1244160
19517	1588	4266	100000
19518	1588	4270	100000
19519	1588	4289	100000
19520	1588	4422	51840
19521	1588	4532	51840
19522	1588	4619	1244160
19523	1588	4651	100000
19524	1588	4661	100000
19525	1588	4701	1244160
19526	1588	4720	51840
19527	1588	4766	100000
19528	1588	4846	51840
19529	1588	4857	100000
19530	1588	4878	100000
19531	1588	5031	51840
19532	1588	5112	100000
19533	1588	5123	2488320
19534	1588	5140	51840
19535	1588	5151	100000
19536	1588	5171	466560
19537	1588	5231	1244160
19538	1588	5290	100000
19539	1588	6196	51840
19540	1588	6314	100000
19541	1588	6316	100000
19542	1588	6361	51840
19543	1588	6439	51840
19544	1588	6612	51840
19545	1588	6628	51840
19546	1588	6636	51840
19547	1588	6657	51840
19548	1588	6675	2488320
19549	1588	6704	51840
19550	1588	6716	51840
19551	1588	6763	51840
19552	1588	6848	51840
19553	1588	6850	51840
19554	1588	6917	51840
19555	1588	6969	51840
19556	1588	7228	100000
19557	1588	8053	51840
19558	1588	8109	51840
19559	1588	8131	51840
19560	1588	8180	100000
19561	1588	8198	2488320
19562	1588	8252	51840
19563	1588	8273	51840
19564	1588	8374	51840
19565	1588	9588	51840
19566	1588	9590	51840
19567	1588	9716	51840
19568	1588	9755	100000
19569	1588	9804	51840
19570	1588	9889	1244160
19571	1588	9902	1244160
19572	1588	9991	2488320
19573	1588	9992	51840
19574	1588	10046	51840
19575	1588	10091	51840
19576	1588	10205	51840
19577	1588	10206	51840
19578	1588	10288	2488320
19579	1588	10300	51840
19580	1588	10391	51840
19581	1588	10475	51840
19582	1588	10601	100000
19583	1588	11478	100000
19584	1588	11479	51840
19585	1588	11640	51840
19586	1588	11709	51840
19587	1588	11811	51840
19588	1588	11939	51840
19589	1588	12168	1244160
19590	1588	12258	100000
19591	1588	12649	51840
19592	1588	12717	100000
19593	1588	12751	51840
19594	1588	12906	51840
19595	1588	13795	51840
19596	1588	14063	51840
19597	1588	14166	100000
19598	1588	14365	51840
19599	1588	14437	51840
19600	1589	1866	100000
19601	1590	4741	466560
19602	1591	1606	100000
19603	1592	1815	100000
19604	1593	2637	100000
19605	1593	4812	100000
19606	1593	6318	51840
19607	1593	8180	2488320
19608	1593	11602	51840
19609	1595	4851	51840
19610	1595	4856	51840
19611	1595	4940	100000
19612	1595	11976	51840
19613	1595	12455	51840
19614	1595	12655	51840
19615	1596	5135	100000
19616	1597	6911	100000
19617	1598	2163	2488320
19618	1598	6700	100000
19619	1598	15030	51840
19620	1598	15031	2488320
19621	1599	2163	100000
19622	1599	14685	51840
19623	1600	1878	100000
19624	1600	1989	466560
19625	1600	2359	100000
19626	1600	2621	100000
19627	1600	2668	100000
19628	1600	2787	100000
19629	1600	2899	51840
19630	1600	3068	51840
19631	1600	3137	51840
19632	1600	3191	1244160
19633	1600	3276	100000
19634	1600	3382	100000
19635	1600	3424	100000
19636	1600	5335	100000
19637	1600	5775	100000
19638	1600	5781	100000
19639	1600	5907	2488320
19640	1600	7358	100000
19641	1600	7416	100000
19642	1600	7554	51840
19643	1600	7725	51840
19644	1600	11333	51840
19645	1600	11450	51840
19646	1600	13212	51840
19647	1600	13230	51840
19648	1600	13292	100000
19649	1600	13320	100000
19650	1602	6172	51840
19651	1602	8148	51840
19652	1603	1718	100000
19653	1603	1723	100000
19654	1603	1773	100000
19655	1603	1814	100000
19656	1603	1850	100000
19657	1603	1874	100000
19658	1603	1878	100000
19659	1603	2621	100000
19660	1603	2686	51840
19661	1603	3912	100000
19662	1603	4282	51840
19663	1603	4809	51840
19664	1603	4823	100000
19665	1603	4857	100000
19666	1603	5083	51840
19667	1603	5286	51840
19668	1603	5775	100000
19669	1603	6173	51840
19670	1603	6501	2488320
19671	1603	6535	51840
19672	1603	6670	466560
19673	1603	6727	1244160
19674	1603	6728	51840
19675	1603	7260	51840
19676	1603	8419	51840
19677	1603	8485	51840
19678	1603	9304	51840
19679	1603	9371	100000
19680	1603	9511	51840
19681	1603	9539	100000
19682	1603	9580	100000
19683	1603	9584	51840
19684	1603	9702	51840
19685	1603	9836	51840
19686	1603	10088	51840
19687	1603	10216	51840
19688	1603	10231	51840
19689	1603	10414	51840
19690	1603	11484	100000
19691	1603	11566	51840
19692	1603	11626	51840
19693	1603	11740	100000
19694	1603	11835	51840
19695	1603	11892	51840
19696	1603	11910	100000
19697	1603	11986	100000
19698	1603	12020	51840
19699	1603	12192	51840
19700	1603	12213	100000
19701	1603	12249	100000
19702	1603	12276	51840
19703	1603	12420	51840
19704	1603	12460	51840
19705	1603	12478	51840
19706	1603	12715	1244160
19707	1603	12735	51840
19708	1603	12842	51840
19709	1603	12891	100000
19710	1603	12916	51840
19711	1603	13726	1244160
19712	1603	13729	51840
19713	1603	13951	100000
19714	1603	13967	51840
19715	1603	14021	51840
19716	1603	14137	51840
19717	1603	14163	1244160
19718	1603	14179	100000
19719	1603	14310	100000
19720	1603	14354	100000
19721	1603	14434	51840
19722	1603	14595	100000
19723	1603	14972	100000
19724	1604	4375	100000
19725	1604	4542	51840
19726	1604	4864	51840
19727	1604	5064	100000
19728	1604	6851	51840
19729	1604	7000	51840
19730	1604	10266	51840
19731	1604	10410	51840
19732	1604	11887	51840
19733	1604	12173	51840
19734	1604	12662	100000
19735	1604	12665	51840
19736	1604	12771	51840
19737	1604	13990	51840
19738	1605	4600	51840
19739	1605	6434	100000
19740	1605	9539	1244160
19741	1605	11758	100000
19742	1605	12227	100000
19743	1606	1718	100000
19744	1606	1878	2488320
19745	1606	2152	2488320
19746	1606	2191	51840
19747	1606	2359	100000
19748	1606	2621	100000
19749	1606	2761	51840
19750	1606	4244	1244160
19751	1606	4586	51840
19752	1606	4597	1244160
19753	1606	4893	100000
19754	1606	4906	100000
19755	1606	5168	100000
19756	1606	6104	1244160
19757	1606	6323	51840
19758	1606	6391	51840
19759	1606	6413	51840
19760	1606	6791	51840
19761	1606	7163	100000
19762	1606	7164	51840
19763	1606	8049	100000
19764	1606	8225	51840
19765	1606	8281	51840
19766	1606	8376	2488320
19767	1606	8429	51840
19768	1606	8519	51840
19769	1606	9314	51840
19770	1606	9354	100000
19771	1606	9383	51840
19772	1606	9551	1244160
19773	1606	9729	51840
19774	1606	9801	51840
19775	1606	9844	51840
19776	1606	9849	51840
19777	1606	10439	100000
19778	1606	11617	1244160
19779	1606	11677	51840
19780	1606	11761	51840
19781	1606	11858	100000
19782	1606	12055	51840
19783	1606	12061	100000
19784	1606	12063	1244160
19785	1606	12143	51840
19786	1606	12215	51840
19787	1606	12562	51840
19788	1606	12581	100000
19789	1606	12638	51840
19790	1606	12824	51840
19791	1606	13913	51840
19792	1606	13970	51840
19793	1606	14012	100000
19794	1606	14446	51840
19795	1606	14550	51840
19796	1606	14912	466560
19797	1607	1894	51840
19798	1607	6194	100000
19799	1607	6891	100000
19800	1607	9650	51840
19801	1607	9786	51840
19802	1607	9931	51840
19803	1607	10420	51840
19804	1607	11599	51840
19805	1607	11861	51840
19806	1607	12152	100000
19807	1607	12232	51840
19808	1607	12634	1244160
19809	1608	2240	100000
19810	1608	5291	100000
19811	1608	11593	2488320
19812	1608	11694	100000
19813	1608	13695	51840
19814	1608	14248	51840
19815	1608	14587	51840
19816	1609	2538	2488320
19817	1609	4823	51840
19818	1610	2335	51840
19819	1610	11468	51840
19820	1612	12268	1244160
19821	1613	6326	2488320
19822	1613	7228	51840
19823	1613	8180	100000
19824	1613	14914	100000
19825	1615	4400	100000
19826	1616	1874	100000
19827	1616	2349	100000
19828	1616	5242	100000
19829	1616	7071	51840
19830	1617	2313	466560
19831	1617	2315	51840
19832	1617	2339	1244160
19833	1617	2621	100000
19834	1617	2912	100000
19835	1617	4430	51840
19836	1617	4651	51840
19837	1617	4766	51840
19838	1617	4951	51840
19839	1617	5025	466560
19840	1617	5037	51840
19841	1617	5067	51840
19842	1617	6287	51840
19843	1617	6588	100000
19844	1617	6943	51840
19845	1617	7086	2488320
19846	1617	8210	51840
19847	1617	8221	1244160
19848	1617	8312	51840
19849	1617	8329	51840
19850	1617	8385	51840
19851	1617	9349	51840
19852	1617	9477	51840
19853	1617	9621	51840
19854	1617	9710	51840
19855	1617	10239	51840
19856	1617	10251	51840
19857	1617	10252	51840
19858	1617	10253	2488320
19859	1617	10254	51840
19860	1617	10336	100000
19861	1617	10594	100000
19862	1617	10602	1244160
19863	1617	11490	51840
19864	1617	11572	51840
19865	1617	11583	466560
19866	1617	11930	100000
19867	1617	14020	2488320
19868	1617	14181	51840
19869	1620	2723	51840
19870	1621	5116	100000
19871	1622	6251	100000
19872	1623	4391	100000
19873	1624	1635	100000
19874	1624	1719	100000
19875	1624	1874	466560
19876	1624	2351	466560
19877	1624	2835	100000
19878	1624	4383	51840
19879	1624	4444	51840
19880	1624	4580	51840
19881	1624	5014	100000
19882	1624	5274	100000
19883	1624	8061	51840
19884	1624	10086	51840
19885	1625	6927	100000
19886	1626	2724	100000
19887	1627	1850	100000
19888	1628	2163	100000
19889	1629	1815	2488320
19890	1630	1636	100000
19891	1630	1878	100000
19892	1630	8180	100000
19893	1631	1718	100000
19894	1631	1850	2488320
19895	1631	1976	51840
19896	1631	1977	51840
19897	1631	2163	100000
19898	1631	2375	100000
19899	1631	3512	100000
19900	1632	2163	51840
19901	1633	2163	100000
19902	1634	8530	51840
19903	1638	2621	466560
19904	1638	6807	51840
19905	1638	8180	100000
19906	1638	8597	100000
19907	1638	11871	100000
19908	1639	4741	100000
19909	1642	6403	51840
19910	1643	9668	51840
19911	1645	4827	51840
19912	1645	11832	100000
19913	1648	11555	51840
19914	1648	12244	100000
19915	1649	12725	100000
19916	1650	1815	51840
19917	1650	6255	1244160
19918	1650	6326	51840
19919	1652	1917	2488320
19920	1652	2347	51840
19921	1652	4419	51840
19922	1652	6326	100000
19923	1652	6537	1244160
19924	1652	6798	100000
19925	1652	8122	51840
19926	1652	8174	100000
19927	1652	9894	100000
19928	1652	9973	51840
19929	1652	12129	2488320
19930	1653	1874	100000
19931	1653	6212	100000
19932	1653	8609	100000
19933	1654	8319	100000
19934	1655	2163	100000
19935	1656	4406	51840
19936	1656	4659	51840
19937	1656	4691	51840
19938	1656	5229	51840
19939	1656	8366	51840
19940	1656	10116	51840
19941	1656	12575	51840
19942	1657	1850	100000
19943	1657	1878	1244160
19944	1657	2621	51840
19945	1657	4135	51840
19946	1659	2279	2488320
19947	1660	2621	100000
19948	1660	8142	1244160
19949	1661	5116	100000
19950	1661	10333	100000
19951	1662	7214	1244160
19952	1662	14528	1244160
19953	1673	2696	100000
19954	1686	2231	51840
19955	1690	11832	100000
19956	1690	15214	51840
19957	1692	1695	51840
19958	1695	15011	51840
19959	1695	15076	51840
19960	1700	5016	100000
19961	1700	6271	100000
19962	1701	2286	100000
19963	1701	6609	51840
19964	1701	9438	51840
19965	1701	9905	51840
19966	1701	10280	100000
19967	1701	12650	51840
19968	1702	1917	100000
19969	1702	6399	51840
19970	1702	12241	100000
19971	1703	4429	100000
19972	1703	4564	2488320
19973	1704	15470	51840
19974	1705	4262	100000
19975	1705	14254	1244160
19976	1707	1899	100000
19977	1707	2163	100000
19978	1707	5775	466560
19979	1708	1850	51840
19980	1708	1878	100000
19981	1709	1878	100000
19982	1709	2621	100000
19983	1709	2668	100000
19984	1709	5723	51840
19985	1709	10858	51840
19986	1709	10924	466560
19987	1709	11143	51840
19988	1711	2163	100000
19989	1715	2163	100000
19990	1715	15037	51840
19991	1716	2674	2488320
19992	1716	4510	2488320
19993	1716	12915	51840
19994	1716	14802	51840
19995	1716	15517	51840
19996	1717	2668	100000
19997	1718	1781	100000
19998	1718	1801	51840
19999	1718	1802	100000
20000	1718	1806	2488320
20001	1718	1807	100000
20002	1718	1850	100000
20003	1718	1852	51840
20004	1718	1878	100000
20005	1718	1880	100000
20006	1718	1882	51840
20007	1718	1906	100000
20008	1718	1924	51840
20009	1718	1925	51840
20010	1718	1998	51840
20011	1718	2009	2488320
20012	1718	2122	51840
20013	1718	2134	100000
20014	1718	2198	100000
20015	1718	2216	100000
20016	1718	2231	100000
20017	1718	2323	1244160
20018	1718	2359	100000
20019	1718	2565	51840
20020	1718	2621	100000
20021	1718	2668	100000
20022	1718	2669	51840
20023	1718	2674	100000
20024	1718	2683	51840
20025	1718	2704	51840
20026	1718	3396	51840
20027	1718	3475	100000
20028	1718	3729	51840
20029	1718	3912	100000
20030	1718	4135	1244160
20031	1718	4261	100000
20032	1718	4289	100000
20033	1718	4378	100000
20034	1718	4511	100000
20035	1718	4720	51840
20036	1718	4741	100000
20037	1718	4857	100000
20038	1718	5031	51840
20039	1718	5151	100000
20040	1718	5170	51840
20041	1718	5221	51840
20042	1718	5256	51840
20043	1718	6327	51840
20044	1718	6531	51840
20045	1718	6632	51840
20046	1718	7157	51840
20047	1718	7228	100000
20048	1718	8084	1244160
20049	1718	8139	51840
20050	1718	8180	100000
20051	1718	8592	100000
20052	1718	8616	51840
20053	1718	9481	1244160
20054	1718	9497	51840
20055	1718	9601	51840
20056	1718	9738	51840
20057	1718	9864	51840
20058	1718	9870	51840
20059	1718	9991	100000
20060	1718	10368	100000
20061	1718	11517	51840
20062	1718	12202	51840
20063	1718	12439	466560
20064	1718	12736	2488320
20065	1718	14210	51840
20066	1719	14399	51840
20067	1724	1917	51840
20068	1725	4435	100000
20069	1726	2163	100000
20070	1726	4505	51840
20071	1726	4958	51840
20072	1726	5041	2488320
20073	1726	6804	100000
20074	1726	7249	51840
20075	1726	8301	51840
20076	1726	9811	51840
20077	1726	11716	51840
20078	1726	12231	51840
20079	1726	14351	51840
20080	1727	4740	100000
20081	1729	2142	100000
20082	1729	4223	51840
20083	1730	2163	2488320
20084	1730	10013	100000
20085	1730	12252	100000
20086	1730	14585	51840
20087	1730	14954	51840
20088	1730	14955	100000
20089	1732	14958	51840
20090	1733	8609	466560
20091	1734	2163	2488320
20092	1735	1878	100000
20093	1735	2062	100000
20094	1735	2621	100000
20095	1735	2668	100000
20096	1735	4139	51840
20097	1735	5137	51840
20098	1735	5167	51840
20099	1735	6101	2488320
20100	1735	6161	51840
20101	1735	6841	51840
20102	1735	6858	100000
20103	1735	6989	51840
20104	1735	7190	51840
20105	1735	7218	51840
20106	1735	8058	51840
20107	1735	8425	51840
20108	1735	8548	51840
20109	1735	9359	51840
20110	1735	9627	51840
20111	1735	9676	51840
20112	1735	9888	51840
20113	1735	10092	51840
20114	1735	11654	51840
20115	1735	11688	51840
20116	1735	12303	51840
20117	1735	12375	51840
20118	1735	12452	51840
20119	1735	12524	51840
20120	1735	12656	51840
20121	1735	12801	51840
20122	1735	12872	466560
20123	1735	12897	51840
20124	1735	12900	51840
20125	1735	13692	51840
20126	1735	13784	100000
20127	1735	13883	51840
20128	1735	13962	1244160
20129	1735	13997	2488320
20130	1735	14364	51840
20131	1736	2163	51840
20132	1737	6854	2488320
20133	1739	4265	2488320
20134	1740	4875	51840
20135	1741	2189	466560
20136	1742	1915	100000
20137	1742	2178	100000
20138	1742	2195	100000
20139	1742	2291	51840
20140	1742	2336	100000
20141	1742	2353	100000
20142	1742	2650	51840
20143	1742	2658	100000
20144	1742	2691	1244160
20145	1742	4185	100000
20146	1742	4350	100000
20147	1742	4421	2488320
20148	1742	4426	100000
20149	1742	4461	100000
20150	1742	4602	100000
20151	1742	4627	100000
20152	1742	4910	100000
20153	1742	6073	100000
20154	1742	6092	51840
20155	1742	6155	100000
20156	1742	6170	100000
20157	1742	6212	51840
20158	1742	6321	100000
20159	1742	6330	1244160
20160	1742	6619	100000
20161	1742	6749	51840
20162	1742	6864	100000
20163	1742	8242	100000
20164	1742	8317	100000
20165	1742	8334	51840
20166	1742	8511	51840
20167	1742	8626	51840
20168	1742	9381	51840
20169	1742	9728	51840
20170	1742	9754	100000
20171	1742	10041	100000
20172	1742	11516	100000
20173	1742	11644	51840
20174	1742	11690	51840
20175	1742	11878	51840
20176	1742	12050	51840
20177	1742	12102	51840
20178	1742	12317	51840
20179	1742	12324	100000
20180	1742	12331	51840
20181	1742	12450	51840
20182	1742	12671	2488320
20183	1742	12928	51840
20184	1742	14007	51840
20185	1742	14383	1244160
20186	1742	14386	51840
20187	1742	14394	51840
20188	1742	14398	2488320
20189	1742	14699	51840
20190	1742	14700	51840
20191	1742	14701	1244160
20192	1742	14702	51840
20193	1742	14703	51840
20194	1742	14704	51840
20195	1742	14928	100000
20196	1742	14929	1244160
20197	1742	14930	51840
20198	1742	14931	51840
20199	1742	14932	1244160
20200	1742	14933	51840
20201	1742	14934	51840
20202	1742	14936	51840
20203	1742	14937	51840
20204	1742	14938	51840
20205	1742	14939	51840
20206	1742	14940	51840
20207	1742	14942	51840
20208	1742	14943	51840
20209	1742	14944	51840
20210	1742	14945	51840
20211	1742	14946	51840
20212	1742	14947	51840
20213	1742	14948	51840
20214	1742	15107	51840
20215	1742	15232	51840
20216	1742	15239	1244160
20217	1742	15260	51840
20218	1742	15261	51840
20219	1742	15262	51840
20220	1742	15266	51840
20221	1742	15267	51840
20222	1742	15268	51840
20223	1742	15269	51840
20224	1744	1815	466560
20225	1745	5775	100000
20226	1746	2163	466560
20227	1747	3448	51840
20228	1747	3459	51840
20229	1747	3716	51840
20230	1747	3725	51840
20231	1747	5069	51840
20232	1747	8657	1244160
20233	1747	9158	51840
20234	1747	15298	100000
20235	1753	10287	51840
20236	1754	1850	100000
20237	1754	2638	51840
20238	1754	6378	1244160
20239	1754	8449	1244160
20240	1754	9365	51840
20241	1754	10485	51840
20242	1754	12363	100000
20243	1754	12651	51840
20244	1754	12755	51840
20245	1754	12974	51840
20246	1754	13741	1244160
20247	1754	14144	51840
20248	1754	14456	51840
20249	1756	4741	100000
20250	1757	2163	51840
20251	1758	1847	100000
20252	1758	2264	100000
20253	1758	4922	466560
20254	1758	5176	100000
20255	1758	5200	100000
20256	1758	6809	51840
20257	1758	12366	100000
20258	1758	14728	51840
20259	1758	14729	100000
20260	1758	14807	466560
20261	1758	14815	100000
20262	1758	14817	100000
20263	1758	15443	100000
20264	1758	15496	100000
20265	1758	15514	2488320
20266	1759	1847	100000
20267	1759	4794	100000
20268	1759	6236	51840
20269	1759	6577	51840
20270	1759	7007	1244160
20271	1759	8591	100000
20272	1759	9368	51840
20273	1759	9414	100000
20274	1759	10059	51840
20275	1759	10209	100000
20276	1759	10322	51840
20277	1759	11877	100000
20278	1759	11989	100000
20279	1759	14359	51840
20280	1759	14728	51840
20281	1759	15233	51840
20282	1759	15234	100000
20283	1759	15563	100000
20284	1759	15564	100000
20285	1761	1806	1244160
20286	1761	1878	100000
20287	1761	1924	51840
20288	1761	12066	100000
20289	1762	4177	1244160
20290	1762	4412	51840
20291	1762	10417	51840
20292	1762	14105	51840
20293	1764	2668	51840
20294	1766	6769	51840
20295	1766	6912	51840
20296	1766	8075	51840
20297	1766	8079	51840
20298	1766	8145	51840
20299	1766	9645	51840
20300	1766	9665	51840
20301	1766	9939	1244160
20302	1766	12053	51840
20303	1767	7257	100000
20304	1767	10084	51840
20305	1768	1777	51840
20306	1769	2142	100000
20307	1770	12335	51840
20308	1774	4992	51840
20309	1774	8180	51840
20310	1775	14068	51840
20311	1776	6343	51840
20312	1777	2692	100000
20313	1777	9703	466560
20314	1778	2163	51840
20315	1778	4435	51840
20316	1781	1850	100000
20317	1781	1878	100000
20318	1781	1917	100000
20319	1781	2129	100000
20320	1781	2163	100000
20321	1781	2275	100000
20322	1781	2668	100000
20323	1781	3912	2488320
20324	1781	4286	100000
20325	1781	4377	2488320
20326	1781	4455	51840
20327	1781	4607	51840
20328	1781	4857	100000
20329	1781	4981	1244160
20330	1781	5077	51840
20331	1781	5134	1244160
20332	1781	5178	51840
20333	1781	5184	100000
20334	1781	6437	2488320
20335	1781	6548	51840
20336	1781	6606	51840
20337	1781	6759	51840
20338	1781	7029	100000
20339	1781	8160	51840
20340	1781	9659	51840
20341	1781	9671	51840
20342	1781	10419	51840
20343	1781	11925	51840
20344	1781	12709	100000
20345	1781	12760	51840
20346	1781	13804	51840
20347	1781	14335	51840
20348	1782	13859	51840
20349	1783	2189	100000
20350	1783	2764	51840
20351	1783	12858	51840
20352	1784	2428	100000
20353	1785	9981	100000
20354	1785	13872	51840
20355	1786	6326	51840
20356	1786	7228	51840
20357	1788	2329	2488320
20358	1790	6582	100000
20359	1791	9570	51840
20360	1791	12389	100000
20361	1792	8180	466560
20362	1792	8562	51840
20363	1795	4435	51840
20364	1795	6341	51840
20365	1796	2255	100000
20366	1796	14954	51840
20367	1796	14955	100000
20368	1797	2629	100000
20369	1797	6808	100000
20370	1797	11692	51840
20371	1798	2163	51840
20372	1799	2255	466560
20373	1801	1878	100000
20374	1801	4857	100000
20375	1802	1850	100000
20376	1802	1878	100000
20377	1802	2589	100000
20378	1802	2621	466560
20379	1802	4436	2488320
20380	1802	4438	51840
20381	1802	4857	100000
20382	1802	5021	100000
20383	1802	7008	2488320
20384	1802	7174	100000
20385	1802	7214	100000
20386	1802	14695	51840
20387	1804	2163	100000
20388	1805	1878	466560
20389	1805	2234	51840
20390	1805	2621	466560
20391	1805	2668	100000
20392	1805	2948	100000
20393	1805	5407	51840
20394	1805	5775	100000
20395	1805	5814	51840
20396	1805	5838	100000
20397	1805	13137	51840
20398	1805	13250	1244160
20399	1805	13572	51840
20400	1805	13590	51840
20401	1806	1832	51840
20402	1806	1852	51840
20403	1806	1878	100000
20404	1806	1917	100000
20405	1806	2163	100000
20406	1806	2267	51840
20407	1806	2326	100000
20408	1806	4560	51840
20409	1806	4735	100000
20410	1806	4857	100000
20411	1806	5000	2488320
20412	1806	5256	51840
20413	1806	7124	100000
20414	1806	7125	100000
20415	1806	7228	100000
20416	1806	7255	100000
20417	1806	8505	51840
20418	1806	9370	1244160
20419	1806	9991	1244160
20420	1806	10368	2488320
20421	1806	12066	100000
20422	1806	12544	100000
20423	1806	15091	51840
20424	1806	15093	51840
20425	1807	1850	100000
20426	1807	1856	51840
20427	1807	1878	100000
20428	1807	1917	100000
20429	1807	1954	100000
20430	1807	2581	2488320
20431	1807	2621	100000
20432	1807	2662	100000
20433	1807	2668	100000
20434	1807	3912	100000
20435	1807	4467	100000
20436	1807	4857	2488320
20437	1807	5246	51840
20438	1807	5775	100000
20439	1807	6078	100000
20440	1807	6419	100000
20441	1807	6432	100000
20442	1807	6633	51840
20443	1807	6841	51840
20444	1807	6865	100000
20445	1807	8365	51840
20446	1807	8618	51840
20447	1807	9421	100000
20448	1807	9427	51840
20449	1807	9660	100000
20450	1807	9681	51840
20451	1807	9762	51840
20452	1807	10114	100000
20453	1807	10193	100000
20454	1807	10393	2488320
20455	1807	11674	100000
20456	1807	11974	100000
20457	1807	12275	51840
20458	1807	12288	51840
20459	1807	12410	100000
20460	1807	12522	466560
20461	1807	12704	100000
20462	1807	12732	51840
20463	1807	13791	100000
20464	1807	13958	51840
20465	1807	13972	51840
20466	1808	10470	51840
20467	1809	2163	466560
20468	1809	2746	100000
20469	1809	14991	2488320
20470	1810	5240	100000
20471	1811	2163	100000
20472	1811	4645	51840
20473	1813	2746	100000
20474	1813	4589	100000
20475	1813	4900	51840
20476	1813	9391	100000
20477	1815	1862	2488320
20478	1815	1878	100000
20479	1815	1942	1244160
20480	1815	2174	51840
20481	1815	2203	51840
20482	1815	2259	2488320
20483	1815	2266	2488320
20484	1815	2297	51840
20485	1815	2301	100000
20486	1815	2532	51840
20487	1815	2540	51840
20488	1815	2551	51840
20489	1815	2562	100000
20490	1815	2570	100000
20491	1815	2572	466560
20492	1815	2584	51840
20493	1815	2602	51840
20494	1815	2621	100000
20495	1815	2641	51840
20496	1815	2642	51840
20497	1815	2660	100000
20498	1815	2706	100000
20499	1815	2732	51840
20500	1815	2734	2488320
20501	1815	2748	100000
20502	1815	2757	100000
20503	1815	2759	51840
20504	1815	4113	51840
20505	1815	4119	51840
20506	1815	4157	51840
20507	1815	4243	51840
20508	1815	4308	100000
20509	1815	4327	100000
20510	1815	4356	51840
20511	1815	4367	51840
20512	1815	4371	51840
20513	1815	4385	466560
20514	1815	4393	51840
20515	1815	4412	51840
20516	1815	4456	51840
20517	1815	4473	51840
20518	1815	4485	51840
20519	1815	4508	51840
20520	1815	4529	51840
20521	1815	4563	100000
20522	1815	4569	51840
20523	1815	4587	51840
20524	1815	4609	100000
20525	1815	4611	51840
20526	1815	4642	2488320
20527	1815	4664	51840
20528	1815	4708	100000
20529	1815	4711	51840
20530	1815	4760	100000
20531	1815	4767	51840
20532	1815	4840	51840
20533	1815	4912	100000
20534	1815	4956	100000
20535	1815	4976	51840
20536	1815	4981	51840
20537	1815	5025	51840
20538	1815	5027	51840
20539	1815	5054	51840
20540	1815	5106	51840
20541	1815	5126	100000
20542	1815	5148	51840
20543	1815	5154	51840
20544	1815	5158	100000
20545	1815	5212	51840
20546	1815	5246	100000
20547	1815	5252	51840
20548	1815	5255	51840
20549	1815	5266	51840
20550	1815	5269	51840
20551	1815	6074	51840
20552	1815	6091	51840
20553	1815	6113	51840
20554	1815	6153	100000
20555	1815	6202	1244160
20556	1815	6233	466560
20557	1815	6234	51840
20558	1815	6281	51840
20559	1815	6282	100000
20560	1815	6290	100000
20561	1815	6300	1244160
20562	1815	6302	51840
20563	1815	6309	100000
20564	1815	6311	51840
20565	1815	6328	51840
20566	1815	6331	1244160
20567	1815	6361	51840
20568	1815	6385	51840
20569	1815	6441	51840
20570	1815	6485	51840
20571	1815	6510	1244160
20572	1815	6553	51840
20573	1815	6560	51840
20574	1815	6562	51840
20575	1815	6565	51840
20576	1815	6569	51840
20577	1815	6586	1244160
20578	1815	6593	1244160
20579	1815	6606	51840
20580	1815	6641	51840
20581	1815	6711	51840
20582	1815	6730	51840
20583	1815	6747	100000
20584	1815	6765	51840
20585	1815	6783	51840
20586	1815	6793	1244160
20587	1815	6832	51840
20588	1815	6861	100000
20589	1815	6908	51840
20590	1815	6967	51840
20591	1815	6985	51840
20592	1815	7031	51840
20593	1815	7056	51840
20594	1815	7133	1244160
20595	1815	7141	51840
20596	1815	7155	51840
20597	1815	7178	51840
20598	1815	7201	51840
20599	1815	7224	51840
20600	1815	8044	51840
20601	1815	8069	51840
20602	1815	8072	51840
20603	1815	8095	51840
20604	1815	8110	51840
20605	1815	8130	51840
20606	1815	8136	51840
20607	1815	8161	51840
20608	1815	8186	51840
20609	1815	8209	51840
20610	1815	8261	51840
20611	1815	8267	51840
20612	1815	8287	51840
20613	1815	8290	51840
20614	1815	8332	51840
20615	1815	8382	1244160
20616	1815	8406	51840
20617	1815	8407	51840
20618	1815	8467	51840
20619	1815	8495	51840
20620	1815	8503	51840
20621	1815	8543	51840
20622	1815	8602	51840
20623	1815	9301	51840
20624	1815	9352	51840
20625	1815	9388	1244160
20626	1815	9418	51840
20627	1815	9426	51840
20628	1815	9436	51840
20629	1815	9473	51840
20630	1815	9493	51840
20631	1815	9533	1244160
20632	1815	9538	100000
20633	1815	9570	51840
20634	1815	9572	51840
20635	1815	9573	100000
20636	1815	9586	51840
20637	1815	9603	1244160
20638	1815	9623	51840
20639	1815	9689	51840
20640	1815	9720	51840
20641	1815	9733	51840
20642	1815	9748	51840
20643	1815	9749	51840
20644	1815	9758	51840
20645	1815	9775	51840
20646	1815	9782	2488320
20647	1815	9823	51840
20648	1815	9826	100000
20649	1815	9856	51840
20650	1815	9867	51840
20651	1815	9904	51840
20652	1815	9982	1244160
20653	1815	10003	51840
20654	1815	10046	1244160
20655	1815	10053	51840
20656	1815	10063	51840
20657	1815	10079	51840
20658	1815	10197	51840
20659	1815	10204	51840
20660	1815	10220	2488320
20661	1815	10262	51840
20662	1815	10323	51840
20663	1815	10369	51840
20664	1815	10387	51840
20665	1815	10403	51840
20666	1815	10418	51840
20667	1815	10497	51840
20668	1815	10559	100000
20669	1815	10583	51840
20670	1815	10602	51840
20671	1815	10608	51840
20672	1815	11535	51840
20673	1815	11590	1244160
20674	1815	11665	51840
20675	1815	11699	51840
20676	1815	11700	51840
20677	1815	11710	51840
20678	1815	11713	51840
20679	1815	11715	51840
20680	1815	11721	100000
20681	1815	11734	51840
20682	1815	11845	51840
20683	1815	11854	51840
20684	1815	11866	51840
20685	1815	11959	51840
20686	1815	11960	51840
20687	1815	11967	51840
20688	1815	11995	51840
20689	1815	12007	100000
20690	1815	12015	100000
20691	1815	12027	51840
20692	1815	12150	51840
20693	1815	12157	51840
20694	1815	12306	466560
20695	1815	12318	51840
20696	1815	12339	51840
20697	1815	12373	51840
20698	1815	12436	466560
20699	1815	12440	51840
20700	1815	12464	51840
20701	1815	12556	51840
20702	1815	12646	1244160
20703	1815	12691	51840
20704	1815	12718	51840
20705	1815	12848	51840
20706	1815	12870	51840
20707	1815	13694	51840
20708	1815	13717	51840
20709	1815	13723	51840
20710	1815	13757	51840
20711	1815	13792	51840
20712	1815	13797	51840
20713	1815	13799	51840
20714	1815	13816	51840
20715	1815	13844	51840
20716	1815	13860	51840
20717	1815	13862	51840
20718	1815	13871	51840
20719	1815	13933	51840
20720	1815	14009	51840
20721	1815	14044	51840
20722	1815	14212	1244160
20723	1815	14240	51840
20724	1815	14251	51840
20725	1815	14283	2488320
20726	1815	14287	51840
20727	1815	14295	51840
20728	1815	14305	51840
20729	1815	14306	51840
20730	1815	14345	51840
20731	1815	14365	51840
20732	1815	14403	51840
20733	1815	14409	100000
20734	1815	14431	51840
20735	1815	14466	100000
20736	1815	14469	51840
20737	1815	14471	51840
20738	1815	14495	51840
20739	1815	14604	51840
20740	1815	14996	51840
20741	1816	12701	51840
20742	1817	2136	100000
20743	1817	2224	2488320
20744	1817	2553	100000
20745	1817	2705	100000
20746	1817	4655	100000
20747	1817	4677	100000
20748	1817	7242	51840
20749	1817	13959	51840
20750	1817	14001	51840
20751	1817	14505	51840
20752	1817	14769	51840
20753	1817	14875	100000
20754	1817	15045	51840
20755	1819	1923	100000
20756	1819	2163	100000
20757	1821	1925	51840
20758	1822	4314	100000
20759	1822	4546	100000
20760	1825	12250	51840
20761	1826	2231	100000
20762	1826	2756	100000
20763	1826	4812	466560
20764	1826	4827	2488320
20765	1826	9668	51840
20766	1826	12365	51840
20767	1826	13713	100000
20768	1827	14152	51840
20769	1828	6179	51840
20770	1828	10587	51840
20771	1828	12654	51840
20772	1829	2163	100000
20773	1829	2327	100000
20774	1830	6621	100000
20775	1831	15196	51840
20776	1832	1917	51840
20777	1832	4857	51840
20778	1832	8319	1244160
20779	1832	14776	1244160
20780	1834	5282	51840
20781	1834	6604	1244160
20782	1834	8180	100000
20783	1834	8209	51840
20784	1834	13701	100000
20785	1835	9703	100000
20786	1835	12388	100000
20787	1835	15192	51840
20788	1837	1878	100000
20789	1837	14120	51840
20790	1838	1847	100000
20791	1838	4118	100000
20792	1838	6637	2488320
20793	1838	10107	100000
20794	1838	12847	100000
20795	1838	14857	100000
20796	1838	15563	100000
20797	1838	15564	100000
20798	1838	15568	1244160
20799	1839	1847	100000
20800	1839	9741	100000
20801	1839	11794	51840
20802	1839	11945	100000
20803	1839	15495	51840
20804	1839	15497	51840
20805	1839	15498	51840
20806	1840	1847	100000
20807	1840	4905	2488320
20808	1841	1847	100000
20809	1841	4905	51840
20810	1841	8387	100000
20811	1841	10173	1244160
20812	1841	11573	1244160
20813	1841	12697	51840
20814	1841	12854	1244160
20815	1841	12944	100000
20816	1841	14464	100000
20817	1842	1847	100000
20818	1842	11805	100000
20819	1842	12458	2488320
20820	1843	1847	100000
20821	1843	6933	51840
20822	1843	10357	100000
20823	1843	12494	51840
20824	1844	1847	100000
20825	1844	5102	51840
20826	1844	6336	51840
20827	1844	8274	100000
20828	1844	8621	51840
20829	1844	10073	100000
20830	1844	11814	100000
20831	1844	12281	100000
20832	1844	14777	51840
20833	1845	1847	466560
20834	1845	4905	100000
20835	1845	11481	2488320
20836	1846	1847	100000
20837	1846	12161	51840
20838	1846	12214	155520
20839	1846	13783	51840
20840	1846	15495	100000
20841	1846	15498	100000
20842	1847	2610	100000
20843	1847	2611	100000
20844	1847	2612	2488320
20845	1847	2613	100000
20846	1847	2694	100000
20847	1847	2695	100000
20848	1847	2696	2488320
20849	1847	2697	100000
20850	1848	2163	100000
20851	1849	4436	51840
20852	1850	1852	100000
20853	1850	1874	100000
20854	1850	1878	100000
20855	1850	1917	100000
20856	1850	1936	51840
20857	1850	1949	100000
20858	1850	1998	51840
20859	1850	2009	100000
20860	1850	2116	100000
20861	1850	2122	100000
20862	1850	2163	100000
20863	1850	2216	100000
20864	1850	2243	51840
20865	1850	2267	100000
20866	1850	2323	51840
20867	1850	2359	100000
20868	1850	2545	2488320
20869	1850	2582	51840
20870	1850	2621	100000
20871	1850	2668	100000
20872	1850	2685	2488320
20873	1850	2704	51840
20874	1850	3396	51840
20875	1850	3912	100000
20876	1850	4135	100000
20877	1850	4493	2488320
20878	1850	4532	51840
20879	1850	4575	51840
20880	1850	4598	51840
20881	1850	4603	2488320
20882	1850	4683	2488320
20883	1850	4714	51840
20884	1850	4844	51840
20885	1850	4887	51840
20886	1850	4913	51840
20887	1850	4960	2488320
20888	1850	4973	100000
20889	1850	5028	51840
20890	1850	5031	2488320
20891	1850	5034	100000
20892	1850	5066	100000
20893	1850	5151	100000
20894	1850	5169	51840
20895	1850	5256	51840
20896	1850	6096	100000
20897	1850	6121	2488320
20898	1850	6210	100000
20899	1850	6300	51840
20900	1850	6378	51840
20901	1850	6401	51840
20902	1850	6425	51840
20903	1850	6442	100000
20904	1850	6493	100000
20905	1850	6588	100000
20906	1850	6656	51840
20907	1850	6683	100000
20908	1850	6757	100000
20909	1850	6781	51840
20910	1850	6800	51840
20911	1850	6831	51840
20912	1850	6871	51840
20913	1850	6872	100000
20914	1850	6884	51840
20915	1850	6927	100000
20916	1850	7102	100000
20917	1850	7104	100000
20918	1850	7136	51840
20919	1850	7150	51840
20920	1850	7189	51840
20921	1850	7228	100000
20922	1850	8065	100000
20923	1850	8243	466560
20924	1850	8253	51840
20925	1850	8287	51840
20926	1850	8331	51840
20927	1850	8453	51840
20928	1850	8480	51840
20929	1850	8484	51840
20930	1850	8556	51840
20931	1850	8605	100000
20932	1850	9322	1244160
20933	1850	9363	1244160
20934	1850	9375	100000
20935	1850	9430	51840
20936	1850	9505	51840
20937	1850	9518	100000
20938	1850	9564	100000
20939	1850	9582	51840
20940	1850	9665	100000
20941	1850	9687	51840
20942	1850	9794	51840
20943	1850	9851	100000
20944	1850	9914	1244160
20945	1850	9987	2488320
20946	1850	9991	100000
20947	1850	10012	51840
20948	1850	10015	51840
20949	1850	10035	51840
20950	1850	10055	100000
20951	1850	10064	51840
20952	1850	10114	466560
20953	1850	10128	51840
20954	1850	10273	1244160
20955	1850	10285	51840
20956	1850	10357	100000
20957	1850	10373	51840
20958	1850	10439	100000
20959	1850	10463	51840
20960	1850	10464	51840
20961	1850	10526	51840
20962	1850	10599	51840
20963	1850	11498	51840
20964	1850	11540	51840
20965	1850	11587	51840
20966	1850	11595	100000
20967	1850	11601	51840
20968	1850	11682	100000
20969	1850	11763	1244160
20970	1850	11803	51840
20971	1850	11851	51840
20972	1850	11894	51840
20973	1850	11902	2488320
20974	1850	11936	466560
20975	1850	11979	51840
20976	1850	12040	1244160
20977	1850	12077	100000
20978	1850	12121	51840
20979	1850	12145	51840
20980	1850	12146	51840
20981	1850	12335	51840
20982	1850	12370	51840
20983	1850	12400	51840
20984	1850	12435	51840
20985	1850	12445	51840
20986	1850	12453	100000
20987	1850	12497	51840
20988	1850	12506	51840
20989	1850	12568	51840
20990	1850	12598	2488320
20991	1850	12686	51840
20992	1850	12715	51840
20993	1850	12720	51840
20994	1850	12731	51840
20995	1850	12747	1244160
20996	1850	12798	51840
20997	1850	12880	51840
20998	1850	12929	51840
20999	1850	12946	51840
21000	1850	13712	51840
21001	1850	13718	51840
21002	1850	13733	100000
21003	1850	13734	100000
21004	1850	13789	1244160
21005	1850	13838	51840
21006	1850	13867	51840
21007	1850	13935	51840
21008	1850	13987	1244160
21009	1850	14005	51840
21010	1850	14010	51840
21011	1850	14013	100000
21012	1850	14110	1244160
21013	1850	14165	51840
21014	1850	14202	1244160
21015	1850	14204	1244160
21016	1850	14212	51840
21017	1850	14256	51840
21018	1850	14273	51840
21019	1850	14279	51840
21020	1850	14282	51840
21021	1850	14414	1244160
21022	1850	14498	51840
21023	1850	14500	51840
21024	1850	14531	1244160
21025	1850	14697	100000
21026	1850	15020	100000
21027	1850	15095	51840
21028	1850	15164	51840
21029	1850	15165	1244160
21030	1850	15475	51840
21031	1850	15536	51840
21032	1851	2163	100000
21033	1852	1878	100000
21034	1852	1917	100000
21035	1852	2163	2488320
21036	1852	2359	100000
21037	1852	2621	2488320
21038	1852	2668	2488320
21039	1852	3912	51840
21040	1852	4318	100000
21041	1852	4555	51840
21042	1852	4857	100000
21043	1852	4972	51840
21044	1852	15412	51840
21045	1852	15420	51840
21046	1852	15421	51840
21047	1852	15422	51840
21048	1852	15437	51840
21049	1852	15438	51840
21050	1852	15442	51840
21051	1852	15504	51840
21052	1852	15508	51840
21053	1853	6919	51840
21054	1854	1906	51840
21055	1856	1917	51840
21056	1856	2621	2488320
21057	1856	2668	100000
21058	1856	4857	100000
21059	1856	5031	2488320
21060	1856	6230	100000
21061	1856	6326	2488320
21062	1856	8180	100000
21063	1859	3269	100000
21064	1859	13493	2488320
21065	1861	2163	2488320
21066	1861	6751	51840
21067	1861	10563	51840
21068	1861	12184	51840
21069	1861	14302	51840
21070	1862	10053	51840
21071	1862	14362	51840
21072	1863	5775	100000
21073	1863	6248	1244160
21074	1863	7041	1244160
21075	1863	8389	51840
21076	1863	8478	100000
21077	1863	9613	51840
21078	1863	9798	100000
21079	1863	10409	100000
21080	1863	10519	100000
21081	1863	11634	51840
21082	1863	11850	2488320
21083	1863	13769	51840
21084	1863	14060	51840
21085	1863	14928	100000
21086	1863	14935	51840
21087	1863	14941	51840
21088	1863	14971	100000
21089	1864	2163	100000
21090	1865	1878	2488320
21091	1865	2621	100000
21092	1865	2668	100000
21093	1865	2891	100000
21094	1865	4435	100000
21095	1865	4436	100000
21096	1865	4777	2488320
21097	1865	8180	100000
21098	1868	9668	51840
21099	1870	2163	2488320
21100	1871	1878	100000
21101	1872	2163	100000
21102	1872	2360	100000
21103	1872	5785	100000
21104	1874	1878	100000
21105	1874	1958	100000
21106	1874	2023	51840
21107	1874	2029	100000
21108	1874	2091	100000
21109	1874	2163	100000
21110	1874	2216	100000
21111	1874	2245	51840
21112	1874	2348	100000
21113	1874	2372	100000
21114	1874	2467	100000
21115	1874	2477	100000
21116	1874	2620	2488320
21117	1874	2662	100000
21118	1874	2701	466560
21119	1874	2704	100000
21120	1874	2754	466560
21121	1874	2835	100000
21122	1874	2871	100000
21123	1874	2991	100000
21124	1874	3001	100000
21125	1874	3067	100000
21126	1874	3147	100000
21127	1874	3251	100000
21128	1874	3271	100000
21129	1874	3302	100000
21130	1874	3324	100000
21131	1874	3375	2488320
21132	1874	3487	2488320
21133	1874	3511	100000
21134	1874	3541	100000
21135	1874	3564	100000
21136	1874	3590	100000
21137	1874	3879	100000
21138	1874	3973	100000
21139	1874	4009	100000
21140	1874	4030	100000
21141	1874	4034	51840
21142	1874	4035	100000
21143	1874	4132	51840
21144	1874	4135	100000
21145	1874	4289	2488320
21146	1874	4316	2488320
21147	1874	4452	51840
21148	1874	4567	100000
21149	1874	4640	51840
21150	1874	4674	100000
21151	1874	4838	100000
21152	1874	5093	2488320
21153	1874	5246	100000
21154	1874	5298	100000
21155	1874	5410	100000
21156	1874	5594	100000
21157	1874	5719	2488320
21158	1874	5786	100000
21159	1874	5872	2488320
21160	1874	6151	2488320
21161	1874	6164	51840
21162	1874	6181	51840
21163	1874	6403	100000
21164	1874	6574	2488320
21165	1874	6689	51840
21166	1874	6726	100000
21167	1874	6796	100000
21168	1874	7018	1244160
21169	1874	7054	100000
21170	1874	7157	100000
21171	1874	7428	100000
21172	1874	7449	100000
21173	1874	7619	100000
21174	1874	7913	100000
21175	1874	8106	2488320
21176	1874	8121	2488320
21177	1874	8284	100000
21178	1874	8665	2488320
21179	1874	8960	466560
21180	1874	8961	100000
21181	1874	9017	100000
21182	1874	9036	100000
21183	1874	9103	51840
21184	1874	9106	51840
21185	1874	9165	100000
21186	1874	9297	51840
21187	1874	9374	51840
21188	1874	9427	51840
21189	1874	9553	2488320
21190	1874	9697	100000
21191	1874	9939	51840
21192	1874	10167	100000
21193	1874	10287	100000
21194	1874	10474	1244160
21195	1874	10838	100000
21196	1874	11531	100000
21197	1874	11898	51840
21198	1874	11974	51840
21199	1874	12219	100000
21200	1874	12237	51840
21201	1874	12278	51840
21202	1874	12395	1244160
21203	1874	12438	100000
21204	1874	12472	51840
21205	1874	12597	51840
21206	1874	13499	1244160
21207	1874	14319	51840
21208	1874	15135	100000
21209	1874	15136	1244160
21210	1874	15161	51840
21211	1875	1878	51840
21212	1875	1917	100000
21213	1875	2621	51840
21214	1875	3912	51840
21215	1875	4857	1244160
21216	1876	2746	100000
21217	1877	8180	100000
21218	1877	13843	1244160
21219	1877	14112	51840
21220	1878	1880	100000
21221	1878	1882	51840
21222	1878	1925	100000
21223	1878	1950	51840
21224	1878	1959	466560
21225	1878	1961	100000
21226	1878	1969	100000
21227	1878	1973	100000
21228	1878	1975	100000
21229	1878	1982	51840
21230	1878	1989	100000
21231	1878	1998	51840
21232	1878	2008	100000
21233	1878	2009	100000
21234	1878	2013	100000
21235	1878	2028	100000
21236	1878	2029	2488320
21237	1878	2037	100000
21238	1878	2041	100000
21239	1878	2054	100000
21240	1878	2062	100000
21241	1878	2087	100000
21242	1878	2101	100000
21243	1878	2106	100000
21244	1878	2120	2488320
21245	1878	2122	100000
21246	1878	2134	100000
21247	1878	2163	100000
21248	1878	2216	100000
21249	1878	2231	100000
21250	1878	2234	466560
21251	1878	2263	51840
21252	1878	2323	100000
21253	1878	2329	100000
21254	1878	2359	100000
21255	1878	2378	100000
21256	1878	2502	100000
21257	1878	2505	100000
21258	1878	2510	2488320
21259	1878	2513	100000
21260	1878	2538	100000
21261	1878	2546	100000
21262	1878	2564	1244160
21263	1878	2621	100000
21264	1878	2668	100000
21265	1878	2669	51840
21266	1878	2699	51840
21267	1878	2701	100000
21268	1878	2703	51840
21269	1878	2704	1244160
21270	1878	2713	51840
21271	1878	2730	100000
21272	1878	2769	100000
21273	1878	2780	2488320
21274	1878	2787	100000
21275	1878	2811	466560
21276	1878	2813	100000
21277	1878	2825	100000
21278	1878	2835	100000
21279	1878	2839	100000
21280	1878	2849	100000
21281	1878	2857	1244160
21282	1878	2859	100000
21283	1878	2864	100000
21284	1878	2866	2488320
21285	1878	2886	466560
21286	1878	2887	100000
21287	1878	2897	2488320
21288	1878	2901	100000
21289	1878	2911	2488320
21290	1878	2915	100000
21291	1878	2924	100000
21292	1878	2935	100000
21293	1878	2942	100000
21294	1878	2955	100000
21295	1878	2956	100000
21296	1878	2958	2488320
21297	1878	2981	100000
21298	1878	2989	100000
21299	1878	2998	100000
21300	1878	3002	466560
21301	1878	3007	2488320
21302	1878	3016	100000
21303	1878	3024	100000
21304	1878	3033	100000
21305	1878	3034	100000
21306	1878	3054	100000
21307	1878	3060	100000
21308	1878	3066	100000
21309	1878	3073	466560
21310	1878	3096	100000
21311	1878	3117	100000
21312	1878	3121	100000
21313	1878	3149	100000
21314	1878	3150	2488320
21315	1878	3152	100000
21316	1878	3186	100000
21317	1878	3187	100000
21318	1878	3191	100000
21319	1878	3194	51840
21320	1878	3199	100000
21321	1878	3209	2488320
21322	1878	3215	100000
21323	1878	3225	100000
21324	1878	3239	100000
21325	1878	3254	51840
21326	1878	3257	100000
21327	1878	3264	100000
21328	1878	3271	100000
21329	1878	3278	100000
21330	1878	3288	100000
21331	1878	3302	100000
21332	1878	3332	100000
21333	1878	3373	100000
21334	1878	3380	100000
21335	1878	3387	2488320
21336	1878	3388	100000
21337	1878	3396	51840
21338	1878	3401	100000
21339	1878	3407	100000
21340	1878	3418	51840
21341	1878	3419	2488320
21342	1878	3421	100000
21343	1878	3433	100000
21344	1878	3443	466560
21345	1878	3465	100000
21346	1878	3475	100000
21347	1878	3502	100000
21348	1878	3534	100000
21349	1878	3541	100000
21350	1878	3681	100000
21351	1878	3856	100000
21352	1878	3912	100000
21353	1878	3957	100000
21354	1878	4135	100000
21355	1878	4160	100000
21356	1878	4236	100000
21357	1878	4267	51840
21358	1878	4283	100000
21359	1878	4289	2488320
21360	1878	4720	100000
21361	1878	4728	51840
21362	1878	4740	100000
21363	1878	4796	51840
21364	1878	4820	100000
21365	1878	4850	51840
21366	1878	4853	100000
21367	1878	4857	100000
21368	1878	5025	100000
21369	1878	5031	100000
21370	1878	5128	51840
21371	1878	5151	2488320
21372	1878	5169	100000
21373	1878	5170	2488320
21374	1878	5192	100000
21375	1878	5201	100000
21376	1878	5246	100000
21377	1878	5259	51840
21378	1878	5296	100000
21379	1878	5306	2488320
21380	1878	5318	100000
21381	1878	5373	100000
21382	1878	5377	100000
21383	1878	5381	100000
21384	1878	5424	2488320
21385	1878	5438	51840
21386	1878	5453	100000
21387	1878	5458	2488320
21388	1878	5477	100000
21389	1878	5483	100000
21390	1878	5485	100000
21391	1878	5491	100000
21392	1878	5495	100000
21393	1878	5531	51840
21394	1878	5536	100000
21395	1878	5540	100000
21396	1878	5560	100000
21397	1878	5586	100000
21398	1878	5608	100000
21399	1878	5651	51840
21400	1878	5657	100000
21401	1878	5691	100000
21402	1878	5704	466560
21403	1878	5710	100000
21404	1878	5711	2488320
21405	1878	5715	100000
21406	1878	5732	100000
21407	1878	5736	100000
21408	1878	5759	100000
21409	1878	5775	2488320
21410	1878	5788	100000
21411	1878	5817	2488320
21412	1878	5847	51840
21413	1878	5859	466560
21414	1878	5908	100000
21415	1878	5909	100000
21416	1878	5911	466560
21417	1878	5951	100000
21418	1878	5959	2488320
21419	1878	5975	51840
21420	1878	5992	100000
21421	1878	6017	100000
21422	1878	6022	100000
21423	1878	6030	100000
21424	1878	6250	100000
21425	1878	6291	100000
21426	1878	6314	100000
21427	1878	6326	100000
21428	1878	6418	100000
21429	1878	6438	2488320
21430	1878	6492	51840
21431	1878	6632	51840
21432	1878	6811	2488320
21433	1878	6876	2488320
21434	1878	7069	51840
21435	1878	7077	100000
21436	1878	7157	51840
21437	1878	7185	100000
21438	1878	7228	100000
21439	1878	7299	51840
21440	1878	7305	100000
21441	1878	7317	100000
21442	1878	7323	100000
21443	1878	7324	100000
21444	1878	7329	100000
21445	1878	7334	51840
21446	1878	7352	2488320
21447	1878	7370	100000
21448	1878	7399	1244160
21449	1878	7472	51840
21450	1878	7473	51840
21451	1878	7513	2488320
21452	1878	7518	100000
21453	1878	7522	1244160
21454	1878	7523	100000
21455	1878	7554	100000
21456	1878	7565	100000
21457	1878	7576	100000
21458	1878	7650	466560
21459	1878	7825	100000
21460	1878	7845	100000
21461	1878	7851	51840
21462	1878	7900	51840
21463	1878	7915	51840
21464	1878	7930	51840
21465	1878	7937	2488320
21466	1878	7947	51840
21467	1878	7950	51840
21468	1878	7962	51840
21469	1878	7982	100000
21470	1878	8001	51840
21471	1878	8015	51840
21472	1878	8084	100000
21473	1878	8175	51840
21474	1878	8180	100000
21475	1878	8184	100000
21476	1878	8233	100000
21477	1878	8401	100000
21478	1878	8419	51840
21479	1878	8497	100000
21480	1878	8616	100000
21481	1878	8712	100000
21482	1878	8810	100000
21483	1878	9126	100000
21484	1878	9350	51840
21485	1878	9426	100000
21486	1878	9462	51840
21487	1878	9487	51840
21488	1878	9493	51840
21489	1878	9536	51840
21490	1878	9559	100000
21491	1878	9601	100000
21492	1878	9860	51840
21493	1878	9864	2488320
21494	1878	9991	100000
21495	1878	10056	100000
21496	1878	10154	51840
21497	1878	10188	2488320
21498	1878	10234	100000
21499	1878	10276	51840
21500	1878	10381	51840
21501	1878	10533	51840
21502	1878	10557	51840
21503	1878	10611	100000
21504	1878	10627	51840
21505	1878	10630	51840
21506	1878	10633	100000
21507	1878	10655	1244160
21508	1878	10737	51840
21509	1878	10738	51840
21510	1878	10772	51840
21511	1878	10782	2488320
21512	1878	10792	2488320
21513	1878	10803	51840
21514	1878	10818	100000
21515	1878	10820	51840
21516	1878	10827	51840
21517	1878	10831	51840
21518	1878	10845	100000
21519	1878	10862	100000
21520	1878	10903	100000
21521	1878	10912	2488320
21522	1878	10921	51840
21523	1878	10974	100000
21524	1878	10976	100000
21525	1878	11098	100000
21526	1878	11100	100000
21527	1878	11114	51840
21528	1878	11241	1244160
21529	1878	11259	100000
21530	1878	11297	51840
21531	1878	11336	100000
21532	1878	11363	100000
21533	1878	11367	1244160
21534	1878	11378	100000
21535	1878	11437	100000
21536	1878	11509	51840
21537	1878	11613	51840
21538	1878	11664	100000
21539	1878	11823	100000
21540	1878	11896	51840
21541	1878	12057	51840
21542	1878	12150	51840
21543	1878	12229	51840
21544	1878	12364	51840
21545	1878	12394	100000
21546	1878	12395	100000
21547	1878	12593	51840
21548	1878	12725	466560
21549	1878	12729	51840
21550	1878	12860	100000
21551	1878	12994	2488320
21552	1878	13042	2488320
21553	1878	13079	51840
21554	1878	13085	100000
21555	1878	13100	155520
21556	1878	13127	466560
21557	1878	13214	100000
21558	1878	13220	51840
21559	1878	13223	100000
21560	1878	13231	51840
21561	1878	13355	51840
21562	1878	13379	1244160
21563	1878	13401	51840
21564	1878	13567	100000
21565	1878	13590	51840
21566	1878	13631	51840
21567	1878	13794	1244160
21568	1878	14002	51840
21569	1878	14116	51840
21570	1878	15049	51840
21571	1878	15127	51840
21572	1878	15157	1244160
21573	1878	15160	51840
21574	1878	15161	51840
21575	1878	15163	51840
21576	1878	15164	51840
21577	1878	15165	51840
21578	1878	15475	51840
21579	1880	2163	2488320
21580	1880	2288	100000
21581	1880	4199	51840
21582	1880	6602	51840
21583	1880	6709	51840
21584	1880	6764	51840
21585	1880	6918	100000
21586	1880	6963	100000
21587	1880	8193	51840
21588	1880	8373	51840
21589	1880	8424	51840
21590	1880	8509	51840
21591	1880	8513	100000
21592	1880	8621	100000
21593	1880	9581	51840
21594	1880	9633	100000
21595	1880	10256	100000
21596	1880	10399	51840
21597	1880	11945	2488320
21598	1880	12402	51840
21599	1880	12647	100000
21600	1880	12830	51840
21601	1880	13886	51840
21602	1880	14056	51840
21603	1882	2704	51840
21604	1882	4857	51840
21605	1883	1928	2488320
21606	1883	2603	100000
21607	1883	5093	100000
21608	1883	6248	1244160
21609	1883	6330	51840
21610	1883	7175	100000
21611	1883	8087	100000
21612	1883	8271	100000
21613	1883	8446	51840
21614	1883	8478	2488320
21615	1883	9332	51840
21616	1883	9613	51840
21617	1883	9788	100000
21618	1883	11634	51840
21619	1883	11759	51840
21620	1883	12541	1244160
21621	1883	13769	51840
21622	1883	15460	1244160
21623	1886	2163	2488320
21624	1888	2216	100000
21625	1888	4812	100000
21626	1889	5022	51840
21627	1891	2723	100000
21628	1892	4265	2488320
21629	1894	15034	1244160
21630	1894	15444	51840
21631	1895	9525	100000
21632	1896	1899	51840
21633	1896	2746	2488320
21634	1897	5021	51840
21635	1898	2163	100000
21636	1899	2117	51840
21637	1899	2173	100000
21638	1899	2239	100000
21639	1899	2298	100000
21640	1899	2330	51840
21641	1899	2601	51840
21642	1899	2654	51840
21643	1899	2739	51840
21644	1899	4186	100000
21645	1899	4193	100000
21646	1899	4797	51840
21647	1899	4863	51840
21648	1899	4900	1244160
21649	1899	5043	1244160
21650	1899	5219	51840
21651	1899	6125	51840
21652	1899	6212	51840
21653	1899	6403	100000
21654	1899	6472	100000
21655	1899	8218	100000
21656	1899	8375	100000
21657	1899	8538	51840
21658	1899	8539	100000
21659	1899	9558	51840
21660	1899	9810	51840
21661	1899	10075	100000
21662	1899	10106	51840
21663	1899	10301	51840
21664	1899	11822	51840
21665	1899	12484	51840
21666	1899	12490	2488320
21667	1899	12932	51840
21668	1899	14384	51840
21669	1899	14396	51840
21670	1899	14961	100000
21671	1899	14963	51840
21672	1899	15241	51840
21673	1899	15258	1244160
21674	1899	15265	51840
21675	1899	15270	51840
21676	1899	15271	100000
21677	1899	15272	51840
21678	1899	15274	100000
21679	1899	15275	100000
21680	1900	2317	51840
21681	1900	2656	100000
21682	1900	6810	2488320
21683	1900	8609	100000
21684	1900	14050	2488320
21685	1900	14382	51840
21686	1904	2599	100000
21687	1904	2722	100000
21688	1904	4365	100000
21689	1904	4374	100000
21690	1904	4467	100000
21691	1904	4472	51840
21692	1904	4812	100000
21693	1904	7232	51840
21694	1904	14182	100000
21695	1904	14509	51840
21696	1904	15228	51840
21697	1904	15446	51840
21698	1906	2246	51840
21699	1906	2621	100000
21700	1906	2730	100000
21701	1906	3912	100000
21702	1906	4179	100000
21703	1906	4201	100000
21704	1906	4209	2488320
21705	1906	4495	51840
21706	1906	4734	51840
21707	1906	4742	100000
21708	1906	4857	100000
21709	1906	5005	100000
21710	1906	5030	51840
21711	1906	5071	1244160
21712	1906	5080	51840
21713	1906	6192	100000
21714	1906	6241	51840
21715	1906	6326	2488320
21716	1906	6374	51840
21717	1906	6501	100000
21718	1906	6641	51840
21719	1906	6770	51840
21720	1906	6799	51840
21721	1906	7074	51840
21722	1906	7159	100000
21723	1906	7167	51840
21724	1906	7192	51840
21725	1906	7196	466560
21726	1906	8101	100000
21727	1906	8255	100000
21728	1906	8300	51840
21729	1906	8390	51840
21730	1906	8427	2488320
21731	1906	8601	51840
21732	1906	9413	51840
21733	1906	10009	51840
21734	1906	10058	51840
21735	1906	10171	51840
21736	1906	10286	51840
21737	1906	11563	51840
21738	1906	11574	51840
21739	1906	11620	51840
21740	1906	11772	51840
21741	1906	11774	51840
21742	1906	11817	51840
21743	1906	11819	51840
21744	1906	11911	51840
21745	1906	11919	100000
21746	1906	11935	51840
21747	1906	11966	51840
21748	1906	11993	1244160
21749	1906	11996	100000
21750	1906	12224	51840
21751	1906	12230	51840
21752	1906	12318	51840
21753	1906	12531	51840
21754	1906	12539	51840
21755	1906	12571	51840
21756	1906	12579	2488320
21757	1906	12702	51840
21758	1906	12777	51840
21759	1906	12826	51840
21760	1906	13880	51840
21761	1906	14022	51840
21762	1906	14134	100000
21763	1906	14168	51840
21764	1906	14170	51840
21765	1906	14377	466560
21766	1906	14518	100000
21767	1906	14551	51840
21768	1906	14574	51840
21769	1906	14582	51840
21770	1906	15553	51840
21771	1908	9703	2488320
21772	1909	4209	100000
21773	1910	2163	51840
21774	1912	6919	1244160
21775	1914	4827	100000
21776	1914	9668	51840
21777	1915	12463	100000
21778	1915	15242	51840
21779	1916	7228	100000
21780	1917	1932	100000
21781	1917	2009	100000
21782	1917	2122	2488320
21783	1917	2134	2488320
21784	1917	2216	100000
21785	1917	2243	51840
21786	1917	2267	100000
21787	1917	2323	2488320
21788	1917	2546	2488320
21789	1917	2570	100000
21790	1917	2632	51840
21791	1917	2662	100000
21792	1917	2668	100000
21793	1917	2669	51840
21794	1917	2692	100000
21795	1917	2704	51840
21796	1917	2722	100000
21797	1917	2747	100000
21798	1917	3201	51840
21799	1917	3271	100000
21800	1917	3396	51840
21801	1917	3465	100000
21802	1917	3729	51840
21803	1917	3912	466560
21804	1917	4267	51840
21805	1917	4419	100000
21806	1917	4550	100000
21807	1917	4558	51840
21808	1917	4639	100000
21809	1917	4641	100000
21810	1917	4728	51840
21811	1917	4857	100000
21812	1917	5025	466560
21813	1917	5031	100000
21814	1917	5121	2488320
21815	1917	5151	100000
21816	1917	5170	100000
21817	1917	5182	51840
21818	1917	5192	51840
21819	1917	5201	51840
21820	1917	5207	2488320
21821	1917	5246	2488320
21822	1917	6118	466560
21823	1917	6126	51840
21824	1917	6329	51840
21825	1917	6438	51840
21826	1917	6475	51840
21827	1917	6530	100000
21828	1917	6531	100000
21829	1917	6537	51840
21830	1917	6633	51840
21831	1917	6758	51840
21832	1917	6873	51840
21833	1917	6962	51840
21834	1917	7081	51840
21835	1917	7114	100000
21836	1917	7153	51840
21837	1917	7228	100000
21838	1917	7937	51840
21839	1917	8180	100000
21840	1917	8233	51840
21841	1917	8464	100000
21842	1917	8618	1244160
21843	1917	8622	51840
21844	1917	9357	51840
21845	1917	9400	100000
21846	1917	9425	51840
21847	1917	9625	51840
21848	1917	9641	51840
21849	1917	9642	100000
21850	1917	9660	100000
21851	1917	9738	51840
21852	1917	9859	51840
21853	1917	9906	1244160
21854	1917	9973	100000
21855	1917	9991	100000
21856	1917	10190	100000
21857	1917	10225	51840
21858	1917	10247	51840
21859	1917	10331	51840
21860	1917	10368	100000
21861	1917	10428	51840
21862	1917	11512	1244160
21863	1917	11539	51840
21864	1917	11577	51840
21865	1917	11580	51840
21866	1917	11958	51840
21867	1917	12029	51840
21868	1917	12274	100000
21869	1917	12336	51840
21870	1917	12758	51840
21871	1917	12901	100000
21872	1917	12956	51840
21873	1917	13684	51840
21874	1917	13709	2488320
21875	1917	13735	51840
21876	1917	13788	51840
21877	1917	13916	51840
21878	1917	13943	51840
21879	1917	13993	51840
21880	1917	14115	51840
21881	1917	14281	51840
21882	1917	14429	51840
21883	1917	14477	100000
21884	1917	14494	51840
21885	1917	14519	1244160
21886	1917	14547	100000
21887	1917	14915	2488320
21888	1917	14916	100000
21889	1917	15048	100000
21890	1917	15052	100000
21891	1917	15083	51840
21892	1917	15084	51840
21893	1917	15181	1244160
21894	1917	15182	51840
21895	1917	15228	51840
21896	1917	15446	51840
21897	1917	15448	51840
21898	1917	15449	51840
21899	1917	15450	1244160
21900	1917	15451	51840
21901	1917	15452	51840
21902	1917	15453	51840
21903	1917	15566	100000
21904	1918	10188	51840
21905	1920	8048	100000
21906	1923	4155	100000
21907	1923	8289	51840
21908	1925	2621	2488320
21909	1925	4857	100000
21910	1925	6926	100000
21911	1925	7219	100000
21912	1925	8180	100000
21913	1925	12301	51840
21914	1925	12395	51840
21915	1926	2122	1244160
21916	1928	13699	466560
21917	1928	14693	2488320
21918	1929	2163	2488320
21919	1931	2342	100000
21920	1933	4472	51840
21921	1933	14869	51840
21922	1934	2163	100000
21923	1935	6192	51840
21924	1935	6306	51840
21925	1935	6342	2488320
21926	1935	6967	51840
21927	1935	8180	100000
21928	1935	15630	1244160
21929	1938	2163	100000
21930	1943	9949	1244160
21931	1947	3630	2488320
21932	1947	3631	51840
21933	1947	8944	51840
21934	1952	4429	51840
21935	1953	8427	51840
21936	1954	15425	155520
21937	1956	5241	51840
21938	1956	8427	51840
21939	1957	2163	100000
21940	1958	3725	51840
21941	1958	8687	51840
21942	1958	9157	51840
21943	1958	9200	51840
21944	1960	6342	100000
21945	1961	2621	466560
21946	1961	2668	466560
21947	1961	2835	100000
21948	1961	5723	51840
21949	1961	7445	100000
21950	1961	11324	51840
21951	1961	13239	1244160
21952	1962	2007	100000
21953	1963	5775	100000
21954	1963	5992	100000
21955	1964	2867	100000
21956	1964	10615	51840
21957	1965	2112	51840
21958	1965	2972	2488320
21959	1965	3096	100000
21960	1965	5826	51840
21961	1965	7387	1244160
21962	1965	10653	1244160
21963	1965	10761	51840
21964	1965	11286	51840
21965	1966	2029	100000
21966	1966	3316	51840
21967	1966	3432	51840
21968	1966	5484	51840
21969	1966	10990	51840
21970	1967	3169	51840
21971	1968	2849	51840
21972	1968	8180	51840
21973	1969	1982	51840
21974	1969	2621	100000
21975	1969	2668	100000
21976	1969	2932	51840
21977	1969	5911	51840
21978	1969	7760	100000
21979	1972	5792	100000
21980	1973	2787	100000
21981	1973	2839	51840
21982	1973	2949	466560
21983	1973	3210	51840
21984	1973	3290	466560
21985	1973	5355	51840
21986	1973	5379	2488320
21987	1973	5583	1244160
21988	1973	5610	51840
21989	1973	5706	1244160
21990	1973	5773	51840
21991	1973	6035	51840
21992	1973	7407	51840
21993	1973	7502	1244160
21994	1973	7607	51840
21995	1973	7624	51840
21996	1973	7790	51840
21997	1973	7807	1244160
21998	1973	7809	51840
21999	1973	7824	51840
22000	1973	7853	51840
22001	1973	7934	51840
22002	1973	7941	1244160
22003	1973	8024	1244160
22004	1973	10662	51840
22005	1973	10696	51840
22006	1973	10765	51840
22007	1973	10768	2488320
22008	1973	10895	51840
22009	1973	11038	51840
22010	1973	11109	51840
22011	1973	11110	51840
22012	1973	11149	2488320
22013	1973	11167	51840
22014	1973	11204	2488320
22015	1973	13473	100000
22016	1973	13552	51840
22017	1973	15126	51840
22018	1974	7350	100000
22019	1974	11077	2488320
22020	1974	13119	100000
22021	1974	13494	51840
22022	1978	5362	51840
22023	1978	5772	51840
22024	1978	10843	100000
22025	1978	13252	100000
22026	1978	13458	51840
22027	1979	3273	51840
22028	1980	3096	51840
22029	1981	2912	51840
22030	1982	2013	51840
22031	1982	2037	100000
22032	1982	2106	51840
22033	1982	2234	100000
22034	1982	2769	1244160
22035	1982	2849	51840
22036	1982	2886	100000
22037	1982	2958	100000
22038	1982	3007	100000
22039	1982	3096	51840
22040	1982	3120	51840
22041	1982	3199	51840
22042	1982	3254	51840
22043	1982	3418	1244160
22044	1982	3433	51840
22045	1982	5491	51840
22046	1982	5608	51840
22047	1982	5620	51840
22048	1982	5691	51840
22049	1982	5775	51840
22050	1982	5951	51840
22051	1982	5992	100000
22052	1982	6017	51840
22053	1982	7286	51840
22054	1982	10738	51840
22055	1982	11432	51840
22056	1982	13440	51840
22057	1983	7353	100000
22058	1984	2071	100000
22059	1984	3094	51840
22060	1984	5376	100000
22061	1984	5942	51840
22062	1984	7633	51840
22063	1984	11088	51840
22064	1984	11290	100000
22065	1984	13017	51840
22066	1986	2980	100000
22067	1986	5879	2488320
22068	1986	7728	466560
22069	1987	3084	51840
22070	1987	3104	1244160
22071	1987	5908	100000
22072	1987	11349	51840
22073	1987	13512	51840
22074	1988	5908	466560
22075	1988	7648	51840
22076	1988	10791	51840
22077	1988	11349	51840
22078	1988	13011	51840
22079	1988	13271	51840
22080	1989	2234	51840
22081	1989	3339	51840
22082	1989	3418	51840
22083	1989	5306	51840
22084	1989	5385	51840
22085	1989	5428	51840
22086	1989	5501	100000
22087	1989	5992	51840
22088	1989	7289	51840
22089	1990	2942	2488320
22090	1991	2932	51840
22091	1992	5911	100000
22092	1995	2029	100000
22093	1996	2806	100000
22094	1997	11280	100000
22095	1998	2668	51840
22096	1999	2998	100000
22097	2000	10798	51840
22098	2001	11248	51840
22099	2002	7989	51840
22100	2003	2780	100000
22101	2003	7757	51840
22102	2003	13039	51840
22103	2004	3088	1244160
22104	2005	5992	1244160
22105	2006	5723	100000
22106	2007	2780	100000
22107	2007	2820	100000
22108	2007	2831	100000
22109	2007	7303	100000
22110	2007	7855	51840
22111	2007	11420	51840
22112	2007	13106	51840
22113	2008	2086	51840
22114	2008	2234	51840
22115	2008	2359	2488320
22116	2008	2621	466560
22117	2008	2668	100000
22118	2008	2835	51840
22119	2008	3083	51840
22120	2008	3419	51840
22121	2008	5437	51840
22122	2008	5643	100000
22123	2008	5723	1244160
22124	2008	5775	100000
22125	2008	7302	51840
22126	2008	7882	51840
22127	2009	2035	100000
22128	2009	2621	2488320
22129	2009	2668	100000
22130	2009	2916	100000
22131	2009	3055	100000
22132	2009	3093	100000
22133	2009	3160	2488320
22134	2009	3162	100000
22135	2009	3184	100000
22136	2009	3216	51840
22137	2009	3307	1244160
22138	2009	3320	2488320
22139	2009	3352	51840
22140	2009	3359	51840
22141	2009	3410	100000
22142	2009	3436	51840
22143	2009	3912	100000
22144	2009	4857	100000
22145	2009	5334	100000
22146	2009	5451	100000
22147	2009	5530	2488320
22148	2009	5533	2488320
22149	2009	5623	100000
22150	2009	5755	100000
22151	2009	5775	100000
22152	2009	5816	51840
22153	2009	7157	100000
22154	2009	7347	100000
22155	2009	7381	51840
22156	2009	7398	51840
22157	2009	7434	100000
22158	2009	7444	100000
22159	2009	7491	100000
22160	2009	7503	466560
22161	2009	7598	100000
22162	2009	7808	100000
22163	2009	7833	51840
22164	2009	7849	2488320
22165	2009	8035	51840
22166	2009	10676	51840
22167	2009	10677	100000
22168	2009	10733	51840
22169	2009	10801	1244160
22170	2009	10887	1244160
22171	2009	10931	100000
22172	2009	10950	100000
22173	2009	11073	51840
22174	2009	11093	1244160
22175	2009	11263	51840
22176	2009	11451	100000
22177	2009	12992	51840
22178	2009	13392	51840
22179	2009	13442	51840
22180	2009	13563	51840
22181	2010	2860	2488320
22182	2010	3056	100000
22183	2010	3241	51840
22184	2010	5576	1244160
22185	2010	7730	100000
22186	2012	10735	51840
22187	2012	10736	51840
22188	2012	11065	51840
22189	2013	2234	100000
22190	2013	2914	1244160
22191	2013	5992	100000
22192	2014	13403	100000
22193	2016	5411	51840
22194	2016	5992	100000
22195	2016	11428	100000
22196	2017	13660	100000
22197	2018	2932	466560
22198	2018	13125	51840
22199	2020	4365	51840
22200	2020	10333	51840
22201	2021	3096	1244160
22202	2021	3294	100000
22203	2021	3301	100000
22204	2021	3400	51840
22205	2021	5584	51840
22206	2021	7890	51840
22207	2021	8013	51840
22208	2021	10653	51840
22209	2022	2033	51840
22210	2022	2072	100000
22211	2022	2767	2488320
22212	2022	2770	100000
22213	2022	2828	100000
22214	2022	3108	100000
22215	2022	3351	51840
22216	2022	5449	51840
22217	2022	5463	1244160
22218	2022	5464	51840
22219	2022	5500	100000
22220	2022	5782	51840
22221	2022	5806	51840
22222	2022	7327	100000
22223	2022	7535	100000
22224	2022	7960	51840
22225	2022	10854	51840
22226	2022	10872	100000
22227	2022	10965	100000
22228	2022	10988	51840
22229	2022	11087	51840
22230	2022	11161	100000
22231	2022	13009	51840
22232	2022	13047	100000
22233	2022	13400	51840
22234	2022	13492	51840
22235	2022	13624	51840
22236	2023	5775	100000
22237	2024	2039	466560
22238	2024	11093	51840
22239	2024	11388	100000
22240	2026	3159	51840
22241	2027	7416	100000
22242	2029	2070	100000
22243	2029	2091	100000
22244	2029	2286	100000
22245	2029	2621	466560
22246	2029	2668	2488320
22247	2029	2766	100000
22248	2029	2910	100000
22249	2029	2942	100000
22250	2029	3001	100000
22251	2029	3046	100000
22252	2029	3063	100000
22253	2029	3135	100000
22254	2029	3273	2488320
22255	2029	3370	100000
22256	2029	5536	100000
22257	2029	5553	100000
22258	2029	5770	466560
22259	2029	5775	100000
22260	2029	7270	100000
22261	2029	7321	100000
22262	2029	7363	100000
22263	2029	7499	100000
22264	2029	7548	2488320
22265	2029	8005	100000
22266	2029	11006	100000
22267	2029	11039	2488320
22268	2030	2935	100000
22269	2030	7572	51840
22270	2030	11372	51840
22271	2031	10615	2488320
22272	2031	11276	51840
22273	2033	3138	100000
22274	2033	7312	51840
22275	2033	8041	51840
22276	2033	13207	51840
22277	2034	3002	51840
22278	2034	3078	51840
22279	2034	14824	100000
22280	2034	15118	51840
22281	2035	5472	2488320
22282	2036	3060	100000
22283	2037	2234	100000
22284	2037	2668	100000
22285	2037	2980	100000
22286	2037	3291	100000
22287	2037	3394	100000
22288	2037	3431	100000
22289	2037	5680	100000
22290	2037	5775	100000
22291	2037	5983	100000
22292	2037	6046	51840
22293	2037	7864	51840
22294	2037	13498	51840
22295	2039	3410	51840
22296	2039	5833	100000
22297	2040	5716	51840
22298	2040	5761	51840
22299	2040	5789	100000
22300	2040	7542	51840
22301	2040	7956	51840
22302	2040	10987	51840
22303	2040	11008	100000
22304	2040	11309	51840
22305	2040	13124	51840
22306	2040	13399	51840
22307	2041	2621	100000
22308	2041	2668	2488320
22309	2043	2932	100000
22310	2043	3285	51840
22311	2044	5609	51840
22312	2044	14659	51840
22313	2044	15035	51840
22314	2044	15090	51840
22315	2046	2943	51840
22316	2046	7467	51840
22317	2046	10823	100000
22318	2047	3138	100000
22319	2049	5992	51840
22320	2050	2902	100000
22321	2050	2908	100000
22322	2050	3378	51840
22323	2050	3392	51840
22324	2050	5552	2488320
22325	2050	5594	100000
22326	2050	7307	1244160
22327	2050	7569	51840
22328	2050	7643	51840
22329	2050	7920	51840
22330	2050	7923	100000
22331	2050	7928	1244160
22332	2050	11256	100000
22333	2050	11278	51840
22334	2050	13113	51840
22335	2050	13192	51840
22336	2051	2867	100000
22337	2051	10615	100000
22338	2051	10805	51840
22339	2052	3123	100000
22340	2052	3377	100000
22341	2053	2082	51840
22342	2053	2790	51840
22343	2053	5302	100000
22344	2053	13106	51840
22345	2053	13161	51840
22346	2053	13393	100000
22347	2054	2092	100000
22348	2054	2621	100000
22349	2054	2668	466560
22350	2054	5571	51840
22351	2054	5683	2488320
22352	2054	5775	466560
22353	2054	6175	51840
22354	2054	7352	100000
22355	2054	7461	51840
22356	2054	7559	100000
22357	2054	7582	100000
22358	2054	7629	466560
22359	2054	10870	100000
22360	2054	11058	100000
22361	2054	13772	100000
22362	2055	2070	51840
22363	2055	3153	51840
22364	2055	5353	51840
22365	2055	5887	51840
22366	2056	3001	100000
22367	2058	13196	51840
22368	2059	3063	51840
22369	2059	3281	100000
22370	2059	8497	466560
22371	2060	2163	100000
22372	2060	3375	100000
22373	2060	5727	2488320
22374	2060	5797	466560
22375	2060	11013	51840
22376	2060	13546	51840
22377	2061	2867	466560
22378	2061	7886	51840
22379	2062	2234	2488320
22380	2062	2621	100000
22381	2062	2668	2488320
22382	2062	2779	100000
22383	2062	2835	100000
22384	2062	2932	2488320
22385	2062	2934	100000
22386	2062	3114	100000
22387	2062	3385	100000
22388	2062	3758	100000
22389	2062	5775	100000
22390	2062	15591	100000
22391	2063	2526	51840
22392	2063	3889	100000
22393	2064	2932	100000
22394	2067	5069	100000
22395	2067	5347	100000
22396	2068	2070	100000
22397	2068	2097	100000
22398	2068	2865	51840
22399	2068	3030	51840
22400	2068	3146	51840
22401	2068	5908	100000
22402	2068	13389	51840
22403	2068	13434	51840
22404	2069	5992	100000
22405	2069	7432	100000
22406	2069	7899	51840
22407	2070	2090	100000
22408	2070	2098	100000
22409	2070	2765	100000
22410	2070	2868	51840
22411	2070	2875	51840
22412	2070	2935	100000
22413	2070	3084	100000
22414	2070	3153	100000
22415	2070	5298	51840
22416	2070	5466	100000
22417	2070	5478	2488320
22418	2070	5652	2488320
22419	2070	5722	51840
22420	2070	5850	51840
22421	2070	7338	51840
22422	2070	7435	51840
22423	2070	7577	1244160
22424	2070	7586	51840
22425	2070	10660	1244160
22426	2070	10843	2488320
22427	2070	10902	100000
22428	2070	11097	51840
22429	2070	11217	100000
22430	2070	13086	100000
22431	2070	13227	1244160
22432	2070	13228	51840
22433	2070	13313	51840
22434	2070	13407	51840
22435	2070	13466	51840
22436	2070	13512	51840
22437	2070	13592	51840
22438	2071	2091	51840
22439	2071	10843	100000
22440	2071	13663	100000
22441	2072	5500	100000
22442	2072	10757	51840
22443	2072	12996	51840
22444	2074	2867	2488320
22445	2074	2993	100000
22446	2074	7742	51840
22447	2074	10843	100000
22448	2074	13530	100000
22449	2075	2082	1244160
22450	2075	2790	100000
22451	2076	2867	100000
22452	2076	10615	1244160
22453	2081	3230	51840
22454	2081	5792	100000
22455	2081	7345	51840
22456	2083	3324	100000
22457	2083	7496	51840
22458	2083	11186	51840
22459	2083	13464	100000
22460	2086	2234	100000
22461	2087	3152	51840
22462	2087	4123	51840
22463	2089	3293	51840
22464	2090	2980	100000
22465	2090	5989	51840
22466	2091	2950	51840
22467	2091	5295	51840
22468	2091	5954	100000
22469	2091	7743	51840
22470	2091	11453	100000
22471	2091	13266	2488320
22472	2091	13288	51840
22473	2093	2946	100000
22474	2096	3086	100000
22475	2098	5642	51840
22476	2098	5648	1244160
22477	2098	5890	51840
22478	2098	7396	51840
22479	2098	10641	51840
22480	2098	10669	51840
22481	2098	10698	1244160
22482	2098	11346	51840
22483	2098	13302	51840
22484	2098	13328	100000
22485	2098	13534	51840
22486	2099	3370	51840
22487	2099	6012	100000
22488	2100	3190	100000
22489	2100	5472	100000
22490	2100	13242	100000
22491	2101	2894	51840
22492	2101	3185	100000
22493	2102	5345	51840
22494	2104	3148	51840
22495	2106	5992	100000
22496	2107	2835	51840
22497	2107	5992	2488320
22498	2108	11124	100000
22499	2108	11352	100000
22500	2108	11382	100000
22501	2108	11441	51840
22502	2111	3291	51840
22503	2111	3375	2488320
22504	2112	7348	51840
22505	2113	2718	100000
22506	2115	4435	51840
22507	2116	2163	100000
22508	2116	2216	100000
22509	2116	4247	100000
22510	2116	4391	100000
22511	2116	6532	100000
22512	2116	9346	100000
22513	2116	12466	100000
22514	2118	4261	100000
22515	2122	2198	100000
22516	2122	2445	2488320
22517	2122	2621	100000
22518	2122	2635	51840
22519	2122	2668	100000
22520	2122	2693	51840
22521	2122	3912	51840
22522	2122	4120	100000
22523	2122	4235	51840
22524	2122	4276	51840
22525	2122	4320	100000
22526	2122	4857	100000
22527	2122	5048	51840
22528	2122	5256	51840
22529	2122	6632	51840
22530	2122	7109	51840
22531	2122	9380	100000
22532	2122	11321	51840
22533	2122	12303	51840
22534	2122	12510	51840
22535	2122	12860	51840
22536	2122	14210	51840
22537	2122	14578	51840
22538	2122	15494	51840
22539	2127	8180	2488320
22540	2128	2163	100000
22541	2128	6920	100000
22542	2129	4680	51840
22543	2129	7080	2488320
22544	2134	2644	100000
22545	2134	3912	100000
22546	2134	4857	100000
22547	2134	5775	100000
22548	2134	7076	51840
22549	2134	8096	100000
22550	2134	9899	51840
22551	2134	12101	51840
22552	2134	12310	2488320
22553	2134	15657	51840
22554	2137	2163	100000
22555	2138	5239	51840
22556	2140	8180	100000
22557	2140	10248	51840
22558	2141	12300	100000
22559	2142	4553	51840
22560	2142	4793	51840
22561	2142	5175	100000
22562	2142	5236	100000
22563	2142	7116	100000
22564	2142	10346	51840
22565	2142	10378	51840
22566	2142	12049	51840
22567	2144	2163	51840
22568	2148	2163	100000
22569	2148	2200	51840
22570	2148	4468	100000
22571	2148	4657	51840
22572	2148	4671	51840
22573	2148	5065	51840
22574	2148	5123	100000
22575	2148	5272	51840
22576	2148	6599	51840
22577	2148	6878	100000
22578	2148	6909	100000
22579	2148	8104	51840
22580	2148	8233	51840
22581	2148	8297	51840
22582	2148	9336	100000
22583	2148	9619	51840
22584	2148	9807	100000
22585	2148	9976	51840
22586	2148	10255	51840
22587	2148	10263	51840
22588	2148	11905	51840
22589	2148	12780	51840
22590	2148	14566	1244160
22591	2148	14892	100000
22592	2148	15401	51840
22593	2149	2621	2488320
22594	2150	4912	1244160
22595	2150	8336	2488320
22596	2150	8447	51840
22597	2150	9760	100000
22598	2150	9812	2488320
22599	2150	9921	100000
22600	2150	10068	51840
22601	2150	11795	51840
22602	2150	12012	2488320
22603	2150	12624	466560
22604	2150	14906	100000
22605	2150	14909	100000
22606	2151	7228	100000
22607	2152	2163	100000
22608	2153	2337	100000
22609	2153	5775	100000
22610	2153	6115	51840
22611	2153	6541	100000
22612	2153	7243	2488320
22613	2153	8087	100000
22614	2153	8179	100000
22615	2153	8466	1244160
22616	2153	9768	51840
22617	2154	8295	51840
22618	2155	2757	51840
22619	2156	2163	466560
22620	2156	14722	51840
22621	2156	14727	51840
22622	2156	14798	51840
22623	2156	14803	51840
22624	2156	15522	51840
22625	2156	15523	51840
22626	2156	15543	1244160
22627	2156	15544	51840
22628	2156	15545	51840
22629	2157	2282	100000
22630	2160	2163	100000
22631	2161	2163	100000
22632	2161	6080	51840
22633	2163	2169	100000
22634	2163	2181	51840
22635	2163	2184	51840
22636	2163	2185	2488320
22637	2163	2190	2488320
22638	2163	2204	51840
22639	2163	2217	51840
22640	2163	2229	51840
22641	2163	2231	100000
22642	2163	2236	100000
22643	2163	2251	100000
22644	2163	2253	51840
22645	2163	2273	466560
22646	2163	2283	100000
22647	2163	2289	51840
22648	2163	2307	1244160
22649	2163	2314	100000
22650	2163	2323	100000
22651	2163	2324	51840
22652	2163	2327	2488320
22653	2163	2340	100000
22654	2163	2516	100000
22655	2163	2533	100000
22656	2163	2534	100000
22657	2163	2537	100000
22658	2163	2542	100000
22659	2163	2548	2488320
22660	2163	2550	2488320
22661	2163	2565	100000
22662	2163	2567	100000
22663	2163	2571	100000
22664	2163	2577	100000
22665	2163	2582	100000
22666	2163	2587	100000
22667	2163	2595	100000
22668	2163	2598	466560
22669	2163	2600	100000
22670	2163	2609	1244160
22671	2163	2616	51840
22672	2163	2621	100000
22673	2163	2622	51840
22674	2163	2623	51840
22675	2163	2628	100000
22676	2163	2631	51840
22677	2163	2639	100000
22678	2163	2642	51840
22679	2163	2655	51840
22680	2163	2667	100000
22681	2163	2668	100000
22682	2163	2669	100000
22683	2163	2672	51840
22684	2163	2675	1244160
22685	2163	2704	51840
22686	2163	2710	51840
22687	2163	2711	51840
22688	2163	2728	51840
22689	2163	2741	100000
22690	2163	2742	2488320
22691	2163	2760	51840
22692	2163	2762	100000
22693	2163	3468	100000
22694	2163	3502	100000
22695	2163	3607	100000
22696	2163	3613	2488320
22697	2163	3716	100000
22698	2163	3729	2488320
22699	2163	3900	100000
22700	2163	4105	51840
22701	2163	4109	2488320
22702	2163	4117	2488320
22703	2163	4131	1244160
22704	2163	4134	1244160
22705	2163	4137	100000
22706	2163	4139	51840
22707	2163	4141	51840
22708	2163	4153	51840
22709	2163	4169	51840
22710	2163	4175	51840
22711	2163	4176	100000
22712	2163	4180	100000
22713	2163	4196	100000
22714	2163	4198	51840
22715	2163	4203	51840
22716	2163	4204	100000
22717	2163	4206	51840
22718	2163	4212	51840
22719	2163	4214	100000
22720	2163	4219	51840
22721	2163	4220	466560
22722	2163	4233	100000
22723	2163	4237	100000
22724	2163	4243	100000
22725	2163	4258	51840
22726	2163	4260	51840
22727	2163	4267	100000
22728	2163	4283	100000
22729	2163	4288	51840
22730	2163	4302	51840
22731	2163	4306	100000
22732	2163	4311	51840
22733	2163	4325	100000
22734	2163	4326	51840
22735	2163	4328	51840
22736	2163	4329	100000
22737	2163	4330	51840
22738	2163	4332	2488320
22739	2163	4338	100000
22740	2163	4344	100000
22741	2163	4347	51840
22742	2163	4354	1244160
22743	2163	4357	100000
22744	2163	4376	1244160
22745	2163	4380	2488320
22746	2163	4386	2488320
22747	2163	4390	51840
22748	2163	4393	100000
22749	2163	4406	100000
22750	2163	4407	100000
22751	2163	4408	100000
22752	2163	4415	100000
22753	2163	4420	51840
22754	2163	4423	1244160
22755	2163	4425	100000
22756	2163	4434	51840
22757	2163	4435	2488320
22758	2163	4436	100000
22759	2163	4437	100000
22760	2163	4452	100000
22761	2163	4459	100000
22762	2163	4462	51840
22763	2163	4464	51840
22764	2163	4465	100000
22765	2163	4466	51840
22766	2163	4469	100000
22767	2163	4470	2488320
22768	2163	4471	100000
22769	2163	4474	2488320
22770	2163	4478	51840
22771	2163	4488	2488320
22772	2163	4491	51840
22773	2163	4494	51840
22774	2163	4501	51840
22775	2163	4502	51840
22776	2163	4506	100000
22777	2163	4509	100000
22778	2163	4512	51840
22779	2163	4514	51840
22780	2163	4539	100000
22781	2163	4541	100000
22782	2163	4548	100000
22783	2163	4554	100000
22784	2163	4560	100000
22785	2163	4561	466560
22786	2163	4568	100000
22787	2163	4569	2488320
22788	2163	4577	466560
22789	2163	4581	100000
22790	2163	4587	51840
22791	2163	4588	51840
22792	2163	4589	100000
22793	2163	4591	100000
22794	2163	4596	100000
22795	2163	4597	100000
22796	2163	4619	2488320
22797	2163	4622	1244160
22798	2163	4623	100000
22799	2163	4624	100000
22800	2163	4634	51840
22801	2163	4647	100000
22802	2163	4650	100000
22803	2163	4654	51840
22804	2163	4657	100000
22805	2163	4658	2488320
22806	2163	4667	100000
22807	2163	4670	466560
22808	2163	4673	51840
22809	2163	4679	100000
22810	2163	4684	51840
22811	2163	4700	100000
22812	2163	4702	51840
22813	2163	4706	100000
22814	2163	4707	51840
22815	2163	4716	100000
22816	2163	4719	51840
22817	2163	4723	51840
22818	2163	4745	51840
22819	2163	4774	1244160
22820	2163	4780	100000
22821	2163	4781	100000
22822	2163	4783	51840
22823	2163	4791	100000
22824	2163	4795	51840
22825	2163	4799	100000
22826	2163	4819	100000
22827	2163	4824	1244160
22828	2163	4827	100000
22829	2163	4842	100000
22830	2163	4843	100000
22831	2163	4844	100000
22832	2163	4848	51840
22833	2163	4850	51840
22834	2163	4853	100000
22835	2163	4858	51840
22836	2163	4862	51840
22837	2163	4867	1244160
22838	2163	4869	51840
22839	2163	4876	51840
22840	2163	4884	51840
22841	2163	4886	100000
22842	2163	4887	51840
22843	2163	4888	100000
22844	2163	4895	51840
22845	2163	4903	100000
22846	2163	4904	100000
22847	2163	4905	2488320
22848	2163	4913	51840
22849	2163	4914	51840
22850	2163	4926	100000
22851	2163	4928	100000
22852	2163	4930	100000
22853	2163	4932	100000
22854	2163	4944	51840
22855	2163	4945	51840
22856	2163	4947	51840
22857	2163	4957	100000
22858	2163	4975	51840
22859	2163	4978	51840
22860	2163	4979	51840
22861	2163	4980	51840
22862	2163	4983	100000
22863	2163	4987	100000
22864	2163	4990	51840
22865	2163	4994	51840
22866	2163	4999	1244160
22867	2163	5001	100000
22868	2163	5016	100000
22869	2163	5024	100000
22870	2163	5030	100000
22871	2163	5032	100000
22872	2163	5035	51840
22873	2163	5042	1244160
22874	2163	5044	51840
22875	2163	5045	51840
22876	2163	5049	51840
22877	2163	5052	2488320
22878	2163	5059	1244160
22879	2163	5060	100000
22880	2163	5063	100000
22881	2163	5069	100000
22882	2163	5075	100000
22883	2163	5076	1244160
22884	2163	5079	51840
22885	2163	5092	51840
22886	2163	5094	100000
22887	2163	5095	100000
22888	2163	5103	2488320
22889	2163	5107	100000
22890	2163	5108	51840
22891	2163	5122	51840
22892	2163	5127	100000
22893	2163	5144	100000
22894	2163	5148	51840
22895	2163	5153	2488320
22896	2163	5160	100000
22897	2163	5164	51840
22898	2163	5165	51840
22899	2163	5166	51840
22900	2163	5169	2488320
22901	2163	5174	100000
22902	2163	5179	100000
22903	2163	5180	51840
22904	2163	5186	100000
22905	2163	5193	100000
22906	2163	5196	51840
22907	2163	5205	100000
22908	2163	5210	1244160
22909	2163	5223	51840
22910	2163	5224	1244160
22911	2163	5225	51840
22912	2163	5227	51840
22913	2163	5228	51840
22914	2163	5229	100000
22915	2163	5234	51840
22916	2163	5235	51840
22917	2163	5237	51840
22918	2163	5239	100000
22919	2163	5240	100000
22920	2163	5241	100000
22921	2163	5247	51840
22922	2163	5254	2488320
22923	2163	5255	51840
22924	2163	5260	100000
22925	2163	5268	51840
22926	2163	5270	100000
22927	2163	5276	1244160
22928	2163	5288	100000
22929	2163	5289	100000
22930	2163	5291	100000
22931	2163	5553	100000
22932	2163	5631	100000
22933	2163	6053	100000
22934	2163	6054	100000
22935	2163	6060	2488320
22936	2163	6069	51840
22937	2163	6071	51840
22938	2163	6080	100000
22939	2163	6085	51840
22940	2163	6086	100000
22941	2163	6088	51840
22942	2163	6090	51840
22943	2163	6095	51840
22944	2163	6098	51840
22945	2163	6102	100000
22946	2163	6103	100000
22947	2163	6105	100000
22948	2163	6129	100000
22949	2163	6136	100000
22950	2163	6137	51840
22951	2163	6148	51840
22952	2163	6149	100000
22953	2163	6154	1244160
22954	2163	6161	1244160
22955	2163	6163	51840
22956	2163	6168	51840
22957	2163	6171	51840
22958	2163	6180	100000
22959	2163	6183	51840
22960	2163	6199	100000
22961	2163	6200	51840
22962	2163	6203	2488320
22963	2163	6205	51840
22964	2163	6206	51840
22965	2163	6213	2488320
22966	2163	6217	100000
22967	2163	6221	51840
22968	2163	6238	2488320
22969	2163	6240	100000
22970	2163	6241	51840
22971	2163	6246	51840
22972	2163	6247	51840
22973	2163	6257	100000
22974	2163	6273	51840
22975	2163	6278	100000
22976	2163	6280	100000
22977	2163	6284	466560
22978	2163	6286	51840
22979	2163	6288	51840
22980	2163	6289	1244160
22981	2163	6297	100000
22982	2163	6301	466560
22983	2163	6307	1244160
22984	2163	6308	2488320
22985	2163	6313	51840
22986	2163	6319	100000
22987	2163	6320	51840
22988	2163	6323	51840
22989	2163	6327	51840
22990	2163	6333	100000
22991	2163	6334	100000
22992	2163	6348	100000
22993	2163	6350	51840
22994	2163	6352	100000
22995	2163	6356	51840
22996	2163	6358	51840
22997	2163	6379	51840
22998	2163	6386	100000
22999	2163	6389	51840
23000	2163	6391	51840
23001	2163	6393	100000
23002	2163	6404	1244160
23003	2163	6405	51840
23004	2163	6417	51840
23005	2163	6425	51840
23006	2163	6430	51840
23007	2163	6433	51840
23008	2163	6449	1244160
23009	2163	6456	51840
23010	2163	6476	1244160
23011	2163	6482	51840
23012	2163	6495	100000
23013	2163	6496	1244160
23014	2163	6497	51840
23015	2163	6498	1244160
23016	2163	6499	100000
23017	2163	6505	51840
23018	2163	6511	100000
23019	2163	6512	51840
23020	2163	6529	1244160
23021	2163	6548	100000
23022	2163	6555	1244160
23023	2163	6563	51840
23024	2163	6568	100000
23025	2163	6589	100000
23026	2163	6593	2488320
23027	2163	6596	51840
23028	2163	6603	100000
23029	2163	6620	2488320
23030	2163	6624	51840
23031	2163	6629	51840
23032	2163	6630	51840
23033	2163	6631	100000
23034	2163	6638	51840
23035	2163	6666	100000
23036	2163	6676	100000
23037	2163	6681	100000
23038	2163	6688	100000
23039	2163	6689	100000
23040	2163	6696	51840
23041	2163	6699	51840
23042	2163	6703	51840
23043	2163	6705	2488320
23044	2163	6708	51840
23045	2163	6713	100000
23046	2163	6715	51840
23047	2163	6716	1244160
23048	2163	6717	51840
23049	2163	6721	51840
23050	2163	6723	1244160
23051	2163	6731	51840
23052	2163	6732	100000
23053	2163	6736	2488320
23054	2163	6737	51840
23055	2163	6740	51840
23056	2163	6743	100000
23057	2163	6744	51840
23058	2163	6756	1244160
23059	2163	6768	51840
23060	2163	6772	100000
23061	2163	6775	100000
23062	2163	6778	51840
23063	2163	6786	100000
23064	2163	6787	51840
23065	2163	6789	100000
23066	2163	6794	51840
23067	2163	6801	100000
23068	2163	6806	51840
23069	2163	6817	100000
23070	2163	6818	51840
23071	2163	6824	100000
23072	2163	6835	51840
23073	2163	6842	51840
23074	2163	6847	51840
23075	2163	6855	51840
23076	2163	6857	51840
23077	2163	6862	51840
23078	2163	6875	466560
23079	2163	6877	51840
23080	2163	6883	51840
23081	2163	6885	51840
23082	2163	6887	51840
23083	2163	6905	100000
23084	2163	6911	2488320
23085	2163	6916	51840
23086	2163	6920	100000
23087	2163	6921	100000
23088	2163	6922	100000
23089	2163	6923	51840
23090	2163	6924	51840
23091	2163	6926	2488320
23092	2163	6929	51840
23093	2163	6932	51840
23094	2163	6936	51840
23095	2163	6937	1244160
23096	2163	6942	51840
23097	2163	6943	51840
23098	2163	6947	51840
23099	2163	6951	51840
23100	2163	6952	51840
23101	2163	6955	51840
23102	2163	6956	51840
23103	2163	6959	100000
23104	2163	6966	100000
23105	2163	6968	466560
23106	2163	6969	100000
23107	2163	6973	1244160
23108	2163	6982	100000
23109	2163	6985	100000
23110	2163	6990	51840
23111	2163	7001	51840
23112	2163	7003	51840
23113	2163	7007	51840
23114	2163	7010	100000
23115	2163	7011	51840
23116	2163	7013	100000
23117	2163	7021	100000
23118	2163	7022	51840
23119	2163	7024	100000
23120	2163	7035	100000
23121	2163	7038	2488320
23122	2163	7056	51840
23123	2163	7057	2488320
23124	2163	7059	51840
23125	2163	7062	100000
23126	2163	7063	2488320
23127	2163	7064	51840
23128	2163	7083	51840
23129	2163	7087	51840
23130	2163	7091	1244160
23131	2163	7098	100000
23132	2163	7102	100000
23133	2163	7103	100000
23134	2163	7115	51840
23135	2163	7126	51840
23136	2163	7137	100000
23137	2163	7138	100000
23138	2163	7143	1244160
23139	2163	7144	51840
23140	2163	7146	51840
23141	2163	7148	100000
23142	2163	7152	51840
23143	2163	7155	51840
23144	2163	7165	51840
23145	2163	7177	51840
23146	2163	7178	51840
23147	2163	7179	51840
23148	2163	7186	100000
23149	2163	7187	1244160
23150	2163	7205	51840
23151	2163	7206	51840
23152	2163	7208	1244160
23153	2163	7211	100000
23154	2163	7213	100000
23155	2163	7222	51840
23156	2163	7228	2488320
23157	2163	7229	100000
23158	2163	7230	100000
23159	2163	7236	100000
23160	2163	7237	51840
23161	2163	7239	100000
23162	2163	7245	51840
23163	2163	7250	100000
23164	2163	7257	100000
23165	2163	7264	1244160
23166	2163	7426	51840
23167	2163	8045	51840
23168	2163	8053	2488320
23169	2163	8054	51840
23170	2163	8058	51840
23171	2163	8060	2488320
23172	2163	8067	51840
23173	2163	8071	2488320
23174	2163	8072	1244160
23175	2163	8082	51840
23176	2163	8089	51840
23177	2163	8091	100000
23178	2163	8095	51840
23179	2163	8097	51840
23180	2163	8102	51840
23181	2163	8105	100000
23182	2163	8107	51840
23183	2163	8108	51840
23184	2163	8114	100000
23185	2163	8119	100000
23186	2163	8135	1244160
23187	2163	8138	51840
23188	2163	8147	51840
23189	2163	8150	100000
23190	2163	8156	51840
23191	2163	8161	2488320
23192	2163	8167	1244160
23193	2163	8177	51840
23194	2163	8186	51840
23195	2163	8187	51840
23196	2163	8191	51840
23197	2163	8194	51840
23198	2163	8195	51840
23199	2163	8196	100000
23200	2163	8197	51840
23201	2163	8200	100000
23202	2163	8204	1244160
23203	2163	8211	2488320
23204	2163	8226	51840
23205	2163	8227	51840
23206	2163	8228	51840
23207	2163	8230	100000
23208	2163	8231	100000
23209	2163	8237	100000
23210	2163	8250	100000
23211	2163	8258	51840
23212	2163	8260	51840
23213	2163	8262	100000
23214	2163	8274	100000
23215	2163	8275	100000
23216	2163	8277	100000
23217	2163	8278	51840
23218	2163	8288	100000
23219	2163	8293	2488320
23220	2163	8294	51840
23221	2163	8313	51840
23222	2163	8319	100000
23223	2163	8323	2488320
23224	2163	8325	51840
23225	2163	8329	100000
23226	2163	8330	51840
23227	2163	8338	51840
23228	2163	8343	51840
23229	2163	8346	100000
23230	2163	8349	51840
23231	2163	8357	2488320
23232	2163	8359	51840
23233	2163	8360	100000
23234	2163	8370	51840
23235	2163	8382	51840
23236	2163	8383	51840
23237	2163	8386	51840
23238	2163	8387	466560
23239	2163	8393	51840
23240	2163	8395	100000
23241	2163	8398	2488320
23242	2163	8404	466560
23243	2163	8409	51840
23244	2163	8411	51840
23245	2163	8413	1244160
23246	2163	8426	2488320
23247	2163	8429	51840
23248	2163	8431	51840
23249	2163	8432	51840
23250	2163	8443	51840
23251	2163	8448	100000
23252	2163	8470	51840
23253	2163	8473	51840
23254	2163	8476	51840
23255	2163	8484	100000
23256	2163	8490	51840
23257	2163	8491	51840
23258	2163	8499	51840
23259	2163	8504	51840
23260	2163	8507	51840
23261	2163	8519	51840
23262	2163	8523	100000
23263	2163	8524	100000
23264	2163	8525	100000
23265	2163	8526	100000
23266	2163	8527	100000
23267	2163	8528	100000
23268	2163	8529	100000
23269	2163	8530	2488320
23270	2163	8531	2488320
23271	2163	8536	51840
23272	2163	8540	100000
23273	2163	8541	51840
23274	2163	8542	1244160
23275	2163	8545	51840
23276	2163	8552	51840
23277	2163	8556	51840
23278	2163	8562	100000
23279	2163	8564	51840
23280	2163	8565	51840
23281	2163	8566	51840
23282	2163	8572	466560
23283	2163	8574	100000
23284	2163	8575	2488320
23285	2163	8579	51840
23286	2163	8583	51840
23287	2163	8585	51840
23288	2163	8587	51840
23289	2163	8593	51840
23290	2163	8594	51840
23291	2163	8595	51840
23292	2163	8600	51840
23293	2163	8614	2488320
23294	2163	8615	2488320
23295	2163	8629	51840
23296	2163	9303	1244160
23297	2163	9322	1244160
23298	2163	9324	51840
23299	2163	9325	1244160
23300	2163	9326	1244160
23301	2163	9327	51840
23302	2163	9329	51840
23303	2163	9342	51840
23304	2163	9347	51840
23305	2163	9351	51840
23306	2163	9362	1244160
23307	2163	9368	51840
23308	2163	9385	1244160
23309	2163	9387	1244160
23310	2163	9388	51840
23311	2163	9396	51840
23312	2163	9404	51840
23313	2163	9406	51840
23314	2163	9411	51840
23315	2163	9416	51840
23316	2163	9430	51840
23317	2163	9431	51840
23318	2163	9433	51840
23319	2163	9437	2488320
23320	2163	9448	51840
23321	2163	9459	2488320
23322	2163	9460	51840
23323	2163	9467	51840
23324	2163	9468	100000
23325	2163	9476	51840
23326	2163	9478	51840
23327	2163	9490	51840
23328	2163	9496	51840
23329	2163	9511	51840
23330	2163	9517	51840
23331	2163	9520	51840
23332	2163	9523	51840
23333	2163	9526	2488320
23334	2163	9529	1244160
23335	2163	9532	51840
23336	2163	9535	100000
23337	2163	9541	51840
23338	2163	9546	51840
23339	2163	9548	100000
23340	2163	9552	51840
23341	2163	9556	2488320
23342	2163	9560	51840
23343	2163	9566	51840
23344	2163	9567	51840
23345	2163	9570	1244160
23346	2163	9580	100000
23347	2163	9582	51840
23348	2163	9583	100000
23349	2163	9593	51840
23350	2163	9594	1244160
23351	2163	9606	51840
23352	2163	9607	51840
23353	2163	9614	2488320
23354	2163	9618	100000
23355	2163	9620	51840
23356	2163	9624	100000
23357	2163	9627	1244160
23358	2163	9635	51840
23359	2163	9639	466560
23360	2163	9640	51840
23361	2163	9647	100000
23362	2163	9648	1244160
23363	2163	9650	51840
23364	2163	9651	51840
23365	2163	9652	51840
23366	2163	9656	1244160
23367	2163	9662	100000
23368	2163	9664	2488320
23369	2163	9665	100000
23370	2163	9688	51840
23371	2163	9693	51840
23372	2163	9703	100000
23373	2163	9704	100000
23374	2163	9711	2488320
23375	2163	9715	100000
23376	2163	9722	51840
23377	2163	9723	51840
23378	2163	9734	100000
23379	2163	9741	100000
23380	2163	9743	100000
23381	2163	9763	100000
23382	2163	9766	100000
23383	2163	9776	100000
23384	2163	9779	51840
23385	2163	9780	1244160
23386	2163	9781	51840
23387	2163	9783	51840
23388	2163	9785	51840
23389	2163	9793	100000
23390	2163	9795	100000
23391	2163	9798	100000
23392	2163	9803	51840
23393	2163	9806	466560
23394	2163	9815	100000
23395	2163	9824	100000
23396	2163	9825	2488320
23397	2163	9827	2488320
23398	2163	9828	51840
23399	2163	9829	51840
23400	2163	9830	2488320
23401	2163	9834	51840
23402	2163	9835	51840
23403	2163	9837	100000
23404	2163	9838	100000
23405	2163	9845	51840
23406	2163	9853	51840
23407	2163	9857	100000
23408	2163	9866	51840
23409	2163	9875	100000
23410	2163	9880	2488320
23411	2163	9883	100000
23412	2163	9893	2488320
23413	2163	9898	51840
23414	2163	9899	1244160
23415	2163	9908	100000
23416	2163	9917	466560
23417	2163	9918	100000
23418	2163	9921	100000
23419	2163	9923	51840
23420	2163	9925	51840
23421	2163	9927	51840
23422	2163	9930	51840
23423	2163	9931	51840
23424	2163	9934	51840
23425	2163	9943	51840
23426	2163	9968	51840
23427	2163	9972	51840
23428	2163	9977	51840
23429	2163	9978	51840
23430	2163	9983	100000
23431	2163	9985	51840
23432	2163	9988	51840
23433	2163	9999	51840
23434	2163	10001	51840
23435	2163	10002	1244160
23436	2163	10007	51840
23437	2163	10016	51840
23438	2163	10018	2488320
23439	2163	10019	1244160
23440	2163	10023	51840
23441	2163	10025	51840
23442	2163	10027	1244160
23443	2163	10033	1244160
23444	2163	10039	1244160
23445	2163	10040	100000
23446	2163	10042	51840
23447	2163	10044	51840
23448	2163	10045	100000
23449	2163	10051	51840
23450	2163	10062	51840
23451	2163	10070	51840
23452	2163	10076	2488320
23453	2163	10077	100000
23454	2163	10085	1244160
23455	2163	10087	51840
23456	2163	10089	51840
23457	2163	10091	51840
23458	2163	10093	1244160
23459	2163	10096	51840
23460	2163	10109	51840
23461	2163	10131	1244160
23462	2163	10143	100000
23463	2163	10148	51840
23464	2163	10149	51840
23465	2163	10172	51840
23466	2163	10175	51840
23467	2163	10178	51840
23468	2163	10179	51840
23469	2163	10195	1244160
23470	2163	10207	100000
23471	2163	10208	51840
23472	2163	10211	100000
23473	2163	10218	51840
23474	2163	10228	1244160
23475	2163	10250	51840
23476	2163	10255	51840
23477	2163	10260	100000
23478	2163	10268	100000
23479	2163	10282	1244160
23480	2163	10290	51840
23481	2163	10293	51840
23482	2163	10299	51840
23483	2163	10303	2488320
23484	2163	10306	51840
23485	2163	10310	51840
23486	2163	10316	100000
23487	2163	10319	51840
23488	2163	10325	1244160
23489	2163	10328	1244160
23490	2163	10329	100000
23491	2163	10348	51840
23492	2163	10354	51840
23493	2163	10357	466560
23494	2163	10362	100000
23495	2163	10371	51840
23496	2163	10375	100000
23497	2163	10386	51840
23498	2163	10397	51840
23499	2163	10400	100000
23500	2163	10408	51840
23501	2163	10412	51840
23502	2163	10420	51840
23503	2163	10422	1244160
23504	2163	10423	51840
23505	2163	10425	100000
23506	2163	10426	51840
23507	2163	10432	51840
23508	2163	10449	100000
23509	2163	10450	51840
23510	2163	10453	2488320
23511	2163	10455	51840
23512	2163	10467	466560
23513	2163	10481	51840
23514	2163	10486	100000
23515	2163	10488	2488320
23516	2163	10491	51840
23517	2163	10492	51840
23518	2163	10494	51840
23519	2163	10499	2488320
23520	2163	10502	51840
23521	2163	10506	51840
23522	2163	10515	51840
23523	2163	10517	51840
23524	2163	10518	51840
23525	2163	10520	51840
23526	2163	10521	51840
23527	2163	10526	51840
23528	2163	10530	51840
23529	2163	10536	51840
23530	2163	10543	51840
23531	2163	10551	51840
23532	2163	10552	100000
23533	2163	10556	51840
23534	2163	10557	51840
23535	2163	10560	51840
23536	2163	10561	51840
23537	2163	10564	100000
23538	2163	10570	51840
23539	2163	10573	51840
23540	2163	10576	51840
23541	2163	10582	100000
23542	2163	10585	100000
23543	2163	10588	51840
23544	2163	10590	51840
23545	2163	10591	100000
23546	2163	10595	51840
23547	2163	10610	51840
23548	2163	11461	100000
23549	2163	11465	51840
23550	2163	11469	51840
23551	2163	11470	51840
23552	2163	11474	51840
23553	2163	11486	51840
23554	2163	11487	51840
23555	2163	11493	51840
23556	2163	11495	100000
23557	2163	11507	1244160
23558	2163	11520	100000
23559	2163	11522	100000
23560	2163	11523	51840
23561	2163	11525	100000
23562	2163	11529	100000
23563	2163	11538	51840
23564	2163	11543	1244160
23565	2163	11546	51840
23566	2163	11552	51840
23567	2163	11553	51840
23568	2163	11561	51840
23569	2163	11562	51840
23570	2163	11564	51840
23571	2163	11565	51840
23572	2163	11567	51840
23573	2163	11569	51840
23574	2163	11570	51840
23575	2163	11576	51840
23576	2163	11587	51840
23577	2163	11589	100000
23578	2163	11592	100000
23579	2163	11597	51840
23580	2163	11598	100000
23581	2163	11605	51840
23582	2163	11614	51840
23583	2163	11616	51840
23584	2163	11618	51840
23585	2163	11619	51840
23586	2163	11620	100000
23587	2163	11621	2488320
23588	2163	11624	51840
23589	2163	11627	51840
23590	2163	11635	51840
23591	2163	11646	2488320
23592	2163	11652	1244160
23593	2163	11662	466560
23594	2163	11667	51840
23595	2163	11669	1244160
23596	2163	11676	100000
23597	2163	11683	51840
23598	2163	11691	51840
23599	2163	11693	1244160
23600	2163	11697	51840
23601	2163	11703	100000
23602	2163	11705	100000
23603	2163	11706	51840
23604	2163	11707	51840
23605	2163	11708	51840
23606	2163	11709	51840
23607	2163	11716	51840
23608	2163	11725	51840
23609	2163	11727	100000
23610	2163	11729	51840
23611	2163	11736	51840
23612	2163	11745	2488320
23613	2163	11749	51840
23614	2163	11755	51840
23615	2163	11760	2488320
23616	2163	11769	100000
23617	2163	11770	51840
23618	2163	11785	1244160
23619	2163	11803	51840
23620	2163	11807	51840
23621	2163	11809	51840
23622	2163	11813	51840
23623	2163	11819	51840
23624	2163	11832	100000
23625	2163	11833	1244160
23626	2163	11840	51840
23627	2163	11841	51840
23628	2163	11842	51840
23629	2163	11853	51840
23630	2163	11855	51840
23631	2163	11856	51840
23632	2163	11859	100000
23633	2163	11861	51840
23634	2163	11864	51840
23635	2163	11871	100000
23636	2163	11873	100000
23637	2163	11880	100000
23638	2163	11882	2488320
23639	2163	11886	51840
23640	2163	11904	51840
23641	2163	11905	51840
23642	2163	11906	51840
23643	2163	11921	51840
23644	2163	11926	51840
23645	2163	11928	100000
23646	2163	11938	1244160
23647	2163	11946	100000
23648	2163	11947	100000
23649	2163	11953	1244160
23650	2163	11954	51840
23651	2163	11956	51840
23652	2163	11961	100000
23653	2163	11962	1244160
23654	2163	11964	51840
23655	2163	11969	51840
23656	2163	11970	51840
23657	2163	11973	51840
23658	2163	11979	51840
23659	2163	11980	2488320
23660	2163	11981	2488320
23661	2163	11985	51840
23662	2163	11989	100000
23663	2163	11990	51840
23664	2163	12000	51840
23665	2163	12009	100000
23666	2163	12017	100000
23667	2163	12019	51840
23668	2163	12032	100000
23669	2163	12039	51840
23670	2163	12048	51840
23671	2163	12054	100000
23672	2163	12055	51840
23673	2163	12062	51840
23674	2163	12100	1244160
23675	2163	12108	100000
23676	2163	12109	1244160
23677	2163	12111	51840
23678	2163	12112	51840
23679	2163	12113	51840
23680	2163	12117	100000
23681	2163	12119	51840
23682	2163	12126	51840
23683	2163	12127	51840
23684	2163	12134	51840
23685	2163	12145	51840
23686	2163	12152	2488320
23687	2163	12155	51840
23688	2163	12156	51840
23689	2163	12157	51840
23690	2163	12169	51840
23691	2163	12171	51840
23692	2163	12184	51840
23693	2163	12188	51840
23694	2163	12197	51840
23695	2163	12209	51840
23696	2163	12214	51840
23697	2163	12221	51840
23698	2163	12225	51840
23699	2163	12244	100000
23700	2163	12251	100000
23701	2163	12254	51840
23702	2163	12259	51840
23703	2163	12261	51840
23704	2163	12266	51840
23705	2163	12277	100000
23706	2163	12291	51840
23707	2163	12302	51840
23708	2163	12307	100000
23709	2163	12327	100000
23710	2163	12338	51840
23711	2163	12339	100000
23712	2163	12356	1244160
23713	2163	12362	51840
23714	2163	12369	51840
23715	2163	12372	1244160
23716	2163	12374	51840
23717	2163	12376	51840
23718	2163	12379	2488320
23719	2163	12389	100000
23720	2163	12415	51840
23721	2163	12417	466560
23722	2163	12419	100000
23723	2163	12431	51840
23724	2163	12443	2488320
23725	2163	12448	51840
23726	2163	12449	51840
23727	2163	12453	2488320
23728	2163	12459	51840
23729	2163	12462	100000
23730	2163	12477	51840
23731	2163	12489	1244160
23732	2163	12491	100000
23733	2163	12493	51840
23734	2163	12501	51840
23735	2163	12504	51840
23736	2163	12515	51840
23737	2163	12517	51840
23738	2163	12523	51840
23739	2163	12528	51840
23740	2163	12531	100000
23741	2163	12549	51840
23742	2163	12558	51840
23743	2163	12560	100000
23744	2163	12578	51840
23745	2163	12582	51840
23746	2163	12590	51840
23747	2163	12607	51840
23748	2163	12612	2488320
23749	2163	12613	51840
23750	2163	12614	51840
23751	2163	12621	51840
23752	2163	12625	2488320
23753	2163	12627	51840
23754	2163	12633	51840
23755	2163	12635	51840
23756	2163	12639	100000
23757	2163	12641	51840
23758	2163	12645	51840
23759	2163	12659	100000
23760	2163	12669	100000
23761	2163	12670	51840
23762	2163	12683	51840
23763	2163	12685	51840
23764	2163	12693	2488320
23765	2163	12698	51840
23766	2163	12706	51840
23767	2163	12711	51840
23768	2163	12744	1244160
23769	2163	12749	51840
23770	2163	12750	51840
23771	2163	12753	100000
23772	2163	12756	51840
23773	2163	12759	51840
23774	2163	12766	51840
23775	2163	12772	100000
23776	2163	12780	100000
23777	2163	12784	51840
23778	2163	12796	51840
23779	2163	12805	1244160
23780	2163	12811	51840
23781	2163	12838	1244160
23782	2163	12867	100000
23783	2163	12872	100000
23784	2163	12874	51840
23785	2163	12884	51840
23786	2163	12892	51840
23787	2163	12896	51840
23788	2163	12898	100000
23789	2163	12921	51840
23790	2163	12930	1244160
23791	2163	12933	51840
23792	2163	12936	51840
23793	2163	12939	51840
23794	2163	12940	100000
23795	2163	12952	51840
23796	2163	12963	100000
23797	2163	12965	51840
23798	2163	12976	51840
23799	2163	13685	51840
23800	2163	13689	51840
23801	2163	13696	100000
23802	2163	13712	51840
23803	2163	13714	51840
23804	2163	13721	51840
23805	2163	13736	51840
23806	2163	13740	51840
23807	2163	13746	51840
23808	2163	13750	51840
23809	2163	13751	51840
23810	2163	13761	51840
23811	2163	13764	100000
23812	2163	13786	51840
23813	2163	13787	51840
23814	2163	13789	51840
23815	2163	13805	51840
23816	2163	13808	100000
23817	2163	13810	1244160
23818	2163	13813	51840
23819	2163	13815	51840
23820	2163	13832	51840
23821	2163	13833	51840
23822	2163	13836	51840
23823	2163	13842	51840
23824	2163	13846	1244160
23825	2163	13848	51840
23826	2163	13855	51840
23827	2163	13879	51840
23828	2163	13886	51840
23829	2163	13894	1244160
23830	2163	13901	51840
23831	2163	13902	51840
23832	2163	13903	51840
23833	2163	13910	51840
23834	2163	13912	100000
23835	2163	13918	51840
23836	2163	13919	51840
23837	2163	13923	1244160
23838	2163	13924	51840
23839	2163	13929	100000
23840	2163	13932	51840
23841	2163	13947	51840
23842	2163	13968	100000
23843	2163	13969	1244160
23844	2163	13970	100000
23845	2163	13973	51840
23846	2163	13974	51840
23847	2163	13978	51840
23848	2163	13996	51840
23849	2163	13998	51840
23850	2163	14005	51840
23851	2163	14018	100000
23852	2163	14019	51840
23853	2163	14023	51840
23854	2163	14028	51840
23855	2163	14036	51840
23856	2163	14074	51840
23857	2163	14093	51840
23858	2163	14103	51840
23859	2163	14109	51840
23860	2163	14118	100000
23861	2163	14123	466560
23862	2163	14128	51840
23863	2163	14132	51840
23864	2163	14135	2488320
23865	2163	14137	51840
23866	2163	14140	51840
23867	2163	14149	51840
23868	2163	14151	51840
23869	2163	14155	51840
23870	2163	14175	100000
23871	2163	14179	100000
23872	2163	14196	51840
23873	2163	14205	51840
23874	2163	14217	51840
23875	2163	14220	51840
23876	2163	14232	51840
23877	2163	14233	51840
23878	2163	14235	51840
23879	2163	14236	51840
23880	2163	14237	51840
23881	2163	14238	51840
23882	2163	14241	51840
23883	2163	14252	51840
23884	2163	14257	100000
23885	2163	14263	51840
23886	2163	14265	51840
23887	2163	14271	51840
23888	2163	14272	51840
23889	2163	14285	100000
23890	2163	14290	51840
23891	2163	14298	100000
23892	2163	14303	51840
23893	2163	14322	51840
23894	2163	14326	51840
23895	2163	14330	51840
23896	2163	14343	51840
23897	2163	14347	100000
23898	2163	14349	51840
23899	2163	14350	100000
23900	2163	14361	100000
23901	2163	14363	100000
23902	2163	14366	51840
23903	2163	14370	51840
23904	2163	14374	51840
23905	2163	14375	51840
23906	2163	14397	51840
23907	2163	14406	100000
23908	2163	14410	51840
23909	2163	14419	51840
23910	2163	14427	51840
23911	2163	14428	51840
23912	2163	14430	100000
23913	2163	14435	51840
23914	2163	14436	100000
23915	2163	14439	51840
23916	2163	14445	51840
23917	2163	14457	100000
23918	2163	14462	51840
23919	2163	14472	51840
23920	2163	14473	100000
23921	2163	14476	51840
23922	2163	14483	2488320
23923	2163	14486	51840
23924	2163	14504	51840
23925	2163	14507	51840
23926	2163	14508	51840
23927	2163	14511	100000
23928	2163	14517	100000
23929	2163	14520	51840
23930	2163	14527	51840
23931	2163	14536	51840
23932	2163	14538	100000
23933	2163	14543	51840
23934	2163	14546	51840
23935	2163	14552	51840
23936	2163	14554	51840
23937	2163	14556	1244160
23938	2163	14563	51840
23939	2163	14570	51840
23940	2163	14571	100000
23941	2163	14575	100000
23942	2163	14580	100000
23943	2163	14588	466560
23944	2163	14683	1244160
23945	2163	14694	1244160
23946	2163	14698	51840
23947	2163	14775	1244160
23948	2163	14873	100000
23949	2163	14874	100000
23950	2163	14996	2488320
23951	2163	15000	100000
23952	2163	15050	51840
23953	2163	15088	51840
23954	2163	15112	1244160
23955	2163	15157	51840
23956	2163	15164	51840
23957	2163	15208	51840
23958	2163	15231	51840
23959	2163	15475	466560
23960	2163	15476	51840
23961	2163	15540	51840
23962	2163	15555	51840
23963	2165	2197	51840
23964	2165	4201	100000
23965	2165	4431	2488320
23966	2165	9812	100000
23967	2165	11703	100000
23968	2165	12555	100000
23969	2165	14177	2488320
23970	2165	14907	51840
23971	2165	14911	51840
23972	2165	14969	51840
23973	2166	8401	100000
23974	2169	2614	100000
23975	2169	6324	51840
23976	2169	13837	2488320
23977	2169	14565	100000
23978	2176	3607	51840
23979	2176	4777	51840
23980	2176	6878	100000
23981	2176	8155	100000
23982	2176	14241	51840
23983	2176	15184	51840
23984	2183	4414	51840
23985	2186	2541	100000
23986	2188	2621	100000
23987	2189	4161	100000
23988	2189	4245	100000
23989	2189	4655	100000
23990	2189	4812	100000
23991	2189	5104	100000
23992	2189	6186	51840
23993	2189	6338	100000
23994	2189	8188	100000
23995	2189	8462	51840
23996	2189	9731	51840
23997	2189	9935	466560
23998	2189	10351	2488320
23999	2189	10447	51840
24000	2189	12507	100000
24001	2189	12619	51840
24002	2189	14890	100000
24003	2192	2668	100000
24004	2193	2746	2488320
24005	2193	4589	100000
24006	2194	4812	51840
24007	2195	9445	100000
24008	2197	4435	51840
24009	2198	2668	100000
24010	2198	4534	51840
24011	2198	4857	100000
24012	2198	4951	51840
24013	2198	8084	51840
24014	2198	8180	2488320
24015	2198	12194	51840
24016	2198	12617	51840
24017	2200	15395	51840
24018	2200	15471	51840
24019	2200	15519	51840
24020	2200	15559	51840
24021	2201	5192	1244160
24022	2201	5203	51840
24023	2202	4645	51840
24024	2202	6932	51840
24025	2203	2282	51840
24026	2206	4435	51840
24027	2206	6341	1244160
24028	2208	7024	100000
24029	2209	6854	51840
24030	2210	2746	100000
24031	2211	4467	100000
24032	2211	6078	100000
24033	2211	11941	51840
24034	2211	12444	51840
24035	2211	12563	100000
24036	2211	15187	51840
24037	2211	15188	51840
24038	2214	9665	100000
24039	2216	2280	51840
24040	2216	2281	51840
24041	2216	2316	2488320
24042	2216	2621	2488320
24043	2216	2749	100000
24044	2216	3912	466560
24045	2216	4142	51840
24046	2216	4187	100000
24047	2216	4329	100000
24048	2216	4369	100000
24049	2216	4463	51840
24050	2216	4724	2488320
24051	2216	4776	51840
24052	2216	4840	51840
24053	2216	4857	100000
24054	2216	4879	100000
24055	2216	4898	51840
24056	2216	5095	51840
24057	2216	5127	100000
24058	2216	5775	2488320
24059	2216	6081	100000
24060	2216	6127	100000
24061	2216	6381	51840
24062	2216	6384	51840
24063	2216	6454	51840
24064	2216	6480	100000
24065	2216	6556	51840
24066	2216	6714	2488320
24067	2216	6995	100000
24068	2216	7151	51840
24069	2216	7195	51840
24070	2216	8080	100000
24071	2216	8095	51840
24072	2216	8219	51840
24073	2216	8304	100000
24074	2216	8377	100000
24075	2216	8431	51840
24076	2216	8550	100000
24077	2216	8586	51840
24078	2216	9436	51840
24079	2216	9442	51840
24080	2216	9682	51840
24081	2216	9819	51840
24082	2216	9839	466560
24083	2216	9881	51840
24084	2216	9967	100000
24085	2216	9995	51840
24086	2216	10229	1244160
24087	2216	10418	51840
24088	2216	10555	51840
24089	2216	10599	51840
24090	2216	11522	51840
24091	2216	11711	100000
24092	2216	11722	51840
24093	2216	11738	51840
24094	2216	11830	2488320
24095	2216	11879	51840
24096	2216	12000	51840
24097	2216	12401	51840
24098	2216	12461	51840
24099	2216	12493	51840
24100	2216	12722	51840
24101	2216	12739	51840
24102	2216	12825	51840
24103	2216	12958	51840
24104	2216	13685	1244160
24105	2216	13687	51840
24106	2216	13745	51840
24107	2216	13820	51840
24108	2216	13891	51840
24109	2216	13895	51840
24110	2216	13977	51840
24111	2216	14076	51840
24112	2216	14086	51840
24113	2216	14097	51840
24114	2216	14185	2488320
24115	2216	14209	1244160
24116	2216	14236	51840
24117	2216	14407	51840
24118	2216	14436	100000
24119	2216	14488	51840
24120	2216	14493	100000
24121	2216	14549	100000
24122	2216	14567	100000
24123	2216	14580	51840
24124	2218	10090	100000
24125	2220	7075	100000
24126	2222	3001	100000
24127	2223	4436	51840
24128	2223	7174	100000
24129	2223	14402	51840
24130	2227	7174	2488320
24131	2231	2668	100000
24132	2231	4365	100000
24133	2231	4812	100000
24134	2231	15441	1244160
24135	2232	15069	51840
24136	2232	15240	51840
24137	2233	2445	51840
24138	2234	2668	100000
24139	2234	2835	100000
24140	2234	2849	100000
24141	2234	2909	100000
24142	2234	2925	100000
24143	2234	2955	51840
24144	2234	2956	100000
24145	2234	3031	51840
24146	2234	3037	100000
24147	2234	3096	100000
24148	2234	3134	51840
24149	2234	3215	100000
24150	2234	3239	100000
24151	2234	3253	100000
24152	2234	3273	100000
24153	2234	3373	100000
24154	2234	3403	2488320
24155	2234	3418	51840
24156	2234	3423	51840
24157	2234	4388	51840
24158	2234	4799	100000
24159	2234	5306	51840
24160	2234	5365	51840
24161	2234	5540	51840
24162	2234	5608	51840
24163	2234	5647	100000
24164	2234	5650	51840
24165	2234	5723	100000
24166	2234	5818	51840
24167	2234	5821	51840
24168	2234	5838	100000
24169	2234	5992	2488320
24170	2234	6030	51840
24171	2234	7329	51840
24172	2234	7388	51840
24173	2234	7424	100000
24174	2234	7565	51840
24175	2234	7583	51840
24176	2234	7650	100000
24177	2234	7971	51840
24178	2234	8038	51840
24179	2234	8321	51840
24180	2234	9465	51840
24181	2234	10700	51840
24182	2234	10867	100000
24183	2234	10902	100000
24184	2234	10906	100000
24185	2234	11086	51840
24186	2234	11189	51840
24187	2234	11351	51840
24188	2234	11416	100000
24189	2234	13154	1244160
24190	2234	13199	51840
24191	2234	13393	100000
24192	2235	4113	51840
24193	2239	9391	100000
24194	2241	6099	51840
24195	2241	12424	51840
24196	2242	9573	100000
24197	2242	9812	100000
24198	2243	2674	51840
24199	2244	2658	1244160
24200	2247	4812	100000
24201	2248	5031	2488320
24202	2248	5233	100000
24203	2251	4223	100000
24204	2255	2342	100000
24205	2255	4942	1244160
24206	2255	6529	1244160
24207	2255	6631	51840
24208	2255	10347	51840
24209	2255	11695	1244160
24210	2255	11830	100000
24211	2255	11922	51840
24212	2255	11939	51840
24213	2255	12271	100000
24214	2255	12307	100000
24215	2255	12316	51840
24216	2255	12519	51840
24217	2255	12545	1244160
24218	2255	14362	51840
24219	2255	14692	51840
24220	2255	14705	51840
24221	2255	14706	100000
24222	2256	4135	100000
24223	2257	5243	51840
24224	2258	8319	100000
24225	2260	4435	100000
24226	2260	5239	100000
24227	2260	7424	100000
24228	2264	7104	100000
24229	2265	4435	100000
24230	2266	7182	2488320
24231	2267	4158	100000
24232	2267	4302	1244160
24233	2267	4363	100000
24234	2267	4522	51840
24235	2267	4638	51840
24236	2267	4857	100000
24237	2267	4925	2488320
24238	2267	5113	51840
24239	2267	6062	51840
24240	2267	6552	51840
24241	2267	6563	51840
24242	2267	6564	51840
24243	2267	7235	51840
24244	2267	7240	51840
24245	2267	8471	466560
24246	2267	9458	100000
24247	2267	9872	100000
24248	2267	10390	51840
24249	2267	10482	100000
24250	2267	11595	100000
24251	2267	12030	51840
24252	2267	12188	51840
24253	2267	12271	51840
24254	2267	12977	1244160
24255	2267	14169	100000
24256	2267	14473	100000
24257	2267	15091	51840
24258	2267	15092	51840
24259	2267	15093	51840
24260	2271	14496	51840
24261	2273	2668	466560
24262	2273	2669	51840
24263	2273	4857	100000
24264	2274	6326	100000
24265	2275	4811	100000
24266	2275	14956	100000
24267	2275	14990	2488320
24268	2280	7169	51840
24269	2281	6777	51840
24270	2281	12695	51840
24271	2283	4435	100000
24272	2284	2541	100000
24273	2284	6073	100000
24274	2284	6820	100000
24275	2286	4121	100000
24276	2286	4140	100000
24277	2286	4480	2488320
24278	2286	4699	51840
24279	2286	5222	100000
24280	2286	6166	51840
24281	2286	6608	51840
24282	2286	8433	51840
24283	2286	11524	466560
24284	2287	2463	51840
24285	2287	3716	2488320
24286	2291	6212	51840
24287	2292	6948	100000
24288	2293	4520	51840
24289	2293	5775	100000
24290	2293	9909	2488320
24291	2298	4589	100000
24292	2298	9391	2488320
24293	2299	4435	100000
24294	2299	5239	100000
24295	2300	2684	466560
24296	2300	4240	51840
24297	2300	4972	51840
24298	2300	5033	100000
24299	2300	8051	100000
24300	2300	11506	100000
24301	2300	12334	100000
24302	2300	14380	1244160
24303	2300	15412	51840
24304	2300	15420	51840
24305	2300	15421	51840
24306	2300	15422	51840
24307	2300	15437	51840
24308	2300	15438	51840
24309	2300	15504	1244160
24310	2300	15508	51840
24311	2301	2716	100000
24312	2301	6093	100000
24313	2303	2621	51840
24314	2303	4475	51840
24315	2303	4857	51840
24316	2303	8180	51840
24317	2304	7196	2488320
24318	2304	12293	51840
24319	2305	8295	51840
24320	2308	4764	100000
24321	2319	8180	51840
24322	2321	4740	2488320
24323	2322	6444	51840
24324	2322	8180	2488320
24325	2323	2668	2488320
24326	2323	4626	51840
24327	2323	5021	466560
24328	2323	6914	51840
24329	2323	7399	51840
24330	2325	8180	51840
24331	2325	9726	51840
24332	2327	6105	51840
24333	2327	6213	100000
24334	2327	11812	51840
24335	2328	12960	100000
24336	2330	2746	51840
24337	2333	2746	51840
24338	2335	4436	100000
24339	2337	7243	51840
24340	2340	6342	2488320
24341	2341	4436	100000
24342	2344	5775	100000
24343	2345	8052	100000
24344	2345	12101	51840
24345	2345	12951	100000
24346	2350	2621	100000
24347	2353	2754	100000
24348	2354	3495	51840
24349	2354	3817	2488320
24350	2354	3848	100000
24351	2354	8876	100000
24352	2354	8877	100000
24353	2355	3765	51840
24354	2355	3839	51840
24355	2357	2368	1244160
24356	2357	3598	100000
24357	2357	3645	51840
24358	2357	8670	100000
24359	2357	8727	100000
24360	2357	15381	1244160
24361	2358	2453	100000
24362	2358	3568	100000
24363	2359	2360	100000
24364	2359	2442	51840
24365	2359	2450	100000
24366	2359	2476	51840
24367	2359	2477	2488320
24368	2359	2486	100000
24369	2359	2621	100000
24370	2359	2661	51840
24371	2359	2702	100000
24372	2359	2915	100000
24373	2359	3002	100000
24374	2359	3150	100000
24375	2359	3225	466560
24376	2359	3419	51840
24377	2359	3502	100000
24378	2359	3608	100000
24379	2359	3614	100000
24380	2359	3633	2488320
24381	2359	3647	100000
24382	2359	3714	100000
24383	2359	3772	100000
24384	2359	3773	100000
24385	2359	3776	51840
24386	2359	3810	100000
24387	2359	3836	100000
24388	2359	3874	100000
24389	2359	3880	100000
24390	2359	3896	100000
24391	2359	3900	100000
24392	2359	3906	100000
24393	2359	3941	2488320
24394	2359	3974	2488320
24395	2359	3983	100000
24396	2359	4007	100000
24397	2359	4009	100000
24398	2359	4016	100000
24399	2359	4040	51840
24400	2359	4079	100000
24401	2359	4097	51840
24402	2359	4857	100000
24403	2359	5365	100000
24404	2359	5909	100000
24405	2359	5911	100000
24406	2359	8180	100000
24407	2359	8667	100000
24408	2359	8679	100000
24409	2359	8725	2488320
24410	2359	8731	100000
24411	2359	8805	100000
24412	2359	8841	100000
24413	2359	8852	100000
24414	2359	8873	1244160
24415	2359	8955	100000
24416	2359	8957	100000
24417	2359	8969	100000
24418	2359	8970	466560
24419	2359	9022	100000
24420	2359	9281	51840
24421	2359	9703	2488320
24422	2359	14656	1244160
24423	2359	15286	51840
24424	2360	2361	100000
24425	2360	2369	100000
24426	2360	2374	100000
24427	2360	2423	2488320
24428	2360	2425	100000
24429	2360	2426	2488320
24430	2360	2427	100000
24431	2360	2428	100000
24432	2360	2430	100000
24433	2360	2435	51840
24434	2360	2447	51840
24435	2360	2531	2488320
24436	2360	3439	51840
24437	2360	3453	51840
24438	2360	3454	51840
24439	2360	3458	51840
24440	2360	3462	51840
24441	2360	3476	51840
24442	2360	3497	100000
24443	2360	3509	100000
24444	2360	3512	100000
24445	2360	3516	51840
24446	2360	3554	51840
24447	2360	3563	51840
24448	2360	3574	100000
24449	2360	3576	51840
24450	2360	3584	100000
24451	2360	3596	51840
24452	2360	3616	100000
24453	2360	3621	51840
24454	2360	3642	100000
24455	2360	3648	100000
24456	2360	3653	51840
24457	2360	3693	51840
24458	2360	3709	100000
24459	2360	3719	2488320
24460	2360	3724	100000
24461	2360	3757	51840
24462	2360	3761	100000
24463	2360	3771	51840
24464	2360	3814	51840
24465	2360	3848	2488320
24466	2360	3912	100000
24467	2360	3938	2488320
24468	2360	3939	51840
24469	2360	4015	100000
24470	2360	4019	100000
24471	2360	4026	51840
24472	2360	4033	51840
24473	2360	4037	100000
24474	2360	4043	51840
24475	2360	4091	51840
24476	2360	4100	1244160
24477	2360	8647	51840
24478	2360	8662	2488320
24479	2360	8663	51840
24480	2360	8669	51840
24481	2360	8674	466560
24482	2360	8736	51840
24483	2360	8805	100000
24484	2360	8840	51840
24485	2360	8845	51840
24486	2360	8849	1244160
24487	2360	8864	51840
24488	2360	8872	51840
24489	2360	8893	100000
24490	2360	8896	51840
24491	2360	8908	100000
24492	2360	8966	100000
24493	2360	8973	100000
24494	2360	9027	466560
24495	2360	9065	51840
24496	2360	9095	51840
24497	2360	9101	2488320
24498	2360	9160	100000
24499	2360	9173	51840
24500	2360	9190	100000
24501	2360	9256	2488320
24502	2360	9260	51840
24503	2360	9283	51840
24504	2360	9288	51840
24505	2360	14854	466560
24506	2360	14925	100000
24507	2360	14953	100000
24508	2360	14995	100000
24509	2360	15021	100000
24510	2360	15111	51840
24511	2360	15337	51840
24512	2360	15338	100000
24513	2361	2426	100000
24514	2362	2465	51840
24515	2362	2489	100000
24516	2362	3848	100000
24517	2362	8890	51840
24518	2363	3613	100000
24519	2364	3612	100000
24520	2365	2403	100000
24521	2365	2404	51840
24522	2365	2487	100000
24523	2365	3558	100000
24524	2365	3726	51840
24525	2365	3772	100000
24526	2365	3843	466560
24527	2365	3899	51840
24528	2365	3901	100000
24529	2365	8636	100000
24530	2365	8835	100000
24531	2366	8835	100000
24532	2366	9055	100000
24533	2369	3912	100000
24534	2371	3912	100000
24535	2372	3607	100000
24536	2372	3716	100000
24537	2372	3725	51840
24538	2372	5069	100000
24539	2372	15369	51840
24540	2372	15370	51840
24541	2373	3594	2488320
24542	2373	9026	2488320
24543	2374	3912	100000
24544	2375	2474	51840
24545	2375	2475	100000
24546	2375	3552	100000
24547	2375	3821	100000
24548	2375	15569	100000
24549	2376	2450	51840
24550	2376	3464	51840
24551	2376	3912	100000
24552	2377	3468	51840
24553	2377	3634	51840
24554	2378	2380	51840
24555	2378	2386	51840
24556	2378	2391	51840
24557	2378	2392	100000
24558	2378	2397	51840
24559	2378	2498	51840
24560	2378	2503	51840
24561	2378	2508	100000
24562	2378	3443	2488320
24563	2378	3527	51840
24564	2378	3534	100000
24565	2378	3674	100000
24566	2378	3677	51840
24567	2378	3679	51840
24568	2378	3838	100000
24569	2378	3961	100000
24570	2378	8694	2488320
24571	2378	8814	2488320
24572	2378	8826	51840
24573	2378	8834	100000
24574	2378	9132	51840
24575	2379	2398	51840
24576	2379	9286	2488320
24577	2383	8989	51840
24578	2384	2508	100000
24579	2386	2388	100000
24580	2386	2500	51840
24581	2386	2508	100000
24582	2386	2509	2488320
24583	2386	3443	2488320
24584	2386	3961	51840
24585	2386	8694	100000
24586	2386	8704	51840
24587	2386	8826	51840
24588	2386	8983	1244160
24589	2388	2509	51840
24590	2389	3963	100000
24591	2390	3534	51840
24592	2391	3443	51840
24593	2394	8826	51840
24594	2398	3443	100000
24595	2398	3522	100000
24596	2398	8812	51840
24597	2400	9119	100000
24598	2401	2488	100000
24599	2401	3613	100000
24600	2401	3728	2488320
24601	2401	8836	51840
24602	2402	3899	2488320
24603	2403	3613	100000
24604	2404	3900	51840
24605	2405	3465	100000
24606	2405	4365	51840
24607	2405	4812	100000
24608	2405	9153	51840
24609	2405	14893	100000
24610	2405	14894	100000
24611	2405	14895	466560
24612	2405	14896	100000
24613	2405	14897	100000
24614	2405	14898	100000
24615	2405	14899	100000
24616	2405	14900	466560
24617	2405	15008	100000
24618	2405	15055	1244160
24619	2405	15056	51840
24620	2405	15571	51840
24621	2406	3450	100000
24622	2406	3455	51840
24623	2406	3613	100000
24624	2406	3623	51840
24625	2406	8651	100000
24626	2407	3912	51840
24627	2408	2423	51840
24628	2408	3761	1244160
24629	2408	3912	100000
24630	2408	8890	1244160
24631	2408	9052	100000
24632	2409	4081	1244160
24633	2410	6210	51840
24634	2411	3906	100000
24635	2411	15390	100000
24636	2411	15391	100000
24637	2415	3912	51840
24638	2416	3856	100000
24639	2420	3790	51840
24640	2422	4092	51840
24641	2423	9024	51840
24642	2424	3641	51840
24643	2424	3846	100000
24644	2424	3879	466560
24645	2424	4094	51840
24646	2424	8682	100000
24647	2424	8956	1244160
24648	2424	9025	51840
24649	2424	9034	51840
24650	2425	2426	2488320
24651	2425	2429	100000
24652	2426	2427	100000
24653	2426	2428	100000
24654	2426	4812	2488320
24655	2427	2450	100000
24656	2431	4085	100000
24657	2434	9095	51840
24658	2436	8773	100000
24659	2438	3912	100000
24660	2439	2450	51840
24661	2439	2465	51840
24662	2439	2485	51840
24663	2439	3615	51840
24664	2439	3707	1244160
24665	2439	3721	51840
24666	2439	3805	100000
24667	2439	3809	100000
24668	2439	3912	466560
24669	2439	4003	51840
24670	2439	4018	1244160
24671	2439	8631	51840
24672	2439	8781	51840
24673	2439	8967	2488320
24674	2439	9188	51840
24675	2439	9264	51840
24676	2439	15300	51840
24677	2441	3189	51840
24678	2441	8731	51840
24679	2441	8885	51840
24680	2442	15330	1244160
24681	2442	15349	51840
24682	2442	15350	51840
24683	2442	15356	1244160
24684	2442	15357	1244160
24685	2442	15358	51840
24686	2442	15359	51840
24687	2442	15361	51840
24688	2442	15362	51840
24689	2442	15363	51840
24690	2442	15364	51840
24691	2442	15365	51840
24692	2443	2471	51840
24693	2443	3466	51840
24694	2443	3912	100000
24695	2443	4024	51840
24696	2444	3912	100000
24697	2445	2528	100000
24698	2445	3912	100000
24699	2447	8718	51840
24700	2448	2450	100000
24701	2448	8679	100000
24702	2449	2450	1244160
24703	2449	8679	51840
24704	2450	2452	1244160
24705	2450	2469	51840
24706	2450	2529	51840
24707	2450	2530	1244160
24708	2450	3489	51840
24709	2450	3550	51840
24710	2450	3638	51840
24711	2450	3639	2488320
24712	2450	3647	51840
24713	2450	3721	51840
24714	2450	3776	51840
24715	2450	3811	1244160
24716	2450	3836	51840
24717	2450	3881	100000
24718	2450	3905	51840
24719	2450	3912	100000
24720	2450	4002	51840
24721	2450	4101	51840
24722	2450	8631	100000
24723	2450	8735	100000
24724	2450	8788	100000
24725	2450	8791	51840
24726	2450	8839	51840
24727	2450	8856	51840
24728	2450	9070	51840
24729	2450	9188	51840
24730	2450	9287	51840
24731	2450	15166	51840
24732	2450	15341	51840
24733	2450	15344	51840
24734	2450	15352	51840
24735	2451	8679	51840
24736	2453	3469	100000
24737	2453	3486	100000
24738	2453	3559	2488320
24739	2453	4812	100000
24740	2453	8846	51840
24741	2455	3879	1244160
24742	2455	9034	51840
24743	2458	3469	51840
24744	2459	3469	2488320
24745	2459	3501	51840
24746	2459	3505	51840
24747	2459	3753	51840
24748	2459	3793	51840
24749	2459	4047	100000
24750	2459	8939	51840
24751	2459	8943	100000
24752	2459	14866	2488320
24753	2459	14966	100000
24754	2459	14998	100000
24755	2460	3790	100000
24756	2462	3475	51840
24757	2463	3487	51840
24758	2463	4827	100000
24759	2463	8657	51840
24760	2463	9106	100000
24761	2463	9200	51840
24762	2463	9290	51840
24763	2467	3451	51840
24764	2467	4083	100000
24765	2467	15388	51840
24766	2468	2490	100000
24767	2469	4003	51840
24768	2471	3912	466560
24769	2471	15347	51840
24770	2471	15348	51840
24771	2471	15351	51840
24772	2471	15354	51840
24773	2475	3906	100000
24774	2476	12080	1244160
24775	2481	2489	100000
24776	2482	3613	100000
24777	2482	8690	2488320
24778	2485	3905	51840
24779	2485	3912	2488320
24780	2486	3755	51840
24781	2486	9271	100000
24782	2487	2488	51840
24783	2487	3728	100000
24784	2487	3899	100000
24785	2487	8634	100000
24786	2487	9152	51840
24787	2487	15572	466560
24788	2487	15573	100000
24789	2488	15572	51840
24790	2488	15573	51840
24791	2489	3571	51840
24792	2489	3889	100000
24793	2489	8854	100000
24794	2489	8886	51840
24795	2489	8964	100000
24796	2489	9110	51840
24797	2489	15347	51840
24798	2489	15348	51840
24799	2489	15351	51840
24800	2489	15353	51840
24801	2489	15354	51840
24802	2491	3765	2488320
24803	2492	2497	51840
24804	2492	3465	100000
24805	2492	3469	100000
24806	2492	3519	51840
24807	2492	4365	466560
24808	2492	9114	100000
24809	2492	9116	51840
24810	2492	12107	51840
24811	2498	2502	51840
24812	2498	8985	51840
24813	2500	3943	100000
24814	2500	9078	51840
24815	2500	9129	51840
24816	2501	9001	100000
24817	2502	9080	100000
24818	2505	3684	100000
24819	2506	8826	51840
24820	2508	3686	51840
24821	2508	3964	51840
24822	2508	8829	100000
24823	2508	9086	51840
24824	2508	9088	1244160
24825	2508	9090	51840
24826	2508	15290	1244160
24827	2508	15293	51840
24828	2509	8819	51840
24829	2512	3838	100000
24830	2514	4365	51840
24831	2514	4812	100000
24832	2515	9093	100000
24833	2516	3708	100000
24834	2516	8675	100000
24835	2516	8682	100000
24836	2516	9289	51840
24837	2517	3912	100000
24838	2519	15385	51840
24839	2523	3444	51840
24840	2523	9294	51840
24841	2524	3899	100000
24842	2525	3715	51840
24843	2525	5069	2488320
24844	2525	9019	51840
24845	2525	9063	51840
24846	2526	3490	100000
24847	2526	3518	100000
24848	2526	3589	51840
24849	2526	3764	51840
24850	2526	3873	51840
24851	2526	3889	100000
24852	2526	8633	100000
24853	2526	8793	51840
24854	2526	15087	51840
24855	2526	15295	51840
24856	2526	15296	1244160
24857	2526	15372	51840
24858	2527	3908	100000
24859	2529	8679	100000
24860	2529	15300	51840
24861	2535	4960	100000
24862	2535	14704	51840
24863	2537	7228	100000
24864	2538	9665	100000
24865	2539	4435	51840
24866	2541	4324	51840
24867	2541	4336	2488320
24868	2541	4453	100000
24869	2541	5051	1244160
24870	2541	5070	100000
24871	2541	6133	51840
24872	2541	6421	51840
24873	2541	6749	51840
24874	2541	8232	1244160
24875	2541	8337	51840
24876	2541	10192	1244160
24877	2541	10268	466560
24878	2541	10358	100000
24879	2541	11516	2488320
24880	2541	11913	51840
24881	2541	12116	51840
24882	2541	13849	100000
24883	2541	14126	100000
24884	2541	14382	51840
24885	2544	9703	100000
24886	2545	2621	100000
24887	2546	2621	100000
24888	2546	3912	100000
24889	2546	4857	100000
24890	2548	4436	51840
24891	2548	5240	51840
24892	2551	8527	100000
24893	2554	7174	100000
24894	2555	8050	51840
24895	2557	8180	100000
24896	2557	9525	100000
24897	2558	6622	100000
24898	2559	2563	51840
24899	2560	5240	1244160
24900	2560	6229	51840
24901	2560	6922	100000
24902	2560	8310	51840
24903	2560	11838	51840
24904	2563	4218	51840
24905	2564	4513	51840
24906	2564	6529	51840
24907	2565	2566	51840
24908	2565	2621	100000
24909	2565	2668	100000
24910	2565	4284	51840
24911	2565	4438	100000
24912	2565	6841	51840
24913	2565	14031	51840
24914	2567	3896	2488320
24915	2568	6326	51840
24916	2568	7228	51840
24917	2570	6761	1244160
24918	2570	12618	51840
24919	2571	10176	51840
24920	2571	10221	51840
24921	2571	11923	51840
24922	2571	12762	51840
24923	2571	13743	51840
24924	2571	14328	51840
24925	2572	8180	100000
24926	2575	6319	100000
24927	2580	11589	2488320
24928	2583	7164	51840
24929	2583	8438	51840
24930	2583	8604	100000
24931	2583	11999	51840
24932	2584	6342	51840
24933	2585	6341	51840
24934	2585	6348	1244160
24935	2585	8180	100000
24936	2586	6922	100000
24937	2589	6111	51840
24938	2589	6807	51840
24939	2589	7186	51840
24940	2589	8067	51840
24941	2589	8597	100000
24942	2589	8621	51840
24943	2589	9991	100000
24944	2589	10313	51840
24945	2589	10435	51840
24946	2589	12141	51840
24947	2589	12323	51840
24948	2589	12341	51840
24949	2589	12710	51840
24950	2589	12914	51840
24951	2589	14033	51840
24952	2589	14225	51840
24953	2589	14411	51840
24954	2589	14695	51840
24955	2589	14905	100000
24956	2590	4446	1244160
24957	2590	14149	51840
24958	2591	4429	466560
24959	2591	12384	51840
24960	2592	8126	1244160
24961	2593	6853	100000
24962	2595	6881	100000
24963	2595	11493	51840
24964	2595	11951	100000
24965	2599	14883	100000
24966	2602	2621	100000
24967	2602	2689	51840
24968	2602	4159	100000
24969	2602	15186	51840
24970	2604	2668	51840
24971	2605	8180	100000
24972	2607	9355	2488320
24973	2610	6279	100000
24974	2610	15497	51840
24975	2611	4905	2488320
24976	2611	5168	100000
24977	2611	9750	100000
24978	2611	10243	100000
24979	2611	11769	100000
24980	2611	12776	51840
24981	2612	11511	51840
24982	2613	7038	2488320
24983	2614	4676	100000
24984	2614	4816	100000
24985	2614	4923	100000
24986	2614	14884	2488320
24987	2614	15061	51840
24988	2614	15062	51840
24989	2614	15063	51840
24990	2614	15102	100000
24991	2614	15103	51840
24992	2615	5201	51840
24993	2618	4285	100000
24994	2618	4313	51840
24995	2618	4331	51840
24996	2618	4483	51840
24997	2618	4497	51840
24998	2618	4648	100000
24999	2618	4756	51840
25000	2618	5222	100000
25001	2618	6581	100000
25002	2618	7093	51840
25003	2618	7129	100000
25004	2618	8624	51840
25005	2618	9683	51840
25006	2618	12332	51840
25007	2618	14605	51840
25008	2619	7161	51840
25009	2619	10433	51840
25010	2619	14802	51840
25011	2620	6808	100000
25012	2621	2668	100000
25013	2621	2699	51840
25014	2621	2704	51840
25015	2621	2728	51840
25016	2621	2730	100000
25017	2621	2746	100000
25018	2621	2825	2488320
25019	2621	2915	100000
25020	2621	2928	100000
25021	2621	2998	2488320
25022	2621	3002	100000
25023	2621	3007	100000
25024	2621	3096	100000
25025	2621	3121	100000
25026	2621	3194	466560
25027	2621	3302	100000
25028	2621	3396	51840
25029	2621	3419	51840
25030	2621	3475	100000
25031	2621	3613	100000
25032	2621	3848	2488320
25033	2621	3912	2488320
25034	2621	3972	100000
25035	2621	4112	51840
25036	2621	4135	51840
25037	2621	4236	100000
25038	2621	4279	1244160
25039	2621	4289	2488320
25040	2621	4353	100000
25041	2621	4404	100000
25042	2621	4720	100000
25043	2621	4728	51840
25044	2621	4775	1244160
25045	2621	4808	100000
25046	2621	4857	100000
25047	2621	4931	51840
25048	2621	5017	100000
25049	2621	5031	100000
25050	2621	5078	51840
25051	2621	5151	100000
25052	2621	5166	51840
25053	2621	5192	100000
25054	2621	5209	100000
25055	2621	5233	100000
25056	2621	5256	51840
25057	2621	5531	1244160
25058	2621	5775	100000
25059	2621	5911	2488320
25060	2621	5975	51840
25061	2621	5992	100000
25062	2621	6030	100000
25063	2621	6106	2488320
25064	2621	6204	51840
25065	2621	6212	100000
25066	2621	6224	100000
25067	2621	6231	51840
25068	2621	6250	100000
25069	2621	6292	100000
25070	2621	6314	100000
25071	2621	6326	100000
25072	2621	6410	100000
25073	2621	6450	51840
25074	2621	6722	100000
25075	2621	6785	1244160
25076	2621	6902	51840
25077	2621	6968	2488320
25078	2621	7008	100000
25079	2621	7157	51840
25080	2621	7195	51840
25081	2621	7305	100000
25082	2621	7329	2488320
25083	2621	7565	100000
25084	2621	7733	100000
25085	2621	8001	51840
25086	2621	8118	2488320
25087	2621	8139	51840
25088	2621	8163	51840
25089	2621	8193	51840
25090	2621	8616	2488320
25091	2621	9135	51840
25092	2621	9361	51840
25093	2621	9497	51840
25094	2621	9577	100000
25095	2621	9629	100000
25096	2621	9665	100000
25097	2621	9991	2488320
25098	2621	10200	51840
25099	2621	10248	100000
25100	2621	10548	51840
25101	2621	10603	51840
25102	2621	10606	51840
25103	2621	10627	51840
25104	2621	10772	1244160
25105	2621	10803	51840
25106	2621	10820	51840
25107	2621	11114	51840
25108	2621	11517	51840
25109	2621	11980	100000
25110	2621	11983	51840
25111	2621	11999	51840
25112	2621	12104	100000
25113	2621	12150	51840
25114	2621	12172	1244160
25115	2621	12371	51840
25116	2621	12389	100000
25117	2621	12442	51840
25118	2621	12491	2488320
25119	2621	12510	100000
25120	2621	12548	100000
25121	2621	12660	51840
25122	2621	12795	51840
25123	2621	13995	51840
25124	2621	14076	51840
25125	2621	14104	51840
25126	2621	14139	51840
25127	2621	14239	2488320
25128	2621	14307	100000
25129	2621	14587	100000
25130	2621	14603	51840
25131	2627	4342	51840
25132	2627	6258	100000
25133	2627	14988	100000
25134	2628	15019	51840
25135	2629	4826	100000
25136	2629	8624	51840
25137	2629	9491	100000
25138	2629	10489	100000
25139	2629	11692	100000
25140	2629	11797	100000
25141	2629	11828	1244160
25142	2629	12050	51840
25143	2629	15030	51840
25144	2630	8729	51840
25145	2632	3912	100000
25146	2632	13819	51840
25147	2637	14857	100000
25148	2639	6707	100000
25149	2641	5206	1244160
25150	2641	15636	51840
25151	2641	15637	51840
25152	2647	12820	51840
25153	2647	14210	100000
25154	2650	2688	51840
25155	2651	5256	51840
25156	2651	7077	51840
25157	2651	12860	51840
25158	2656	2663	100000
25159	2658	2666	51840
25160	2658	4132	51840
25161	2658	4287	100000
25162	2658	6403	466560
25163	2658	10442	51840
25164	2658	12091	51840
25165	2658	12151	100000
25166	2658	14017	51840
25167	2658	14054	51840
25168	2658	14391	51840
25169	2658	14395	100000
25170	2660	7685	51840
25171	2660	11035	51840
25172	2660	13295	51840
25173	2662	4660	100000
25174	2662	6326	100000
25175	2663	4370	100000
25176	2663	6092	51840
25177	2663	9332	51840
25178	2663	9768	51840
25179	2663	10291	51840
25180	2663	10452	51840
25181	2663	11718	1244160
25182	2663	14389	51840
25183	2664	15458	51840
25184	2666	6151	100000
25185	2668	2669	51840
25186	2668	2699	51840
25187	2668	2780	100000
25188	2668	2787	2488320
25189	2668	2825	100000
25190	2668	2915	100000
25191	2668	2928	100000
25192	2668	2998	100000
25193	2668	3002	100000
25194	2668	3007	100000
25195	2668	3024	100000
25196	2668	3033	51840
25197	2668	3060	100000
25198	2668	3096	100000
25199	2668	3121	100000
25200	2668	3150	100000
25201	2668	3194	1244160
25202	2668	3201	51840
25203	2668	3225	100000
25204	2668	3236	2488320
25205	2668	3262	51840
25206	2668	3271	100000
25207	2668	3302	100000
25208	2668	3321	100000
25209	2668	3396	51840
25210	2668	3419	51840
25211	2668	3729	51840
25212	2668	4135	2488320
25213	2668	4236	100000
25214	2668	4410	100000
25215	2668	4727	51840
25216	2668	4796	51840
25217	2668	4857	51840
25218	2668	5031	100000
25219	2668	5151	2488320
25220	2668	5201	1244160
25221	2668	5256	51840
25222	2668	5365	100000
25223	2668	5453	2488320
25224	2668	5531	51840
25225	2668	5710	100000
25226	2668	5759	51840
25227	2668	5775	100000
25228	2668	5909	100000
25229	2668	5911	100000
25230	2668	5975	51840
25231	2668	5992	466560
25232	2668	6030	2488320
25233	2668	6250	100000
25234	2668	6285	1244160
25235	2668	6326	100000
25236	2668	6438	51840
25237	2668	6873	51840
25238	2668	7003	1244160
25239	2668	7055	100000
25240	2668	7077	51840
25241	2668	7157	2488320
25242	2668	7305	466560
25243	2668	7324	100000
25244	2668	7329	100000
25245	2668	7399	100000
25246	2668	7472	51840
25247	2668	7565	100000
25248	2668	7650	100000
25249	2668	7683	100000
25250	2668	7733	2488320
25251	2668	7937	100000
25252	2668	8001	51840
25253	2668	8139	51840
25254	2668	8180	100000
25255	2668	8403	51840
25256	2668	9665	2488320
25257	2668	9991	2488320
25258	2668	10189	1244160
25259	2668	10240	51840
25260	2668	10523	51840
25261	2668	10604	51840
25262	2668	10627	51840
25263	2668	10659	51840
25264	2668	10772	51840
25265	2668	10803	51840
25266	2668	10820	1244160
25267	2668	11114	51840
25268	2668	11535	51840
25269	2668	12057	51840
25270	2668	12126	1244160
25271	2668	12150	1244160
25272	2668	12467	51840
25273	2668	12664	100000
25274	2668	12729	51840
25275	2668	12802	51840
25276	2668	12841	51840
25277	2668	12860	100000
25278	2668	13757	51840
25279	2668	14288	51840
25280	2668	14333	51840
25281	2669	4857	51840
25282	2669	12057	51840
25283	2670	4589	100000
25284	2673	8180	100000
25285	2674	4449	100000
25286	2674	4857	100000
25287	2674	6797	100000
25288	2674	7149	1244160
25289	2674	11710	51840
25290	2674	12362	51840
25291	2674	12416	51840
25292	2674	13991	51840
25293	2675	4435	51840
25294	2676	6159	51840
25295	2676	6990	51840
25296	2676	8217	51840
25297	2676	9306	100000
25298	2676	12488	51840
25299	2677	5264	100000
25300	2677	14910	1244160
25301	2678	14908	51840
25302	2678	14969	51840
25303	2681	2746	51840
25304	2682	4394	100000
25305	2685	6610	51840
25306	2687	4218	1244160
25307	2687	7213	100000
25308	2688	8511	51840
25309	2688	8559	100000
25310	2688	9764	2488320
25311	2688	10248	100000
25312	2688	12354	1244160
25313	2688	12675	51840
25314	2692	4401	51840
25315	2692	12279	51840
25316	2692	12512	51840
25317	2694	4896	100000
25318	2694	6050	100000
25319	2695	5144	100000
25320	2695	6143	2488320
25321	2695	14417	51840
25322	2695	14807	100000
25323	2695	14845	100000
25324	2695	14847	100000
25325	2695	14852	100000
25326	2695	14920	100000
25327	2695	15167	51840
25328	2695	15497	100000
25329	2697	9770	51840
25330	2698	6151	2488320
25331	2699	5775	51840
25332	2701	2704	100000
25333	2703	2704	51840
25334	2704	3912	100000
25335	2704	4857	51840
25336	2704	5169	1244160
25337	2704	5775	2488320
25338	2704	9703	100000
25339	2704	12913	51840
25340	2706	6079	51840
25341	2706	15505	51840
25342	2708	12038	100000
25343	2711	9664	51840
25344	2719	12388	51840
25345	2722	4641	100000
25346	2722	14082	100000
25347	2723	4593	51840
25348	2723	6119	100000
25349	2723	6892	51840
25350	2723	7176	51840
25351	2723	9310	2488320
25352	2723	9812	100000
25353	2723	12193	100000
25354	2723	15005	100000
25355	2724	9422	100000
25356	2724	9812	100000
25357	2724	9878	51840
25358	2724	10568	100000
25359	2724	11497	100000
25360	2724	12599	100000
25361	2724	14432	100000
25362	2725	14298	51840
25363	2725	14907	100000
25364	2725	14911	100000
25365	2726	9812	100000
25366	2727	6341	51840
25367	2730	4734	51840
25368	2730	6390	2488320
25369	2730	8180	2488320
25370	2730	9738	100000
25371	2739	2746	51840
25372	2740	8609	100000
25373	2743	9864	100000
25374	2745	5240	100000
25375	2746	4193	100000
25376	2746	4216	1244160
25377	2746	4251	100000
25378	2746	4540	100000
25379	2746	4566	100000
25380	2746	4589	100000
25381	2746	4797	51840
25382	2746	4799	100000
25383	2746	5219	51840
25384	2746	6275	51840
25385	2746	6543	51840
25386	2746	7117	100000
25387	2746	7191	100000
25388	2746	8263	51840
25389	2746	8538	51840
25390	2746	9558	51840
25391	2746	9670	100000
25392	2746	9876	2488320
25393	2746	11517	100000
25394	2746	11591	2488320
25395	2746	11907	100000
25396	2746	12210	100000
25397	2746	12484	51840
25398	2746	12932	51840
25399	2746	14384	51840
25400	2746	14902	100000
25401	2746	14961	100000
25402	2746	14963	51840
25403	2746	15068	51840
25404	2746	15069	51840
25405	2746	15240	51840
25406	2746	15258	51840
25407	2746	15259	51840
25408	2746	15273	51840
25409	2747	6573	2488320
25410	2747	7228	466560
25411	2752	3895	51840
25412	2754	4339	100000
25413	2754	4426	100000
25414	2754	4461	100000
25415	2754	4631	100000
25416	2754	4784	51840
25417	2754	5006	51840
25418	2754	5013	51840
25419	2754	5117	100000
25420	2754	6075	51840
25421	2754	6321	51840
25422	2754	6522	51840
25423	2754	6635	51840
25424	2754	6754	51840
25425	2754	6864	100000
25426	2754	6992	100000
25427	2754	8350	51840
25428	2754	8609	100000
25429	2754	10095	51840
25430	2754	11912	51840
25431	2756	8124	51840
25432	2756	11594	100000
25433	2757	6595	51840
25434	2757	7122	100000
25435	2757	9572	51840
25436	2759	12345	51840
25437	2763	5723	2488320
25438	2763	7971	51840
25439	2763	8180	100000
25440	2763	13452	51840
25441	2765	10791	51840
25442	2766	7397	100000
25443	2768	2932	100000
25444	2768	5964	100000
25445	2768	7942	100000
25446	2768	13478	100000
25447	2769	3199	51840
25448	2769	7286	1244160
25449	2769	10847	51840
25450	2769	14660	100000
25451	2769	15113	1244160
25452	2769	15590	100000
25453	2769	15603	100000
25454	2771	3239	466560
25455	2771	5649	100000
25456	2771	5888	51840
25457	2771	7507	2488320
25458	2771	7584	51840
25459	2771	7848	51840
25460	2771	7860	51840
25461	2771	10725	100000
25462	2771	11203	51840
25463	2771	13479	51840
25464	2774	3001	51840
25465	2774	3370	1244160
25466	2774	15227	51840
25467	2775	2787	100000
25468	2776	10734	51840
25469	2777	3195	51840
25470	2777	7441	51840
25471	2778	3140	2488320
25472	2779	6250	2488320
25473	2779	15591	51840
25474	2780	2835	100000
25475	2780	2859	100000
25476	2780	2878	100000
25477	2780	2887	100000
25478	2780	2915	1244160
25479	2780	2932	100000
25480	2780	3151	100000
25481	2780	5775	100000
25482	2780	5837	100000
25483	2780	7357	100000
25484	2780	13497	100000
25485	2782	5594	100000
25486	2782	6033	100000
25487	2783	3135	100000
25488	2783	5472	2488320
25489	2784	3273	100000
25490	2785	2877	1244160
25491	2786	2964	51840
25492	2787	2835	100000
25493	2787	2838	100000
25494	2787	2855	100000
25495	2787	2876	51840
25496	2787	2881	51840
25497	2787	2891	2488320
25498	2787	2892	51840
25499	2787	2894	100000
25500	2787	3000	51840
25501	2787	3013	100000
25502	2787	3148	100000
25503	2787	3161	51840
25504	2787	3296	100000
25505	2787	3325	51840
25506	2787	3332	100000
25507	2787	3383	51840
25508	2787	3409	51840
25509	2787	3413	100000
25510	2787	3437	100000
25511	2787	4857	100000
25512	2787	5336	100000
25513	2787	5346	100000
25514	2787	5357	100000
25515	2787	5387	100000
25516	2787	5471	100000
25517	2787	5475	51840
25518	2787	5504	51840
25519	2787	5535	100000
25520	2787	5555	100000
25521	2787	5558	100000
25522	2787	5571	466560
25523	2787	5628	2488320
25524	2787	5630	100000
25525	2787	5631	100000
25526	2787	5693	100000
25527	2787	5717	100000
25528	2787	5765	100000
25529	2787	5775	100000
25530	2787	5796	100000
25531	2787	5854	2488320
25532	2787	5918	51840
25533	2787	5932	100000
25534	2787	5933	51840
25535	2787	5961	51840
25536	2787	5973	51840
25537	2787	5987	1244160
25538	2787	6010	100000
25539	2787	6032	51840
25540	2787	7331	2488320
25541	2787	7332	51840
25542	2787	7376	51840
25543	2787	7383	2488320
25544	2787	7385	100000
25545	2787	7404	100000
25546	2787	7429	51840
25547	2787	7438	51840
25548	2787	7442	466560
25549	2787	7447	51840
25550	2787	7452	1244160
25551	2787	7457	51840
25552	2787	7466	51840
25553	2787	7477	51840
25554	2787	7517	100000
25555	2787	7547	51840
25556	2787	7554	51840
25557	2787	7583	51840
25558	2787	7652	2488320
25559	2787	7683	1244160
25560	2787	7698	51840
25561	2787	7798	51840
25562	2787	7822	51840
25563	2787	7830	51840
25564	2787	7831	100000
25565	2787	7835	100000
25566	2787	7860	100000
25567	2787	7935	51840
25568	2787	7972	51840
25569	2787	7987	51840
25570	2787	7988	100000
25571	2787	8022	100000
25572	2787	8026	100000
25573	2787	8029	51840
25574	2787	10615	100000
25575	2787	10682	51840
25576	2787	10685	51840
25577	2787	10713	51840
25578	2787	10744	100000
25579	2787	10762	100000
25580	2787	10774	100000
25581	2787	10784	100000
25582	2787	10806	51840
25583	2787	10822	51840
25584	2787	10829	100000
25585	2787	10839	100000
25586	2787	10850	100000
25587	2787	10915	51840
25588	2787	10919	100000
25589	2787	10955	51840
25590	2787	10960	51840
25591	2787	10961	51840
25592	2787	10989	51840
25593	2787	11028	51840
25594	2787	11047	1244160
25595	2787	11071	51840
25596	2787	11079	51840
25597	2787	11086	51840
25598	2787	11089	51840
25599	2787	11156	100000
25600	2787	11178	100000
25601	2787	11182	51840
25602	2787	11193	51840
25603	2787	11209	1244160
25604	2787	11330	51840
25605	2787	11355	51840
25606	2787	11389	51840
25607	2787	11392	51840
25608	2787	11427	51840
25609	2787	11433	51840
25610	2787	11459	466560
25611	2787	12988	51840
25612	2787	13008	51840
25613	2787	13013	51840
25614	2787	13058	51840
25615	2787	13078	1244160
25616	2787	13084	51840
25617	2787	13144	51840
25618	2787	13145	51840
25619	2787	13212	51840
25620	2787	13245	51840
25621	2787	13251	51840
25622	2787	13253	100000
25623	2787	13290	51840
25624	2787	13307	100000
25625	2787	13312	51840
25626	2787	13408	51840
25627	2787	13440	466560
25628	2787	13463	1244160
25629	2787	13505	51840
25630	2787	13508	1244160
25631	2787	13533	51840
25632	2787	13621	51840
25633	2787	13622	51840
25634	2787	13678	51840
25635	2787	13772	100000
25636	2787	15604	51840
25637	2789	11435	51840
25638	2791	5631	51840
25639	2792	5792	100000
25640	2792	6042	51840
25641	2792	13525	51840
25642	2793	5298	100000
25643	2794	5992	100000
25644	2795	2949	100000
25645	2795	3119	100000
25646	2795	3315	51840
25647	2795	7666	100000
25648	2795	7801	51840
25649	2795	11149	100000
25650	2795	11169	100000
25651	2798	5838	100000
25652	2798	7543	51840
25653	2798	10667	51840
25654	2799	3273	51840
25655	2799	5714	100000
25656	2802	3229	100000
25657	2804	5767	100000
25658	2804	7627	1244160
25659	2804	11382	100000
25660	2806	2853	100000
25661	2806	2885	100000
25662	2806	2893	51840
25663	2806	2975	100000
25664	2806	3109	51840
25665	2806	3158	100000
25666	2806	3219	100000
25667	2806	5333	100000
25668	2806	5388	100000
25669	2806	5422	51840
25670	2806	5528	51840
25671	2806	5618	1244160
25672	2806	5675	2488320
25673	2806	5678	100000
25674	2806	5682	100000
25675	2806	5743	51840
25676	2806	5783	51840
25677	2806	5893	100000
25678	2806	6021	51840
25679	2806	7293	51840
25680	2806	7328	51840
25681	2806	7542	51840
25682	2806	7641	100000
25683	2806	7645	51840
25684	2806	7876	1244160
25685	2806	7956	51840
25686	2806	7964	100000
25687	2806	8007	2488320
25688	2806	10671	100000
25689	2806	10672	51840
25690	2806	10780	51840
25691	2806	10842	51840
25692	2806	10963	51840
25693	2806	10987	51840
25694	2806	11090	51840
25695	2806	11275	51840
25696	2806	13112	51840
25697	2806	13114	51840
25698	2806	13225	51840
25699	2806	13259	51840
25700	2806	13360	1244160
25701	2806	13377	51840
25702	2806	13585	51840
25703	2809	2867	100000
25704	2810	6030	466560
25705	2811	3239	51840
25706	2811	5775	100000
25707	2814	5563	2488320
25708	2814	11034	51840
25709	2815	2971	100000
25710	2816	3145	100000
25711	2817	5831	51840
25712	2817	7671	51840
25713	2817	11217	100000
25714	2818	3123	51840
25715	2818	8011	51840
25716	2818	11227	51840
25717	2819	2867	100000
25718	2819	7640	51840
25719	2819	11382	100000
25720	2819	11445	51840
25721	2823	2971	100000
25722	2824	5628	100000
25723	2824	7295	51840
25724	2825	2835	100000
25725	2825	5992	2488320
25726	2825	7825	51840
25727	2825	10903	51840
25728	2825	13097	100000
25729	2825	13336	51840
25730	2829	2971	100000
25731	2829	5901	51840
25732	2830	2932	100000
25733	2830	3239	100000
25734	2830	5515	51840
25735	2830	11244	51840
25736	2832	2867	100000
25737	2833	7602	100000
25738	2834	3322	51840
25739	2835	2911	51840
25740	2835	2991	100000
25741	2835	3001	2488320
25742	2835	3060	466560
25743	2835	3135	2488320
25744	2835	3209	51840
25745	2835	3251	2488320
25746	2835	3256	100000
25747	2835	3302	51840
25748	2835	3340	100000
25749	2835	3421	51840
25750	2835	4289	100000
25751	2835	5329	100000
25752	2835	5364	100000
25753	2835	5458	51840
25754	2835	5460	100000
25755	2835	5596	100000
25756	2835	5719	2488320
25757	2835	5769	100000
25758	2835	5775	466560
25759	2835	5786	100000
25760	2835	5861	2488320
25761	2835	5977	100000
25762	2835	7455	100000
25763	2835	7520	100000
25764	2835	7587	51840
25765	2835	7794	51840
25766	2835	7901	1244160
25767	2835	8005	100000
25768	2835	8032	51840
25769	2835	10803	1244160
25770	2835	13457	1244160
25771	2835	13553	51840
25772	2837	5660	51840
25773	2837	7463	51840
25774	2840	5723	51840
25775	2840	7463	51840
25776	2840	15149	51840
25777	2840	15150	51840
25778	2842	2893	51840
25779	2842	5618	51840
25780	2842	5783	51840
25781	2842	6021	51840
25782	2842	7450	51840
25783	2842	7876	51840
25784	2842	7953	51840
25785	2842	8039	51840
25786	2842	11306	51840
25787	2842	11309	51840
25788	2842	13061	51840
25789	2842	13110	51840
25790	2842	13124	51840
25791	2842	13204	51840
25792	2842	13399	51840
25793	2842	13585	1244160
25794	2842	13650	51840
25795	2843	2877	100000
25796	2844	2877	100000
25797	2845	2861	100000
25798	2846	3138	1244160
25799	2846	5960	51840
25800	2849	2886	51840
25801	2849	5328	51840
25802	2849	5992	100000
25803	2849	7813	100000
25804	2849	10749	51840
25805	2849	10770	2488320
25806	2849	10834	1244160
25807	2849	11014	100000
25808	2850	13482	51840
25809	2851	3286	100000
25810	2853	6004	100000
25811	2853	7717	51840
25812	2853	7852	51840
25813	2853	8027	51840
25814	2853	10954	51840
25815	2854	2971	466560
25816	2855	7992	51840
25817	2855	10984	51840
25818	2858	5582	51840
25819	2858	10843	100000
25820	2858	11260	51840
25821	2858	13068	100000
25822	2858	13205	100000
25823	2859	5731	51840
25824	2859	13325	1244160
25825	2860	2880	1244160
25826	2861	5299	51840
25827	2861	7408	100000
25828	2861	7425	51840
25829	2863	4123	100000
25830	2863	11041	51840
25831	2864	5827	51840
25832	2866	3239	100000
25833	2866	5775	100000
25834	2866	11298	2488320
25835	2867	2888	51840
25836	2867	2890	100000
25837	2867	2940	51840
25838	2867	3028	100000
25839	2867	3039	100000
25840	2867	3071	100000
25841	2867	3085	100000
25842	2867	3113	100000
25843	2867	3122	466560
25844	2867	3125	100000
25845	2867	3180	100000
25846	2867	3218	100000
25847	2867	3289	100000
25848	2867	5298	2488320
25849	2867	5323	2488320
25850	2867	5362	466560
25851	2867	5369	2488320
25852	2867	5436	51840
25853	2867	5474	100000
25854	2867	5561	2488320
25855	2867	5573	100000
25856	2867	5575	100000
25857	2867	5582	100000
25858	2867	5588	100000
25859	2867	5607	100000
25860	2867	5638	100000
25861	2867	5673	100000
25862	2867	5694	2488320
25863	2867	5772	100000
25864	2867	5852	100000
25865	2867	6041	100000
25866	2867	7345	466560
25867	2867	7363	51840
25868	2867	7372	100000
25869	2867	7474	100000
25870	2867	7566	2488320
25871	2867	7567	100000
25872	2867	7627	100000
25873	2867	7722	100000
25874	2867	7749	51840
25875	2867	7795	100000
25876	2867	7829	1244160
25877	2867	7924	466560
25878	2867	7967	100000
25879	2867	10644	51840
25880	2867	10703	100000
25881	2867	10708	51840
25882	2867	10758	100000
25883	2867	10805	466560
25884	2867	10879	51840
25885	2867	10909	51840
25886	2867	11049	100000
25887	2867	11213	51840
25888	2867	11274	100000
25889	2867	11276	100000
25890	2867	11310	100000
25891	2867	11313	51840
25892	2867	11341	100000
25893	2867	11442	51840
25894	2867	11452	51840
25895	2867	12995	51840
25896	2867	13036	100000
25897	2867	13053	100000
25898	2867	13082	51840
25899	2867	13157	51840
25900	2867	13174	51840
25901	2867	13202	100000
25902	2867	13252	100000
25903	2867	13281	51840
25904	2867	13311	100000
25905	2867	13322	100000
25906	2867	13384	100000
25907	2867	13438	1244160
25908	2867	13596	466560
25909	2867	13619	100000
25910	2867	13645	100000
25911	2867	13647	100000
25912	2867	13668	100000
25913	2868	3430	51840
25914	2868	5760	51840
25915	2870	10615	100000
25916	2872	5999	51840
25917	2873	5792	2488320
25918	2874	5581	51840
25919	2874	10769	51840
25920	2876	5911	2488320
25921	2877	15130	51840
25922	2878	7303	51840
25923	2879	5302	100000
25924	2880	3265	100000
25925	2880	5944	100000
25926	2880	7750	466560
25927	2880	7838	466560
25928	2880	7856	51840
25929	2880	10913	100000
25930	2880	11027	100000
25931	2880	11228	2488320
25932	2880	13188	100000
25933	2880	13661	100000
25934	2884	3375	1244160
25935	2886	5545	466560
25936	2886	5775	466560
25937	2886	10732	466560
25938	2887	2915	51840
25939	2889	7488	2488320
25940	2890	7280	51840
25941	2891	3101	51840
25942	2891	3236	51840
25943	2891	3256	51840
25944	2891	4887	51840
25945	2891	5527	51840
25946	2891	5836	100000
25947	2891	6005	51840
25948	2891	7445	2488320
25949	2891	7636	51840
25950	2891	7734	2488320
25951	2891	7745	100000
25952	2891	7850	51840
25953	2891	9753	51840
25954	2891	10018	466560
25955	2891	10820	51840
25956	2891	10989	2488320
25957	2891	11035	1244160
25958	2891	11098	51840
25959	2891	11099	51840
25960	2891	11133	51840
25961	2891	11165	51840
25962	2891	11209	51840
25963	2891	11337	51840
25964	2891	11398	51840
25965	2891	11403	100000
25966	2891	11897	51840
25967	2891	13117	51840
25968	2891	13321	1244160
25969	2891	13356	51840
25970	2891	13385	51840
25971	2891	13424	1244160
25972	2891	13548	100000
25973	2891	13627	100000
25974	2891	15122	1244160
25975	2891	15124	1244160
25976	2892	5311	51840
25977	2893	11238	51840
25978	2895	3089	100000
25979	2897	5691	51840
25980	2897	15057	2488320
25981	2898	5930	51840
25982	2898	10615	2488320
25983	2899	7672	155520
25984	2900	3375	2488320
25985	2900	5832	51840
25986	2900	7614	51840
25987	2900	11159	51840
25988	2900	13105	51840
25989	2900	13273	51840
25990	2903	3206	100000
25991	2903	13437	100000
25992	2903	13649	51840
25993	2904	7500	100000
25994	2904	7561	51840
25995	2904	7568	100000
25996	2905	15659	100000
25997	2906	2932	100000
25998	2907	5792	466560
25999	2907	10783	51840
26000	2910	6040	100000
26001	2911	5723	51840
26002	2912	3005	51840
26003	2912	3142	1244160
26004	2912	3231	100000
26005	2912	5582	51840
26006	2912	5595	51840
26007	2912	7506	2488320
26008	2912	11414	51840
26009	2913	2967	100000
26010	2913	3173	466560
26011	2913	3366	51840
26012	2913	5641	51840
26013	2913	6015	51840
26014	2913	7613	51840
26015	2913	10733	100000
26016	2913	11068	100000
26017	2913	11229	100000
26018	2913	13365	51840
26019	2913	13563	51840
26020	2913	13577	1244160
26021	2915	5407	100000
26022	2915	5469	51840
26023	2915	5775	100000
26024	2915	7417	100000
26025	2915	11180	51840
26026	2918	3370	51840
26027	2920	2935	100000
26028	2922	5612	51840
26029	2922	7634	51840
26030	2924	5723	51840
26031	2925	5775	100000
26032	2925	5992	100000
26033	2925	6027	1244160
26034	2925	7698	51840
26035	2925	7787	51840
26036	2925	10631	51840
26037	2926	7548	100000
26038	2927	3306	100000
26039	2927	7421	2488320
26040	2928	3278	51840
26041	2928	3411	100000
26042	2928	5775	100000
26043	2928	5814	51840
26044	2928	7286	51840
26045	2928	7386	466560
26046	2928	10970	51840
26047	2928	11081	51840
26048	2928	11100	51840
26049	2928	11253	51840
26050	2928	11440	51840
26051	2928	13176	1244160
26052	2928	13332	51840
26053	2928	13568	51840
26054	2928	13648	51840
26055	2930	3336	2488320
26056	2930	10966	1244160
26057	2932	3070	51840
26058	2932	3151	51840
26059	2932	3215	2488320
26060	2932	3224	51840
26061	2932	3239	100000
26062	2932	3282	2488320
26063	2932	3328	100000
26064	2932	3374	51840
26065	2932	3398	100000
26066	2932	3405	51840
26067	2932	3408	51840
26068	2932	5396	100000
26069	2932	5482	51840
26070	2932	5756	2488320
26071	2932	5809	51840
26072	2932	5849	51840
26073	2932	5974	100000
26074	2932	5995	100000
26075	2932	6043	51840
26076	2932	6250	100000
26077	2932	7489	100000
26078	2932	7511	100000
26079	2932	7512	100000
26080	2932	7570	51840
26081	2932	7706	51840
26082	2932	7796	51840
26083	2932	7815	100000
26084	2932	7821	51840
26085	2932	7860	51840
26086	2932	7883	51840
26087	2932	7887	51840
26088	2932	7892	51840
26089	2932	7893	51840
26090	2932	7908	51840
26091	2932	10639	51840
26092	2932	10663	100000
26093	2932	10683	2488320
26094	2932	10687	51840
26095	2932	10817	100000
26096	2932	10836	51840
26097	2932	11134	100000
26098	2932	11175	51840
26099	2932	11201	51840
26100	2932	11202	51840
26101	2932	11283	466560
26102	2932	13094	51840
26103	2932	13125	51840
26104	2932	13179	51840
26105	2932	13285	51840
26106	2932	13468	100000
26107	2932	13501	51840
26108	2932	13639	51840
26109	2935	2941	2488320
26110	2935	3006	100000
26111	2935	3025	2488320
26112	2935	3255	51840
26113	2935	5359	51840
26114	2935	5636	51840
26115	2935	5731	51840
26116	2935	5804	100000
26117	2935	5829	100000
26118	2935	7533	100000
26119	2935	7823	51840
26120	2935	7966	51840
26121	2935	7989	51840
26122	2935	11067	100000
26123	2935	11338	51840
26124	2935	13043	51840
26125	2935	13051	51840
26126	2935	13123	100000
26127	2935	13183	51840
26128	2935	13387	51840
26129	2935	13411	51840
26130	2936	10615	100000
26131	2937	5578	51840
26132	2937	10656	51840
26133	2938	13216	1244160
26134	2939	5992	2488320
26135	2940	6210	100000
26136	2942	3025	100000
26137	2942	3141	2488320
26138	2942	3255	51840
26139	2942	3305	51840
26140	2942	5522	2488320
26141	2942	5553	2488320
26142	2942	5632	2488320
26143	2942	6037	51840
26144	2942	7546	2488320
26145	2942	7618	51840
26146	2942	7754	100000
26147	2942	7966	51840
26148	2942	7982	51840
26149	2942	8040	51840
26150	2942	10658	100000
26151	2942	10938	100000
26152	2942	11272	51840
26153	2942	11375	51840
26154	2942	13089	1244160
26155	2942	13203	51840
26156	2942	13361	1244160
26157	2942	15148	51840
26158	2944	10657	2488320
26159	2946	7305	100000
26160	2946	13224	51840
26161	2947	2983	51840
26162	2947	6011	2488320
26163	2950	13390	51840
26164	2951	7303	51840
26165	2953	7864	1244160
26166	2954	2983	100000
26167	2954	6011	100000
26168	2955	5531	51840
26169	2955	6030	51840
26170	2956	5502	100000
26171	2956	5775	100000
26172	2956	5911	51840
26173	2956	7308	51840
26174	2956	7787	51840
26175	2956	10850	100000
26176	2956	10946	51840
26177	2956	13270	51840
26178	2957	3053	100000
26179	2957	3157	2488320
26180	2957	5480	100000
26181	2957	5570	100000
26182	2957	5615	51840
26183	2957	5672	100000
26184	2957	5718	51840
26185	2957	5795	51840
26186	2957	7397	51840
26187	2957	7469	51840
26188	2957	7695	51840
26189	2957	7881	51840
26190	2957	10727	100000
26191	2957	10864	51840
26192	2957	11258	100000
26193	2957	13083	51840
26194	2957	13134	51840
26195	2957	13481	1244160
26196	2957	13574	100000
26197	2958	3253	466560
26198	2958	5322	2488320
26199	2958	5357	100000
26200	2958	5399	51840
26201	2958	5524	100000
26202	2958	5698	100000
26203	2958	5758	100000
26204	2958	5843	51840
26205	2958	7438	51840
26206	2958	7539	51840
26207	2958	7593	2488320
26208	2958	7644	100000
26209	2958	7861	51840
26210	2958	7959	51840
26211	2958	10701	51840
26212	2958	10702	100000
26213	2958	10878	51840
26214	2958	11156	51840
26215	2958	11208	100000
26216	2958	11455	100000
26217	2958	13033	100000
26218	2958	13198	466560
26219	2958	13296	100000
26220	2958	13359	100000
26221	2958	13503	51840
26222	2959	3239	100000
26223	2959	5614	100000
26224	2959	7860	51840
26225	2959	7948	100000
26226	2960	3246	1244160
26227	2960	3348	51840
26228	2960	5908	51840
26229	2964	11074	51840
26230	2964	13115	51840
26231	2965	3138	100000
26232	2970	3015	51840
26233	2971	2975	100000
26234	2971	3065	51840
26235	2971	3205	100000
26236	2971	3219	51840
26237	2971	3274	100000
26238	2971	3361	100000
26239	2971	3369	466560
26240	2971	5319	2488320
26241	2971	5388	100000
26242	2971	7277	51840
26243	2971	7597	51840
26244	2971	11011	100000
26245	2971	13204	51840
26246	2971	13634	100000
26247	2972	7348	51840
26248	2972	10892	51840
26249	2972	13272	51840
26250	2972	13405	51840
26251	2972	13600	51840
26252	2972	14825	51840
26253	2973	3291	100000
26254	2973	3375	100000
26255	2973	10813	51840
26256	2973	11102	51840
26257	2973	11103	100000
26258	2973	13236	51840
26259	2973	13484	51840
26260	2974	5480	100000
26261	2975	7555	100000
26262	2975	11183	51840
26263	2976	5594	100000
26264	2978	3203	100000
26265	2978	10657	100000
26266	2980	2994	51840
26267	2980	3126	51840
26268	2980	3244	51840
26269	2980	3250	51840
26270	2980	3303	2488320
26271	2980	3336	100000
26272	2980	3393	100000
26273	2980	5890	51840
26274	2980	5984	100000
26275	2980	7363	51840
26276	2980	7749	51840
26277	2980	10642	51840
26278	2980	11213	51840
26279	2980	13480	51840
26280	2980	13488	51840
26281	2980	13542	51840
26282	2981	5775	100000
26283	2981	5992	100000
26284	2981	7747	51840
26285	2981	11288	1244160
26286	2981	13306	1244160
26287	2981	13361	51840
26288	2982	7362	2488320
26289	2982	10615	100000
26290	2983	3074	100000
26291	2983	3354	466560
26292	2983	3375	100000
26293	2983	5727	2488320
26294	2983	5740	51840
26295	2983	5886	51840
26296	2983	6011	100000
26297	2983	7300	51840
26298	2983	7634	51840
26299	2983	11011	100000
26300	2983	13015	51840
26301	2983	13016	100000
26302	2983	13128	51840
26303	2983	13175	51840
26304	2983	13254	466560
26305	2986	5911	466560
26306	2988	7351	100000
26307	2988	10980	100000
26308	2989	5992	51840
26309	2991	3269	2488320
26310	2992	3156	100000
26311	2992	3336	1244160
26312	2994	13425	100000
26313	2995	13104	51840
26314	2997	5594	100000
26315	2997	7923	51840
26316	2998	5710	51840
26317	2998	5723	51840
26318	2998	5775	2488320
26319	2998	5992	2488320
26320	2999	6030	100000
26321	3001	3207	100000
26322	3001	5622	51840
26323	3001	5626	51840
26324	3001	5661	51840
26325	3001	5791	51840
26326	3001	7330	51840
26327	3001	7723	100000
26328	3001	7869	51840
26329	3001	7932	100000
26330	3001	8031	51840
26331	3001	11145	51840
26332	3001	13578	51840
26333	3002	3068	100000
26334	3002	3186	51840
26335	3002	3191	51840
26336	3002	5458	1244160
26337	3002	5775	100000
26338	3002	7825	1244160
26339	3002	8015	51840
26340	3002	11019	51840
26341	3002	11253	51840
26342	3002	11367	51840
26343	3002	11410	1244160
26344	3002	13073	100000
26345	3002	13100	51840
26346	3002	13355	1244160
26347	3005	11027	2488320
26348	3007	5311	100000
26349	3007	5601	2488320
26350	3007	5775	100000
26351	3008	7618	51840
26352	3008	11101	466560
26353	3009	14455	51840
26354	3010	10884	51840
26355	3011	7416	2488320
26356	3014	10615	100000
26357	3015	3378	51840
26358	3015	5929	51840
26359	3015	10717	51840
26360	3016	3363	100000
26361	3016	5590	51840
26362	3016	13244	51840
26363	3016	13610	51840
26364	3017	5312	100000
26365	3019	10615	100000
26366	3021	3239	100000
26367	3021	5775	466560
26368	3021	7378	51840
26369	3021	10737	51840
26370	3021	11000	1244160
26371	3022	3193	51840
26372	3022	3222	51840
26373	3022	3371	51840
26374	3022	5372	51840
26375	3022	5400	51840
26376	3022	5696	2488320
26377	3022	5791	51840
26378	3022	5866	51840
26379	3022	5867	1244160
26380	3022	5994	51840
26381	3022	6012	100000
26382	3022	7330	51840
26383	3022	7356	51840
26384	3022	7392	2488320
26385	3022	7526	51840
26386	3022	7724	51840
26387	3022	7836	51840
26388	3022	7868	51840
26389	3022	7932	51840
26390	3022	10908	51840
26391	3022	11411	51840
26392	3022	13354	51840
26393	3022	13490	51840
26394	3022	14662	155520
26395	3022	14663	51840
26396	3022	15594	51840
26397	3023	11240	100000
26398	3024	5775	100000
26399	3024	7882	100000
26400	3024	10858	51840
26401	3024	11245	51840
26402	3024	11398	51840
26403	3025	5546	100000
26404	3025	5845	2488320
26405	3025	10856	51840
26406	3025	11270	51840
26407	3025	13028	51840
26408	3025	13652	51840
26409	3026	5792	100000
26410	3026	13055	100000
26411	3028	11140	51840
26412	3029	3142	2488320
26413	3030	13482	51840
26414	3034	5775	100000
26415	3036	3198	100000
26416	3036	11033	51840
26417	3038	3096	51840
26418	3039	10665	51840
26419	3039	11385	51840
26420	3039	13265	100000
26421	3039	13558	100000
26422	3039	13591	51840
26423	3044	13294	51840
26424	3045	11327	100000
26425	3047	5792	100000
26426	3047	11246	51840
26427	3047	13256	51840
26428	3048	7856	51840
26429	3048	11310	51840
26430	3050	3219	100000
26431	3051	3058	100000
26432	3051	15129	1244160
26433	3054	5397	51840
26434	3054	5491	466560
26435	3054	10697	51840
26436	3054	15153	51840
26437	3054	15661	51840
26438	3056	5792	51840
26439	3057	10817	100000
26440	3058	15129	51840
26441	3059	5992	100000
26442	3060	3176	100000
26443	3060	4640	51840
26444	3060	5340	100000
26445	3060	5473	100000
26446	3060	5704	51840
26447	3060	5753	100000
26448	3060	5775	2488320
26449	3060	7336	2488320
26450	3060	7391	2488320
26451	3069	3102	100000
26452	3069	3214	51840
26453	3069	5709	51840
26454	3069	7273	51840
26455	3069	7898	51840
26456	3069	10759	51840
26457	3069	13576	51840
26458	3071	10615	2488320
26459	3071	11152	100000
26460	3075	7973	51840
26461	3076	7785	2488320
26462	3077	5723	51840
26463	3077	5943	51840
26464	3077	7573	51840
26465	3077	13350	51840
26466	3078	14824	51840
26467	3078	15118	51840
26468	3080	3291	51840
26469	3080	3375	100000
26470	3081	5723	1244160
26471	3082	5911	51840
26472	3084	3429	51840
26473	3085	5441	100000
26474	3085	7377	1244160
26475	3085	7786	100000
26476	3085	10619	51840
26477	3085	13315	51840
26478	3086	7823	51840
26479	3088	7961	1244160
26480	3088	10754	51840
26481	3089	3251	51840
26482	3089	3317	100000
26483	3089	5462	100000
26484	3089	5564	2488320
26485	3089	7938	100000
26486	3089	11105	100000
26487	3095	3375	2488320
26488	3095	5740	51840
26489	3095	5797	100000
26490	3095	7596	51840
26491	3096	5309	100000
26492	3096	5538	100000
26493	3096	5565	51840
26494	3096	5568	51840
26495	3096	5602	51840
26496	3096	5662	100000
26497	3096	5826	51840
26498	3096	5862	51840
26499	3096	5927	51840
26500	3096	5949	1244160
26501	3096	7297	100000
26502	3096	7301	51840
26503	3096	7657	51840
26504	3096	7662	51840
26505	3096	7767	51840
26506	3096	7779	100000
26507	3096	7840	51840
26508	3096	7841	51840
26509	3096	7867	51840
26510	3096	7918	51840
26511	3096	10649	51840
26512	3096	10651	51840
26513	3096	10707	51840
26514	3096	10718	51840
26515	3096	10740	51840
26516	3096	10900	51840
26517	3096	10901	51840
26518	3096	10911	51840
26519	3096	11142	51840
26520	3096	11218	2488320
26521	3096	11300	51840
26522	3096	11423	51840
26523	3096	13045	51840
26524	3096	13087	1244160
26525	3096	13096	1244160
26526	3096	13248	51840
26527	3096	13516	51840
26528	3096	13522	51840
26529	3096	13526	51840
26530	3096	13543	100000
26531	3096	13600	51840
26532	3096	15134	51840
26533	3097	11545	51840
26534	3098	3375	100000
26535	3099	11140	51840
26536	3100	3188	100000
26537	3102	3165	100000
26538	3102	3206	100000
26539	3102	3212	51840
26540	3102	3377	51840
26541	3102	5488	100000
26542	3102	5509	51840
26543	3102	5779	51840
26544	3102	7400	1244160
26545	3102	7844	100000
26546	3102	11003	1244160
26547	3103	14992	51840
26548	3105	3375	100000
26549	3105	5794	1244160
26550	3107	13305	100000
26551	3108	7793	51840
26552	3108	11087	51840
26553	3108	13299	51840
26554	3111	5628	51840
26555	3112	5992	100000
26556	3113	3334	51840
26557	3113	5792	100000
26558	3113	7431	100000
26559	3113	7501	51840
26560	3113	13140	51840
26561	3113	13460	51840
26562	3113	13518	2488320
26563	3116	3293	51840
26564	3116	5934	51840
26565	3116	7605	2488320
26566	3116	7721	100000
26567	3116	11394	51840
26568	3117	5775	100000
26569	3120	3175	100000
26570	3120	5775	100000
26571	3120	5820	100000
26572	3120	5911	51840
26573	3120	5992	100000
26574	3120	10749	51840
26575	3121	3434	51840
26576	3121	7485	2488320
26577	3121	10894	100000
26578	3121	11216	51840
26579	3121	11245	51840
26580	3122	13025	51840
26581	3123	3206	2488320
26582	3126	3249	51840
26583	3126	3263	51840
26584	3126	5401	51840
26585	3126	5510	1244160
26586	3126	11423	51840
26587	3126	13121	51840
26588	3131	5304	100000
26589	3131	10666	100000
26590	3132	11114	51840
26591	3133	3321	51840
26592	3133	5628	51840
26593	3133	10715	51840
26594	3135	3148	2488320
26595	3135	5325	51840
26596	3135	5329	100000
26597	3135	5492	100000
26598	3135	5542	100000
26599	3135	5787	51840
26600	3135	5808	51840
26601	3135	5921	1244160
26602	3135	5973	51840
26603	3135	5979	1244160
26604	3135	7390	100000
26605	3135	7411	100000
26606	3135	7686	51840
26607	3135	7774	2488320
26608	3135	7817	100000
26609	3135	7969	51840
26610	3135	8032	51840
26611	3135	8033	466560
26612	3135	8034	51840
26613	3135	10828	100000
26614	3135	10975	51840
26615	3135	12987	51840
26616	3135	13422	51840
26617	3135	13496	51840
26618	3135	13564	51840
26619	3137	5311	100000
26620	3137	5775	100000
26621	3138	5486	100000
26622	3138	5960	100000
26623	3138	7327	466560
26624	3138	7403	51840
26625	3138	7739	51840
26626	3138	8041	51840
26627	3138	11061	51840
26628	3138	13009	51840
26629	3138	13207	51840
26630	3138	13461	51840
26631	3140	5314	51840
26632	3140	5408	51840
26633	3140	5557	51840
26634	3140	5667	100000
26635	3140	5739	51840
26636	3140	5992	100000
26637	3140	7322	51840
26638	3140	10706	51840
26639	3140	11053	51840
26640	3140	13136	51840
26641	3140	13517	51840
26642	3141	5878	100000
26643	3141	7710	100000
26644	3142	3177	100000
26645	3142	5982	1244160
26646	3142	7881	51840
26647	3142	10665	51840
26648	3142	11315	51840
26649	3142	11408	51840
26650	3142	13134	51840
26651	3142	13375	51840
26652	3142	13458	51840
26653	3142	13680	51840
26654	3143	5908	51840
26655	3145	7303	2488320
26656	3145	13393	100000
26657	3146	5466	51840
26658	3146	13415	51840
26659	3148	3229	100000
26660	3148	3302	51840
26661	3148	3403	51840
26662	3148	5345	51840
26663	3148	5411	51840
26664	3148	5423	100000
26665	3148	5472	100000
26666	3148	5596	100000
26667	3148	7305	100000
26668	3148	10803	51840
26669	3150	5723	51840
26670	3150	5775	2488320
26671	3150	5957	1244160
26672	3150	7794	1244160
26673	3150	8021	51840
26674	3150	13137	51840
26675	3153	5780	100000
26676	3153	5800	1244160
26677	3153	5811	51840
26678	3153	5828	51840
26679	3153	5903	100000
26680	3153	7369	51840
26681	3153	7615	51840
26682	3153	10833	51840
26683	3153	10885	51840
26684	3153	10997	51840
26685	3153	11016	51840
26686	3153	13221	51840
26687	3153	13435	51840
26688	3153	13595	51840
26689	3154	5311	100000
26690	3155	5311	51840
26691	3156	3206	51840
26692	3156	3394	51840
26693	3156	3414	100000
26694	3156	5621	51840
26695	3156	5668	1244160
26696	3156	13437	100000
26697	3158	7588	51840
26698	3158	13124	1244160
26699	3160	5551	1244160
26700	3163	5911	100000
26701	3167	5466	100000
26702	3167	13266	1244160
26703	3168	7460	100000
26704	3169	5600	100000
26705	3169	5822	100000
26706	3169	13308	51840
26707	3172	10742	100000
26708	3173	5628	51840
26709	3174	3313	100000
26710	3175	5311	51840
26711	3175	5523	51840
26712	3175	6034	51840
26713	3176	7686	1244160
26714	3178	7391	51840
26715	3180	10615	51840
26716	3181	5792	100000
26717	3183	3211	1244160
26718	3183	3375	100000
26719	3184	3321	100000
26720	3184	11029	51840
26721	3186	5723	51840
26722	3186	13250	100000
26723	3186	13572	51840
26724	3187	5563	51840
26725	3187	5992	100000
26726	3188	5711	51840
26727	3188	7406	100000
26728	3188	7684	100000
26729	3189	8650	51840
26730	3190	11388	51840
26731	3191	7523	51840
26732	3192	5792	100000
26733	3193	3370	100000
26734	3194	5775	51840
26735	3194	10976	51840
26736	3196	5714	100000
26737	3197	6025	1244160
26738	3199	5775	100000
26739	3200	3206	51840
26740	3201	4857	51840
26741	3201	8180	51840
26742	3201	11360	51840
26743	3202	5311	2488320
26744	3204	10769	100000
26745	3206	3212	51840
26746	3206	3336	2488320
26747	3206	3394	51840
26748	3206	5597	1244160
26749	3206	5906	100000
26750	3206	5925	51840
26751	3206	5991	51840
26752	3206	11317	51840
26753	3206	11348	100000
26754	3206	13077	51840
26755	3206	13598	51840
26756	3206	13683	51840
26757	3208	3375	100000
26758	3208	5797	100000
26759	3209	5992	51840
26760	3211	3375	100000
26761	3211	5069	100000
26762	3211	7300	51840
26763	3211	10934	51840
26764	3212	11129	51840
26765	3214	3377	51840
26766	3215	3266	51840
26767	3215	5312	100000
26768	3215	5361	51840
26769	3215	5775	100000
26770	3215	5909	100000
26771	3215	11176	100000
26772	3217	3273	2488320
26773	3217	11293	51840
26774	3219	10674	51840
26775	3221	5911	100000
26776	3223	10838	100000
26777	3223	11422	100000
26778	3223	13109	2488320
26779	3223	13329	466560
26780	3223	13486	2488320
26781	3225	4289	100000
26782	3225	5775	100000
26783	3225	15119	100000
26784	3226	7533	100000
26785	3226	10741	51840
26786	3229	3420	51840
26787	3229	5325	100000
26788	3229	5342	100000
26789	3229	5393	100000
26790	3229	5542	100000
26791	3229	5769	100000
26792	3229	5861	100000
26793	3229	5921	100000
26794	3229	5968	51840
26795	3229	7275	51840
26796	3229	7547	100000
26797	3229	7686	100000
26798	3229	7697	51840
26799	3229	7715	51840
26800	3229	7774	100000
26801	3229	7905	51840
26802	3229	8032	51840
26803	3229	8034	51840
26804	3229	10839	100000
26805	3229	10859	51840
26806	3229	10888	51840
26807	3229	10992	51840
26808	3229	11055	51840
26809	3229	11182	1244160
26810	3229	11194	100000
26811	3229	11344	51840
26812	3229	13189	100000
26813	3229	13505	51840
26814	3229	13513	100000
26815	3231	13638	51840
26816	3232	3270	100000
26817	3232	5725	100000
26818	3232	5874	100000
26819	3232	7375	100000
26820	3232	7389	100000
26821	3232	7405	1244160
26822	3232	7705	2488320
26823	3232	7974	100000
26824	3232	10881	100000
26825	3239	3391	51840
26826	3239	3428	51840
26827	3239	5367	51840
26828	3239	5540	51840
26829	3239	5559	51840
26830	3239	5710	51840
26831	3239	5736	51840
26832	3239	7658	100000
26833	3239	7858	100000
26834	3239	7950	51840
26835	3239	7962	51840
26836	3239	10818	51840
26837	3239	10827	51840
26838	3239	10861	51840
26839	3239	10921	51840
26840	3239	11000	51840
26841	3239	11160	51840
26842	3239	11363	100000
26843	3239	12994	51840
26844	3239	13127	51840
26845	3239	13155	2488320
26846	3239	13223	51840
26847	3239	13413	51840
26848	3240	11436	51840
26849	3241	5456	51840
26850	3241	6210	51840
26851	3241	10615	100000
26852	3241	10656	51840
26853	3241	11445	51840
26854	3242	5536	1244160
26855	3242	5992	100000
26856	3244	3246	51840
26857	3244	3393	51840
26858	3244	3427	51840
26859	3245	7839	100000
26860	3246	3250	51840
26861	3246	3348	1244160
26862	3246	3393	100000
26863	3246	7628	51840
26864	3246	13628	100000
26865	3247	5705	100000
26866	3248	5421	100000
26867	3248	7517	51840
26868	3248	11219	51840
26869	3248	11354	1244160
26870	3252	10741	100000
26871	3253	5905	100000
26872	3253	7328	100000
26873	3253	10857	2488320
26874	3253	11323	51840
26875	3253	11374	1244160
26876	3253	13130	51840
26877	3253	13601	51840
26878	3254	5775	51840
26879	3255	15148	1244160
26880	3259	5420	51840
26881	3262	5775	51840
26882	3264	5710	1244160
26883	3264	7324	1244160
26884	3265	11382	100000
26885	3267	3380	100000
26886	3267	5516	51840
26887	3267	5669	51840
26888	3267	7521	100000
26889	3267	10638	51840
26890	3267	11302	51840
26891	3267	11386	51840
26892	3267	13035	51840
26893	3267	13362	100000
26894	3267	13370	2488320
26895	3267	13398	51840
26896	3269	3271	100000
26897	3269	3637	51840
26898	3269	7525	100000
26899	3269	7601	51840
26900	3271	3395	100000
26901	3271	4857	2488320
26902	3271	7305	100000
26903	3271	8731	100000
26904	3273	5356	51840
26905	3273	5598	100000
26906	3273	5948	51840
26907	3273	7865	51840
26908	3273	10825	51840
26909	3273	10863	2488320
26910	3273	10891	100000
26911	3273	10949	100000
26912	3273	11168	51840
26913	3273	11377	51840
26914	3273	13229	51840
26915	3275	5717	51840
26916	3276	5992	100000
26917	3276	11457	51840
26918	3277	7860	51840
26919	3280	5647	100000
26920	3281	13482	100000
26921	3282	10944	51840
26922	3282	13474	51840
26923	3282	13640	51840
26924	3283	5486	51840
26925	3286	7600	51840
26926	3286	10636	51840
26927	3288	11375	51840
26928	3288	13162	100000
26929	3289	13375	51840
26930	3291	5297	1244160
26931	3291	10945	51840
26932	3292	5992	100000
26933	3292	7416	51840
26934	3293	5631	100000
26935	3293	7842	51840
26936	3294	5479	51840
26937	3294	7841	51840
26938	3295	5311	51840
26939	3297	5911	100000
26940	3299	5960	100000
26941	3300	5367	51840
26942	3300	10630	51840
26943	3302	7969	51840
26944	3302	12998	100000
26945	3302	13167	51840
26946	3302	13549	51840
26947	3303	3375	2488320
26948	3303	10927	51840
26949	3303	11021	100000
26950	3303	13059	51840
26951	3309	7839	100000
26952	3312	5911	51840
26953	3313	3314	2488320
26954	3313	5481	100000
26955	3313	5824	1244160
26956	3313	7515	100000
26957	3313	7530	51840
26958	3313	7594	100000
26959	3313	7986	51840
26960	3313	10647	100000
26961	3313	11024	100000
26962	3313	11091	100000
26963	3313	13170	51840
26964	3313	13177	51840
26965	3313	13353	100000
26966	3315	7416	100000
26967	3317	3342	100000
26968	3318	5792	2488320
26969	3318	11382	100000
26970	3318	11390	51840
26971	3321	5833	1244160
26972	3321	5992	100000
26973	3321	7919	51840
26974	3321	11093	51840
26975	3321	13278	100000
26976	3321	13297	51840
26977	3322	7716	2488320
26978	3323	5594	51840
26979	3326	5935	51840
26980	3328	5321	100000
26981	3328	5556	100000
26982	3328	7999	51840
26983	3328	15070	51840
26984	3329	10741	100000
26985	3330	10982	51840
26986	3330	13121	51840
26987	3332	3383	1244160
26988	3332	5775	100000
26989	3332	5819	100000
26990	3332	10638	51840
26991	3332	10883	100000
26992	3332	13122	100000
26993	3332	13282	2488320
26994	3333	11307	51840
26995	3336	3414	51840
26996	3336	5327	1244160
26997	3336	5668	51840
26998	3336	5701	100000
26999	3336	5709	51840
27000	3336	5720	100000
27001	3336	10675	51840
27002	3336	10752	51840
27003	3336	10759	51840
27004	3336	10775	51840
27005	3336	10778	100000
27006	3336	10939	100000
27007	3336	11243	1244160
27008	3336	11384	51840
27009	3336	13443	51840
27010	3338	5335	51840
27011	3338	5554	51840
27012	3338	5992	2488320
27013	3338	7333	51840
27014	3338	10701	51840
27015	3338	13269	51840
27016	3339	5992	100000
27017	3340	5639	51840
27018	3341	5714	100000
27019	3343	7458	100000
27020	3343	13393	51840
27021	3344	5483	100000
27022	3347	10616	51840
27023	3347	11326	51840
27024	3347	13629	51840
27025	3348	7348	51840
27026	3355	5628	100000
27027	3359	3410	51840
27028	3360	3375	100000
27029	3363	13244	51840
27030	3363	15593	2488320
27031	3364	8005	100000
27032	3367	5792	100000
27033	3370	5372	51840
27034	3370	5529	1244160
27035	3370	5613	100000
27036	3370	5626	51840
27037	3370	5661	51840
27038	3370	5791	100000
27039	3370	7330	51840
27040	3370	7356	51840
27041	3370	7510	51840
27042	3370	7954	100000
27043	3370	10875	2488320
27044	3370	11329	1244160
27045	3370	11444	51840
27046	3370	13381	51840
27047	3370	13520	100000
27048	3373	5646	100000
27049	3373	7572	51840
27050	3373	7703	51840
27051	3373	7827	51840
27052	3373	7891	51840
27053	3373	10650	51840
27054	3373	10856	51840
27055	3373	11372	51840
27056	3373	11373	1244160
27057	3373	11405	51840
27058	3373	13430	51840
27059	3373	13448	51840
27060	3373	13666	100000
27061	3374	5316	100000
27062	3375	5297	100000
27063	3375	5517	100000
27064	3375	5593	1244160
27065	3375	5606	51840
27066	3375	5612	100000
27067	3375	5658	51840
27068	3375	5703	100000
27069	3375	5705	100000
27070	3375	5727	1244160
27071	3375	5737	51840
27072	3375	5794	100000
27073	3375	5832	100000
27074	3375	6011	100000
27075	3375	6024	51840
27076	3375	7341	100000
27077	3375	7476	51840
27078	3375	7487	100000
27079	3375	7562	51840
27080	3375	7591	100000
27081	3375	7673	100000
27082	3375	7690	2488320
27083	3375	7762	100000
27084	3375	7818	51840
27085	3375	10699	51840
27086	3375	10745	100000
27087	3375	10840	51840
27088	3375	10934	100000
27089	3375	10945	51840
27090	3375	11013	51840
27091	3375	11404	100000
27092	3375	13088	100000
27093	3375	13426	100000
27094	3375	13679	51840
27095	3376	8064	1244160
27096	3377	3394	100000
27097	3377	5798	51840
27098	3377	7997	51840
27099	3377	11348	51840
27100	3377	11384	51840
27101	3377	13576	51840
27102	3379	5410	100000
27103	3379	11237	51840
27104	3379	15151	51840
27105	3380	5467	51840
27106	3380	5513	100000
27107	3380	5569	51840
27108	3380	5609	51840
27109	3380	5704	51840
27110	3380	10738	51840
27111	3380	10742	100000
27112	3380	11089	51840
27113	3380	13165	1244160
27114	3380	13211	100000
27115	3380	13423	51840
27116	3380	13602	51840
27117	3383	5912	51840
27118	3384	11006	51840
27119	3385	10995	100000
27120	3387	3428	100000
27121	3387	5775	100000
27122	3387	10738	51840
27123	3387	11299	51840
27124	3388	5763	51840
27125	3388	5775	100000
27126	3388	7558	100000
27127	3389	7885	51840
27128	3389	11197	51840
27129	3390	11151	100000
27130	3390	13171	51840
27131	3390	13346	100000
27132	3390	13393	2488320
27133	3390	13612	2488320
27134	3393	13628	51840
27135	3394	5908	100000
27136	3394	6016	1244160
27137	3394	10821	51840
27138	3394	13141	51840
27139	3394	13277	51840
27140	3394	13428	51840
27141	3395	7305	100000
27142	3396	3912	100000
27143	3396	4267	1244160
27144	3396	4857	51840
27145	3402	7397	100000
27146	3403	5472	51840
27147	3406	5311	100000
27148	3407	5908	51840
27149	3410	5352	51840
27150	3410	7503	100000
27151	3410	13556	51840
27152	3413	5311	100000
27153	3415	5343	100000
27154	3415	5465	1244160
27155	3415	7686	51840
27156	3415	11171	100000
27157	3415	13319	51840
27158	3415	13419	51840
27159	3417	10741	51840
27160	3418	5775	51840
27161	3419	5775	100000
27162	3419	5990	51840
27163	3421	5591	100000
27164	3421	5775	100000
27165	3421	5909	51840
27166	3421	11095	51840
27167	3421	15595	100000
27168	3421	15596	51840
27169	3421	15597	51840
27170	3422	6129	100000
27171	3424	13154	51840
27172	3425	5311	100000
27173	3426	7549	51840
27174	3426	13560	51840
27175	3428	7933	51840
27176	3428	8014	51840
27177	3433	5608	51840
27178	3433	5751	466560
27179	3433	5775	100000
27180	3433	5885	51840
27181	3433	11391	1244160
27182	3438	3613	100000
27183	3438	3899	100000
27184	3438	9058	51840
27185	3439	3848	51840
27186	3443	3670	100000
27187	3443	3677	51840
27188	3443	3678	100000
27189	3443	3681	51840
27190	3443	3682	100000
27191	3443	3944	100000
27192	3443	3956	100000
27193	3443	3960	51840
27194	3443	8694	2488320
27195	3443	8808	100000
27196	3443	8810	100000
27197	3443	8811	100000
27198	3443	8821	100000
27199	3443	8826	1244160
27200	3444	3487	51840
27201	3444	9521	51840
27202	3446	5069	51840
27203	3447	3491	51840
27204	3448	3562	51840
27205	3451	3892	100000
27206	3451	3973	466560
27207	3451	4030	51840
27208	3451	8689	466560
27209	3451	8889	100000
27210	3451	9021	51840
27211	3451	9159	100000
27212	3451	9180	100000
27213	3451	9295	51840
27214	3451	13674	51840
27215	3452	8650	51840
27216	3453	3912	100000
27217	3454	15329	51840
27218	3456	3664	100000
27219	3458	12080	51840
27220	3459	8981	100000
27221	3459	15308	51840
27222	3460	3848	100000
27223	3461	3491	51840
27224	3462	3912	51840
27225	3463	3765	100000
27226	3465	8690	51840
27227	3465	8838	100000
27228	3465	9153	51840
27229	3465	9155	51840
27230	3467	3912	51840
27231	3468	3613	100000
27232	3468	4017	100000
27233	3468	8957	51840
27234	3469	3473	51840
27235	3469	3503	1244160
27236	3469	3578	51840
27237	3469	3600	1244160
27238	3469	3734	51840
27239	3469	3735	51840
27240	3469	3984	51840
27241	3469	8746	51840
27242	3469	8937	2488320
27243	3469	8941	51840
27244	3469	9220	51840
27245	3469	9221	51840
27246	3470	3502	2488320
27247	3471	3502	51840
27248	3475	3624	51840
27249	3475	3631	100000
27250	3475	3699	100000
27251	3475	3733	51840
27252	3475	3738	51840
27253	3475	3748	51840
27254	3475	3784	1244160
27255	3475	3803	51840
27256	3475	3912	100000
27257	3475	3933	51840
27258	3475	3934	100000
27259	3475	3982	51840
27260	3475	4064	51840
27261	3475	4857	100000
27262	3475	5775	100000
27263	3475	8742	2488320
27264	3475	8917	51840
27265	3475	8925	51840
27266	3475	8931	51840
27267	3478	3912	100000
27268	3478	9292	51840
27269	3479	4036	100000
27270	3481	3912	100000
27271	3483	3912	100000
27272	3483	8890	51840
27273	3483	9026	51840
27274	3483	15349	51840
27275	3483	15350	51840
27276	3483	15357	51840
27277	3483	15358	51840
27278	3483	15359	51840
27279	3483	15363	51840
27280	3483	15364	51840
27281	3486	3773	100000
27282	3487	3562	2488320
27283	3487	8961	51840
27284	3487	9290	51840
27285	3488	3912	100000
27286	3489	4003	51840
27287	3490	8964	51840
27288	3491	3635	51840
27289	3491	3975	51840
27290	3491	4014	1244160
27291	3491	7305	100000
27292	3491	8835	100000
27293	3492	3906	100000
27294	3492	9014	51840
27295	3492	15580	2488320
27296	3492	15665	51840
27297	3494	3906	100000
27298	3494	4085	51840
27299	3495	3906	466560
27300	3496	3901	100000
27301	3497	8805	100000
27302	3498	3912	100000
27303	3500	3505	51840
27304	3500	3658	51840
27305	3500	3706	51840
27306	3500	3931	51840
27307	3500	4056	51840
27308	3500	8741	51840
27309	3500	8749	51840
27310	3500	8762	51840
27311	3500	8765	51840
27312	3500	8770	51840
27313	3500	8771	100000
27314	3500	8921	51840
27315	3500	8940	1244160
27316	3500	9229	51840
27317	3502	3580	51840
27318	3502	3581	2488320
27319	3502	3659	51840
27320	3502	3701	1244160
27321	3502	3703	2488320
27322	3502	3731	100000
27323	3502	3733	51840
27324	3502	3736	100000
27325	3502	3740	100000
27326	3502	3743	1244160
27327	3502	3781	51840
27328	3502	3782	51840
27329	3502	3791	100000
27330	3502	3858	51840
27331	3502	3861	100000
27332	3502	3912	100000
27333	3502	3920	51840
27334	3502	3993	100000
27335	3502	4049	51840
27336	3502	4071	51840
27337	3502	4857	100000
27338	3502	8744	2488320
27339	3502	8745	100000
27340	3502	8756	1244160
27341	3502	8913	51840
27342	3502	8915	100000
27343	3502	8922	100000
27344	3502	8923	51840
27345	3502	8928	100000
27346	3502	8935	466560
27347	3502	8949	51840
27348	3502	8950	51840
27349	3502	9219	100000
27350	3502	9221	100000
27351	3502	9226	100000
27352	3502	9227	51840
27353	3502	9278	51840
27354	3506	3882	51840
27355	3506	9259	100000
27356	3506	15339	51840
27357	3506	15340	51840
27358	3506	15666	51840
27359	3507	3577	51840
27360	3507	5069	100000
27361	3508	4880	51840
27362	3509	3574	100000
27363	3509	3848	51840
27364	3509	3912	100000
27365	3510	8874	2488320
27366	3511	3725	100000
27367	3512	9142	51840
27368	3512	9795	51840
27369	3512	11529	2488320
27370	3514	4236	100000
27371	3514	6210	51840
27372	3514	8497	466560
27373	3514	15328	466560
27374	3515	4236	51840
27375	3515	9134	51840
27376	3517	3808	51840
27377	3517	15066	51840
27378	3518	3889	100000
27379	3519	15574	51840
27380	3520	3963	51840
27381	3533	8691	100000
27382	3534	3535	51840
27383	3534	3675	100000
27384	3534	3689	51840
27385	3534	8812	100000
27386	3534	8984	51840
27387	3534	8987	51840
27388	3534	8991	51840
27389	3534	8998	2488320
27390	3534	9004	100000
27391	3534	9081	51840
27392	3534	9088	51840
27393	3534	9092	51840
27394	3534	9111	51840
27395	3534	9124	51840
27396	3535	3675	51840
27397	3535	8984	51840
27398	3535	9081	51840
27399	3535	9088	51840
27400	3535	9092	51840
27401	3535	9124	51840
27402	3537	3838	100000
27403	3541	3664	100000
27404	3541	3723	51840
27405	3541	3887	100000
27406	3541	3894	2488320
27407	3541	4045	51840
27408	3541	8957	51840
27409	3543	3912	51840
27410	3544	15313	51840
27411	3546	3906	100000
27412	3546	4085	100000
27413	3547	8774	100000
27414	3547	8776	100000
27415	3547	8879	100000
27416	3547	8881	51840
27417	3547	14657	100000
27418	3547	14658	466560
27419	3547	15576	100000
27420	3548	8774	51840
27421	3549	9107	51840
27422	3550	3720	51840
27423	3550	8679	100000
27424	3551	4365	2488320
27425	3551	4812	100000
27426	3554	9026	51840
27427	3557	8835	100000
27428	3558	3636	1244160
27429	3561	3594	51840
27430	3562	3607	100000
27431	3562	3835	51840
27432	3564	4083	1244160
27433	3564	8897	51840
27434	3570	8789	51840
27435	3570	15346	51840
27436	3574	3649	51840
27437	3574	5031	100000
27438	3574	9054	51840
27439	3575	3839	466560
27440	3577	4090	51840
27441	3577	9136	51840
27442	3579	3790	100000
27443	3581	3660	51840
27444	3581	3936	51840
27445	3581	4050	100000
27446	3581	4059	51840
27447	3581	4066	51840
27448	3581	8755	100000
27449	3581	8917	51840
27450	3581	8931	51840
27451	3581	8938	1244160
27452	3581	8947	51840
27453	3581	8948	2488320
27454	3585	8977	100000
27455	3586	8805	100000
27456	3589	3889	100000
27457	3590	5062	51840
27458	3592	8978	100000
27459	3594	3848	2488320
27460	3594	3878	51840
27461	3594	3912	100000
27462	3597	5069	100000
27463	3597	10615	2488320
27464	3601	3790	2488320
27465	3606	8739	51840
27466	3606	8912	100000
27467	3607	3725	51840
27468	3607	3904	51840
27469	3607	4011	100000
27470	3607	4041	51840
27471	3607	8657	51840
27472	3607	8857	51840
27473	3607	8962	1244160
27474	3607	9016	100000
27475	3607	9157	51840
27476	3607	9158	51840
27477	3607	9183	1244160
27478	3607	9265	51840
27479	3607	9269	51840
27480	3608	8779	51840
27481	3608	8783	51840
27482	3608	8895	51840
27483	3608	8899	2488320
27484	3608	12080	100000
27485	3609	8650	51840
27486	3613	3727	100000
27487	3613	3772	100000
27488	3613	4031	100000
27489	3613	4038	51840
27490	3613	4857	100000
27491	3613	8637	51840
27492	3613	8835	100000
27493	3613	8837	100000
27494	3613	9056	100000
27495	3613	9102	100000
27496	3613	9150	51840
27497	3613	9156	100000
27498	3618	8497	100000
27499	3618	8780	51840
27500	3618	12080	100000
27501	3619	8721	51840
27502	3619	15384	51840
27503	3622	3848	100000
27504	3632	15294	51840
27505	3633	9017	51840
27506	3636	3899	1244160
27507	3637	8497	100000
27508	3637	8731	100000
27509	3638	8679	51840
27510	3640	4024	51840
27511	3640	8893	51840
27512	3643	9568	51840
27513	3644	8679	2488320
27514	3650	8497	100000
27515	3650	8731	100000
27516	3651	8964	51840
27517	3654	3912	100000
27518	3662	15575	51840
27519	3662	15577	51840
27520	3662	15588	51840
27521	3663	8497	100000
27522	3663	8900	51840
27523	3663	8974	2488320
27524	3664	3911	100000
27525	3664	6418	51840
27526	3664	8776	100000
27527	3666	8674	51840
27528	3666	8893	51840
27529	3671	8809	100000
27530	3674	3690	2488320
27531	3675	9074	2488320
27532	3677	8819	51840
27533	3682	8810	100000
27534	3683	9126	2488320
27535	3688	3838	100000
27536	3689	3838	51840
27537	3691	9009	100000
27538	3694	6334	100000
27539	3694	8910	51840
27540	3706	3790	51840
27541	3709	3912	100000
27542	3710	3912	100000
27543	3711	3848	100000
27544	3712	3910	51840
27545	3712	8680	51840
27546	3714	3773	51840
27547	3716	3725	51840
27548	3716	4041	100000
27549	3716	8646	2488320
27550	3716	8785	51840
27551	3716	8976	51840
27552	3716	8979	51840
27553	3716	9040	1244160
27554	3716	9265	51840
27555	3716	9269	51840
27556	3717	3912	51840
27557	3725	4041	100000
27558	3726	9057	100000
27559	3727	3900	2488320
27560	3729	3912	2488320
27561	3729	4857	51840
27562	3739	3745	51840
27563	3740	4053	51840
27564	3742	3856	100000
27565	3744	8912	100000
27566	3745	3924	51840
27567	3745	7305	100000
27568	3746	3856	51840
27569	3749	4057	51840
27570	3750	3790	51840
27571	3756	3912	100000
27572	3759	4092	51840
27573	3760	8958	51840
27574	3761	9054	51840
27575	3762	9026	51840
27576	3764	3808	51840
27577	3764	3889	100000
27578	3765	4102	100000
27579	3765	7138	100000
27580	3765	8866	51840
27581	3765	8957	1244160
27582	3766	8648	51840
27583	3772	4014	51840
27584	3773	3970	51840
27585	3773	4015	100000
27586	3773	8723	466560
27587	3773	9293	51840
27588	3778	4827	100000
27589	3790	3931	51840
27590	3790	3995	1244160
27591	3790	4061	100000
27592	3790	4070	51840
27593	3790	8741	51840
27594	3790	8747	51840
27595	3790	8749	51840
27596	3790	8750	100000
27597	3790	8751	51840
27598	3790	8761	51840
27599	3790	8764	51840
27600	3790	8770	51840
27601	3790	8771	100000
27602	3790	8936	100000
27603	3790	8945	51840
27604	3790	9050	51840
27605	3806	15314	51840
27606	3807	5069	51840
27607	3807	9031	1244160
27608	3808	8799	51840
27609	3810	9159	51840
27610	3811	4003	51840
27611	3815	4014	2488320
27612	3815	8643	100000
27613	3815	8876	100000
27614	3815	9013	100000
27615	3815	9014	2488320
27616	3815	9015	51840
27617	3815	9179	100000
27618	3815	9192	100000
27619	3816	8774	100000
27620	3818	15579	51840
27621	3819	8774	51840
27622	3824	8774	100000
27623	3826	3906	2488320
27624	3827	15579	100000
27625	3828	3906	100000
27626	3830	3906	466560
27627	3830	15578	51840
27628	3831	8644	51840
27629	3831	8775	100000
27630	3833	3906	100000
27631	3833	8644	100000
27632	3834	8679	51840
27633	3835	9157	100000
27634	3836	4003	51840
27635	3836	9287	100000
27636	3838	9004	466560
27637	3838	9010	2488320
27638	3838	9133	100000
27639	3839	3893	100000
27640	3839	8848	51840
27641	3839	8905	2488320
27642	3841	8667	100000
27643	3841	8779	100000
27644	3841	9172	100000
27645	3841	9180	51840
27646	3841	15317	51840
27647	3842	4030	51840
27648	3843	4036	100000
27649	3843	8630	51840
27650	3843	8635	51840
27651	3846	15012	51840
27652	3846	15382	51840
27653	3848	4024	2488320
27654	3848	4043	51840
27655	3848	8674	51840
27656	3848	8677	51840
27657	3848	8733	2488320
27658	3848	8736	51840
27659	3848	8786	100000
27660	3848	8789	100000
27661	3848	8803	51840
27662	3848	8845	51840
27663	3848	8858	100000
27664	3848	9026	51840
27665	3848	9052	100000
27666	3848	9108	51840
27667	3848	9166	51840
27668	3848	9173	1244160
27669	3848	9270	51840
27670	3849	4827	51840
27671	3856	3936	51840
27672	3856	8740	100000
27673	3856	8760	100000
27674	3856	8768	100000
27675	3856	8926	466560
27676	3857	8912	100000
27677	3873	3889	2488320
27678	3873	15066	51840
27679	3874	3879	51840
27680	3875	5069	100000
27681	3879	8900	51840
27682	3881	4003	51840
27683	3881	8679	100000
27684	3883	3889	100000
27685	3887	4013	100000
27686	3888	4092	100000
27687	3889	8793	100000
27688	3889	8832	51840
27689	3889	9164	100000
27690	3889	15087	51840
27691	3889	15295	51840
27692	3889	15296	51840
27693	3889	15372	51840
27694	3892	5069	100000
27695	3894	15384	100000
27696	3895	8654	51840
27697	3896	3996	100000
27698	3896	9182	51840
27699	3897	9026	51840
27700	3899	8637	51840
27701	3899	9059	51840
27702	3899	9062	51840
27703	3900	8894	100000
27704	3900	9055	100000
27705	3900	9150	51840
27706	3900	9154	100000
27707	3901	8651	100000
27708	3901	8838	100000
27709	3901	9059	100000
27710	3901	15368	51840
27711	3902	8652	100000
27712	3902	9028	51840
27713	3906	4095	2488320
27714	3906	8645	100000
27715	3906	8774	100000
27716	3906	8775	100000
27717	3906	8776	2488320
27718	3906	8777	100000
27719	3906	8877	2488320
27720	3906	9011	100000
27721	3906	9015	100000
27722	3907	4023	51840
27723	3907	9035	51840
27724	3907	9171	51840
27725	3907	9189	2488320
27726	3909	10615	51840
27727	3909	12080	100000
27728	3911	9193	51840
27729	3912	3939	51840
27730	3912	4008	100000
27731	3912	4092	100000
27732	3912	4135	100000
27733	3912	4289	100000
27734	3912	4720	2488320
27735	3912	4857	100000
27736	3912	5031	2488320
27737	3912	5151	100000
27738	3912	5169	100000
27739	3912	5182	51840
27740	3912	5192	100000
27741	3912	6326	100000
27742	3912	7228	100000
27743	3912	7305	100000
27744	3912	8084	2488320
27745	3912	8180	2488320
27746	3912	8233	51840
27747	3912	8679	100000
27748	3912	9024	100000
27749	3912	9026	100000
27750	3912	9100	51840
27751	3912	9104	100000
27752	3912	9184	100000
27753	3912	9277	100000
27754	3912	9738	51840
27755	3912	9991	100000
27756	3912	15355	100000
27757	3920	14665	51840
27758	3924	15581	51840
27759	3924	15582	51840
27760	3924	15583	51840
27761	3924	15584	51840
27762	3924	15585	51840
27763	3924	15586	51840
27764	3924	15587	51840
27765	3947	3963	51840
27766	3952	3963	51840
27767	3956	8810	2488320
27768	3956	8823	51840
27769	3956	9073	2488320
27770	3957	8695	100000
27771	3957	8813	51840
27772	3959	3963	100000
27773	3963	3966	51840
27774	3963	8826	51840
27775	3963	8995	51840
27776	3963	9205	1244160
27777	3963	14865	2488320
27778	3963	15289	51840
27779	3963	15291	51840
27780	3963	15292	51840
27781	3963	15331	51840
27782	3963	15386	51840
27783	3965	8834	100000
27784	3968	8823	100000
27785	3972	8653	51840
27786	3972	8681	100000
27787	3972	8795	51840
27788	3972	9187	51840
27789	3975	4080	51840
27790	3975	4099	51840
27791	3997	5069	100000
27792	3998	4030	51840
27793	3998	8650	51840
27794	3999	8863	51840
27795	4002	8679	51840
27796	4002	15327	51840
27797	4002	15336	51840
27798	4003	8839	51840
27799	4003	9070	51840
27800	4003	15341	51840
27801	4003	15344	155520
27802	4003	15352	51840
27803	4012	4042	51840
27804	4012	8849	51840
27805	4012	9066	51840
27806	4025	8842	51840
27807	4027	4028	51840
27808	4028	8888	51840
27809	4030	8497	100000
27810	4030	8640	51840
27811	4030	8681	51840
27812	4030	9162	51840
27813	4030	9187	51840
27814	4030	15315	51840
27815	4030	15316	1244160
27816	4030	15317	51840
27817	4036	8630	2488320
27818	4040	8977	1244160
27819	4042	8890	51840
27820	4079	14655	51840
27821	4079	14656	51840
27822	4079	15284	1244160
27823	4079	15285	51840
27824	4079	15286	51840
27825	4079	15287	51840
27826	4081	8847	51840
27827	4081	9017	51840
27828	4081	9035	1244160
27829	4081	15374	51840
27830	4083	15375	51840
27831	4085	8683	466560
27832	4085	8775	100000
27833	4085	8776	51840
27834	4085	9011	51840
27835	4085	9041	100000
27836	4085	9109	100000
27837	4085	9279	100000
27838	4089	9157	51840
27839	4090	9020	100000
27840	4090	15298	51840
27841	4092	8722	51840
27842	4092	8863	1244160
27843	4092	8870	51840
27844	4092	8871	51840
27845	4092	8892	51840
27846	4092	8896	51840
27847	4092	9094	100000
27848	4092	9168	1244160
27849	4092	9198	51840
27850	4101	8679	51840
27851	4104	4438	51840
27852	4105	4647	51840
27853	4106	9879	100000
27854	4106	10065	51840
27855	4106	13766	51840
27856	4114	7228	51840
27857	4116	4236	466560
27858	4116	12954	100000
27859	4119	8180	51840
27860	4120	8180	100000
27861	4124	6444	100000
27862	4124	12949	51840
27863	4126	12124	51840
27864	4129	5241	100000
27865	4135	4857	1244160
27866	4135	5775	100000
27867	4135	8457	51840
27868	4135	14035	100000
27869	4135	14045	51840
27870	4135	14809	100000
27871	4135	15405	51840
27872	4135	15406	51840
27873	4135	15643	51840
27874	4135	15644	51840
27875	4135	15645	51840
27876	4135	15646	51840
27877	4135	15647	51840
27878	4137	6919	51840
27879	4137	14276	51840
27880	4140	4400	100000
27881	4140	6403	2488320
27882	4145	4812	100000
27883	4145	8074	100000
27884	4156	4812	2488320
27885	4156	14840	100000
27886	4160	12104	51840
27887	4163	6073	51840
27888	4165	4223	100000
27889	4170	15077	51840
27890	4174	6342	1244160
27891	4174	6343	51840
27892	4176	7018	51840
27893	4176	10571	51840
27894	4177	4899	51840
27895	4177	9815	100000
27896	4179	4436	100000
27897	4183	5242	1244160
27898	4185	8609	100000
27899	4186	4589	100000
27900	4187	4812	2488320
27901	4188	4737	2488320
27902	4188	5775	100000
27903	4188	8048	100000
27904	4188	9366	51840
27905	4188	9868	51840
27906	4188	11623	51840
27907	4188	12136	51840
27908	4188	12337	100000
27909	4189	12142	1244160
27910	4193	4589	100000
27911	4193	9391	100000
27912	4194	4223	100000
27913	4195	8180	100000
27914	4199	12482	51840
27915	4202	9491	51840
27916	4204	4435	2488320
27917	4204	6342	100000
27918	4205	4435	100000
27919	4208	6386	100000
27920	4209	4812	100000
27921	4209	6334	100000
27922	4209	7196	100000
27923	4209	10559	100000
27924	4211	11994	51840
27925	4212	5240	51840
27926	4215	7194	51840
27927	4215	11531	51840
27928	4215	11821	51840
27929	4215	11987	51840
27930	4216	4589	100000
27931	4217	4674	100000
27932	4217	4891	100000
27933	4217	6073	2488320
27934	4217	6808	100000
27935	4217	9669	51840
27936	4220	6856	51840
27937	4220	13902	51840
27938	4220	14127	100000
27939	4221	5112	51840
27940	4223	4292	51840
27941	4223	4812	100000
27942	4223	5125	51840
27943	4223	5220	51840
27944	4223	5236	100000
27945	4223	6117	100000
27946	4223	14502	1244160
27947	4230	6353	51840
27948	4230	6578	51840
27949	4230	14850	51840
27950	4232	14259	51840
27951	4236	5062	2488320
27952	4236	6210	100000
27953	4236	7743	100000
27954	4236	7766	51840
27955	4236	8441	100000
27956	4236	8685	100000
27957	4236	8807	51840
27958	4236	9021	51840
27959	4236	9067	100000
27960	4236	9191	51840
27961	4236	10704	51840
27962	4236	10721	100000
27963	4236	12043	51840
27964	4236	12978	51840
27965	4236	15376	51840
27966	4236	15377	51840
27967	4236	15378	51840
27968	4236	15379	51840
27969	4236	15380	51840
27970	4236	15385	51840
27971	4236	15520	51840
27972	4236	15521	51840
27973	4236	15560	51840
27974	4238	4323	51840
27975	4238	6780	51840
27976	4244	15417	51840
27977	4246	4812	100000
27978	4246	14845	100000
27979	4246	14920	2488320
27980	4250	8180	100000
27981	4251	4589	100000
27982	4252	4261	100000
27983	4255	8326	51840
27984	4256	6255	51840
27985	4256	9762	51840
27986	4257	5093	100000
27987	4259	12666	100000
27988	4259	15072	51840
27989	4261	4361	2488320
27990	4261	4786	100000
27991	4261	4812	100000
27992	4261	4949	100000
27993	4261	6056	466560
27994	4261	6664	100000
27995	4261	12367	100000
27996	4261	12439	51840
27997	4261	14432	100000
27998	4262	6326	2488320
27999	4263	4435	51840
28000	4264	8180	51840
28001	4265	6277	51840
28002	4267	4857	2488320
28003	4267	7077	51840
28004	4267	11687	51840
28005	4267	15067	51840
28006	4267	15085	1244160
28007	4267	15089	51840
28008	4268	6343	466560
28009	4271	10234	51840
28010	4272	15409	51840
28011	4272	15468	51840
28012	4272	15490	51840
28013	4272	15631	51840
28014	4272	15632	51840
28015	4279	8180	51840
28016	4280	8319	51840
28017	4281	4857	100000
28018	4281	9820	51840
28019	4281	15395	1244160
28020	4281	15471	51840
28021	4281	15519	51840
28022	4281	15559	51840
28023	4287	9445	100000
28024	4288	4435	1244160
28025	4289	4857	100000
28026	4290	4827	51840
28027	4291	7162	100000
28028	4292	14853	51840
28029	4293	9863	2488320
28030	4298	8180	100000
28031	4307	15465	51840
28032	4307	15466	51840
28033	4307	15467	51840
28034	4307	15493	51840
28035	4314	12356	51840
28036	4314	12654	51840
28037	4314	15568	51840
28038	4315	9962	100000
28039	4316	6255	100000
28040	4316	6326	466560
28041	4316	8180	100000
28042	4316	11774	100000
28043	4318	10137	100000
28044	4322	4398	51840
28045	4323	7228	100000
28046	4324	6212	2488320
28047	4327	8180	466560
28048	4328	6919	51840
28049	4331	6796	51840
28050	4331	8295	51840
28051	4332	6596	51840
28052	4333	5250	100000
28053	4333	6868	51840
28054	4333	10248	2488320
28055	4333	13915	51840
28056	4336	8609	100000
28057	4338	10540	51840
28058	4341	15442	51840
28059	4342	5050	51840
28060	4342	14909	100000
28061	4343	14579	51840
28062	4350	5031	100000
28063	4353	12310	100000
28064	4354	12233	51840
28065	4356	9665	51840
28066	4357	9665	2488320
28067	4359	15218	100000
28068	4361	6270	51840
28069	4365	4812	2488320
28070	4365	8746	51840
28071	4365	12066	100000
28072	4366	5146	51840
28073	4367	9665	1244160
28074	4368	8319	100000
28075	4369	5251	100000
28076	4369	5261	51840
28077	4369	7073	51840
28078	4369	10458	51840
28079	4369	11711	51840
28080	4369	12868	51840
28081	4370	6808	100000
28082	4370	8317	51840
28083	4370	11542	51840
28084	4374	14844	466560
28085	4374	15053	1244160
28086	4374	15101	51840
28087	4374	15477	51840
28088	4374	15478	1244160
28089	4377	14296	51840
28090	4379	8319	100000
28091	4379	10010	100000
28092	4379	14526	51840
28093	4381	9491	100000
28094	4382	12674	51840
28095	4382	14719	51840
28096	4384	6922	51840
28097	4387	14917	100000
28098	4387	15439	51840
28099	4387	15456	51840
28100	4387	15503	51840
28101	4387	15507	51840
28102	4387	15524	51840
28103	4387	15526	51840
28104	4389	5246	51840
28105	4391	4967	51840
28106	4391	10185	100000
28107	4392	4435	100000
28108	4398	8180	100000
28109	4398	14011	51840
28110	4398	14032	100000
28111	4399	4960	51840
28112	4400	4497	51840
28113	4400	4672	100000
28114	4400	5775	100000
28115	4400	10352	51840
28116	4400	12505	100000
28117	4409	9484	2488320
28118	4410	9639	100000
28119	4410	11875	1244160
28120	4410	14075	51840
28121	4415	5240	100000
28122	4421	9772	100000
28123	4425	9703	100000
28124	4426	4952	100000
28125	4427	6266	100000
28126	4428	5021	51840
28127	4429	4511	51840
28128	4429	4564	100000
28129	4429	4677	100000
28130	4429	4812	100000
28131	4429	8220	51840
28132	4429	13706	51840
28133	4429	13847	466560
28134	4429	15045	51840
28135	4432	8609	1244160
28136	4435	4576	51840
28137	4435	4632	1244160
28138	4435	4717	51840
28139	4435	4727	51840
28140	4435	4964	51840
28141	4435	5027	1244160
28142	4435	5190	51840
28143	4435	5201	100000
28144	4435	5280	1244160
28145	4435	6136	51840
28146	4435	6148	51840
28147	4435	6181	51840
28148	4435	6232	51840
28149	4435	6349	51840
28150	4435	6363	51840
28151	4435	6677	51840
28152	4435	6772	51840
28153	4435	6774	51840
28154	4435	6826	51840
28155	4435	6898	51840
28156	4435	6991	51840
28157	4435	7106	51840
28158	4435	7221	1244160
28159	4435	7265	51840
28160	4435	8128	51840
28161	4435	8308	51840
28162	4435	8372	51840
28163	4435	8415	1244160
28164	4435	8430	1244160
28165	4435	8461	51840
28166	4435	8573	51840
28167	4435	8600	51840
28168	4435	9302	51840
28169	4435	9353	51840
28170	4435	9360	51840
28171	4435	9415	51840
28172	4435	9444	51840
28173	4435	9695	51840
28174	4435	9699	51840
28175	4435	9757	51840
28176	4435	9759	51840
28177	4435	9799	51840
28178	4435	9888	51840
28179	4435	9945	1244160
28180	4435	10082	51840
28181	4435	10139	51840
28182	4435	10140	1244160
28183	4435	10152	51840
28184	4435	10492	51840
28185	4435	10527	51840
28186	4435	10566	100000
28187	4435	10604	2488320
28188	4435	11584	51840
28189	4435	11839	51840
28190	4435	12004	51840
28191	4435	12128	51840
28192	4435	12206	100000
28193	4435	12242	51840
28194	4435	12387	51840
28195	4435	12454	51840
28196	4435	12473	1244160
28197	4435	12517	51840
28198	4435	12598	100000
28199	4435	12646	51840
28200	4435	12718	51840
28201	4435	12813	51840
28202	4435	12873	51840
28203	4435	12909	51840
28204	4435	12945	51840
28205	4435	13812	51840
28206	4435	13828	51840
28207	4435	13835	51840
28208	4435	14113	51840
28209	4435	14167	51840
28210	4435	14173	51840
28211	4435	14229	51840
28212	4435	14280	51840
28213	4435	14289	51840
28214	4435	14345	51840
28215	4435	14348	51840
28216	4435	14418	51840
28217	4435	14433	51840
28218	4435	14465	51840
28219	4435	14467	51840
28220	4435	14468	51840
28221	4435	14492	51840
28222	4435	14525	51840
28223	4435	14561	51840
28224	4435	14921	100000
28225	4436	4878	51840
28226	4436	4913	51840
28227	4436	5029	51840
28228	4436	5091	51840
28229	4436	5188	51840
28230	4436	6339	51840
28231	4436	6355	1244160
28232	4436	6516	51840
28233	4436	6550	100000
28234	4436	6708	1244160
28235	4436	6735	51840
28236	4436	6764	1244160
28237	4436	6770	51840
28238	4436	6805	51840
28239	4436	6993	51840
28240	4436	7069	51840
28241	4436	7324	100000
28242	4436	8140	51840
28243	4436	8147	51840
28244	4436	8306	51840
28245	4436	8399	51840
28246	4436	8605	51840
28247	4436	8607	51840
28248	4436	8619	51840
28249	4436	8623	51840
28250	4436	9471	51840
28251	4436	9482	51840
28252	4436	9497	51840
28253	4436	9574	51840
28254	4436	9601	51840
28255	4436	9675	51840
28256	4436	9816	51840
28257	4436	10101	51840
28258	4436	10181	51840
28259	4436	10311	51840
28260	4436	10404	51840
28261	4436	11557	51840
28262	4436	11843	51840
28263	4436	11968	51840
28264	4436	11972	51840
28265	4436	12083	51840
28266	4436	12595	51840
28267	4436	12663	51840
28268	4436	13790	1244160
28269	4436	13824	51840
28270	4436	14237	51840
28271	4436	14354	100000
28272	4437	4586	51840
28273	4437	4632	51840
28274	4437	4790	100000
28275	4437	4870	51840
28276	4437	4894	51840
28277	4437	4982	51840
28278	4437	5011	100000
28279	4437	5039	1244160
28280	4437	5049	51840
28281	4437	5065	51840
28282	4437	5147	51840
28283	4437	5185	51840
28284	4437	6164	51840
28285	4437	6357	1244160
28286	4437	6455	1244160
28287	4437	6640	51840
28288	4437	6697	100000
28289	4437	6788	51840
28290	4437	6991	51840
28291	4437	7097	51840
28292	4437	7121	51840
28293	4437	7133	51840
28294	4437	8202	51840
28295	4437	8238	51840
28296	4437	8270	466560
28297	4437	9354	51840
28298	4437	9360	51840
28299	4437	9422	100000
28300	4437	9485	1244160
28301	4437	9521	51840
28302	4437	9785	51840
28303	4437	9787	100000
28304	4437	9844	51840
28305	4437	10153	51840
28306	4437	10156	100000
28307	4437	10538	51840
28308	4437	11761	2488320
28309	4437	11771	100000
28310	4437	11904	51840
28311	4437	11968	51840
28312	4437	12002	100000
28313	4437	12069	51840
28314	4437	12215	51840
28315	4437	12353	51840
28316	4437	12442	100000
28317	4437	12689	51840
28318	4437	12890	51840
28319	4437	13702	51840
28320	4437	13730	51840
28321	4437	13738	51840
28322	4437	13919	51840
28323	4437	14079	51840
28324	4437	14234	51840
28325	4437	14921	100000
28326	4438	4511	100000
28327	4438	4673	51840
28328	4438	4825	51840
28329	4438	4875	100000
28330	4438	5088	1244160
28331	4438	7324	100000
28332	4438	8133	51840
28333	4438	8235	51840
28334	4438	8353	51840
28335	4438	8472	51840
28336	4438	8590	51840
28337	4438	9360	51840
28338	4438	9797	51840
28339	4438	10168	100000
28340	4438	10462	51840
28341	4438	10487	51840
28342	4438	10607	51840
28343	4438	12694	51840
28344	4438	12880	51840
28345	4438	12950	51840
28346	4438	14068	51840
28347	4438	14489	51840
28348	4447	15567	51840
28349	4449	8149	51840
28350	4449	8614	51840
28351	4449	9966	51840
28352	4449	11798	100000
28353	4449	12509	51840
28354	4449	14052	51840
28355	4449	14081	1244160
28356	4450	5022	51840
28357	4451	9991	51840
28358	4451	11865	51840
28359	4452	5116	100000
28360	4452	12561	51840
28361	4456	9665	51840
28362	4456	15199	51840
28363	4460	14994	100000
28364	4463	9716	51840
28365	4467	15187	1244160
28366	4467	15188	51840
28367	4471	12240	51840
28368	4471	15202	51840
28369	4476	15529	51840
28370	4479	7182	51840
28371	4479	9665	51840
28372	4486	5205	51840
28373	4487	14644	51840
28374	4487	14778	1244160
28375	4490	6919	51840
28376	4495	8180	51840
28377	4497	6796	51840
28378	4497	8295	51840
28379	4499	8570	51840
28380	4500	6796	51840
28381	4500	9491	51840
28382	4505	7186	51840
28383	4508	8319	51840
28384	4511	8180	100000
28385	4512	14986	51840
28386	4517	4524	2488320
28387	4521	5037	1244160
28388	4521	8180	100000
28389	4522	14798	51840
28390	4522	15522	51840
28391	4522	15523	51840
28392	4522	15543	51840
28393	4522	15544	51840
28394	4522	15545	51840
28395	4525	6690	51840
28396	4525	8319	466560
28397	4527	14398	51840
28398	4531	8319	100000
28399	4532	9703	51840
28400	4535	6664	100000
28401	4536	5116	100000
28402	4536	12954	51840
28403	4536	14095	51840
28404	4536	14274	51840
28405	4538	6573	100000
28406	4539	4777	100000
28407	4545	9812	100000
28408	4546	4812	100000
28409	4548	10357	100000
28410	4548	13879	51840
28411	4549	8052	51840
28412	4549	11946	51840
28413	4550	4892	51840
28414	4550	5135	2488320
28415	4552	11779	100000
28416	4561	5593	100000
28417	4561	7577	100000
28418	4561	7601	100000
28419	4561	7749	100000
28420	4561	7846	51840
28421	4561	7913	51840
28422	4561	11021	100000
28423	4563	5206	51840
28424	4565	9410	100000
28425	4567	4646	51840
28426	4567	6387	51840
28427	4567	7765	51840
28428	4567	12476	51840
28429	4568	8427	100000
28430	4570	11795	2488320
28431	4570	14906	100000
28432	4571	6491	51840
28433	4571	7042	51840
28434	4571	14908	2488320
28435	4572	9333	100000
28436	4572	9812	100000
28437	4572	10274	100000
28438	4572	10275	100000
28439	4572	11951	100000
28440	4572	14970	51840
28441	4573	9812	2488320
28442	4573	11795	51840
28443	4573	14906	51840
28444	4584	7182	51840
28445	4589	4753	100000
28446	4589	4797	51840
28447	4589	4799	100000
28448	4589	4900	51840
28449	4589	5043	100000
28450	4589	6403	100000
28451	4589	7117	2488320
28452	4589	8436	51840
28453	4589	9670	100000
28454	4589	9810	51840
28455	4589	10106	51840
28456	4589	10301	51840
28457	4589	11533	100000
28458	4589	11591	51840
28459	4589	11822	51840
28460	4589	12482	51840
28461	4589	12490	2488320
28462	4589	14396	51840
28463	4589	14960	100000
28464	4589	14962	51840
28465	4592	5240	466560
28466	4592	13745	51840
28467	4592	14142	51840
28468	4593	6156	51840
28469	4593	15616	51840
28470	4593	15617	51840
28471	4593	15618	51840
28472	4593	15619	51840
28473	4593	15620	51840
28474	4593	15621	51840
28475	4593	15622	51840
28476	4593	15623	1244160
28477	4593	15624	51840
28478	4593	15625	51840
28479	4599	7174	51840
28480	4600	9665	51840
28481	4604	5008	2488320
28482	4606	6268	2488320
28483	4608	6911	2488320
28484	4614	8180	100000
28485	4616	9664	100000
28486	4617	6099	51840
28487	4628	9665	1244160
28488	4629	6707	51840
28489	4630	9744	100000
28490	4637	9703	2488320
28491	4638	8180	51840
28492	4639	7232	51840
28493	4639	9906	51840
28494	4640	8625	51840
28495	4644	8180	1244160
28496	4644	15368	51840
28497	4646	6348	51840
28498	4646	10037	51840
28499	4648	13920	51840
28500	4652	9668	51840
28501	4652	11832	51840
28502	4661	6502	100000
28503	4661	10410	51840
28504	4662	4741	2488320
28505	4663	15210	2488320
28506	4663	15211	51840
28507	4663	15483	100000
28508	4663	15628	51840
28509	4666	11261	100000
28510	4666	12717	51840
28511	4666	15520	51840
28512	4666	15521	51840
28513	4669	8427	100000
28514	4670	8180	100000
28515	4674	9905	100000
28516	4674	10421	51840
28517	4674	10495	51840
28518	4674	11690	51840
28519	4676	4812	100000
28520	4676	12003	2488320
28521	4677	8180	2488320
28522	4679	4942	51840
28523	4680	8427	51840
28524	4680	15396	51840
28525	4687	6073	51840
28526	4687	7162	51840
28527	4687	8609	2488320
28528	4689	4812	2488320
28529	4689	7243	2488320
28530	4689	12671	100000
28531	4689	14929	51840
28532	4689	14930	51840
28533	4689	14931	51840
28534	4689	14932	51840
28535	4689	14933	51840
28536	4689	14934	51840
28537	4689	14935	51840
28538	4689	14936	51840
28539	4689	14937	51840
28540	4689	14938	51840
28541	4689	14939	51840
28542	4689	14940	51840
28543	4689	14941	51840
28544	4689	14942	51840
28545	4689	14943	51840
28546	4689	14944	51840
28547	4689	14945	51840
28548	4689	14946	51840
28549	4689	14947	51840
28550	4689	14948	51840
28551	4689	14971	100000
28552	4689	15107	51840
28553	4689	15232	1244160
28554	4689	15239	51840
28555	4690	6326	100000
28556	4692	8151	100000
28557	4695	9744	100000
28558	4696	4827	51840
28559	4697	6066	1244160
28560	4706	12561	51840
28561	4706	12979	51840
28562	4706	13892	51840
28563	4706	14066	51840
28564	4708	9694	51840
28565	4713	15525	51840
28566	4716	14229	51840
28567	4716	15650	51840
28568	4720	4857	100000
28569	4725	8198	51840
28570	4726	11726	1244160
28571	4727	4857	100000
28572	4728	4857	2488320
28573	4730	6922	51840
28574	4731	8608	100000
28575	4732	4891	51840
28576	4733	9665	51840
28577	4736	6827	100000
28578	4740	4741	100000
28579	4740	4812	100000
28580	4740	9391	100000
28581	4741	4812	100000
28582	4741	4857	100000
28583	4744	14644	100000
28584	4744	14778	100000
28585	4747	11482	51840
28586	4748	7162	1244160
28587	4750	14738	51840
28588	4755	8295	51840
28589	4760	9439	51840
28590	4760	9643	51840
28591	4764	4974	100000
28592	4764	5152	51840
28593	4764	10555	51840
28594	4764	12217	51840
28595	4764	12641	51840
28596	4765	7228	51840
28597	4765	10584	51840
28598	4768	9665	51840
28599	4771	4806	100000
28600	4772	6326	51840
28601	4773	6342	51840
28602	4777	5256	51840
28603	4777	6129	51840
28604	4777	6678	51840
28605	4777	7205	51840
28606	4777	8448	155520
28607	4777	8550	100000
28608	4777	9409	51840
28609	4777	9488	51840
28610	4777	9674	51840
28611	4777	9799	51840
28612	4777	9990	51840
28613	4777	10052	51840
28614	4777	10173	51840
28615	4777	10194	51840
28616	4777	10306	100000
28617	4777	10311	51840
28618	4777	10404	51840
28619	4777	11609	51840
28620	4777	11701	51840
28621	4777	12197	51840
28622	4777	12521	51840
28623	4777	13824	51840
28624	4777	14051	51840
28625	4780	15636	51840
28626	4780	15637	51840
28627	4785	14398	51840
28628	4788	8180	51840
28629	4789	9703	51840
28630	4790	5114	100000
28631	4790	7238	51840
28632	4790	8380	51840
28633	4790	8584	1244160
28634	4790	9776	100000
28635	4790	11670	100000
28636	4790	13799	2488320
28637	4790	14084	100000
28638	4790	14402	51840
28639	4796	11685	51840
28640	4798	5240	100000
28641	4800	7228	466560
28642	4800	13710	51840
28643	4801	5022	51840
28644	4801	6453	51840
28645	4801	10087	51840
28646	4804	10207	51840
28647	4805	6266	2488320
28648	4806	10117	51840
28649	4806	11917	51840
28650	4807	5214	2488320
28651	4807	10478	100000
28652	4811	14956	100000
28653	4812	5005	100000
28654	4812	6160	100000
28655	4812	6471	100000
28656	4812	6495	466560
28657	4812	6500	100000
28658	4812	8070	100000
28659	4812	8080	100000
28660	4812	8347	100000
28661	4812	8746	100000
28662	4812	9391	100000
28663	4812	10137	2488320
28664	4812	10333	100000
28665	4812	11011	100000
28666	4812	11303	51840
28667	4812	12066	466560
28668	4812	12107	51840
28669	4812	13724	2488320
28670	4816	4923	51840
28671	4821	14917	100000
28672	4821	15439	1244160
28673	4821	15456	51840
28674	4821	15503	51840
28675	4821	15507	51840
28676	4821	15524	51840
28677	4821	15526	1244160
28678	4822	11821	51840
28679	4826	8624	51840
28680	4826	9491	2488320
28681	4827	6576	51840
28682	4827	8299	1244160
28683	4827	9602	51840
28684	4828	6341	1244160
28685	4829	7070	51840
28686	4829	13237	100000
28687	4831	4891	51840
28688	4831	14398	51840
28689	4838	9445	1244160
28690	4838	9909	51840
28691	4839	7742	2488320
28692	4840	6406	51840
28693	4843	5173	51840
28694	4844	14666	51840
28695	4845	14009	51840
28696	4849	14222	1244160
28697	4851	14968	51840
28698	4855	11589	2488320
28699	4856	14886	51840
28700	4857	5025	100000
28701	4857	5031	100000
28702	4857	5151	100000
28703	4857	5182	51840
28704	4857	5192	100000
28705	4857	5201	2488320
28706	4857	5256	51840
28707	4857	5775	100000
28708	4857	6326	100000
28709	4857	6438	51840
28710	4857	6531	51840
28711	4857	6873	51840
28712	4857	7228	2488320
28713	4857	7305	466560
28714	4857	8084	51840
28715	4857	8104	2488320
28716	4857	8180	100000
28717	4857	8233	100000
28718	4857	9357	100000
28719	4857	9703	100000
28720	4857	9738	100000
28721	4857	9991	100000
28722	4857	10368	100000
28723	4857	11517	51840
28724	4857	11888	1244160
28725	4857	12758	51840
28726	4857	12860	100000
28727	4857	13819	51840
28728	4857	14210	1244160
28729	4859	10304	2488320
28730	4861	9665	51840
28731	4865	6921	1244160
28732	4880	5135	1244160
28733	4880	6326	51840
28734	4880	7228	100000
28735	4880	9462	51840
28736	4883	15532	100000
28737	4883	15615	51840
28738	4891	6144	2488320
28739	4891	8626	51840
28740	4891	9798	2488320
28741	4891	10483	51840
28742	4891	11874	51840
28743	4891	12317	1244160
28744	4891	14383	51840
28745	4894	8270	51840
28746	4901	15065	51840
28747	4907	8319	2488320
28748	4910	10489	100000
28749	4914	6759	51840
28750	4915	9703	100000
28751	4916	14885	51840
28752	4916	15426	51840
28753	4923	14884	155520
28754	4930	6266	100000
28755	4931	12428	51840
28756	4940	15046	51840
28757	4940	15469	100000
28758	4945	9899	51840
28759	4945	15614	51840
28760	4949	6270	100000
28761	4953	6321	100000
28762	4955	8558	51840
28763	4960	12726	100000
28764	4961	6342	51840
28765	4962	8319	100000
28766	4963	5015	51840
28767	4965	6153	100000
28768	4970	9639	100000
28769	4970	12879	100000
28770	4973	12659	51840
28771	4978	15038	51840
28772	4983	10344	466560
28773	4985	7655	51840
28774	4986	6106	51840
28775	4987	5047	100000
28776	4994	6101	51840
28777	4994	12730	1244160
28778	4997	9665	51840
28779	5005	11963	2488320
28780	5007	5161	51840
28781	5008	12258	100000
28782	5010	14068	51840
28783	5015	7055	100000
28784	5018	13912	51840
28785	5021	6307	51840
28786	5021	6383	1244160
28787	5021	6519	51840
28788	5021	6654	51840
28789	5021	6903	51840
28790	5021	9311	51840
28791	5021	9461	100000
28792	5021	9933	51840
28793	5021	9988	51840
28794	5021	10130	100000
28795	5021	10271	51840
28796	5021	10566	100000
28797	5021	10594	51840
28798	5021	11991	100000
28799	5021	12625	100000
28800	5021	12855	51840
28801	5022	6551	51840
28802	5022	9778	51840
28803	5022	12457	100000
28804	5023	6922	100000
28805	5023	7104	51840
28806	5026	15185	51840
28807	5026	15656	100000
28808	5045	9585	51840
28809	5045	15629	51840
28810	5045	15651	51840
28811	5046	6058	51840
28812	5048	11685	51840
28813	5055	9610	51840
28814	5058	12147	51840
28815	5060	6263	100000
28816	5062	5410	100000
28817	5062	6215	100000
28818	5062	7075	1244160
28819	5062	9714	51840
28820	5062	10605	51840
28821	5062	11076	100000
28822	5062	12124	51840
28823	5062	12352	51840
28824	5062	15560	51840
28825	5065	6919	51840
28826	5065	6921	51840
28827	5068	6343	100000
28828	5069	5149	100000
28829	5069	7628	51840
28830	5069	7690	100000
28831	5069	8180	100000
28832	5069	8649	100000
28833	5069	8653	51840
28834	5069	8807	51840
28835	5069	9063	51840
28836	5069	9296	51840
28837	5069	9313	51840
28838	5074	8180	51840
28839	5077	15445	51840
28840	5096	6621	100000
28841	5098	13912	51840
28842	5101	10247	51840
28843	5104	8606	100000
28844	5105	9748	51840
28845	5113	14696	155520
28846	5116	7044	51840
28847	5116	8278	51840
28848	5116	10528	100000
28849	5116	11893	51840
28850	5116	13892	51840
28851	5116	15156	51840
28852	5116	15263	1244160
28853	5118	9525	51840
28854	5119	6621	100000
28855	5120	8544	1244160
28856	5120	9703	51840
28857	5123	6388	100000
28858	5123	14431	51840
28859	5124	6869	51840
28860	5129	9703	2488320
28861	5130	14502	2488320
28862	5135	6693	100000
28863	5135	7228	100000
28864	5135	9895	100000
28865	5135	10114	100000
28866	5135	12748	51840
28867	5135	12846	100000
28868	5139	5242	100000
28869	5140	15657	51840
28870	5143	8121	100000
28871	5146	8553	100000
28872	5146	11726	100000
28873	5146	11922	51840
28874	5147	5242	51840
28875	5149	7548	100000
28876	5149	11011	100000
28877	5149	15121	51840
28878	5152	9665	100000
28879	5161	5232	100000
28880	5161	10312	1244160
28881	5161	10383	51840
28882	5161	12247	51840
28883	5161	12389	100000
28884	5161	14835	100000
28885	5161	14952	2488320
28886	5161	15041	51840
28887	5161	15042	51840
28888	5161	15060	51840
28889	5165	12762	51840
28890	5170	8180	51840
28891	5170	14198	100000
28892	5174	8401	51840
28893	5174	9896	100000
28894	5175	8180	100000
28895	5181	14841	51840
28896	5182	6760	1244160
28897	5188	5240	51840
28898	5189	6921	51840
28899	5191	15472	51840
28900	5192	5203	51840
28901	5192	10131	1244160
28902	5192	12405	51840
28903	5192	12512	466560
28904	5193	14401	51840
28905	5198	14988	100000
28906	5201	6052	51840
28907	5201	12467	51840
28908	5202	6921	51840
28909	5203	9703	51840
28910	5204	5775	100000
28911	5204	6277	51840
28912	5204	6536	51840
28913	5204	8441	51840
28914	5206	10602	51840
28915	5206	11480	1244160
28916	5206	14358	1244160
28917	5207	14172	100000
28918	5211	8609	100000
28919	5213	9325	51840
28920	5214	10478	51840
28921	5215	6992	100000
28922	5218	6495	100000
28923	5219	15259	51840
28924	5220	14849	51840
28925	5222	6403	100000
28926	5232	15481	51840
28927	5233	8180	51840
28928	5239	6493	51840
28929	5239	7130	51840
28930	5239	8177	1244160
28931	5239	8461	51840
28932	5239	9757	51840
28933	5239	10406	100000
28934	5239	10456	51840
28935	5239	12293	100000
28936	5239	12850	51840
28937	5239	13812	51840
28938	5240	6193	51840
28939	5240	6406	100000
28940	5240	6764	51840
28941	5240	6842	51840
28942	5240	7227	51840
28943	5240	8260	51840
28944	5240	9548	100000
28945	5240	9555	51840
28946	5240	9559	51840
28947	5240	9578	51840
28948	5240	10182	51840
28949	5240	11816	51840
28950	5240	12285	51840
28951	5240	12637	1244160
28952	5240	13874	51840
28953	5240	14374	51840
28954	5241	6218	100000
28955	5241	6373	51840
28956	5241	6719	51840
28957	5241	7088	51840
28958	5241	8324	51840
28959	5241	8393	51840
28960	5241	9303	51840
28961	5241	9419	51840
28962	5241	9491	466560
28963	5241	11500	51840
28964	5241	11661	2488320
28965	5241	11684	51840
28966	5241	12347	51840
28967	5241	12456	2488320
28968	5241	12496	100000
28969	5241	13899	51840
28970	5241	15536	51840
28971	5242	6466	100000
28972	5242	6618	51840
28973	5242	6854	51840
28974	5242	6998	51840
28975	5242	8202	51840
28976	5242	8248	100000
28977	5242	9337	51840
28978	5242	9655	51840
28979	5242	9833	51840
28980	5242	10469	51840
28981	5242	11617	51840
28982	5242	11731	51840
28983	5242	11771	100000
28984	5242	12457	51840
28985	5242	12699	51840
28986	5242	12890	51840
28987	5242	14079	51840
28988	5242	14094	51840
28989	5242	14912	100000
28990	5243	6909	51840
28991	5243	6921	51840
28992	5244	9896	51840
28993	5246	6326	100000
28994	5246	8240	51840
28995	5246	8241	100000
28996	5246	10079	51840
28997	5246	12421	51840
28998	5246	13830	51840
28999	5246	14129	51840
29000	5253	8180	100000
29001	5256	8525	2488320
29002	5256	15116	51840
29003	5262	12547	51840
29004	5270	15616	51840
29005	5270	15619	51840
29006	5270	15620	51840
29007	5270	15624	51840
29008	5270	15625	51840
29009	5271	9771	100000
29010	5271	9798	100000
29011	5276	6948	51840
29012	5278	7228	100000
29013	5279	6403	466560
29014	5281	6444	51840
29015	5285	6830	51840
29016	5287	8180	100000
29017	5287	12729	51840
29018	5287	14877	51840
29019	5287	15530	51840
29020	5288	9665	51840
29021	5290	15556	51840
29022	5290	15557	51840
29023	5293	5306	2488320
29024	5295	5712	51840
29025	5295	5908	466560
29026	5295	7287	51840
29027	5295	7743	51840
29028	5295	11322	51840
29029	5295	13070	51840
29030	5296	11114	51840
29031	5298	7896	51840
29032	5298	11119	51840
29033	5302	5512	100000
29034	5302	5534	51840
29035	5302	7344	100000
29036	5302	10724	51840
29037	5302	10943	100000
29038	5302	11210	51840
29039	5302	13074	51840
29040	5302	13683	51840
29041	5303	5717	100000
29042	5303	5771	51840
29043	5303	7301	51840
29044	5303	7657	51840
29045	5303	13093	51840
29046	5303	13272	51840
29047	5303	13516	51840
29048	5306	5609	51840
29049	5306	5674	51840
29050	5306	5691	51840
29051	5306	5775	100000
29052	5306	5914	100000
29053	5306	5992	100000
29054	5306	7906	100000
29055	5306	10741	100000
29056	5306	13547	51840
29057	5307	11316	51840
29058	5309	5404	51840
29059	5309	7763	51840
29060	5309	10941	51840
29061	5309	10982	51840
29062	5309	11286	51840
29063	5309	11343	51840
29064	5309	13099	51840
29065	5310	5657	2488320
29066	5311	5387	51840
29067	5311	5399	51840
29068	5311	5405	2488320
29069	5311	5502	51840
29070	5311	5525	100000
29071	5311	5604	51840
29072	5311	5691	51840
29073	5311	5732	100000
29074	5311	5733	100000
29075	5311	5834	51840
29076	5311	5953	51840
29077	5311	5966	51840
29078	5311	5986	51840
29079	5311	5992	2488320
29080	5311	6010	51840
29081	5311	7335	2488320
29082	5311	7412	51840
29083	5311	7477	51840
29084	5311	10769	100000
29085	5311	11014	100000
29086	5311	11054	100000
29087	5311	11058	100000
29088	5311	11079	1244160
29089	5311	11316	51840
29090	5311	11455	100000
29091	5311	13078	51840
29092	5311	13138	51840
29093	5311	13183	51840
29094	5311	13200	51840
29095	5311	13349	100000
29096	5311	13451	51840
29097	5311	13523	51840
29098	5311	13527	51840
29099	5311	13536	1244160
29100	5312	5320	100000
29101	5312	5405	51840
29102	5312	5781	51840
29103	5312	7540	51840
29104	5312	7558	51840
29105	5312	11018	51840
29106	5313	5792	100000
29107	5318	5775	100000
29108	5318	7958	100000
29109	5318	11141	51840
29110	5320	7761	51840
29111	5320	11333	51840
29112	5323	5409	2488320
29113	5323	10615	100000
29114	5323	11118	51840
29115	5325	5992	100000
29116	5326	5792	100000
29117	5328	5992	466560
29118	5328	13269	51840
29119	5329	5992	100000
29120	5329	7360	2488320
29121	5329	7529	51840
29122	5329	11340	51840
29123	5331	7945	51840
29124	5334	7985	100000
29125	5337	8019	1244160
29126	5338	5379	51840
29127	5340	5684	51840
29128	5342	5411	100000
29129	5342	8005	100000
29130	5343	5710	100000
29131	5343	5992	2488320
29132	5344	5376	100000
29133	5345	10806	51840
29134	5345	10839	51840
29135	5345	10888	51840
29136	5345	10989	51840
29137	5346	10742	51840
29138	5347	7643	1244160
29139	5351	13584	100000
29140	5353	5447	51840
29141	5353	5577	2488320
29142	5353	5908	100000
29143	5353	7800	51840
29144	5353	7874	51840
29145	5353	11112	51840
29146	5353	11154	51840
29147	5353	11446	51840
29148	5354	10697	1244160
29149	5356	7437	100000
29150	5357	5444	51840
29151	5358	7815	100000
29152	5358	13126	51840
29153	5362	10843	51840
29154	5363	7860	51840
29155	5364	5423	100000
29156	5364	7863	100000
29157	5365	11430	51840
29158	5366	7996	1244160
29159	5367	5711	51840
29160	5367	7658	100000
29161	5367	7991	51840
29162	5368	7416	100000
29163	5369	10758	1244160
29164	5369	13101	51840
29165	5371	7533	100000
29166	5373	7522	51840
29167	5375	5394	51840
29168	5375	11307	51840
29169	5376	11070	1244160
29170	5376	11371	51840
29171	5377	5775	51840
29172	5377	12989	51840
29173	5378	7416	100000
29174	5380	11307	51840
29175	5384	10615	51840
29176	5385	5691	100000
29177	5386	10896	51840
29178	5389	5596	100000
29179	5391	5631	1244160
29180	5392	7833	51840
29181	5392	15592	51840
29182	5394	10741	51840
29183	5395	11006	100000
29184	5398	6044	51840
29185	5403	7437	51840
29186	5408	7500	100000
29187	5409	11185	100000
29188	5410	11267	51840
29189	5410	15151	100000
29190	5411	5596	51840
29191	5411	5639	100000
29192	5411	5787	51840
29193	5411	7708	51840
29194	5411	7907	100000
29195	5411	10932	2488320
29196	5411	13023	100000
29197	5411	13050	100000
29198	5411	13646	100000
29199	5413	5631	100000
29200	5417	5491	51840
29201	5417	5911	2488320
29202	5417	7679	51840
29203	5417	7732	100000
29204	5417	13035	51840
29205	5418	15593	51840
29206	5419	10741	51840
29207	5422	5725	1244160
29208	5422	5805	51840
29209	5423	5992	100000
29210	5424	5775	100000
29211	5424	5926	51840
29212	5424	7269	51840
29213	5424	7519	51840
29214	5424	13608	51840
29215	5426	5639	100000
29216	5428	5992	2488320
29217	5430	7965	100000
29218	5433	7296	100000
29219	5433	7606	51840
29220	5433	7619	51840
29221	5433	8625	51840
29222	5433	10637	51840
29223	5433	10920	1244160
29224	5433	11050	51840
29225	5433	11177	51840
29226	5433	11242	51840
29227	5433	11267	51840
29228	5433	11449	51840
29229	5433	12984	51840
29230	5433	13075	51840
29231	5433	13421	51840
29232	5433	14399	100000
29233	5435	5766	100000
29234	5436	10615	51840
29235	5438	5775	51840
29236	5439	13477	100000
29237	5442	10615	51840
29238	5444	10742	100000
29239	5445	5909	100000
29240	5446	5714	51840
29241	5448	10692	51840
29242	5448	13393	100000
29243	5452	5491	51840
29244	5452	5911	100000
29245	5452	13022	51840
29246	5455	6031	2488320
29247	5457	5911	100000
29248	5459	5628	100000
29249	5460	5472	51840
29250	5461	5959	51840
29251	5466	5648	1244160
29252	5466	5665	100000
29253	5466	7441	100000
29254	5466	11155	51840
29255	5466	13275	51840
29256	5466	13471	1244160
29257	5466	13511	51840
29258	5469	6030	100000
29259	5470	5908	100000
29260	5470	5960	1244160
29261	5470	11211	51840
29262	5471	7907	51840
29263	5472	5639	100000
29264	5472	5952	51840
29265	5472	6023	51840
29266	5472	7524	1244160
29267	5472	7545	51840
29268	5472	7814	1244160
29269	5472	7914	51840
29270	5472	7951	51840
29271	5472	8435	100000
29272	5472	10677	51840
29273	5472	10835	51840
29274	5472	10839	51840
29275	5472	10960	51840
29276	5472	10975	100000
29277	5472	10978	100000
29278	5472	10992	51840
29279	5472	11012	100000
29280	5472	13040	51840
29281	5472	13409	51840
29282	5476	11170	51840
29283	5478	13069	51840
29284	5480	10994	51840
29285	5482	13427	51840
29286	5485	10792	1244160
29287	5486	13324	51840
29288	5489	5631	51840
29289	5490	5536	100000
29290	5491	5702	51840
29291	5491	5775	100000
29292	5491	6017	2488320
29293	5491	7698	51840
29294	5491	10878	100000
29295	5491	11062	100000
29296	5491	11432	51840
29297	5492	7545	51840
29298	5493	13393	51840
29299	5496	7500	51840
29300	5499	5827	51840
29301	5499	5992	100000
29302	5500	5506	51840
29303	5500	5996	51840
29304	5500	7508	51840
29305	5500	13047	51840
29306	5500	13635	51840
29307	5505	5992	100000
29308	5509	5906	51840
29309	5511	11379	51840
29310	5511	13575	51840
29311	5515	7860	51840
29312	5515	11244	100000
29313	5515	13007	51840
29314	5520	11045	51840
29315	5521	5714	51840
29316	5522	13327	51840
29317	5522	13344	51840
29318	5524	5627	51840
29319	5524	7335	51840
29320	5526	5793	51840
29321	5526	10792	51840
29322	5526	11212	51840
29323	5531	5775	51840
29324	5531	7523	51840
29325	5531	8015	51840
29326	5531	11019	51840
29327	5532	5595	100000
29328	5532	11382	100000
29329	5532	13525	51840
29330	5534	7819	51840
29331	5534	11314	100000
29332	5536	5610	51840
29333	5536	7416	2488320
29334	5538	10807	51840
29335	5540	5775	100000
29336	5541	7414	51840
29337	5542	8005	466560
29338	5546	13633	100000
29339	5547	5563	100000
29340	5553	5657	466560
29341	5553	5775	100000
29342	5553	5911	100000
29343	5553	5992	100000
29344	5553	8826	100000
29345	5561	7965	51840
29346	5563	5605	100000
29347	5563	5729	100000
29348	5563	7298	51840
29349	5563	7314	51840
29350	5563	7620	100000
29351	5563	7748	51840
29352	5563	7778	51840
29353	5563	7790	51840
29354	5563	7803	100000
29355	5563	7824	51840
29356	5563	10979	100000
29357	5563	11139	51840
29358	5563	13147	51840
29359	5567	10946	1244160
29360	5567	13376	51840
29361	5568	13160	51840
29362	5571	7410	100000
29363	5575	10615	51840
29364	5577	10642	51840
29365	5578	7925	100000
29366	5578	10843	100000
29367	5578	11285	2488320
29368	5581	5992	100000
29369	5581	11062	51840
29370	5581	11085	51840
29371	5582	5782	51840
29372	5582	13134	51840
29373	5582	15605	51840
29374	5582	15606	51840
29375	5582	15607	51840
29376	5586	5723	51840
29377	5587	10641	51840
29378	5592	7548	100000
29379	5592	15121	51840
29380	5594	11009	2488320
29381	5594	13062	51840
29382	5594	13121	100000
29383	5596	5753	100000
29384	5596	5992	100000
29385	5596	13553	51840
29386	5600	5741	2488320
29387	5604	5664	51840
29388	5607	10615	51840
29389	5608	5775	100000
29390	5608	11457	51840
29391	5608	13038	51840
29392	5609	5911	100000
29393	5609	7272	51840
29394	5609	7376	51840
29395	5611	5659	466560
29396	5612	5713	51840
29397	5612	5919	51840
29398	5612	5956	51840
29399	5612	7688	51840
29400	5612	7799	1244160
29401	5616	5938	100000
29402	5616	7717	51840
29403	5616	7737	51840
29404	5616	7889	51840
29405	5616	10855	51840
29406	5616	13554	51840
29407	5617	5984	100000
29408	5620	5775	1244160
29409	5620	5911	51840
29410	5628	5644	51840
29411	5628	6000	51840
29412	5628	7268	100000
29413	5628	7320	466560
29414	5628	7347	51840
29415	5628	7462	466560
29416	5628	7914	51840
29417	5628	8017	100000
29418	5628	10676	1244160
29419	5628	10705	51840
29420	5628	10799	100000
29421	5628	10989	466560
29422	5628	13064	100000
29423	5628	13528	100000
29424	5630	10742	51840
29425	5631	5659	100000
29426	5631	5688	51840
29427	5631	6031	100000
29428	5631	7306	100000
29429	5631	7355	51840
29430	5631	7439	1244160
29431	5631	7534	100000
29432	5631	7854	51840
29433	5631	7975	1244160
29434	5631	10905	100000
29435	5631	10926	51840
29436	5631	10977	466560
29437	5631	11116	51840
29438	5631	11350	100000
29439	5631	11406	100000
29440	5631	13142	100000
29441	5631	13538	100000
29442	5634	7544	2488320
29443	5637	11151	100000
29444	5637	15123	1244160
29445	5639	7683	51840
29446	5639	7877	51840
29447	5639	11066	51840
29448	5645	7690	51840
29449	5646	7291	100000
29450	5646	13394	51840
29451	5647	11116	51840
29452	5647	13098	51840
29453	5648	7435	51840
29454	5648	13328	51840
29455	5652	5984	51840
29456	5655	11274	466560
29457	5656	7577	51840
29458	5656	11416	100000
29459	5657	5788	51840
29460	5657	5992	2488320
29461	5657	6013	51840
29462	5657	7522	51840
29463	5657	8004	51840
29464	5657	10632	100000
29465	5657	11131	51840
29466	5659	5775	100000
29467	5659	5950	100000
29468	5659	7659	466560
29469	5659	7664	2488320
29470	5659	7917	51840
29471	5659	10869	51840
29472	5659	11365	100000
29473	5659	13436	51840
29474	5662	7301	1244160
29475	5667	7665	100000
29476	5674	5911	2488320
29477	5677	7416	51840
29478	5681	5992	100000
29479	5682	11052	2488320
29480	5687	10810	1244160
29481	5689	7690	100000
29482	5690	5908	100000
29483	5690	7348	2488320
29484	5691	5775	100000
29485	5691	5992	100000
29486	5691	7466	51840
29487	5691	7702	100000
29488	5691	7894	2488320
29489	5691	11230	51840
29490	5692	5992	100000
29491	5694	11140	51840
29492	5697	5714	100000
29493	5704	5768	51840
29494	5704	5775	1244160
29495	5704	5992	100000
29496	5704	10679	51840
29497	5704	11095	1244160
29498	5704	13432	51840
29499	5704	13485	51840
29500	5704	13617	51840
29501	5710	5723	51840
29502	5710	5775	2488320
29503	5710	7416	100000
29504	5710	7523	51840
29505	5710	7565	51840
29506	5710	10827	51840
29507	5711	5775	100000
29508	5712	11170	51840
29509	5713	7690	51840
29510	5714	5855	51840
29511	5714	5876	51840
29512	5714	6002	51840
29513	5714	7770	100000
29514	5714	7854	2488320
29515	5714	8038	51840
29516	5714	10617	51840
29517	5714	10869	51840
29518	5714	10928	100000
29519	5714	11075	51840
29520	5714	11130	51840
29521	5714	11200	100000
29522	5714	11350	100000
29523	5714	13168	1244160
29524	5714	13226	51840
29525	5714	13465	51840
29526	5714	13529	51840
29527	5717	5817	2488320
29528	5717	5842	51840
29529	5717	5863	51840
29530	5717	7828	51840
29531	5717	7880	51840
29532	5717	11101	2488320
29533	5717	11364	100000
29534	5717	13148	51840
29535	5717	13325	51840
29536	5717	13358	51840
29537	5717	13371	51840
29538	5718	5792	100000
29539	5718	5795	51840
29540	5718	10703	51840
29541	5719	7305	100000
29542	5721	5992	100000
29543	5722	5891	51840
29544	5722	5908	2488320
29545	5723	5957	51840
29546	5723	5971	51840
29547	5723	5977	1244160
29548	5723	5992	100000
29549	5723	6022	100000
29550	5723	7282	51840
29551	5723	7425	51840
29552	5723	7473	51840
29553	5723	7631	51840
29554	5723	7691	51840
29555	5723	7733	100000
29556	5723	7931	51840
29557	5723	8184	100000
29558	5723	10629	51840
29559	5723	10841	100000
29560	5723	10862	2488320
29561	5723	10999	51840
29562	5723	11259	51840
29563	5723	12997	51840
29564	5723	13063	1244160
29565	5723	13107	100000
29566	5723	13206	51840
29567	5723	13632	51840
29568	5723	14661	2488320
29569	5723	14830	100000
29570	5723	14831	51840
29571	5723	15137	100000
29572	5723	15149	100000
29573	5723	15150	51840
29574	5723	15600	466560
29575	5723	15660	100000
29576	5724	5914	1244160
29577	5724	5992	100000
29578	5732	5775	100000
29579	5732	5939	466560
29580	5732	7412	51840
29581	5732	13178	100000
29582	5734	7419	51840
29583	5736	5775	51840
29584	5736	12993	51840
29585	5738	7696	51840
29586	5739	11357	51840
29587	5740	13437	2488320
29588	5741	10634	51840
29589	5741	11032	51840
29590	5742	8732	100000
29591	5743	10751	51840
29592	5748	7815	100000
29593	5757	10769	100000
29594	5758	10769	100000
29595	5758	11053	51840
29596	5771	7348	51840
29597	5775	5847	100000
29598	5775	5909	100000
29599	5775	5911	100000
29600	5775	5951	466560
29601	5775	5975	51840
29602	5775	6030	100000
29603	5775	7323	100000
29604	5775	7416	100000
29605	5775	7472	51840
29606	5775	7497	100000
29607	5775	7533	100000
29608	5775	7554	51840
29609	5775	7565	2488320
29610	5775	7947	51840
29611	5775	7950	51840
29612	5775	7976	51840
29613	5775	7991	466560
29614	5775	8015	51840
29615	5775	8180	100000
29616	5775	10630	51840
29617	5775	10655	51840
29618	5775	10738	51840
29619	5775	10818	100000
29620	5775	10989	100000
29621	5775	11114	51840
29622	5775	11160	51840
29623	5775	11219	51840
29624	5775	11363	51840
29625	5775	11432	100000
29626	5775	11957	100000
29627	5775	12087	100000
29628	5775	12395	100000
29629	5775	12994	100000
29630	5775	14210	2488320
29631	5775	15127	51840
29632	5775	15161	51840
29633	5777	11382	2488320
29634	5780	13056	51840
29635	5782	15605	51840
29636	5782	15606	51840
29637	5782	15607	51840
29638	5784	7181	51840
29639	5785	5947	51840
29640	5785	7285	51840
29641	5785	7953	51840
29642	5785	10620	51840
29643	5785	10881	100000
29644	5785	10898	1244160
29645	5785	10917	51840
29646	5785	10963	51840
29647	5785	10964	51840
29648	5785	11136	51840
29649	5785	11188	51840
29650	5785	11251	51840
29651	5785	11306	51840
29652	5785	13114	51840
29653	5785	13116	51840
29654	5785	13372	51840
29655	5785	13377	51840
29656	5785	13420	51840
29657	5786	13494	100000
29658	5786	13658	100000
29659	5787	5992	100000
29660	5791	7608	51840
29661	5791	7766	51840
29662	5791	10804	51840
29663	5792	5870	100000
29664	5792	5889	100000
29665	5792	5937	2488320
29666	5792	7488	2488320
29667	5792	7758	100000
29668	5792	8012	1244160
29669	5792	10613	2488320
29670	5792	10747	100000
29671	5792	10864	2488320
29672	5792	10868	100000
29673	5792	10973	2488320
29674	5792	11147	51840
29675	5792	11414	100000
29676	5794	5797	100000
29677	5794	13059	51840
29678	5795	10689	51840
29679	5795	10790	100000
29680	5795	13190	51840
29681	5796	7416	100000
29682	5799	11170	51840
29683	5801	7690	100000
29684	5803	13124	51840
29685	5806	10635	51840
29686	5806	10854	51840
29687	5814	13571	51840
29688	5815	11053	466560
29689	5820	7335	51840
29690	5826	10761	51840
29691	5833	7295	51840
29692	5835	5984	51840
29693	5838	6030	466560
29694	5838	13515	100000
29695	5840	13292	2488320
29696	5844	5992	100000
29697	5844	6017	2488320
29698	5844	7590	51840
29699	5844	10829	51840
29700	5844	13268	51840
29701	5845	11292	51840
29702	5845	11305	1244160
29703	5845	13018	51840
29704	5845	13129	51840
29705	5849	15128	51840
29706	5850	10936	1244160
29707	5850	11353	51840
29708	5851	7551	51840
29709	5852	10615	51840
29710	5854	7667	51840
29711	5854	10618	2488320
29712	5854	11023	51840
29713	5854	15115	51840
29714	5857	10615	100000
29715	5859	5992	2488320
29716	5861	7907	100000
29717	5864	11301	100000
29718	5865	8010	51840
29719	5865	11140	100000
29720	5871	11170	51840
29721	5877	7367	51840
29722	5878	7710	51840
29723	5878	7728	51840
29724	5878	13425	100000
29725	5881	10615	100000
29726	5882	11406	1244160
29727	5885	5992	100000
29728	5885	7773	466560
29729	5885	13531	51840
29730	5886	7690	51840
29731	5888	7860	51840
29732	5889	7581	51840
29733	5898	5953	51840
29734	5903	10642	100000
29735	5903	11195	51840
29736	5904	7571	51840
29737	5904	13337	1244160
29738	5905	7516	51840
29739	5908	5999	100000
29740	5908	7460	100000
29741	5908	7537	100000
29742	5908	7550	2488320
29743	5908	7611	100000
29744	5908	7633	51840
29745	5908	7653	51840
29746	5908	7656	51840
29747	5908	7794	51840
29748	5908	7797	100000
29749	5908	7800	51840
29750	5908	7829	100000
29751	5908	7846	51840
29752	5908	7864	100000
29753	5908	7866	100000
29754	5908	7896	2488320
29755	5908	7923	100000
29756	5908	8011	100000
29757	5908	10771	51840
29758	5908	10789	51840
29759	5908	10811	51840
29760	5908	10909	51840
29761	5908	11119	100000
29762	5908	11154	51840
29763	5908	11184	100000
29764	5908	11254	51840
29765	5908	13030	51840
29766	5908	13080	51840
29767	5908	13091	51840
29768	5908	13132	51840
29769	5908	13373	100000
29770	5908	13406	51840
29771	5908	13410	1244160
29772	5908	13581	1244160
29773	5909	7700	100000
29774	5909	7804	51840
29775	5909	7847	51840
29776	5909	7933	100000
29777	5909	10623	100000
29778	5909	10930	51840
29779	5909	11433	51840
29780	5910	5911	2488320
29781	5911	5916	51840
29782	5911	5992	2488320
29783	5911	7272	51840
29784	5911	7288	51840
29785	5911	7289	100000
29786	5911	7667	2488320
29787	5911	7672	51840
29788	5911	7701	100000
29789	5911	10743	51840
29790	5911	10785	1244160
29791	5911	10946	51840
29792	5911	11023	51840
29793	5911	11163	51840
29794	5911	11316	51840
29795	5911	11357	51840
29796	5911	13038	51840
29797	5911	13218	51840
29798	5911	13243	100000
29799	5911	13279	51840
29800	5911	13376	51840
29801	5911	13451	100000
29802	5913	7319	51840
29803	5917	7933	466560
29804	5920	7933	100000
29805	5921	8005	1244160
29806	5941	7815	100000
29807	5942	11264	51840
29808	5943	5977	51840
29809	5943	13350	1244160
29810	5944	10643	1244160
29811	5946	10640	51840
29812	5951	5992	100000
29813	5951	7701	2488320
29814	5951	7798	51840
29815	5951	13052	51840
29816	5952	7817	51840
29817	5954	7465	51840
29818	5955	7669	100000
29819	5955	7837	100000
29820	5955	7860	1244160
29821	5955	13347	51840
29822	5955	13637	51840
29823	5959	7809	51840
29824	5959	11167	51840
29825	5960	7312	51840
29826	5960	7678	51840
29827	5960	11153	51840
29828	5960	11380	51840
29829	5960	13300	51840
29830	5960	13597	100000
29831	5963	10679	100000
29832	5963	13155	100000
29833	5966	5992	100000
29834	5967	10791	51840
29835	5971	15600	51840
29836	5979	5992	100000
29837	5981	8497	51840
29838	5984	6036	51840
29839	5984	7797	51840
29840	5984	7888	1244160
29841	5984	10791	100000
29842	5984	10800	51840
29843	5984	10809	51840
29844	5984	10810	51840
29845	5984	10860	51840
29846	5984	11022	51840
29847	5984	11353	51840
29848	5984	13262	51840
29849	5984	13309	51840
29850	5984	13551	1244160
29851	5984	13588	51840
29852	5984	13664	51840
29853	5985	7563	466560
29854	5985	10790	51840
29855	5988	7533	2488320
29856	5992	5997	51840
29857	5992	6013	2488320
29858	5992	6034	100000
29859	5992	7324	100000
29860	5992	7385	100000
29861	5992	7440	100000
29862	5992	7443	466560
29863	5992	7500	100000
29864	5992	7520	100000
29865	5992	7523	51840
29866	5992	7524	100000
29867	5992	7683	100000
29868	5992	7822	100000
29869	5992	7839	100000
29870	5992	7955	100000
29871	5992	7989	100000
29872	5992	9568	100000
29873	5992	10746	51840
29874	5992	10769	100000
29875	5992	10792	51840
29876	5992	10831	51840
29877	5992	10853	100000
29878	5992	10895	51840
29879	5992	10918	51840
29880	5992	11053	466560
29881	5992	11114	1244160
29882	5992	11131	51840
29883	5992	11363	51840
29884	5992	11393	51840
29885	5992	11457	51840
29886	5992	11458	100000
29887	5992	12987	1244160
29888	5992	12994	51840
29889	5992	13038	51840
29890	5992	13092	51840
29891	5992	13108	51840
29892	5992	13263	51840
29893	5992	13287	1244160
29894	5992	13453	1244160
29895	5992	13510	100000
29896	5992	13557	51840
29897	5992	13589	100000
29898	5993	11382	100000
29899	5999	7746	51840
29900	5999	10755	51840
29901	5999	10846	51840
29902	5999	11250	51840
29903	5999	11311	51840
29904	6001	11381	100000
29905	6005	10772	51840
29906	6006	10783	1244160
29907	6006	13153	100000
29908	6006	13252	51840
29909	6011	11102	51840
29910	6011	13437	100000
29911	6012	9186	466560
29912	6012	11329	51840
29913	6012	13062	51840
29914	6012	14662	51840
29915	6012	14663	51840
29916	6012	15594	51840
29917	6017	7699	51840
29918	6017	11307	51840
29919	6018	7772	2488320
29920	6018	7955	100000
29921	6018	10848	466560
29922	6020	7416	2488320
29923	6022	7979	100000
29924	6022	10683	1244160
29925	6030	10903	51840
29926	6030	13137	51840
29927	6030	13452	51840
29928	6032	7907	51840
29929	6039	10731	100000
29930	6041	7965	100000
29931	6043	7860	51840
29932	6044	7348	51840
29933	6045	11127	51840
29934	6049	6403	1244160
29935	6049	6808	1244160
29936	6051	14712	51840
29937	6051	15003	51840
29938	6053	14986	51840
29939	6054	14986	100000
29940	6056	8180	100000
29941	6058	10303	51840
29942	6059	8180	51840
29943	6063	8084	51840
29944	6064	9665	51840
29945	6068	10077	51840
29946	6069	9665	51840
29947	6071	9665	51840
29948	6073	6749	51840
29949	6073	6907	51840
29950	6073	6999	2488320
29951	6073	8048	100000
29952	6073	8245	2488320
29953	6073	8337	51840
29954	6073	9321	100000
29955	6073	9798	51840
29956	6073	11623	51840
29957	6073	12102	51840
29958	6073	12222	51840
29959	6073	12644	1244160
29960	6073	14039	51840
29961	6073	14387	100000
29962	6077	10434	51840
29963	6077	11599	1244160
29964	6077	12097	100000
29965	6077	12389	100000
29966	6077	13979	51840
29967	6079	15505	51840
29968	6083	10147	51840
29969	6094	6974	51840
29970	6094	9363	51840
29971	6094	12041	51840
29972	6094	12487	1244160
29973	6094	12491	100000
29974	6094	12652	51840
29975	6094	12759	51840
29976	6094	14448	100000
29977	6094	14697	51840
29978	6094	15095	51840
29979	6096	8180	100000
29980	6103	9665	51840
29981	6106	7207	51840
29982	6106	11827	51840
29983	6106	14224	51840
29984	6107	9649	100000
29985	6110	6921	1244160
29986	6112	15556	51840
29987	6112	15557	51840
29988	6115	6808	51840
29989	6120	7219	1244160
29990	6120	12389	466560
29991	6120	14004	100000
29992	6121	12389	100000
29993	6126	7228	51840
29994	6129	6319	100000
29995	6140	6282	51840
29996	6140	15561	51840
29997	6143	9665	100000
29998	6144	14398	100000
29999	6147	6454	51840
30000	6147	14810	51840
30001	6147	15527	51840
30002	6150	6734	51840
30003	6150	7127	51840
30004	6150	9732	100000
30005	6150	12529	51840
30006	6151	9571	51840
30007	6153	6791	51840
30008	6153	7048	51840
30009	6153	8248	51840
30010	6153	10480	51840
30011	6153	10490	51840
30012	6153	10504	1244160
30013	6153	11931	100000
30014	6153	12389	100000
30015	6153	12585	51840
30016	6153	13787	51840
30017	6153	13980	51840
30018	6155	8215	2488320
30019	6158	15058	51840
30020	6160	9534	1244160
30021	6160	12550	51840
30022	6160	12719	51840
30023	6160	12782	51840
30024	6160	12839	51840
30025	6160	13948	51840
30026	6160	13975	51840
30027	6160	14184	51840
30028	6160	14201	51840
30029	6165	10278	51840
30030	6169	9665	51840
30031	6180	14153	100000
30032	6180	14584	51840
30033	6180	14799	1244160
30034	6190	8319	100000
30035	6191	15634	51840
30036	6201	6492	51840
30037	6203	10558	51840
30038	6203	14542	100000
30039	6210	8656	100000
30040	6210	8676	466560
30041	6210	9067	100000
30042	6210	9136	100000
30043	6210	9165	51840
30044	6212	6615	100000
30045	6212	8153	100000
30046	6212	8246	100000
30047	6212	8263	51840
30048	6212	8436	51840
30049	6212	11916	100000
30050	6212	11950	100000
30051	6212	12222	51840
30052	6212	12564	51840
30053	6212	14388	51840
30054	6215	8064	100000
30055	6216	13804	51840
30056	6222	12371	51840
30057	6224	9667	51840
30058	6224	10011	51840
30059	6224	12774	51840
30060	6224	13917	100000
30061	6224	14766	51840
30062	6224	15529	51840
30063	6229	11558	100000
30064	6232	15652	51840
30065	6233	8180	100000
30066	6244	11925	1244160
30067	6250	7950	1244160
30068	6250	10827	51840
30069	6251	6342	100000
30070	6251	9703	100000
30071	6251	10486	100000
30072	6251	14475	466560
30073	6251	14748	51840
30074	6251	15065	51840
30075	6251	15630	51840
30076	6252	7228	51840
30077	6253	10198	51840
30078	6254	6922	51840
30079	6255	6326	100000
30080	6255	11774	51840
30081	6256	8319	100000
30082	6259	6283	1244160
30083	6259	13997	100000
30084	6259	14910	100000
30085	6259	14970	100000
30086	6260	15005	100000
30087	6261	10120	51840
30088	6262	14969	100000
30089	6263	9812	2488320
30090	6264	9812	100000
30091	6265	9812	100000
30092	6266	6732	2488320
30093	6266	9812	100000
30094	6266	10327	100000
30095	6267	9812	100000
30096	6268	9812	100000
30097	6270	6461	2488320
30098	6270	9812	100000
30099	6271	8482	100000
30100	6271	12451	2488320
30101	6271	12536	51840
30102	6274	7214	51840
30103	6276	10248	51840
30104	6276	12223	51840
30105	6282	12081	51840
30106	6283	10339	51840
30107	6290	6908	51840
30108	6292	14307	51840
30109	6297	8529	2488320
30110	6303	11687	51840
30111	6308	15000	100000
30112	6310	8180	1244160
30113	6312	12300	466560
30114	6317	12659	51840
30115	6326	6329	51840
30116	6326	6475	51840
30117	6326	6540	51840
30118	6326	6633	51840
30119	6326	7074	100000
30120	6326	7081	100000
30121	6326	7937	100000
30122	6326	8122	100000
30123	6326	9357	100000
30124	6326	9427	51840
30125	6326	9762	100000
30126	6326	10167	51840
30127	6326	10247	2488320
30128	6326	11496	51840
30129	6326	11512	51840
30130	6326	11607	51840
30131	6326	11781	51840
30132	6326	12057	51840
30133	6326	12704	2488320
30134	6326	12802	51840
30135	6326	12826	51840
30136	6332	13956	51840
30137	6333	9665	51840
30138	6333	9845	51840
30139	6335	9896	51840
30140	6338	8606	2488320
30141	6341	6363	51840
30142	6341	6769	51840
30143	6341	6826	51840
30144	6341	6898	51840
30145	6341	7047	51840
30146	6341	7137	100000
30147	6341	7221	51840
30148	6341	8430	51840
30149	6341	9415	51840
30150	6341	9450	51840
30151	6341	9937	51840
30152	6341	10082	51840
30153	6341	10140	51840
30154	6341	10152	51840
30155	6341	11510	51840
30156	6341	11823	51840
30157	6341	12226	51840
30158	6341	12473	51840
30159	6341	13767	51840
30160	6341	13828	51840
30161	6341	14167	1244160
30162	6341	14229	51840
30163	6341	14299	51840
30164	6341	14444	51840
30165	6341	14492	51840
30166	6342	6445	100000
30167	6342	6559	51840
30168	6342	7183	2488320
30169	6342	8140	51840
30170	6342	8166	51840
30171	6342	8390	100000
30172	6342	8617	51840
30173	6342	9367	51840
30174	6342	9496	51840
30175	6342	9675	51840
30176	6342	9934	51840
30177	6342	10441	51840
30178	6342	10462	100000
30179	6342	10536	51840
30180	6342	11802	51840
30181	6342	11906	51840
30182	6342	12305	51840
30183	6343	6872	51840
30184	6343	6984	100000
30185	6343	7134	51840
30186	6343	9399	51840
30187	6343	10112	51840
30188	6343	10405	51840
30189	6343	11660	51840
30190	6343	12285	51840
30191	6343	12521	51840
30192	6343	13697	51840
30193	6344	11723	51840
30194	6346	12367	51840
30195	6346	14880	51840
30196	6346	14975	51840
30197	6353	14923	51840
30198	6353	14967	51840
30199	6353	14993	51840
30200	6362	8223	51840
30201	6370	8180	1244160
30202	6371	14699	51840
30203	6371	14700	51840
30204	6371	14701	1244160
30205	6371	14702	51840
30206	6371	14703	51840
30207	6371	15260	51840
30208	6371	15261	51840
30209	6371	15262	51840
30210	6371	15266	51840
30211	6371	15267	51840
30212	6371	15268	51840
30213	6371	15269	1244160
30214	6379	8180	51840
30215	6385	6921	51840
30216	6387	15264	51840
30217	6394	9907	51840
30218	6396	9348	1244160
30219	6403	7075	100000
30220	6403	7162	100000
30221	6403	7217	1244160
30222	6403	8626	51840
30223	6403	9445	100000
30224	6403	10099	51840
30225	6403	13971	51840
30226	6403	14054	51840
30227	6403	14392	100000
30228	6403	15235	1244160
30229	6403	15236	51840
30230	6403	15237	51840
30231	6403	15238	51840
30232	6403	15243	51840
30233	6403	15244	51840
30234	6403	15245	51840
30235	6403	15246	51840
30236	6403	15247	51840
30237	6403	15248	51840
30238	6403	15249	51840
30239	6403	15250	51840
30240	6403	15251	51840
30241	6403	15252	51840
30242	6403	15253	51840
30243	6403	15254	1244160
30244	6403	15255	51840
30245	6403	15256	51840
30246	6403	15257	51840
30247	6403	15276	51840
30248	6403	15538	51840
30249	6403	15539	51840
30250	6403	15633	51840
30251	6406	8180	100000
30252	6414	7074	51840
30253	6415	15535	51840
30254	6416	8476	51840
30255	6419	15425	51840
30256	6420	12666	100000
30257	6423	14816	1244160
30258	6424	12388	100000
30259	6427	8530	100000
30260	6429	8148	51840
30261	6429	15489	51840
30262	6429	15491	51840
30263	6431	9700	2488320
30264	6435	8173	51840
30265	6437	6958	51840
30266	6437	8546	51840
30267	6438	12325	51840
30268	6440	8233	51840
30269	6442	14023	51840
30270	6444	8180	100000
30271	6444	9966	51840
30272	6444	15617	51840
30273	6444	15618	51840
30274	6444	15621	51840
30275	6444	15622	51840
30276	6444	15623	51840
30277	6455	6920	1244160
30278	6458	9468	100000
30279	6461	15212	51840
30280	6470	8427	2488320
30281	6470	9960	100000
30282	6472	9484	466560
30283	6473	15241	51840
30284	6474	12527	51840
30285	6479	8180	51840
30286	6481	15098	1244160
30287	6492	10283	51840
30288	6492	13935	51840
30289	6493	10184	51840
30290	6495	8115	100000
30291	6499	9948	100000
30292	6500	8388	51840
30293	6500	10243	100000
30294	6500	14457	100000
30295	6502	8361	51840
30296	6502	9640	51840
30297	6503	7008	51840
30298	6518	9445	100000
30299	6518	9798	100000
30300	6524	15484	51840
30301	6532	14842	100000
30302	6538	12949	51840
30303	6540	8180	100000
30304	6541	9491	100000
30305	6545	9665	1244160
30306	6548	15470	2488320
30307	6551	10237	51840
30308	6556	12620	51840
30309	6558	9703	51840
30310	6559	14764	51840
30311	6573	7228	100000
30312	6576	11594	51840
30313	6576	12392	51840
30314	6577	8528	1244160
30315	6578	14926	51840
30316	6581	7198	51840
30317	6581	15277	51840
30318	6581	15278	51840
30319	6581	15279	51840
30320	6581	15280	1244160
30321	6581	15281	51840
30322	6581	15282	51840
30323	6590	9445	51840
30324	6590	9909	51840
30325	6592	8215	51840
30326	6592	12082	51840
30327	6609	10451	51840
30328	6611	15516	51840
30329	6612	15541	51840
30330	6614	8319	100000
30331	6619	6808	100000
30332	6619	8328	51840
30333	6619	8389	51840
30334	6619	15242	51840
30335	6622	14886	100000
30336	6622	14889	100000
30337	6622	14968	2488320
30338	6622	15046	51840
30339	6622	15469	100000
30340	6623	8180	100000
30341	6623	8407	51840
30342	6623	9849	51840
30343	6623	9999	51840
30344	6623	10159	51840
30345	6623	12143	1244160
30346	6626	8606	51840
30347	6627	12328	1244160
30348	6630	14694	51840
30349	6631	8571	51840
30350	6631	12262	1244160
30351	6644	6922	100000
30352	6664	6755	100000
30353	6664	13857	51840
30354	6664	14119	100000
30355	6664	14974	51840
30356	6664	15078	51840
30357	6671	12659	51840
30358	6678	12114	51840
30359	6678	12698	51840
30360	6679	10268	100000
30361	6687	7228	51840
30362	6688	6943	51840
30363	6688	9664	100000
30364	6688	12791	51840
30365	6688	13694	51840
30366	6688	13785	51840
30367	6693	8371	100000
30368	6694	12079	51840
30369	6695	15648	51840
30370	6695	15649	51840
30371	6697	9736	100000
30372	6698	13696	51840
30373	6707	7212	51840
30374	6707	10008	51840
30375	6707	10066	51840
30376	6707	12343	51840
30377	6707	15457	100000
30378	6713	6920	51840
30379	6720	6852	1244160
30380	6724	8180	100000
30381	6726	9771	100000
30382	6726	12726	2488320
30383	6736	7182	100000
30384	6745	8529	51840
30385	6747	11774	51840
30386	6748	10114	51840
30387	6761	9895	51840
30388	6761	10114	100000
30389	6771	12949	51840
30390	6773	6920	51840
30391	6780	14133	51840
30392	6781	9830	51840
30393	6786	11615	100000
30394	6789	6897	51840
30395	6792	7075	100000
30396	6796	6979	100000
30397	6796	8626	100000
30398	6796	10309	51840
30399	6796	11636	51840
30400	6796	11828	51840
30401	6796	12190	51840
30402	6807	14905	51840
30403	6808	8106	51840
30404	6808	8295	100000
30405	6808	9580	100000
30406	6808	9589	51840
30407	6808	10106	51840
30408	6808	10291	1244160
30409	6808	11733	1244160
30410	6808	11893	51840
30411	6808	12278	1244160
30412	6808	12472	51840
30413	6808	14049	100000
30414	6808	14395	2488320
30415	6813	8180	51840
30416	6820	10268	2488320
30417	6823	7214	51840
30418	6825	9664	51840
30419	6827	8180	51840
30420	6834	8091	51840
30421	6852	8512	51840
30422	6852	14487	51840
30423	6852	15013	51840
30424	6854	9377	51840
30425	6854	9979	51840
30426	6854	11723	2488320
30427	6854	12634	51840
30428	6864	8609	100000
30429	6865	7081	51840
30430	6868	12659	51840
30431	6869	14914	51840
30432	6874	11612	51840
30433	6878	8105	100000
30434	6878	10545	100000
30435	6879	8180	100000
30436	6882	9665	51840
30437	6899	9491	51840
30438	6900	9527	51840
30439	6900	11531	51840
30440	6900	12103	1244160
30441	6901	6957	51840
30442	6901	12389	51840
30443	6910	6919	100000
30444	6911	9628	51840
30445	6912	12572	51840
30446	6919	7004	51840
30447	6919	9778	51840
30448	6919	11370	1244160
30449	6919	11497	51840
30450	6919	13722	51840
30451	6919	13826	51840
30452	6919	14245	51840
30453	6919	14603	51840
30454	6919	15209	51840
30455	6920	6954	51840
30456	6920	8296	100000
30457	6920	8381	51840
30458	6920	8605	100000
30459	6920	9389	51840
30460	6920	9574	100000
30461	6920	12595	51840
30462	6920	13793	51840
30463	6920	13994	51840
30464	6920	14073	51840
30465	6920	14343	51840
30466	6921	11472	51840
30467	6921	11622	51840
30468	6921	12941	51840
30469	6921	13875	51840
30470	6922	7020	51840
30471	6922	8152	51840
30472	6922	8276	51840
30473	6922	9345	51840
30474	6922	9885	51840
30475	6922	9929	1244160
30476	6922	11784	51840
30477	6922	11787	51840
30478	6922	12130	1244160
30479	6922	12175	51840
30480	6922	12399	51840
30481	6922	12535	100000
30482	6922	12954	100000
30483	6922	14275	51840
30484	6922	14344	51840
30485	6922	14471	51840
30486	6924	9665	51840
30487	6927	7053	51840
30488	6927	8460	1244160
30489	6927	10235	100000
30490	6927	12508	100000
30491	6927	14974	100000
30492	6927	15078	51840
30493	6927	15220	51840
30494	6927	15221	51840
30495	6927	15531	100000
30496	6939	6941	51840
30497	6945	9703	51840
30498	6948	13783	1244160
30499	6948	14511	51840
30500	6950	14763	51840
30501	6954	8319	51840
30502	6963	14267	51840
30503	6968	12351	100000
30504	6968	14840	100000
30505	6985	15440	1244160
30506	6992	8609	100000
30507	6992	11927	51840
30508	6997	9947	51840
30509	7002	8180	100000
30510	7002	13939	1244160
30511	7006	9812	100000
30512	7006	15534	51840
30513	7008	7147	100000
30514	7008	8599	51840
30515	7008	9583	51840
30516	7008	11766	51840
30517	7008	11903	100000
30518	7008	13844	51840
30519	7008	14361	100000
30520	7008	14464	100000
30521	7008	15210	100000
30522	7008	15211	51840
30523	7008	15483	100000
30524	7008	15628	100000
30525	7029	8319	51840
30526	7033	14892	1244160
30527	7037	14698	51840
30528	7041	7243	51840
30529	7049	8180	466560
30530	7051	8442	51840
30531	7051	8514	51840
30532	7051	9971	51840
30533	7068	9665	2488320
30534	7075	9384	51840
30535	7075	11519	51840
30536	7075	12716	100000
30537	7075	13699	100000
30538	7075	14398	100000
30539	7077	8180	51840
30540	7077	14333	51840
30541	7078	10357	51840
30542	7081	8180	2488320
30543	7092	8360	51840
30544	7095	8180	100000
30545	7098	8180	100000
30546	7098	9604	51840
30547	7098	10191	51840
30548	7098	14400	51840
30549	7101	8180	100000
30550	7102	7228	100000
30551	7104	8180	100000
30552	7104	14768	51840
30553	7107	9947	51840
30554	7114	10067	51840
30555	7114	11941	51840
30556	7114	12444	1244160
30557	7114	12563	100000
30558	7114	14208	51840
30559	7116	11558	2488320
30560	7127	8463	51840
30561	7129	9754	100000
30562	7134	8319	2488320
30563	7134	13961	51840
30564	7136	8427	51840
30565	7138	8651	100000
30566	7140	9665	100000
30567	7142	10248	100000
30568	7142	14253	51840
30569	7145	9456	51840
30570	7160	9665	51840
30571	7162	8232	51840
30572	7162	8245	51840
30573	7162	11913	51840
30574	7162	12644	51840
30575	7162	13920	51840
30576	7162	14039	51840
30577	7174	9513	51840
30578	7174	15639	100000
30579	7174	15640	51840
30580	7175	8179	2488320
30581	7182	11471	51840
30582	7182	12297	1244160
30583	7182	12389	2488320
30584	7182	14186	51840
30585	7182	14352	51840
30586	7183	8180	2488320
30587	7186	10135	51840
30588	7198	9445	100000
30589	7198	9909	2488320
30590	7199	11609	51840
30591	7206	9665	51840
30592	7211	8346	51840
30593	7211	11748	51840
30594	7211	13711	51840
30595	7214	10110	51840
30596	7214	11477	51840
30597	7214	12908	51840
30598	7214	14372	51840
30599	7217	8295	51840
30600	7217	10352	51840
30601	7223	8685	100000
30602	7228	8114	100000
30603	7228	8116	51840
30604	7228	8239	1244160
30605	7228	8240	100000
30606	7228	8254	51840
30607	7228	8483	100000
30608	7228	9597	51840
30609	7228	9641	51840
30610	7228	9697	100000
30611	7228	9739	100000
30612	7228	9761	51840
30613	7228	10145	51840
30614	7228	10277	51840
30615	7228	10586	51840
30616	7228	11580	51840
30617	7228	11651	1244160
30618	7228	11762	51840
30619	7228	11824	51840
30620	7228	12162	51840
30621	7228	12275	51840
30622	7228	12437	1244160
30623	7228	12465	51840
30624	7228	12492	100000
30625	7228	13735	51840
30626	7228	13823	51840
30627	7228	13850	51840
30628	7228	14024	100000
30629	7228	14192	100000
30630	7228	14329	51840
30631	7228	14429	51840
30632	7228	14501	100000
30633	7228	15081	51840
30634	7228	15082	1244160
30635	7232	14547	51840
30636	7239	8610	100000
30637	7239	14130	100000
30638	7243	8271	2488320
30639	7243	8478	100000
30640	7243	14060	51840
30641	7252	8180	466560
30642	7272	7756	100000
30643	7284	15152	51840
30644	7286	14660	100000
30645	7286	15113	1244160
30646	7286	15590	51840
30647	7286	15603	2488320
30648	7290	13034	2488320
30649	7292	11347	51840
30650	7297	7348	2488320
30651	7302	13593	51840
30652	7303	7366	466560
30653	7303	7870	51840
30654	7303	10648	100000
30655	7303	11187	51840
30656	7305	7351	100000
30657	7305	7846	100000
30658	7305	10922	100000
30659	7305	10980	100000
30660	7305	11039	100000
30661	7305	13193	100000
30662	7305	13213	100000
30663	7310	11413	100000
30664	7324	11457	100000
30665	7327	7680	51840
30666	7327	11380	51840
30667	7327	13041	51840
30668	7337	13328	51840
30669	7338	11332	1244160
30670	7342	11156	100000
30671	7346	13267	2488320
30672	7348	7661	51840
30673	7348	7890	51840
30674	7348	10654	51840
30675	7348	13522	51840
30676	7348	13628	51840
30677	7349	7642	51840
30678	7349	11406	51840
30679	7351	7626	100000
30680	7351	10922	100000
30681	7352	7429	2488320
30682	7352	11166	51840
30683	7352	13200	51840
30684	7357	15123	51840
30685	7359	10615	100000
30686	7363	13498	51840
30687	7364	7702	51840
30688	7365	10615	51840
30689	7369	7577	100000
30690	7369	13012	51840
30691	7369	13180	51840
30692	7369	13303	51840
30693	7369	13382	51840
30694	7372	10615	100000
30695	7384	13297	51840
30696	7391	13319	51840
30697	7391	13502	51840
30698	7393	7815	100000
30699	7394	11239	51840
30700	7397	11269	100000
30701	7397	13191	100000
30702	7397	13560	51840
30703	7404	7500	51840
30704	7404	11381	2488320
30705	7416	7453	51840
30706	7416	7845	51840
30707	7416	7851	51840
30708	7416	10760	51840
30709	7416	10837	51840
30710	7416	10971	100000
30711	7416	10996	51840
30712	7416	11037	51840
30713	7416	11108	51840
30714	7416	11141	51840
30715	7416	11458	1244160
30716	7416	13049	1244160
30717	7416	13079	51840
30718	7416	13671	100000
30719	7424	8623	51840
30720	7424	10705	51840
30721	7424	10923	51840
30722	7424	11125	51840
30723	7424	13149	51840
30724	7424	13233	51840
30725	7424	13295	51840
30726	7428	13238	51840
30727	7428	13275	51840
30728	7429	10899	51840
30729	7433	10884	51840
30730	7433	11006	100000
30731	7437	7493	100000
30732	7437	11291	2488320
30733	7437	11394	51840
30734	7437	13072	100000
30735	7437	13316	51840
30736	7437	13561	51840
30737	7440	10722	51840
30738	7443	13269	100000
30739	7448	7759	51840
30740	7449	11077	100000
30741	7454	10615	100000
30742	7461	7791	51840
30743	7461	15153	51840
30744	7462	10716	51840
30745	7462	11247	51840
30746	7462	13235	2488320
30747	7463	14661	51840
30748	7465	11115	51840
30749	7465	13482	100000
30750	7471	13121	51840
30751	7483	13124	51840
30752	7487	13152	51840
30753	7488	10615	100000
30754	7499	13108	51840
30755	7500	7533	100000
30756	7500	10706	1244160
30757	7500	11056	51840
30758	7500	13328	51840
30759	7507	7860	51840
30760	7509	7696	51840
30761	7509	8028	51840
30762	7509	11206	51840
30763	7509	11395	100000
30764	7509	13386	51840
30765	7516	7889	51840
30766	7516	10855	51840
30767	7516	11173	51840
30768	7516	11252	51840
30769	7516	11323	51840
30770	7516	13020	51840
30771	7516	13103	51840
30772	7516	13104	2488320
30773	7516	13110	51840
30774	7516	13124	51840
30775	7516	13623	51840
30776	7516	13657	51840
30777	7516	13665	1244160
30778	7516	13675	1244160
30779	7517	10623	51840
30780	7517	11354	51840
30781	7518	11237	466560
30782	7522	7900	51840
30783	7523	7660	51840
30784	7523	7930	51840
30785	7523	10812	100000
30786	7523	10903	51840
30787	7523	11114	51840
30788	7523	13155	100000
30789	7523	13395	51840
30790	7523	13485	51840
30791	7523	13590	51840
30792	7533	7536	2488320
30793	7533	7670	51840
30794	7533	10871	51840
30795	7533	11255	51840
30796	7533	13230	51840
30797	7544	11382	2488320
30798	7545	13143	155520
30799	7548	7668	100000
30800	7548	7873	100000
30801	7548	10646	100000
30802	7548	11137	2488320
30803	7550	7648	51840
30804	7550	10902	51840
30805	7550	13314	51840
30806	7553	7832	100000
30807	7553	13615	1244160
30808	7554	13348	51840
30809	7563	10626	51840
30810	7563	10729	100000
30811	7563	13257	51840
30812	7564	13645	51840
30813	7565	10748	51840
30814	7565	11407	466560
30815	7567	10843	51840
30816	7570	11301	51840
30817	7577	7616	51840
30818	7577	7676	466560
30819	7577	7692	100000
30820	7577	7742	100000
30821	7577	11250	51840
30822	7577	13012	51840
30823	7577	13111	51840
30824	7577	13221	1244160
30825	7577	13262	51840
30826	7577	13382	51840
30827	7577	13449	51840
30828	7577	13456	1244160
30829	7586	10797	51840
30830	7586	13482	100000
30831	7590	7822	51840
30832	7597	11090	51840
30833	7603	10922	51840
30834	7603	13193	100000
30835	7604	13062	51840
30836	7614	7690	51840
30837	7616	10902	51840
30838	7625	10766	51840
30839	7625	10857	51840
30840	7625	10877	100000
30841	7625	11092	100000
30842	7625	13112	1244160
30843	7625	13259	51840
30844	7625	13420	51840
30845	7626	11237	100000
30846	7627	10994	1244160
30847	7627	11205	100000
30848	7627	11223	100000
30849	7627	11408	51840
30850	7631	15660	1244160
30851	7633	13369	51840
30852	7635	11163	51840
30853	7636	15124	51840
30854	7642	11006	51840
30855	7647	10898	51840
30856	7647	11042	51840
30857	7647	13301	51840
30858	7648	13339	1244160
30859	7648	13542	51840
30860	7650	11387	51840
30861	7650	13643	51840
30862	7670	10742	51840
30863	7674	10864	51840
30864	7688	7690	51840
30865	7690	7799	51840
30866	7690	7818	51840
30867	7690	10813	51840
30868	7690	10927	51840
30869	7690	11001	51840
30870	7690	13152	1244160
30871	7690	13273	1244160
30872	7690	13475	51840
30873	7692	13071	51840
30874	7692	13086	51840
30875	7692	13303	51840
30876	7694	10711	51840
30877	7694	10794	466560
30878	7695	13265	51840
30879	7696	7870	100000
30880	7696	10767	100000
30881	7696	11051	100000
30882	7696	13187	51840
30883	7719	7815	100000
30884	7720	10764	2488320
30885	7722	10615	2488320
30886	7722	13157	51840
30887	7723	10804	51840
30888	7728	11214	100000
30889	7738	7754	100000
30890	7740	7968	51840
30891	7740	10902	1244160
30892	7740	13090	100000
30893	7740	13333	51840
30894	7740	13420	51840
30895	7740	13583	51840
30896	7742	10791	51840
30897	7742	11434	51840
30898	7742	13592	51840
30899	7743	7998	51840
30900	7746	10902	100000
30901	7776	10615	100000
30902	7786	10876	100000
30903	7786	11295	51840
30904	7786	13673	51840
30905	7791	15661	51840
30906	7795	10615	51840
30907	7796	11402	100000
30908	7800	10755	51840
30909	7804	13005	1244160
30910	7805	7973	51840
30911	7805	8004	51840
30912	7812	13036	100000
30913	7815	10983	100000
30914	7815	11265	2488320
30915	7815	12983	100000
30916	7815	13125	51840
30917	7815	13126	100000
30918	7818	13681	51840
30919	7833	15592	51840
30920	7834	10657	51840
30921	7847	10623	51840
30922	7860	10639	51840
30923	7860	10836	51840
30924	7860	11203	51840
30925	7864	11003	51840
30926	7872	7980	51840
30927	7878	10712	51840
30928	7888	10816	51840
30929	7888	13460	51840
30930	7903	11006	51840
30931	7907	11111	51840
30932	7907	13167	51840
30933	7907	13509	51840
30934	7907	13533	51840
30935	7921	10791	51840
30936	7923	13134	2488320
30937	7923	13613	51840
30938	7933	8014	51840
30939	7933	10897	51840
30940	7933	11164	466560
30941	7934	15126	51840
30942	7937	11216	51840
30943	7939	7973	51840
30944	7939	8004	100000
30945	7947	13215	51840
30946	7965	10615	100000
30947	7965	11113	100000
30948	7965	12995	51840
30949	7965	13384	51840
30950	7966	7967	51840
30951	7966	15662	51840
30952	7967	11140	100000
30953	7967	15662	100000
30954	7973	8004	2488320
30955	7973	13120	100000
30956	7975	8038	51840
30957	7976	11160	51840
30958	7977	10615	100000
30959	7978	10843	51840
30960	7978	13159	100000
30961	7980	7981	51840
30962	7983	8004	51840
30963	7983	11251	51840
30964	7983	13124	51840
30965	7990	10742	51840
30966	7991	12994	51840
30967	7994	13209	51840
30968	7995	13482	51840
30969	7998	13069	51840
30970	7998	13240	51840
30971	7999	10683	1244160
30972	8001	11135	51840
30973	8001	13544	51840
30974	8002	13482	100000
30975	8009	13104	100000
30976	8009	13124	51840
30977	8010	11140	100000
30978	8027	13124	1244160
30979	8032	10713	51840
30980	8048	8609	100000
30981	8048	10379	100000
30982	8048	14390	100000
30983	8050	13991	1244160
30984	8050	14138	1244160
30985	8059	10037	51840
30986	8064	14190	51840
30987	8070	14852	100000
30988	8070	15167	51840
30989	8074	8078	51840
30990	8075	11964	51840
30991	8076	12416	51840
30992	8076	12864	51840
30993	8084	8355	51840
30994	8084	11975	51840
30995	8084	12207	51840
30996	8084	12814	51840
30997	8084	13739	51840
30998	8084	14055	51840
30999	8085	8180	100000
31000	8087	10409	100000
31001	8088	10243	100000
31002	8088	10244	100000
31003	8091	9817	100000
31004	8091	10512	51840
31005	8091	12328	51840
31006	8092	12601	51840
31007	8094	14683	51840
31008	8096	8319	51840
31009	8104	12074	51840
31010	8104	12758	51840
31011	8104	14171	51840
31012	8118	14352	51840
31013	8121	12237	51840
31014	8121	12480	51840
31015	8137	8180	466560
31016	8137	10248	51840
31017	8137	13715	51840
31018	8137	14726	51840
31019	8142	9716	51840
31020	8148	15489	51840
31021	8151	13689	51840
31022	8151	14327	51840
31023	8155	10434	2488320
31024	8159	9711	51840
31025	8162	15096	51840
31026	8162	15201	51840
31027	8164	8609	100000
31028	8165	10489	51840
31029	8166	9725	51840
31030	8176	12510	100000
31031	8179	11759	51840
31032	8179	12541	51840
31033	8179	12877	51840
31034	8180	8261	51840
31035	8180	8306	51840
31036	8180	8540	100000
31037	8180	8592	100000
31038	8180	9430	51840
31039	8180	9614	100000
31040	8180	9638	1244160
31041	8180	9717	51840
31042	8180	9744	100000
31043	8180	9747	51840
31044	8180	9839	100000
31045	8180	9864	466560
31046	8180	9896	100000
31047	8180	9928	51840
31048	8180	9989	51840
31049	8180	10156	2488320
31050	8180	10161	51840
31051	8180	10188	100000
31052	8180	10368	100000
31053	8180	10403	51840
31054	8180	10448	51840
31055	8180	10499	100000
31056	8180	10553	51840
31057	8180	11463	100000
31058	8180	11476	100000
31059	8180	11488	51840
31060	8180	11638	51840
31061	8180	11662	100000
31062	8180	11702	100000
31063	8180	11728	51840
31064	8180	11743	100000
31065	8180	11789	51840
31066	8180	11793	51840
31067	8180	11890	100000
31068	8180	11908	51840
31069	8180	11911	51840
31070	8180	11944	51840
31071	8180	11999	51840
31072	8180	12038	2488320
31073	8180	12171	51840
31074	8180	12177	51840
31075	8180	12224	51840
31076	8180	12271	100000
31077	8180	12300	100000
31078	8180	12301	51840
31079	8180	12319	51840
31080	8180	12340	51840
31081	8180	12395	51840
31082	8180	12414	51840
31083	8180	12467	51840
31084	8180	12503	100000
31085	8180	12566	51840
31086	8180	12567	51840
31087	8180	12569	51840
31088	8180	12571	51840
31089	8180	12628	51840
31090	8180	12648	51840
31091	8180	12688	51840
31092	8180	12702	51840
31093	8180	12752	100000
31094	8180	12758	51840
31095	8180	12777	1244160
31096	8180	12792	51840
31097	8180	12820	51840
31098	8180	13803	100000
31099	8180	13811	100000
31100	8180	13833	1244160
31101	8180	13889	51840
31102	8180	13907	51840
31103	8180	13930	51840
31104	8180	13984	51840
31105	8180	14008	1244160
31106	8180	14140	51840
31107	8180	14189	51840
31108	8180	14211	51840
31109	8180	14255	51840
31110	8180	14283	100000
31111	8180	14297	51840
31112	8180	14309	51840
31113	8180	14348	51840
31114	8180	14358	100000
31115	8180	14441	51840
31116	8180	14474	51840
31117	8180	14496	51840
31118	8180	14516	51840
31119	8180	14538	100000
31120	8180	14541	51840
31121	8180	14582	51840
31122	8180	14589	100000
31123	8180	14768	51840
31124	8186	15203	51840
31125	8187	13217	51840
31126	8188	8606	100000
31127	8201	12900	1244160
31128	8215	8609	100000
31129	8215	12082	51840
31130	8218	12480	51840
31131	8233	10147	100000
31132	8233	11753	51840
31133	8233	13897	51840
31134	8242	9384	51840
31135	8245	8609	100000
31136	8245	10246	51840
31137	8246	12007	51840
31138	8249	9665	51840
31139	8269	10451	100000
31140	8276	14664	51840
31141	8276	14772	51840
31142	8278	15263	51840
31143	8291	10343	2488320
31144	8292	12535	51840
31145	8295	9491	100000
31146	8295	10309	155520
31147	8295	10483	51840
31148	8298	9665	51840
31149	8302	9410	51840
31150	8310	11717	100000
31151	8313	14068	51840
31152	8319	9639	51840
31153	8319	10057	51840
31154	8319	10069	100000
31155	8319	10102	51840
31156	8319	10365	51840
31157	8319	11631	51840
31158	8319	11742	51840
31159	8319	11775	51840
31160	8319	12255	51840
31161	8319	12345	51840
31162	8319	12386	51840
31163	8319	12696	51840
31164	8319	12891	100000
31165	8319	13749	51840
31166	8319	13976	51840
31167	8319	14120	51840
31168	8319	14226	1244160
31169	8319	14318	51840
31170	8319	14559	100000
31171	8319	14578	51840
31172	8319	14776	51840
31173	8319	14800	51840
31174	8319	14801	51840
31175	8319	14804	51840
31176	8319	14805	51840
31177	8319	14806	51840
31178	8319	14812	51840
31179	8319	14813	51840
31180	8319	14814	51840
31181	8319	14881	1244160
31182	8319	15104	51840
31183	8319	15641	1244160
31184	8322	9410	51840
31185	8328	9798	100000
31186	8328	10291	1244160
31187	8347	9346	100000
31188	8347	9518	51840
31189	8347	10394	2488320
31190	8348	10248	2488320
31191	8355	10445	51840
31192	8360	14891	100000
31193	8370	10412	51840
31194	8370	11994	51840
31195	8376	9854	51840
31196	8376	13878	100000
31197	8379	12087	51840
31198	8388	15219	51840
31199	8394	14666	51840
31200	8396	15408	51840
31201	8402	9924	1244160
31202	8410	9126	51840
31203	8421	9639	51840
31204	8423	14685	51840
31205	8427	8460	51840
31206	8427	9419	51840
31207	8427	9882	51840
31208	8427	10380	1244160
31209	8427	10580	1244160
31210	8427	11728	100000
31211	8427	11852	466560
31212	8427	12021	51840
31213	8427	12377	51840
31214	8427	12648	51840
31215	8427	12709	100000
31216	8427	13898	51840
31217	8427	14351	51840
31218	8427	14589	2488320
31219	8427	15634	51840
31220	8429	8529	51840
31221	8439	11589	51840
31222	8440	15479	51840
31223	8446	10248	100000
31224	8458	14178	51840
31225	8458	14540	51840
31226	8462	14890	51840
31227	8463	12378	51840
31228	8466	9798	51840
31229	8466	15427	51840
31230	8473	12513	1244160
31231	8487	8530	51840
31232	8495	14690	51840
31233	8497	8779	100000
31234	8497	8855	100000
31235	8497	8902	51840
31236	8497	8910	51840
31237	8497	8970	100000
31238	8497	9273	51840
31239	8497	10474	51840
31240	8497	13131	51840
31241	8497	13493	100000
31242	8497	15310	100000
31243	8497	15373	51840
31244	8500	14772	51840
31245	8504	10357	51840
31246	8506	11732	51840
31247	8510	9830	51840
31248	8521	9694	51840
31249	8525	14607	51840
31250	8526	9885	100000
31251	8526	14607	51840
31252	8527	14607	51840
31253	8531	14607	51840
31254	8534	14664	51840
31255	8539	14962	51840
31256	8574	12404	51840
31257	8575	11836	51840
31258	8575	11888	51840
31259	8596	9526	51840
31260	8606	12619	51840
31261	8609	10192	51840
31262	8609	10358	100000
31263	8609	10460	100000
31264	8609	11513	100000
31265	8609	11913	51840
31266	8609	12072	51840
31267	8609	12093	51840
31268	8609	12474	51840
31269	8609	14393	1244160
31270	8624	12050	51840
31271	8630	8635	51840
31272	8631	15345	51840
31273	8631	15366	51840
31274	8637	9060	51840
31275	8639	9057	51840
31276	8640	8650	51840
31277	8640	8860	1244160
31278	8642	8774	466560
31279	8643	8776	100000
31280	8644	8880	100000
31281	8644	9013	100000
31282	8646	8961	100000
31283	8648	9162	100000
31284	8650	8673	2488320
31285	8650	8681	51840
31286	8650	8783	51840
31287	8650	8860	51840
31288	8650	8883	51840
31289	8650	10139	100000
31290	8651	9135	51840
31291	8653	15311	51840
31292	8653	15312	51840
31293	8654	8970	2488320
31294	8664	8679	51840
31295	8664	15327	51840
31296	8664	15336	51840
31297	8665	9172	51840
31298	8666	9017	51840
31299	8679	8791	1244160
31300	8679	8856	51840
31301	8679	9070	51840
31302	8679	9188	51840
31303	8683	8776	100000
31304	8687	15313	51840
31305	8688	8905	51840
31306	8691	8810	100000
31307	8694	8859	100000
31308	8703	9004	51840
31309	8705	8810	100000
31310	8708	8826	51840
31311	8712	8830	51840
31312	8718	8851	51840
31313	8718	9029	51840
31314	8718	9100	51840
31315	8718	15322	51840
31316	8718	15367	51840
31317	8718	15387	1244160
31318	8720	8731	51840
31319	8725	9185	51840
31320	8731	8885	51840
31321	8731	8969	51840
31322	8731	9146	51840
31323	8731	12080	2488320
31324	8735	15367	51840
31325	8746	14867	51840
31326	8773	8957	51840
31327	8774	8875	100000
31328	8774	8879	100000
31329	8774	15320	1244160
31330	8775	8850	2488320
31331	8775	8878	100000
31332	8775	9069	100000
31333	8782	8786	51840
31334	8783	8895	51840
31335	8789	15343	51840
31336	8794	8973	51840
31337	8797	14655	51840
31338	8797	15284	1244160
31339	8797	15285	51840
31340	8797	15287	51840
31341	8800	8957	51840
31342	8801	15299	51840
31343	8802	12080	51840
31344	8804	9017	1244160
31345	8806	9067	100000
31346	8809	9003	51840
31347	8809	9128	1244160
31348	8816	9129	100000
31349	8816	9130	100000
31350	8816	9207	100000
31351	8826	8990	51840
31352	8826	9006	51840
31353	8826	9120	51840
31354	8826	9209	1244160
31355	8835	9149	51840
31356	8835	9151	100000
31357	8837	14896	100000
31358	8838	14893	2488320
31359	8838	15008	51840
31360	8842	8977	100000
31361	8842	8981	100000
31362	8842	9098	100000
31363	8844	9190	51840
31364	8848	8957	51840
31365	8852	8866	51840
31366	8854	9174	51840
31367	8856	15353	51840
31368	8873	8955	51840
31369	8875	15580	51840
31370	8875	15665	51840
31371	8883	8902	51840
31372	8889	9067	100000
31373	8891	9096	51840
31374	8893	15314	51840
31375	8893	15345	51840
31376	8893	15366	51840
31377	8901	9032	51840
31378	8901	9328	51840
31379	8901	9668	51840
31380	8901	11588	51840
31381	8901	11832	51840
31382	8901	11932	51840
31383	8902	15389	51840
31384	8907	8977	51840
31385	8937	14998	2488320
31386	8953	10615	51840
31387	8954	8977	466560
31388	8955	9037	1244160
31389	8955	13703	51840
31390	8957	9020	51840
31391	8968	9282	51840
31392	8970	15371	51840
31393	8977	9105	100000
31394	8977	9196	51840
31395	8977	9258	2488320
31396	8977	9295	2488320
31397	8977	15318	51840
31398	8977	15323	1244160
31399	8977	15324	51840
31400	8977	15325	51840
31401	8977	15326	51840
31402	8981	9037	51840
31403	8981	15309	51840
31404	8983	9123	51840
31405	8983	9214	51840
31406	8989	9127	51840
31407	8992	9000	100000
31408	8993	14860	1244160
31409	8993	14861	51840
31410	9013	14657	100000
31411	9013	14658	100000
31412	9013	15390	100000
31413	9013	15391	100000
31414	9013	15576	100000
31415	9015	15570	51840
31416	9017	9038	51840
31417	9017	9476	100000
31418	9017	15373	51840
31419	9021	15376	1244160
31420	9021	15377	51840
31421	9021	15378	51840
31422	9021	15379	51840
31423	9021	15380	51840
31424	9022	9206	100000
31425	9031	9067	100000
31426	9038	15310	51840
31427	9061	14894	100000
31428	9067	9105	51840
31429	9067	15321	51840
31430	9071	9126	51840
31431	9093	15574	51840
31432	9099	9293	1244160
31433	9100	15322	51840
31434	9100	15387	51840
31435	9107	15383	51840
31436	9114	9115	100000
31437	9134	13703	466560
31438	9135	9293	51840
31439	9157	15369	51840
31440	9157	15370	51840
31441	9161	9521	51840
31442	9180	15371	51840
31443	9274	9282	2488320
31444	9282	13703	100000
31445	9292	15330	100000
31446	9292	15349	51840
31447	9292	15350	1244160
31448	9292	15356	51840
31449	9292	15357	51840
31450	9292	15358	51840
31451	9292	15359	1244160
31452	9292	15361	51840
31453	9292	15362	51840
31454	9292	15363	51840
31455	9292	15364	51840
31456	9292	15365	51840
31457	9311	15494	51840
31458	9325	14043	51840
31459	9344	10057	51840
31460	9355	14266	51840
31461	9362	15196	51840
31462	9384	10280	51840
31463	9391	14960	100000
31464	9394	9815	51840
31465	9405	9665	100000
31466	9408	11779	51840
31467	9410	12081	51840
31468	9410	14684	51840
31469	9419	14589	51840
31470	9424	14774	51840
31471	9430	14964	51840
31472	9445	14386	51840
31473	9445	14391	51840
31474	9450	14965	1244160
31475	9456	12059	51840
31476	9456	12133	1244160
31477	9468	13988	51840
31478	9470	10124	1244160
31479	9470	12005	51840
31480	9482	15626	51840
31481	9489	15463	51840
31482	9491	9538	100000
31483	9491	9690	51840
31484	9491	10309	51840
31485	9512	9665	2488320
31486	9513	15540	51840
31487	9513	15555	51840
31488	9525	12235	51840
31489	9526	12836	51840
31490	9526	13968	51840
31491	9527	11531	51840
31492	9527	12278	51840
31493	9527	12833	51840
31494	9534	14977	1244160
31495	9534	14978	51840
31496	9534	14979	51840
31497	9534	14980	51840
31498	9534	14981	51840
31499	9534	14982	51840
31500	9534	14983	51840
31501	9534	14984	1244160
31502	9548	11788	2488320
31503	9549	11400	51840
31504	9572	11551	1244160
31505	9585	15629	155520
31506	9585	15651	51840
31507	9589	12979	51840
31508	9589	14066	51840
31509	9594	9815	51840
31510	9601	12585	51840
31511	9616	13723	51840
31512	9629	10042	51840
31513	9629	12810	51840
31514	9629	13995	51840
31515	9629	14104	51840
31516	9633	9665	100000
31517	9639	9971	100000
31518	9639	11619	51840
31519	9639	11875	51840
31520	9639	13888	51840
31521	9639	14440	51840
31522	9643	12690	51840
31523	9643	12755	51840
31524	9643	12819	51840
31525	9644	9758	51840
31526	9644	10408	51840
31527	9644	10411	51840
31528	9644	11560	51840
31529	9644	11698	51840
31530	9644	11815	51840
31531	9644	11846	51840
31532	9644	12330	51840
31533	9644	12589	51840
31534	9644	12959	51840
31535	9644	13927	51840
31536	9644	13949	51840
31537	9644	13963	1244160
31538	9644	14147	51840
31539	9644	14426	51840
31540	9644	14592	51840
31541	9644	15648	51840
31542	9644	15649	51840
31543	9659	9665	51840
31544	9664	10130	100000
31545	9664	10594	51840
31546	9664	11968	51840
31547	9664	12826	51840
31548	9664	12843	51840
31549	9664	14030	51840
31550	9664	14139	51840
31551	9664	14463	51840
31552	9665	9678	51840
31553	9665	9777	51840
31554	9665	10038	51840
31555	9665	10101	1244160
31556	9665	10335	51840
31557	9665	10461	51840
31558	9665	10593	51840
31559	9665	11647	100000
31560	9665	11666	51840
31561	9665	11953	51840
31562	9665	12013	51840
31563	9665	12175	51840
31564	9665	12342	51840
31565	9665	12483	51840
31566	9665	12487	51840
31567	9665	13774	51840
31568	9665	13780	51840
31569	9665	13841	51840
31570	9665	14214	100000
31571	9665	14219	51840
31572	9665	14427	51840
31573	9665	14586	100000
31574	9665	14686	51840
31575	9665	15464	466560
31576	9669	14398	51840
31577	9694	10104	51840
31578	9694	13716	51840
31579	9694	14216	1244160
31580	9700	11916	51840
31581	9700	12007	51840
31582	9703	9802	51840
31583	9703	9942	51840
31584	9703	9986	51840
31585	9703	10238	51840
31586	9703	11720	100000
31587	9703	12279	51840
31588	9703	12549	51840
31589	9703	12717	100000
31590	9703	12930	51840
31591	9703	13817	51840
31592	9711	14794	100000
31593	9711	14795	100000
31594	9711	14796	2488320
31595	9711	14810	100000
31596	9711	14811	2488320
31597	9711	15527	51840
31598	9716	10078	51840
31599	9716	10326	51840
31600	9716	12397	51840
31601	9716	12836	51840
31602	9716	14545	51840
31603	9719	12405	51840
31604	9737	12066	51840
31605	9738	11974	51840
31606	9738	12300	100000
31607	9738	12826	51840
31608	9738	14139	1244160
31609	9744	10162	51840
31610	9744	10178	51840
31611	9744	10242	51840
31612	9744	10431	100000
31613	9744	11603	1244160
31614	9744	11901	51840
31615	9744	12295	100000
31616	9744	13864	51840
31617	9745	12812	51840
31618	9752	12910	1244160
31619	9754	15458	51840
31620	9764	10489	100000
31621	9771	14190	1244160
31622	9777	10558	51840
31623	9784	9948	100000
31624	9788	10333	100000
31625	9790	9896	2488320
31626	9796	9812	51840
31627	9798	10041	100000
31628	9798	12671	2488320
31629	9798	14394	1244160
31630	9812	10068	51840
31631	9812	14597	51840
31632	9812	15534	51840
31633	9815	10389	51840
31634	9822	11586	1244160
31635	9822	13908	51840
31636	9824	12212	100000
31637	9841	14398	51840
31638	9846	11881	51840
31639	9847	9991	100000
31640	9851	12852	51840
31641	9857	9991	100000
31642	9863	14425	51840
31643	9873	13939	100000
31644	9876	12484	51840
31645	9896	10043	51840
31646	9896	12187	51840
31647	9896	12818	51840
31648	9896	12908	51840
31649	9896	13826	1244160
31650	9896	13898	51840
31651	9896	13911	51840
31652	9896	14196	51840
31653	9896	14423	51840
31654	9899	15614	51840
31655	9905	10280	51840
31656	9909	11519	51840
31657	9909	12091	51840
31658	9909	14385	51840
31659	9909	14386	51840
31660	9917	14185	100000
31661	9920	12954	100000
31662	9947	12260	51840
31663	9948	14380	51840
31664	9959	11938	51840
31665	9960	12915	51840
31666	9960	14353	51840
31667	9961	13774	51840
31668	9962	14491	51840
31669	9971	10237	51840
31670	9991	12917	51840
31671	10012	13900	51840
31672	10030	10211	100000
31673	10055	12064	2488320
31674	10057	14800	51840
31675	10057	14801	51840
31676	10057	14804	51840
31677	10057	14805	51840
31678	10057	14806	51840
31679	10057	14812	1244160
31680	10057	14813	51840
31681	10057	14814	51840
31682	10057	14881	51840
31683	10057	15104	51840
31684	10057	15641	51840
31685	10074	11999	51840
31686	10074	15264	51840
31687	10095	10268	100000
31688	10100	12203	100000
31689	10112	10493	51840
31690	10114	14136	51840
31691	10114	14497	51840
31692	10114	14548	1244160
31693	10114	15413	2488320
31694	10137	13885	100000
31695	10147	14038	51840
31696	10184	11560	100000
31697	10187	12080	51840
31698	10188	13990	51840
31699	10211	12363	100000
31700	10211	13982	51840
31701	10211	14148	51840
31702	10213	10298	51840
31703	10232	15638	51840
31704	10234	14075	51840
31705	10243	14203	100000
31706	10247	14176	1244160
31707	10247	15642	51840
31708	10248	11463	100000
31709	10248	13693	51840
31710	10248	14297	51840
31711	10249	11589	100000
31712	10262	11767	51840
31713	10262	12176	51840
31714	10262	12412	51840
31715	10262	13750	51840
31716	10262	13763	51840
31717	10262	13945	51840
31718	10268	11623	51840
31719	10280	12650	51840
31720	10287	15018	100000
31721	10297	12063	51840
31722	10340	14769	51840
31723	10356	12659	1244160
31724	10357	11696	51840
31725	10368	12066	100000
31726	10393	12667	51840
31727	10393	12956	1244160
31728	10394	14842	100000
31729	10406	15652	51840
31730	10411	11698	51840
31731	10433	14025	51840
31732	10437	15184	51840
31733	10449	14919	100000
31734	10458	14794	51840
31735	10458	14795	1244160
31736	10458	14796	51840
31737	10458	14811	51840
31738	10484	15067	51840
31739	10484	15085	51840
31740	10484	15089	51840
31741	10508	12120	51840
31742	10522	15515	51840
31743	10522	15565	51840
31744	10524	15186	1244160
31745	10559	11657	51840
31746	10571	15156	51840
31747	10580	13705	51840
31748	10592	13477	51840
31749	10604	12664	51840
31750	10614	10922	100000
31751	10615	10703	100000
31752	10615	10708	51840
31753	10615	10879	51840
31754	10615	10929	466560
31755	10615	10933	1244160
31756	10615	10935	51840
31757	10615	11049	51840
31758	10615	11104	51840
31759	10615	11120	100000
31760	10615	11140	100000
31761	10615	11192	100000
31762	10615	11224	100000
31763	10615	11284	1244160
31764	10615	11313	1244160
31765	10615	11442	51840
31766	10615	11452	51840
31767	10615	13014	51840
31768	10615	13025	2488320
31769	10615	13101	51840
31770	10615	13134	51840
31771	10615	13195	100000
31772	10615	13255	2488320
31773	10615	13281	51840
31774	10615	13286	51840
31775	10615	13335	51840
31776	10622	10791	51840
31777	10632	11045	51840
31778	10632	13514	51840
31779	10641	10669	1244160
31780	10641	13482	51840
31781	10642	10755	51840
31782	10642	13482	100000
31783	10642	13653	51840
31784	10653	10940	51840
31785	10653	14825	51840
31786	10656	10721	51840
31787	10657	13102	51840
31788	10657	13373	51840
31789	10660	11170	1244160
31790	10674	13124	51840
31791	10679	13155	1244160
31792	10679	13283	51840
31793	10679	13432	51840
31794	10679	13485	1244160
31795	10679	13617	51840
31796	10679	13631	51840
31797	10679	15133	51840
31798	10683	11327	100000
31799	10703	10731	51840
31800	10703	10958	51840
31801	10703	11074	51840
31802	10703	13196	51840
31803	10709	15125	51840
31804	10728	10923	51840
31805	10728	11165	51840
31806	10728	13351	100000
31807	10731	13247	51840
31808	10731	13599	51840
31809	10738	13607	51840
31810	10740	15134	51840
31811	10742	10946	51840
31812	10742	11018	2488320
31813	10749	11432	1244160
31814	10752	13077	51840
31815	10755	11170	51840
31816	10757	13047	1244160
31817	10758	11382	100000
31818	10763	11280	51840
31819	10766	10877	51840
31820	10767	13393	100000
31821	10769	13455	2488320
31822	10771	10953	51840
31823	10774	10925	100000
31824	10774	15120	51840
31825	10785	13450	51840
31826	10789	13620	51840
31827	10791	10986	1244160
31828	10791	11043	51840
31829	10791	11249	51840
31830	10791	11294	51840
31831	10791	11296	51840
31832	10791	13654	1244160
31833	10795	15117	1244160
31834	10800	13086	51840
31835	10800	13318	1244160
31836	10808	13260	51840
31837	10816	13328	51840
31838	10834	11457	51840
31839	10838	13109	100000
31840	10849	10902	51840
31841	10857	10877	100000
31842	10861	10904	100000
31843	10877	10917	51840
31844	10878	13296	51840
31845	10902	11043	51840
31846	10902	13677	1244160
31847	10903	11019	51840
31848	10903	11081	51840
31849	10903	11233	51840
31850	10903	13284	1244160
31851	10903	13590	51840
31852	10907	13482	51840
31853	10909	10933	51840
31854	10914	11154	51840
31855	10916	11170	51840
31856	10922	11158	100000
31857	10922	13213	2488320
31858	10922	13569	51840
31859	10925	15120	51840
31860	10960	15604	51840
31861	10967	11006	100000
31862	10974	11288	51840
31863	10989	11321	51840
31864	10993	11181	51840
31865	10998	11273	51840
31866	11006	11017	51840
31867	11006	13249	100000
31868	11006	13436	51840
31869	11011	11303	100000
31870	11020	11140	100000
31871	11022	13086	51840
31872	11022	13234	1244160
31873	11023	15115	51840
31874	11033	13169	51840
31875	11043	11127	51840
31876	11043	13021	51840
31877	11049	13255	51840
31878	11070	11371	51840
31879	11076	13493	2488320
31880	11081	13326	1244160
31881	11083	13032	100000
31882	11106	13425	1244160
31883	11134	11301	51840
31884	11140	11295	100000
31885	11140	11319	51840
31886	11140	11328	51840
31887	11140	11341	51840
31888	11140	13625	100000
31889	11151	13393	2488320
31890	11152	11315	51840
31891	11154	13441	51840
31892	11154	13573	51840
31893	11155	13482	1244160
31894	11157	11170	51840
31895	11160	11369	1244160
31896	11161	13004	51840
31897	11170	11217	51840
31898	11170	11231	51840
31899	11170	13139	100000
31900	11170	13186	51840
31901	11170	13524	51840
31902	11178	11449	51840
31903	11192	13082	51840
31904	11196	13179	1244160
31905	11196	13427	1244160
31906	11217	11397	51840
31907	11217	13056	1244160
31908	11231	11290	1244160
31909	11235	11382	51840
31910	11242	12080	100000
31911	11250	13482	51840
31912	11253	11440	51840
31913	11266	11362	51840
31914	11271	14819	51840
31915	11271	14820	51840
31916	11271	14821	51840
31917	11271	14822	51840
31918	11271	14823	1244160
31919	11272	11375	1244160
31920	11276	11438	100000
31921	11293	13535	51840
31922	11296	13313	51840
31923	11296	13656	51840
31924	11320	13403	51840
31925	11321	15116	51840
31926	11336	13626	100000
31927	11343	13121	51840
31928	11356	13328	51840
31929	11362	13477	100000
31930	11367	14831	51840
31931	11382	11390	100000
31932	11382	12985	51840
31933	11382	13342	100000
31934	11382	13539	100000
31935	11382	13641	51840
31936	11385	13525	51840
31937	11401	13019	1244160
31938	11406	13316	51840
31939	11416	13415	100000
31940	11416	13431	51840
31941	11416	13464	51840
31942	11416	13620	51840
31943	11416	13659	51840
31944	11416	14827	51840
31945	11416	14828	51840
31946	11416	14829	51840
31947	11431	15117	51840
31948	11456	13019	51840
31949	11457	13476	51840
31950	11463	12510	100000
31951	11463	14416	1244160
31952	11481	13839	100000
31953	11483	14428	51840
31954	11483	15484	51840
31955	11505	12535	51840
31956	11524	14398	1244160
31957	11531	12875	51840
31958	11532	11558	51840
31959	11558	12037	100000
31960	11558	12216	100000
31961	11562	14918	51840
31962	11588	11832	100000
31963	11588	13703	51840
31964	11589	12159	51840
31965	11594	12392	51840
31966	11603	15459	51840
31967	11613	15414	51840
31968	11615	13696	51840
31969	11628	13696	100000
31970	11656	15509	51840
31971	11678	14766	51840
31972	11687	12283	51840
31973	11711	14850	100000
31974	11711	14923	100000
31975	11711	14926	100000
31976	11711	14967	51840
31977	11711	14993	100000
31978	11728	12910	51840
31979	11728	14416	51840
31980	11774	14133	51840
31981	11777	14025	51840
31982	11779	13969	51840
31983	11779	14756	51840
31984	11795	12349	100000
31985	11795	14404	100000
31986	11797	14604	51840
31987	11823	15528	51840
31988	11832	11932	51840
31989	11832	12200	51840
31990	11832	12577	51840
31991	11832	13703	100000
31992	11832	13720	1244160
31993	11836	15435	51840
31994	11836	15447	51840
31995	11849	14577	51840
31996	11856	14606	51840
31997	11865	12917	51840
31998	11872	15028	1244160
31999	11872	15407	51840
32000	11874	14398	51840
32001	11914	14767	51840
32002	11914	14770	51840
32003	11919	12657	51840
32004	11923	15174	51840
32005	11923	15175	51840
32006	11923	15176	51840
32007	11936	14759	51840
32008	11936	14808	51840
32009	11947	14346	51840
32010	11947	14873	51840
32011	11947	14874	51840
32012	11963	14922	100000
32013	11963	14990	100000
32014	11974	12795	51840
32015	12005	12659	51840
32016	12017	12036	2488320
32017	12017	15419	51840
32018	12017	15627	1244160
32019	12023	15409	51840
32020	12023	15468	51840
32021	12023	15490	51840
32022	12023	15631	51840
32023	12023	15632	51840
32024	12028	15215	100000
32025	12028	15216	51840
32026	12028	15217	51840
32027	12036	12325	100000
32028	12036	15419	51840
32029	12036	15627	51840
32030	12038	15396	51840
32031	12045	12429	51840
32032	12054	12389	51840
32033	12066	14223	51840
32034	12066	14250	51840
32035	12068	12383	51840
32036	12080	13158	1244160
32037	12080	14145	51840
32038	12132	14210	100000
32039	12142	13940	51840
32040	12195	15436	51840
32041	12203	12389	100000
32042	12211	15190	51840
32043	12218	12979	51840
32044	12243	15506	51840
32045	12282	12388	100000
32046	12287	12750	51840
32047	12296	15013	51840
32048	12300	12535	100000
32049	12301	14210	51840
32050	12321	14712	466560
32051	12325	12862	51840
32052	12326	12552	51840
32053	12332	14398	1244160
32054	12357	12385	51840
32055	12364	12580	51840
32056	12389	13900	51840
32057	12389	14014	100000
32058	12389	14119	100000
32059	12389	14315	51840
32060	12400	14808	51840
32061	12402	12659	51840
32062	12414	14682	51840
32063	12441	15554	51840
32064	12486	12527	51840
32065	12503	12785	51840
32066	12503	14598	51840
32067	12511	15542	51840
32068	12513	12615	51840
32069	12522	14509	51840
32070	12527	14773	51840
32071	12550	14846	51840
32072	12554	15020	51840
32073	12564	14388	51840
32074	12606	14154	51840
32075	12611	15109	51840
32076	12655	14889	51840
32077	12659	12895	51840
32078	12663	12666	51840
32079	12663	14210	51840
32080	12701	14606	51840
32081	12712	15185	51840
32082	12714	14777	51840
32083	12719	15071	51840
32084	12725	15072	51840
32085	12729	14877	51840
32086	12729	15530	51840
32087	12738	14848	51840
32088	12752	14888	51840
32089	12752	14950	51840
32090	12769	14774	51840
32091	12776	15515	51840
32092	12776	15565	51840
32093	12781	14686	51840
32094	12782	15075	51840
32095	12782	15198	51840
32096	12782	15204	51840
32097	12782	15424	51840
32098	12794	14478	51840
32099	12817	13834	51840
32100	12825	13815	51840
32101	12826	14557	51840
32102	12839	14976	51840
32103	12888	13696	51840
32104	12911	13696	100000
32105	12919	15192	51840
32106	12923	14684	51840
32107	12929	13803	51840
32108	12935	14192	100000
32109	12947	14602	51840
32110	12969	14767	51840
32111	12969	14770	51840
32112	12970	14095	1244160
32113	12973	15553	51840
32114	12979	14078	1244160
32115	12994	13163	2488320
32116	12994	13413	51840
32117	12994	13453	51840
32118	12994	13470	51840
32119	13025	13053	51840
32120	13031	13440	100000
32121	13032	14827	51840
32122	13032	14828	51840
32123	13037	15589	51840
32124	13039	13291	51840
32125	13062	13613	51840
32126	13080	13227	51840
32127	13086	13240	51840
32128	13086	13489	51840
32129	13107	14830	1244160
32130	13108	13310	2488320
32131	13121	13537	51840
32132	13134	13174	51840
32133	13137	13590	51840
32134	13155	13283	51840
32135	13155	13432	51840
32136	13155	15133	51840
32137	13162	13626	51840
32138	13171	13393	100000
32139	13187	13393	1244160
32140	13216	13667	51840
32141	13252	13599	51840
32142	13260	13393	51840
32143	13274	13482	100000
32144	13328	13504	51840
32145	13355	13567	51840
32146	13383	13483	51840
32147	13384	13532	51840
32148	13393	13497	51840
32149	13416	13482	51840
32150	13440	13508	51840
32151	13440	13678	51840
32152	13473	14985	100000
32153	13482	13534	100000
32154	13511	13579	51840
32155	13539	13638	100000
32156	13669	15659	51840
32157	13672	15599	51840
32158	13696	13863	2488320
32159	13699	14123	100000
32160	13706	14871	51840
32161	13706	15032	51840
32162	13715	14726	51840
32163	13724	14847	100000
32164	13727	13885	51840
32165	13752	14859	51840
32166	13760	15081	51840
32167	13760	15082	51840
32168	13900	14331	51840
32169	13905	14759	51840
32170	13948	14957	51840
32171	13975	15099	51840
32172	13975	15105	51840
32173	13975	15106	51840
32174	13975	15108	51840
32175	13975	15229	51840
32176	13975	15423	51840
32177	14014	14771	100000
32178	14019	14775	51840
32179	14035	15405	51840
32180	14035	15406	51840
32181	14035	15643	51840
32182	14035	15644	51840
32183	14035	15645	51840
32184	14035	15646	51840
32185	14035	15647	51840
32186	14045	14809	51840
32187	14082	14887	100000
32188	14123	14693	100000
32189	14136	14319	51840
32190	14171	14577	51840
32191	14176	15642	155520
32192	14182	14913	100000
32193	14201	14878	51840
32194	14206	14358	100000
32195	14215	15639	51840
32196	14215	15640	51840
32197	14229	15650	51840
32198	14249	15482	51840
32199	14268	14994	100000
32200	14294	14318	51840
32201	14315	14531	51840
32202	14323	14771	100000
32203	14347	15001	2488320
32204	14385	15277	51840
32205	14385	15278	51840
32206	14385	15279	51840
32207	14385	15280	51840
32208	14385	15281	1244160
32209	14385	15282	51840
32210	14414	15283	1244160
32211	14445	15567	1244160
32212	14451	15517	51840
32213	14501	14989	100000
32214	14509	15080	1244160
32215	14522	14773	51840
32216	14541	14544	51840
32217	14543	15454	51840
32218	14543	15455	51840
32219	14543	15480	51840
32220	14543	15518	51840
32221	14576	14836	51840
32222	14576	14999	51840
32223	14584	14799	51840
32224	14596	15399	51840
32225	14596	15400	51840
32226	14596	15485	51840
32227	14596	15558	51840
32228	14608	15706	51840
32229	14609	15724	51840
32230	14610	15706	51840
32231	14611	15707	51840
32232	14612	15705	51840
32233	14613	15710	51840
32234	14614	15704	51840
32235	14615	15706	51840
32236	14616	15703	51840
32237	14617	15703	51840
32238	14618	15705	51840
32239	14619	15703	51840
32240	14620	15725	51840
32241	14621	15710	51840
32242	14622	15722	51840
32243	14623	15704	51840
32244	14624	15722	51840
32245	14625	15704	51840
32246	14626	15724	51840
32247	14627	15703	51840
32248	14628	15704	51840
32249	14629	15722	51840
32250	14630	15722	51840
32251	14631	15725	51840
32252	14632	15725	51840
32253	14633	15706	51840
32254	14634	15722	51840
32255	14635	15722	51840
32256	14636	15704	51840
32257	14637	15706	51840
32258	14638	15722	51840
32259	14639	15704	51840
32260	14640	15703	51840
32261	14641	15725	155520
32262	14642	15710	51840
32263	14643	15724	155520
32264	14645	15706	51840
32265	14646	15707	51840
32266	14647	15724	51840
32267	14648	15703	51840
32268	14649	15703	51840
32269	14650	15722	51840
32270	14651	15725	51840
32271	14652	15704	51840
32272	14653	15704	51840
32273	14654	15704	51840
32274	14667	15680	51840
32275	14668	15710	51840
32276	14669	15681	51840
32277	14670	15714	51840
32278	14671	15714	51840
32279	14672	15670	51840
32280	14673	15676	51840
32281	14674	15720	51840
32282	14675	15682	51840
32283	14676	15682	51840
32284	14677	15714	51840
32285	14678	15683	51840
32286	14679	15684	51840
32287	14680	15680	51840
32288	14681	15682	51840
32289	14687	15721	51840
32290	14688	15671	51840
32291	14689	15710	1244160
32292	14691	15680	51840
32293	14692	15688	51840
32294	14705	15688	51840
32295	14706	15688	51840
32296	14707	15701	51840
32297	14708	15701	51840
32298	14709	15740	51840
32299	14710	15729	51840
32300	14711	15731	51840
32301	14713	15722	51840
32302	14714	15710	1244160
32303	14715	15710	51840
32304	14716	15704	51840
32305	14717	15722	155520
32306	14718	15704	51840
32307	14719	15725	51840
32308	14720	15710	51840
32309	14721	15710	51840
32310	14730	15682	51840
32311	14731	15708	51840
32312	14732	15708	51840
32313	14733	15708	51840
32314	14734	15708	51840
32315	14735	15708	51840
32316	14736	15708	51840
32317	14737	15682	51840
32318	14739	15680	51840
32319	14740	15723	51840
32320	14741	15711	51840
32321	14742	15672	51840
32322	14743	15672	51840
32323	14744	15683	51840
32324	14745	15713	51840
32325	14746	15684	51840
32326	14747	15674	51840
32327	14749	15715	51840
32328	14750	15686	51840
32329	14751	15717	51840
32330	14752	15717	51840
32331	14753	15682	51840
32332	14754	15709	51840
32333	14755	15719	51840
32334	14757	15687	51840
32335	14758	15718	51840
32336	14760	15712	51840
32337	14761	15714	51840
32338	14762	15716	51840
32339	14765	15718	51840
32340	14779	15705	51840
32341	14780	15703	51840
32342	14781	15705	51840
32343	14782	15707	51840
32344	14783	15706	51840
32345	14784	15706	51840
32346	14785	15707	51840
32347	14786	15705	51840
32348	14787	15703	51840
32349	14788	15724	51840
32350	14789	15706	51840
32351	14790	15724	51840
32352	14791	15706	51840
32353	14792	15706	155520
32354	14793	15707	51840
32355	14797	15675	51840
32356	14816	15738	51840
32357	14833	15727	51840
32358	14834	15727	155520
32359	15023	15700	51840
32360	15024	15700	51840
32361	15025	15700	1244160
32362	15026	15700	51840
32363	15027	15692	51840
32364	15033	15726	51840
32365	15110	15693	51840
32366	15139	15697	51840
32367	15140	15697	51840
32368	15141	15697	51840
32369	15142	15697	51840
32370	15143	15692	51840
32371	15144	15692	51840
32372	15145	15692	51840
32373	15146	15692	51840
32374	15147	15692	51840
32375	15177	15701	51840
32376	15178	15701	51840
32377	15179	15701	155520
32378	15180	15700	51840
32379	15265	15695	51840
32380	15270	15695	51840
32381	15271	15695	100000
32382	15272	15695	51840
32383	15274	15695	1244160
32384	15275	15695	1244160
32385	15397	15702	51840
32386	15402	15730	51840
32387	15411	15728	51840
32388	15418	15690	51840
32389	15428	15691	51840
32390	15429	15691	51840
32391	15430	15689	51840
32392	15431	15689	51840
32393	15432	15689	51840
32394	15433	15691	51840
32395	15434	15691	51840
32396	15486	15733	51840
32397	15487	15736	51840
32398	15488	15732	51840
32399	15499	15734	51840
32400	15500	15733	51840
32401	15501	15733	51840
32402	15502	15733	51840
32403	15510	15682	51840
32404	15511	15685	51840
32405	15512	15714	51840
32406	15513	15677	51840
32407	15537	15673	51840
32408	15546	15733	51840
32409	15547	15735	51840
32410	15548	15733	51840
32411	15549	15737	51840
32412	15550	15679	51840
32413	15551	15737	51840
32414	15552	15673	51840
32415	15562	15741	51840
32416	15608	15736	51840
32417	15609	15733	51840
32418	15610	15733	155520
32419	15611	15728	51840
32420	15612	15739	51840
32421	15613	15678	51840
32422	15635	15671	51840
32423	15653	15671	51840
32424	15654	15671	51840
32425	15655	15714	51840
32426	15663	15698	100000
32427	15664	15698	51840
