atom	as	ip_num	range_num
0	0	16777216	1
1	0	15978752	510
2	0	2305	4
3	0	132608	8
4	0	256	1
5	1	9472	3
6	2	16842752	2
7	3	65536	1
8	3	256	1
9	4	197888	8
10	4	336384	8
11	4	512	2
12	5	66560	5
13	6	66304	4
14	7	132096	3
15	7	768	3
16	8	65536	1
17	9	107008	5
18	9	2816	3
19	9	14592	6
20	10	199680	8
21	10	48	2
22	11	273920	10
23	11	65536	1
24	12	131072	2
25	12	1024	1
26	13	266240	5
27	14	262144	4
28	15	69120	5
29	15	256	1
30	15	1024	1
31	16	65792	2
32	17	88064	41
33	17	8	1
34	17	90624	25
35	17	1536	3
36	18	256	1
37	19	256	1
38	19	12	2
39	19	65536	1
40	20	197888	7
41	20	256	1
42	21	196864	4
43	22	139264	3
44	23	131072	2
45	24	131584	4
46	24	256	1
47	25	327680	2
48	25	256	1
49	26	16842752	2
50	27	131072	2
51	28	256	1
52	29	68096	11
53	30	196608	3
54	31	199168	5
55	31	768	2
56	32	66048	3
57	33	197888	8
58	33	9728	7
59	34	132096	6
60	35	131328	3
61	35	2048	1
62	36	131840	5
63	37	65536	1
64	38	200448	18
65	38	32	2
66	38	2560	3
67	39	262144	4
68	39	65536	1
69	40	262400	5
70	41	2048	1
71	41	80	2
72	42	265472	17
73	43	68864	8
74	44	65536	1
75	45	140288	7
76	45	512	2
77	45	256	1
78	46	65536	1
79	47	16918272	22
80	47	1600000	13
81	47	25856	7
82	47	512	2
83	47	256	1
84	47	256	1
85	47	256	1
86	47	1024	4
87	48	282880	78
88	48	131328	3
89	48	70912	7
90	48	3072	12
91	49	221184	6
92	49	256	1
93	50	196608	3
94	51	1536	3
95	51	256	1
96	52	65536	1
97	53	16777216	1
98	53	512	2
99	54	4117248	33
100	54	131072	2
101	54	1024	2
102	55	66304	4
103	55	128	1
104	56	132096	6
105	57	262144	4
106	58	140544	10
107	59	133632	8
108	59	512	2
109	60	37632	21
110	61	17408	31
111	61	352	6
112	62	65536	1
113	63	512	1
114	63	256	1
115	64	256	1
116	64	256	1
117	64	8192	1
118	64	256	4
119	65	13824	7
120	66	66048	3
121	67	150272	13
122	68	73472	17
123	69	676608	13
124	69	176384	8
125	69	98304	2
126	69	16384	1
127	69	16384	1
128	69	1024	1
129	70	168704	11
130	71	256	1
131	72	98560	10
132	72	65536	9
133	73	131840	5
134	74	484608	41
135	75	262400	5
136	75	256	1
137	76	66048	3
138	76	256	1
139	77	196608	3
140	77	18432	2
141	77	196864	4
142	77	256	1
143	78	1382144	42
144	78	1258240	41
145	78	256	1
146	80	135424	4
147	81	11776	5
148	81	512	1
149	82	132864	9
150	83	2304	9
151	83	143616	7
152	83	512	2
153	83	49408	5
154	83	65536	1
155	83	40	2
156	83	256	1
157	83	512	2
158	83	256	1
159	84	256	1
160	85	5376	3
161	85	12544	3
162	85	8448	2
163	86	196864	4
164	87	65536	1
165	88	1536	6
166	89	65536	1
167	90	8704	2
168	91	18823168	51
169	91	1536	6
170	92	131328	3
171	94	136960	12
172	94	256	1
173	94	256	1
174	95	1280	5
175	95	256	1
176	96	131840	5
177	97	137984	7
178	97	1024	4
179	97	256	1
180	97	704	8
181	97	128	5
182	97	256	1
183	97	256	1
184	98	361472	12
185	98	2048	1
186	99	74752	6
187	100	8448	2
188	101	65536	1
189	101	57344	3
190	102	12288	6
191	103	8007168	368
192	103	79296	621
193	103	8960	4
194	103	32	1
195	103	256	1
196	103	256	1
197	104	1900288	30
198	104	69888	8
199	104	12	3
200	105	328192	7
201	106	256	1
202	107	1114880	14
203	108	133632	12
204	108	512	2
205	109	784896	41
206	109	1280	4
207	109	2048	2
208	109	512	1
209	109	4096	16
210	110	65792	2
211	111	14	5
212	111	1280	2
213	112	18056960	21
214	112	393984	9
215	112	117760	21
216	112	512	2
217	112	221952	23
218	112	256	1
219	112	81152	18
220	112	6656	9
221	112	6144	2
222	113	131072	2
223	113	67328	8
224	113	1024	1
225	114	285696	47
226	115	133120	10
227	116	65536	1
228	116	32	1
229	117	256	1
230	117	768	3
231	119	1024	1
232	120	66048	3
233	121	66816	6
234	122	982016	52
235	122	67584	78
236	122	2048	7
237	122	256	1
238	122	12288	2
239	123	66048	3
240	123	65536	1
241	124	268032	20
242	124	512	2
243	124	65792	2
244	124	128	2
245	124	4096	1
246	124	64	1
247	125	16384	1
248	126	256	1
249	127	135424	4
250	128	66816	6
251	128	256	1
252	129	264448	9
253	129	22784	9
254	130	461056	11
255	130	17920	69
256	131	65792	2
257	131	1536	3
258	132	196608	3
259	133	878848	37
260	133	256	1
261	134	197888	8
262	135	199680	5
263	136	206080	9
264	137	512	2
265	137	2304	5
266	138	512	2
267	140	1587456	108
268	140	1146112	132
269	140	16384	64
270	140	768	3
271	140	512	2
272	140	256	1
273	141	256	1
274	142	1094656	19
275	142	4096	1
276	143	526080	15
277	143	786688	13
278	143	131328	3
279	143	131328	3
280	143	131072	2
281	143	65536	1
282	143	131072	2
283	143	65536	1
284	143	256	1
285	144	256	1
286	145	5632	7
287	145	65536	1
288	146	273664	17
289	146	512	2
290	146	512	2
291	146	256	1
292	147	614656	40
293	148	197632	7
294	148	128	1
295	149	16384	19
296	150	6144	7
297	151	65536	1
298	152	62976	16
299	152	65536	1
300	152	218112	14
301	152	196608	3
302	152	284672	46
303	152	66048	3
304	152	88	7
305	153	2232064	35
306	154	256	1
307	154	256	1
308	155	65536	1
309	155	65536	1
310	156	181504	11
311	156	74496	4
312	156	256	1
313	157	2144512	72
314	158	65536	1
315	159	38897920	238
316	159	8388608	4
317	159	8448	2
318	159	768	3
319	159	25198592	3
320	160	1536	6
321	161	2108672	308
322	161	65792	2
323	161	1024	4
324	161	256	1
325	163	196608	3
326	164	10240	2
327	165	528384	9
328	165	256	1
329	165	256	1
330	166	265728	18
331	166	1280	5
332	167	65536	1
333	167	256	1
334	168	131328	3
335	169	7936	31
336	169	2048	4
337	170	197376	6
338	170	69120	15
339	170	11008	11
340	171	68096	11
341	172	135424	10
342	172	1024	4
343	172	512	1
344	173	6400	25
345	173	1024	4
346	173	256	1
347	174	131328	2
348	174	1024	3
349	175	214272	9
350	175	256	1
351	175	256	1
352	176	4608	3
353	176	256	1
354	177	132352	3
355	178	8448	2
356	178	8863232	238
357	179	131840	5
358	179	768	3
359	180	336384	12
360	180	256	1
361	181	41472	4
362	181	135680	13
363	181	32768	1
364	181	3072	12
365	181	67584	3
366	182	256	1
367	183	458752	8
368	184	307968	510
369	184	768	2
370	184	1536	4
371	185	81664	8
372	185	11008	9
373	186	520	4
374	187	36785920	1447
375	187	65536	1
376	187	256	1
377	187	512	1
378	187	1280	5
379	187	512	2
380	188	9561088	705
381	188	256	1
382	188	4096	9
383	188	256	1
384	188	256	1
385	189	1563136	369
386	189	65536	1
387	189	256	1
388	189	256	1
389	189	512	2
390	190	256	1
391	191	340736	65
392	191	251136	108
393	191	768	2
394	191	1024	1
395	191	256	1
396	191	512	2
397	191	1536	6
398	191	15360	55
399	191	256	1
400	191	256	1
401	191	256	1
402	192	8704	3
403	193	16843776	6
404	193	65536	1
405	193	262144	4
406	193	263424	5
407	193	65792	2
408	193	65536	1
409	194	1536	6
410	194	2560	3
411	194	512	2
412	195	226304	111
413	195	559104	12
414	195	75264	25
415	195	262400	3
416	195	2560	10
417	195	131328	2
418	196	17172992	17
419	196	66048	3
420	196	204544	19
421	196	65536	1
422	197	68864	14
423	197	83968	73
424	197	11008	40
425	197	1024	4
426	197	8192	32
427	197	143872	51
428	197	131072	2
429	197	109568	42
430	197	256	1
431	197	256	1
432	197	1024	4
433	197	256	1
434	198	134656	16
435	199	83456	48
436	199	256	1
437	200	66560	5
438	201	8192	1
439	202	10496	35
440	202	1792	5
441	203	65536	1
442	204	1906688	35
443	205	132096	6
444	206	65792	2
445	207	65536	1
446	208	332288	12
447	209	5817344	119
448	209	1855488	58
449	210	131840	5
450	210	256	1
451	211	561408	40
452	212	4096	1
453	213	8192	1
454	214	32768	1
455	214	32768	1
456	215	425984	17
457	215	66560	5
458	215	12288	2
459	216	65792	2
460	216	256	1
461	217	137472	27
462	218	200704	8
463	218	146688	56
464	218	65536	1
465	218	8192	1
466	218	512	2
467	219	65536	1
468	219	526080	15
469	219	66048	3
470	219	196864	4
471	220	897024	15
472	220	2048	1
473	220	12288	2
474	221	20736	64
475	221	4608	4
476	222	150272	14
477	223	256	1
478	223	1280	5
479	224	131584	4
480	225	1536	6
481	225	512	2
482	226	256	1
483	228	65792	3
484	229	256	1
485	230	4538368	534
486	230	174592	206
487	230	512	2
488	230	256	1
489	230	8	1
490	231	320768	113
491	231	496896	15
492	231	1536	2
493	231	65536	1
494	232	8633088	67
495	232	65536	3
496	233	1024	4
497	233	256	1
498	234	65536	1
499	235	131072	2
500	236	65536	1
501	237	65536	1
502	238	65536	1
503	239	256	1
504	240	1073664	59
505	240	196608	4
506	240	256	1
507	241	256	1
508	242	65536	1
509	243	256	1
510	243	256	1
511	244	65536	1
512	245	66560	2
513	246	65536	1
514	247	16384	1
515	247	256	1
516	248	786432	12
517	249	16384	1
518	249	256	1
519	250	344576	11
520	250	33536	130
521	251	2740480	61
522	251	177920	530
523	251	277248	36
524	251	196608	2
525	251	224	10
526	251	256	1
527	251	256	1
528	251	256	1
529	252	65536	1
530	253	705792	18
531	253	73728	2
532	254	256	1
533	254	17920	7
534	254	512	2
535	254	14592	4
536	254	256	1
537	255	2048	1
538	256	134912	17
539	256	69120	15
540	257	325888	67
541	257	256	1
542	257	512	1
543	258	12851712	799
544	258	5120	4
545	258	65536	1
546	258	256	1
547	258	256	1
548	258	256	1
549	260	274176	25
550	261	66048	2
551	261	332	10
552	262	68352	4
553	263	198400	9
554	264	618240	27
555	264	256	1
556	266	256	1
557	267	1638144	205
558	267	256	1
559	267	32	1
560	268	256	1
561	269	8448	2
562	270	5885440	43
563	271	9728	7
564	271	484352	21
565	271	293120	44
566	272	254720	9
567	273	65536	1
568	274	1486080	72
569	274	65536	1
570	275	8192	1
571	276	256	1
572	276	768	3
573	276	256	1
574	276	197376	6
575	277	768	3
576	278	18688	10
577	278	61952	7
578	279	1024	4
579	280	65792	2
580	280	16	1
581	281	131328	3
582	282	65536	1
583	283	132352	4
584	284	131840	5
585	284	512	2
586	285	131584	3
587	286	65536	1
588	287	1536	4
589	288	256	1
590	289	256	1
591	289	256	1
592	289	256	1
593	289	256	1
594	290	90112	3
595	290	256	1
596	291	1280	2
597	291	256	1
598	292	256	1
599	293	65536	1
600	294	65536	1
601	295	262400	5
602	296	132352	7
603	296	768	3
604	297	427264	10
605	297	65536	1
606	297	128	1
607	298	128	1
608	298	65536	1
609	299	65536	1
610	300	65792	2
611	300	65536	1
612	301	131072	2
613	302	131072	2
614	303	65536	1
615	304	66816	6
616	304	65536	1
617	304	65536	1
618	304	65536	1
619	304	65792	2
620	305	65536	1
621	306	65536	1
622	306	256	2
623	306	256	1
624	307	512	2
625	308	65536	1
626	309	65792	2
627	309	256	1
628	310	65536	1
629	310	256	1
630	311	65792	2
631	312	256	1
632	312	65536	1
633	313	196864	4
634	314	65792	2
635	314	65536	1
636	315	66048	3
637	316	65536	1
638	317	65536	1
639	318	65536	1
640	318	65792	2
641	319	131072	2
642	320	65792	2
643	321	65536	1
644	322	65536	1
645	323	256	1
646	324	68608	13
647	325	134656	16
648	325	65536	1
649	326	65536	1
650	327	512	2
651	328	128	1
652	328	65792	2
653	329	65792	2
654	330	264	2
655	330	65792	2
656	330	768	3
657	330	544	4
658	331	65536	1
659	332	256	1
660	333	65536	1
661	334	256	1
662	334	256	1
663	335	65536	1
664	335	65536	1
665	335	256	1
666	335	256	1
667	336	131072	2
668	336	256	1
669	337	65792	2
670	337	512	2
671	338	65536	1
672	339	65536	1
673	339	131328	3
674	340	65536	1
675	340	131328	3
676	341	65792	2
677	341	327680	5
678	341	66048	3
679	341	256	1
680	341	512	2
681	341	256	1
682	342	65536	1
683	342	65536	1
684	342	256	1
685	343	256	1
686	344	65536	1
687	344	512	2
688	345	65536	1
689	345	128	1
690	346	256	1
691	347	66304	4
692	348	65536	1
693	349	65536	1
694	349	1280	5
695	349	768	3
696	350	131072	2
697	351	599040	10
698	351	131328	2
699	351	65536	1
700	352	256	1
701	353	65536	1
702	353	32	1
703	354	65536	1
704	355	3710464	31
705	355	530432	94
706	355	133120	6
707	355	256	1
708	356	2304	9
709	357	6912	8
710	358	69632	2
711	359	2048	1
712	360	4472832	7
713	360	1572864	3
714	360	950272	5
715	361	8192	1
716	362	155648	5
717	362	32768	2
718	362	386304	18
719	363	4096	1
720	364	512	2
721	364	1280	5
722	364	16384	2
723	365	512	2
724	365	512	2
725	366	73984	3
726	367	133120	10
727	368	65536	1
728	369	285696	37
729	370	131072	14
730	370	2048	1
731	371	65536	1
732	372	393216	6
733	373	79616	65
734	373	65536	1
735	374	65536	1
736	375	196608	3
737	376	139776	5
738	376	1536	6
739	376	256	1
740	377	132608	8
741	378	65792	2
742	378	65536	1
743	379	2304	2
744	380	65792	2
745	381	590080	9
746	381	78080	6
747	382	405760	10
748	384	157184	10
749	385	67072	7
750	385	768	3
751	386	131072	2
752	387	256	1
753	388	66048	3
754	389	9728	3
755	390	67840	10
756	390	2560	10
757	391	30464	8
758	391	64	1
759	391	256	1
760	392	65536	1
761	393	2302464	40
762	393	458752	7
763	394	768	2
764	394	256	1
765	395	512	2
766	396	817664	29
767	396	1280	5
768	397	65792	2
769	398	131072	2
770	398	256	1
771	399	65536	1
772	400	299520	51
773	400	768	3
774	401	1572352	102
775	401	604928	25
776	401	132096	6
777	401	1088	10
778	402	196608	3
779	403	12032	15
780	404	615936	55
781	404	3584	12
782	404	2048	4
783	405	181248	11
784	406	65536	1
785	407	245248	31
786	408	32768	1
787	408	512	2
788	409	256	1
789	411	8192	1
790	412	65536	1
791	413	65536	1
792	414	166656	7
793	415	706816	27
794	415	1024	1
795	417	65792	2
796	418	268544	14
797	418	73728	2
798	419	8	1
799	419	512	2
800	420	256	1
801	421	512	1
802	422	66048	3
803	422	256	1
804	423	9984	8
805	423	4096	1
806	423	256	1
807	423	256	1
808	424	591872	16
809	425	332288	16
810	425	2560	6
811	425	4352	10
812	426	1792	7
813	426	512	2
814	427	256	1
815	428	256	1
816	429	65536	1
817	430	512	2
818	431	512	2
819	431	512	2
820	431	5632	10
821	432	256	1
822	434	81920	2
823	434	256	1
824	435	1280	4
825	436	74496	9
826	436	210688	19
827	436	256	1
828	436	256	1
829	436	256	1
830	437	66304	4
831	438	512	1
832	439	454400	68
833	440	160768	12
834	441	256	1
835	442	256	1
836	443	256	1
837	444	4608	18
838	444	17664	63
839	444	1536	6
840	444	512	2
841	444	71424	24
842	444	68864	14
843	444	65536	1
844	444	24064	31
845	444	2816	11
846	444	256	1
847	444	256	1
848	444	3072	12
849	444	16384	1
850	444	256	1
851	445	256	1
852	446	889088	19
853	446	744448	52
854	447	256	1
855	448	304384	9
856	449	256	1
857	450	65536	1
858	451	65536	1
859	452	65536	1
860	453	66304	4
861	454	393216	6
862	455	263936	6
863	456	256	1
864	456	512	2
865	456	256	1
866	456	256	1
867	457	82176	4
868	458	65536	1
869	459	103424	6
870	459	271104	8
871	460	235776	8
872	461	65536	1
873	461	256	1
874	461	256	1
875	462	113152	14
876	462	15360	44
877	462	2304	9
878	462	1152	11
879	463	1280	5
880	464	256	1
881	464	256	1
882	464	2304	9
883	465	1024	4
884	466	512	2
885	466	256	1
886	466	2816	11
887	467	1536	6
888	468	4864	4
889	469	500480	12
890	469	1536	2
891	470	131072	2
892	471	65536	1
893	472	98304	129
894	472	73728	2
895	473	11008	43
896	473	25344	5
897	474	65536	1
898	475	66048	3
899	475	256	1
900	476	65792	2
901	477	139776	5
902	477	8448	2
903	477	256	1
904	478	1149184	93
905	479	65536	1
906	480	65536	1
907	481	66560	5
908	481	256	1
909	481	4096	1
910	481	256	1
911	481	2048	1
912	482	65792	2
913	483	65536	1
914	484	344576	9
915	485	606208	9
916	486	768	3
917	487	186368	22
918	487	256	1
919	487	256	1
920	487	256	1
921	488	256	1
922	489	512	2
923	490	258304	177
924	490	218880	49
925	490	1024	4
926	490	256	1
927	491	65536	1
928	492	264704	12
929	492	256	1
930	493	196608	3
931	494	6400	3
932	495	66816	4
933	496	65536	1
934	497	65536	1
935	498	262400	5
936	499	131328	3
937	500	150784	9
938	501	639744	27
939	502	445440	21
940	502	1536	6
941	502	768	3
942	503	2199552	56
943	503	32768	1
944	503	256	1
945	504	133632	7
946	505	256	1
947	506	8	1
948	507	512	2
949	507	1280	5
950	507	256	1
951	507	256	1
952	508	2048	2
953	509	256	1
954	510	12544	8
955	510	1536	3
956	511	65536	1
957	512	3328	3
958	513	256	1
959	514	1132544	45
960	514	1146880	18
961	514	8	1
962	514	5376	4
963	514	16	1
964	514	70144	13
965	514	4096	1
966	515	9472	33
967	515	264	3
968	515	49408	81
969	515	211968	16
970	516	6144	17
971	517	768	3
972	517	256	1
973	518	512	2
974	519	256	1
975	520	512	2
976	521	11264	44
977	522	512	2
978	522	512	1
979	523	1280	5
980	524	512	2
981	525	512	2
982	525	256	1
983	526	9	2
984	528	131072	2
985	528	65536	1
986	529	2048	8
987	530	1721088	56
988	530	1536	6
989	531	65536	1
990	532	256	1
991	533	65792	2
992	534	65536	1
993	535	131072	2
994	535	256	1
995	536	65536	1
996	537	1536	5
997	538	256	1
998	539	307200	37
999	540	9216	5
1000	541	1472768	33
1001	541	655360	15
1002	542	1787904	290
1003	542	2304	9
1004	542	1536	4
1005	542	121856	34
1006	542	256	1
1007	543	131840	5
1008	544	336128	7
1009	544	256	1
1010	544	65792	2
1011	545	196608	3
1012	546	28416	22
1013	546	4	1
1014	546	4352	2
1015	546	256	1
1016	547	3328	13
1017	548	1024	1
1018	550	65536	1
1019	551	139264	3
1020	551	83712	14
1021	551	7168	3
1022	552	65536	1
1023	553	2707200	80
1024	553	1280	2
1025	554	173312	15
1026	555	848640	28
1027	555	48	2
1028	555	33024	2
1029	555	32	1
1030	555	2048	1
1031	556	200704	4
1032	557	739840	33
1033	558	347136	36
1034	558	1280	2
1035	558	1280	2
1036	558	2	2
1037	559	76288	7
1038	560	338944	9
1039	560	74752	3
1040	561	65536	1
1041	562	1208576	27
1042	562	291840	24
1043	563	66304	4
1044	564	91648	6
1045	565	65792	2
1046	566	933120	37
1047	567	256	1
1048	568	101376	14
1049	569	393216	8
1050	569	360448	7
1051	569	512	2
1052	570	420608	22
1053	570	256	1
1054	571	590336	12
1055	572	65536	1
1056	572	32	1
1057	572	512	2
1058	573	25088	5
1059	574	16384	1
1060	575	83968	3
1061	576	401408	15
1062	577	1230080	31
1063	577	256	1
1064	577	6144	2
1065	578	65536	1
1066	579	65792	2
1067	580	49152	3
1068	580	3840	4
1069	581	65536	1
1070	582	65536	1
1071	583	24156	774
1072	583	4049408	215
1073	583	256	1
1074	584	127488	12
1075	584	2080000	21
1076	585	49664	106
1077	586	114944	4
1078	586	16384	1
1079	587	484096	38
1080	588	2304	9
1081	589	512	2
1082	589	1280	5
1083	589	13312	52
1084	589	768	3
1085	590	160512	26
1086	591	2048	7
1087	591	9984	8
1088	591	1536	5
1089	592	1124608	51
1090	592	128	1
1091	592	1280	2
1092	593	65536	1
1093	594	136192	10
1094	594	65536	1
1095	595	136192	6
1096	596	768	3
1097	596	16640	2
1098	597	256	1
1099	598	65792	2
1100	599	65536	1
1101	600	65536	1
1102	601	16384	1
1103	602	256	1
1104	603	82944	6
1105	604	512	2
1106	605	505600	15
1107	606	61696	8
1108	607	722688	14
1109	607	196608	3
1110	607	4096	1
1111	608	131072	2
1112	609	114944	22
1113	609	1024	3
1114	610	4096	16
1115	611	2048	1
1116	611	512	2
1117	611	4096	1
1118	611	1024	1
1119	612	256	1
1120	612	1024	4
1121	612	256	1
1122	613	163840	3
1123	613	36864	2
1124	613	24576	2
1125	614	65536	1
1126	615	66304	4
1127	615	512	2
1128	616	131584	4
1129	616	256	1
1130	617	2560	3
1131	618	2816	11
1132	618	1024	4
1133	619	16900864	20
1134	619	110848	10
1135	619	146	8
1136	619	53696	8
1137	619	106496	6
1138	619	24576	2
1139	619	8448	2
1140	619	16384	1
1141	619	20564	6
1142	619	40960	2
1143	619	16384	1
1144	620	131328	3
1145	621	256	1
1146	622	73216	31
1147	622	83456	8
1148	622	197376	6
1149	622	73472	32
1150	622	3584	14
1151	623	67328	8
1152	623	1024	4
1153	624	2048	8
1154	624	512	2
1155	625	256	1
1156	627	83968	6
1157	627	4096	1
1158	628	17217280	18
1159	628	131584	3
1160	628	2560	10
1161	628	150016	47
1162	628	4864	9
1163	628	71680	18
1164	628	2048	1
1165	629	59136	10
1166	629	1225984	12
1167	629	95488	22
1168	629	256	1
1169	629	3072	11
1170	629	512	2
1171	630	10240	4
1172	630	2304	2
1173	630	166400	19
1174	630	1536	6
1175	631	13312	18
1176	631	6912	27
1177	631	512	2
1178	631	1024	4
1179	631	512	2
1180	632	146688	32
1181	632	62464	5
1182	632	256	1
1183	632	1792	7
1184	632	1280	5
1185	632	256	1
1186	632	256	1
1187	633	78080	5
1188	633	1280	2
1189	634	65536	1
1190	635	1024	3
1191	636	65536	1
1192	637	129792	13
1193	637	18176	10
1194	637	1024	4
1195	637	1024	4
1196	638	204800	4
1197	639	65536	1
1198	640	67072	7
1199	641	360448	7
1200	641	29184	12
1201	641	512	2
1202	641	1024	4
1203	642	65536	1
1204	642	4096	9
1205	642	2304	6
1206	643	130304	13
1207	644	460800	8
1208	644	1536	6
1209	645	20480	5
1210	646	768	3
1211	647	512	2
1212	647	256	1
1213	648	256	1
1214	648	512	2
1215	648	256	1
1216	649	222720	11
1217	650	4352	17
1218	650	256	1
1219	651	4608	3
1220	651	768	3
1221	652	463872	8
1222	652	931072	317
1223	653	66048	3
1224	654	73984	4
1225	654	256	1
1226	655	316416	13
1227	656	33024	5
1228	657	256	1
1229	657	32	1
1230	658	14080	6
1231	659	768	3
1232	660	2449920	102
1233	661	1050368	73
1234	662	65792	2
1235	663	68864	6
1236	664	65536	1
1237	665	65792	2
1238	666	16384	1
1239	667	65792	2
1240	668	65536	1
1241	669	65536	1
1242	670	68352	4
1243	670	1	1
1244	671	24576	6
1245	672	21504	4
1246	673	876544	12
1247	674	191488	18
1248	675	5330688	122
1249	675	65536	2
1250	676	262400	5
1251	677	90368	8
1252	678	512	1
1253	678	512	1
1254	679	2048	2
1255	681	337152	37
1256	681	21504	52
1257	682	65536	1
1258	683	4608	18
1259	683	1792	4
1260	684	256	1
1261	685	65536	1
1262	686	131072	2
1263	687	590080	3
1264	687	32768	1
1265	688	141056	18
1266	688	16896	9
1267	689	295424	10
1268	689	96000	14
1269	690	263424	40
1270	690	1280	3
1271	690	4096	1
1272	691	65536	1
1273	692	981248	45
1274	692	35072	5
1275	692	512	2
1276	692	1024	1
1277	693	8091648	381
1278	693	16	1
1279	693	1024	4
1280	693	768	2
1281	693	1024	1
1282	694	3328	13
1283	695	3072	6
1284	696	7908352	309
1285	696	256	1
1286	696	1024	1
1287	696	256	1
1288	696	512	1
1289	696	512	2
1290	696	256	1
1291	697	2304	2
1292	697	573952	27
1293	698	54016	28
1294	698	66048	5
1295	698	64	2
1296	699	256	1
1297	699	3328	6
1298	700	65536	1
1299	700	2048	1
1300	701	768	3
1301	702	65792	2
1302	702	32000	18
1303	702	256	1
1304	703	308480	21
1305	703	36096	6
1306	703	39680	20
1307	704	26880	4
1308	704	2560	4
1309	705	15104	9
1310	706	225280	8
1311	707	3328	6
1312	708	1024	4
1313	709	1024	4
1314	710	768	3
1315	711	512	2
1316	712	256	1
1317	713	256	1
1318	714	1280	5
1319	715	256	1
1320	715	256	1
1321	716	256	1
1322	717	256	1
1323	718	512	2
1324	719	768	3
1325	720	256	1
1326	721	256	1
1327	722	66048	3
1328	723	4096	1
1329	724	67072	7
1330	724	196608	3
1331	724	8960	14
1332	725	1536	6
1333	726	65536	1
1334	727	104448	11
1335	728	131072	2
1336	729	394752	12
1337	730	4096	1
1338	731	65536	1
1339	732	13568	7
1340	732	512	2
1341	733	256	1
1342	733	256	1
1343	734	65536	1
1344	735	65792	2
1345	735	512	1
1346	736	8192	1
1347	736	3584	14
1348	737	604160	28
1349	739	3234816	216
1350	739	256	1
1351	739	150272	77
1352	740	221952	11
1353	741	256	1
1354	741	256	1
1355	742	20480	3
1356	743	65536	1
1357	744	65792	2
1358	745	4096	1
1359	746	139776	4
1360	747	6656	7
1361	748	44800	17
1362	748	6400	25
1363	748	3584	14
1364	748	2304	9
1365	748	256	1
1366	748	256	1
1367	749	16384	2
1368	750	16384	3
1369	751	65536	1
1370	751	24576	2
1371	752	783360	21
1372	752	8192	1
1373	753	229376	4
1374	754	250112	8
1375	755	9216	2
1376	756	256	1
1377	756	47616	7
1378	757	1464320	103
1379	757	78848	11
1380	757	1280	2
1381	757	2048	3
1382	757	256	1
1383	758	66560	4
1384	759	33024	2
1385	760	8448	2
1386	761	512	1
1387	761	20480	3
1388	761	8192	1
1389	762	24576	2
1390	762	512	2
1391	763	3328	10
1392	763	6656	24
1393	763	5888	22
1394	763	1280	5
1395	764	7680	6
1396	764	33024	3
1397	765	66816	6
1398	766	8960	4
1399	767	65792	3
1400	768	264192	4
1401	768	24576	2
1402	769	49408	8
1403	769	512	1
1404	770	10240	2
1405	771	3131904	84
1406	772	5888	5
1407	773	4352	2
1408	773	1280	2
1409	773	1280	4
1410	774	8448	2
1411	774	2048	1
1412	774	256	1
1413	775	1024	1
1414	776	4096	1
1415	777	1536	5
1416	778	1576448	31
1417	778	181760	51
1418	779	8192	1
1419	781	512	1
1420	781	512	1
1421	782	768	2
1422	783	512	1
1423	784	512	2
1424	785	293888	29
1425	786	256	1
1426	786	4042240	95
1427	786	699904	214
1428	786	67584	3
1429	786	256	1
1430	787	274432	5
1431	788	2118656	143
1432	789	706304	30
1433	790	41984	8
1434	790	12800	6
1435	791	301056	14
1436	792	238336	8
1437	793	8448	2
1438	794	9984	9
1439	794	161280	34
1440	794	8192	2
1441	795	65536	1
1442	796	75520	5
1443	796	5376	6
1444	796	32768	3
1445	797	256	1
1446	797	8704	3
1447	798	7027200	18
1448	799	65792	2
1449	800	19968	7
1450	801	2560	2
1451	802	5120	5
1452	802	512	2
1453	803	16384	2
1454	804	74752	3
1455	805	116224	9
1456	806	49664	6
1457	806	16384	1
1458	807	3328	3
1459	808	17408	6
1460	809	32768	1
1461	809	139264	3
1462	809	6400	12
1463	809	256	1
1464	809	2048	4
1465	810	62976	14
1466	810	5888	23
1467	811	73984	3
1468	812	256	1
1469	813	256	1
1470	814	4608	3
1471	815	4096	1
1472	816	1122304	27
1473	816	344064	15
1474	816	1114880	29
1475	817	527616	17
1476	818	3366656	196
1477	818	263680	174
1478	818	512	1
1479	819	131072	2
1480	820	4538624	6
1481	820	262144	1
1482	820	5888	5
1483	820	512	2
1484	821	1792	7
1485	822	66048	3
1486	822	256	1
1487	823	70144	12
1488	825	450304	14
1489	826	512	2
1490	827	1122560	13
1491	828	69632	2
1492	829	4608	18
1493	830	69120	4
1494	831	56832	16
1495	832	77056	19
1496	832	32	1
1497	833	117248	13
1498	834	131072	2
1499	835	256	1
1500	836	4608	16
1501	837	256	1
1502	838	1024	4
1503	839	65792	2
1504	840	512	2
1505	840	512	2
1506	840	201728	11
1507	840	768	3
1508	840	256	1
1509	840	256	1
1510	840	256	1
1511	841	7936	31
1512	842	512	2
1513	843	19200	38
1514	843	2304	7
1515	843	256	1
1516	843	512	2
1517	843	1024	1
1518	844	14592	15
1519	844	1536	6
1520	845	7168	7
1521	846	66816	3
1522	846	1792	3
1523	846	8960	3
1524	846	512	2
1525	848	1280	5
1526	848	1024	1
1527	849	65792	2
1528	850	227584	11
1529	850	65792	2
1530	851	65536	1
1531	851	256	1
1532	851	2704128	38
1533	852	65536	1
1534	852	1536	4
1535	852	896	4
1536	853	151808	14
1537	853	65536	8
1538	853	1280	2
1539	854	131328	3
1540	854	256	1
1541	855	65536	1
1542	855	768	3
1543	855	256	1
1544	856	270336	5
1545	857	512	2
1546	858	256	1
1547	859	2560	3
1548	860	131072	2
1549	860	757760	14
1550	860	1344512	20
1551	860	778496	20
1552	860	745472	13
1553	861	204544	21
1554	861	49152	30
1555	861	101376	44
1556	861	768	3
1557	861	45056	33
1558	861	256	1
1559	861	512	1
1560	863	65792	2
1561	864	1908480	24
1562	865	67072	11
1563	866	65536	1
1564	867	65536	1
1565	867	256	1
1566	868	512	2
1567	869	1055232	47
1568	870	1024	4
1569	871	1792	3
1570	871	66816	6
1571	872	512	2
1572	873	90368	4
1573	874	3584	5
1574	874	2816	3
1575	874	512	1
1576	875	146176	8
1577	876	65536	1
1578	877	65536	1
1579	878	461312	17
1580	879	512	2
1581	880	65536	1
1582	881	2733824	312
1583	881	1024	1
1584	881	6144	3
1585	881	6336	41
1586	881	256	1
1587	881	1792	10
1588	881	128	1
1589	881	320	3
1590	881	2496	5
1591	881	163840	2
1592	881	256	1
1593	881	65536	1
1594	881	256	1
1595	881	4096	1
1596	881	128	1
1597	882	65536	1
1598	883	140288	13
1599	884	82688	14
1600	885	3072	9
1601	886	64	1
1602	886	2816	3
1603	886	41728	4
1604	886	512	1
1605	887	1280	4
1606	888	8975360	341
1607	888	4096	9
1608	888	64	1
1609	888	256	1
1610	888	512	2
1611	888	256	1
1612	888	1536	3
1613	888	1280	4
1614	889	768	3
1615	889	33024	5
1616	890	256	1
1617	890	1280	5
1618	891	201472	10
1619	891	5376	14
1620	891	4864	6
1621	891	22272	14
1622	891	2048	1
1623	891	256	1
1624	891	256	1
1625	891	512	1
1626	892	45056	9
1627	893	35072	11
1628	894	65536	1
1629	895	135680	21
1630	896	5888	23
1631	896	2816	6
1632	897	1536	6
1633	897	256	1
1634	898	198400	10
1635	899	65536	1
1636	900	66048	3
1637	901	110848	28
1638	902	12288	2
1639	903	65536	1
1640	904	67072	6
1641	904	808	5
1642	904	1536	2
1643	904	256	1
1644	905	56832	10
1645	905	32	1
1646	905	256	1
1647	906	442624	29
1648	906	126976	144
1649	907	67584	9
1650	908	1536	5
1651	909	768	3
1652	909	32	1
1653	910	512	1
1654	911	256	1
1655	912	8192	1
1656	912	8192	1
1657	912	131072	2
1658	913	512	1
1659	914	256	1
1660	915	65536	1
1661	916	1792	7
1662	917	6912	5
1663	918	135168	20
1664	918	256	1
1665	919	429312	36
1666	919	811520	15
1667	920	65536	1
1668	921	46592	9
1669	922	1024	1
1670	923	4352	13
1671	923	256	1
1672	924	512	2
1673	925	256	1
1674	926	69888	3
1675	927	66816	3
1676	927	256	1
1677	928	256	1
1678	928	69	18
1679	928	8	1
1680	928	256	1
1681	929	8192	1
1682	930	8192	6
1683	931	65536	1
1684	931	1024	1
1685	932	8448	2
1686	933	131072	2
1687	934	4352	2
1688	935	34816	9
1689	936	335104	13
1690	936	2048	1
1691	936	33280	3
1692	936	512	2
1693	937	65536	1
1694	938	137216	18
1695	938	7936	14
1696	939	33792	31
1697	939	3072	2
1698	940	65792	2
1699	941	98304	5
1700	941	13568	10
1701	942	25088	6
1702	943	65536	1
1703	944	114688	4
1704	944	8192	1
1705	944	8192	1
1706	945	2304	4
1707	945	1792	7
1708	946	512	2
1709	946	9216	3
1710	947	65536	1
1711	947	47872	11
1712	947	768	3
1713	947	256	1
1714	948	149248	10
1715	949	768	2
1716	950	24064	6
1717	951	20480	5
1718	952	77568	14
1719	953	484864	31
1720	954	1024	4
1721	954	1024	4
1722	955	1286656	243
1723	955	11520	13
1724	955	256	1
1725	956	2508800	227
1726	956	1792	3
1727	956	147968	24
1728	956	256	1
1729	956	2304	3
1730	956	66048	3
1731	957	102912	10
1732	957	256	1
1733	958	2304	7
1734	959	1280	5
1735	960	65536	1
1736	961	432128	19
1737	962	256	1
1738	962	2560	10
1739	963	65536	1
1740	964	1536	3
1741	965	556800	26
1742	965	41728	12
1743	966	77824	9
1744	966	76800	14
1745	966	512	2
1746	967	8192	1
1747	967	137472	11
1748	967	4096	1
1749	968	65536	1
1750	969	5888	23
1751	969	256	1
1752	969	256	1
1753	970	66048	3
1754	971	58112	32
1755	971	8192	1
1756	972	114688	4
1757	973	3089664	226
1758	973	64	6
1759	974	90112	3
1760	975	33792	7
1761	976	131072	2
1762	977	30208	26
1763	977	768	3
1764	978	1536	3
1765	979	84224	30
1766	979	1024	3
1767	980	65792	2
1768	981	23552	7
1769	982	49152	2
1770	983	9216	4
1771	984	512	2
1772	984	2816	11
1773	985	69632	6
1774	986	4096	1
1775	986	61440	4
1776	987	512	1
1777	988	3584	9
1778	988	256	1
1779	989	42240	7
1780	990	21248	13
1781	991	2048	1
1782	992	65792	2
1783	994	19712	4
1784	995	65536	1
1785	996	168704	23
1786	998	180224	6
1787	999	22784	4
1788	999	3840	4
1789	999	8192	1
1790	1000	1024	1
1791	1001	136448	13
1792	1001	65536	2
1793	1001	768	2
1794	1002	256	1
1795	1004	256	1
1796	1005	512	2
1797	1006	9472	4
1798	1007	259072	18
1799	1008	9216	5
1800	1009	5632	22
1801	1010	12288	137
1802	1010	50865	4572
1803	1010	2988800	602
1804	1010	2048	7
1805	1010	112	5
1806	1010	424	10
1807	1010	4042496	237
1808	1010	73728	33
1809	1010	1536	3
1810	1010	768	3
1811	1010	5376	13
1812	1010	128	6
1813	1010	768	3
1814	1010	20480	5
1815	1010	256	1
1816	1010	1280	2
1817	1011	65536	1
1818	1011	1024	1
1819	1012	11008	32
1820	1012	201216	11
1821	1013	256	1
1822	1014	213504	7
1823	1014	256	1
1824	1014	512	1
1825	1014	20480	2
1826	1014	1024	3
1827	1015	512	1
1828	1015	65536	1
1829	1015	256	4
1830	1015	1536	2
1831	1016	256	1
1832	1017	65536	1
1833	1018	18432	8
1834	1019	143360	7
1835	1019	4096	2
1836	1020	112640	12
1837	1020	4096	1
1838	1020	8192	2
1839	1021	264704	8
1840	1021	1024	1
1841	1022	65536	1
1842	1023	256	1
1843	1024	66048	3
1844	1025	256	1
1845	1026	66048	3
1846	1027	4864	19
1847	1028	135936	7
1848	1029	67328	8
1849	1029	768	3
1850	1030	1536	6
1851	1030	1280	5
1852	1031	131840	5
1853	1031	131584	4
1854	1031	256	1
1855	1032	4352	2
1856	1033	2560	7
1857	1034	1536	6
1858	1035	948992	84
1859	1036	6144	5
1860	1037	633856	39
1861	1038	84736	6
1862	1038	224000	11
1863	1038	141568	8
1864	1038	16384	1
1865	1038	24576	2
1866	1038	148224	6
1867	1038	172032	5
1868	1038	16640	2
1869	1038	512	1
1870	1038	16384	1
1871	1038	16384	1
1872	1039	9728	7
1873	1040	295168	6
1874	1041	19200	13
1875	1042	45056	47
1876	1043	1792	7
1877	1043	2048	7
1878	1044	73728	5
1879	1045	594432	27
1880	1045	393216	6
1881	1045	131072	2
1882	1046	4352	2
1883	1046	512	2
1884	1047	66048	3
1885	1048	111616	12
1886	1049	12288	16
1887	1049	8192	1
1888	1049	256	1
1889	1050	29952	7
1890	1050	512	1
1891	1051	26880	4
1892	1052	2048	1
1893	1053	19456	7
1894	1053	4096	16
1895	1054	334592	37
1896	1054	2816	11
1897	1054	512	2
1898	1054	8448	2
1899	1055	768	3
1900	1056	40	3
1901	1057	256	1
1902	1058	9984	11
1903	1059	266752	8
1904	1059	32768	1
1905	1060	9216	4
1906	1061	9224192	227
1907	1061	24576	3
1908	1061	229376	8
1909	1061	106496	5
1910	1061	68096	11
1911	1061	333056	10
1912	1061	8192	1
1913	1061	512	2
1914	1061	266240	3
1915	1062	256	1
1916	1063	9984	5
1917	1064	3072	8
1918	1065	65792	2
1919	1066	17152	9
1920	1066	2048	1
1921	1066	2048	1
1922	1066	4096	2
1923	1067	6144	2
1924	1068	2833664	104
1925	1069	68608	3
1926	1070	65536	1
1927	1071	215296	43
1928	1071	512	2
1929	1071	20736	3
1930	1071	512	1
1931	1072	229376	5
1932	1073	1024	1
1933	1074	2048	1
1934	1074	18432	7
1935	1075	256	1
1936	1076	65536	1
1937	1076	65536	1
1938	1077	65536	1
1939	1078	725248	43
1940	1079	67584	3
1941	1079	2048	1
1942	1080	53760	6
1943	1080	11	11
1944	1081	16896	3
1945	1082	3584	14
1946	1082	1069568	18
1947	1082	512	1
1948	1082	256	1
1949	1082	2048	2
1950	1082	512	1
1951	1082	512	1
1952	1083	65792	2
1953	1084	30976	12
1954	1085	48640	11
1955	1085	512	1
1956	1085	512	1
1957	1086	65536	1
1958	1087	256	1
1959	1088	256	1
1960	1089	210944	7
1961	1089	8192	2
1962	1089	256	1
1963	1090	1048832	17
1964	1090	1245184	19
1965	1091	57344	4
1966	1092	3072	3
1967	1092	4096	1
1968	1093	21248	5
1969	1094	2560	8
1970	1094	69120	13
1971	1094	1792	7
1972	1095	65536	1
1973	1095	256	1
1974	1096	12328960	6
1975	1096	2048	1
1976	1096	256	1
1977	1096	256	1
1978	1098	16640	5
1979	1099	11264	6
1980	1100	84480	27
1981	1100	256	1
1982	1101	43264	11
1983	1102	62464	55
1984	1103	51712	16
1985	1104	1024	4
1986	1104	46592	6
1987	1105	95488	37
1988	1105	10240	6
1989	1105	2048	1
1990	1105	1536	4
1991	1106	6144	2
1992	1107	66048	2
1993	1107	768	3
1994	1108	8192	1
1995	1109	112128	18
1996	1109	256	1
1997	1109	1792	7
1998	1110	37632	8
1999	1111	1792	3
2000	1112	256	1
2001	1112	65536	1
2002	1113	133376	8
2003	1113	3840	8
2004	1114	65536	1
2005	1115	8192	5
2006	1116	24832	5
2007	1116	9984	5
2008	1117	256	1
2009	1117	512	2
2010	1118	55040	22
2011	1118	256	1
2012	1119	41728	6
2013	1119	256	1
2014	1120	1957888	259
2015	1120	143616	126
2016	1120	327680	7
2017	1120	256	1
2018	1121	70400	14
2019	1122	1261312	128
2020	1122	61696	7
2021	1122	43264	20
2022	1122	23552	10
2023	1123	18688	11
2024	1124	9728	6
2025	1125	256	1
2026	1126	256	1
2027	1127	12800	14
2028	1127	16384	1
2029	1128	66560	5
2030	1128	512	2
2031	1128	512	1
2032	1128	256	1
2033	1129	1024	4
2034	1129	1024	1
2035	1130	65792	2
2036	1131	74752	4
2037	1132	512	2
2038	1132	512	2
2039	1132	256	1
2040	1133	8192	1
2041	1134	256	1
2042	1135	512	2
2043	1136	256	1
2044	1137	256	1
2045	1138	512	1
2046	1139	16128	17
2047	1139	1792	7
2048	1139	256	1
2049	1140	1047296	53
2050	1141	65792	2
2051	1143	24832	5
2052	1143	2048	4
2053	1144	263168	7
2054	1145	4352	2
2055	1146	8192	1
2056	1146	4096	2
2057	1147	4096	1
2058	1148	1024	4
2059	1149	65792	2
2060	1150	28672	16
2061	1151	4608	3
2062	1151	86528	13
2063	1151	11264	42
2064	1153	65536	1
2065	1153	8960	3
2066	1154	1280	5
2067	1155	65792	2
2068	1155	256	1
2069	1156	1792	5
2070	1156	1536	3
2071	1156	3584	5
2072	1157	51456	15
2073	1157	75008	7
2074	1157	8192	1
2075	1158	432896	55
2076	1158	64	1
2077	1159	439296	72
2078	1159	512	2
2079	1159	65536	1
2080	1159	256	1
2081	1159	256	1
2082	1160	14336	25
2083	1160	35072	10
2084	1160	5632	22
2085	1161	73984	4
2086	1161	1792	6
2087	1162	768	3
2088	1163	512	2
2089	1163	256	1
2090	1163	256	1
2091	1163	256	1
2092	1164	5743104	22
2093	1164	512	2
2094	1164	189952	32
2095	1164	20480	2
2096	1164	20480	5
2097	1165	1024	4
2098	1166	256	1
2099	1166	768	3
2100	1167	135168	3
2101	1168	768	3
2102	1168	256	1
2103	1168	256	1
2104	1168	256	1
2105	1169	65536	1
2106	1169	1024	1
2107	1170	768	3
2108	1171	256	1
2109	1172	256	1
2110	1172	256	1
2111	1173	512	2
2112	1174	512	2
2113	1175	16384	1
2114	1176	246528	25
2115	1176	2048	4
2116	1176	197120	4
2117	1177	66048	3
2118	1178	256	1
2119	1179	131840	5
2120	1179	256	1
2121	1180	8704	5
2122	1181	16384	2
2123	1181	8192	1
2124	1182	41216	5
2125	1182	6912	23
2126	1183	131072	2
2127	1184	65536	1
2128	1185	991744	42
2129	1185	423680	23
2130	1185	768	3
2131	1186	66560	5
2132	1186	256	1
2133	1187	256	1
2134	1189	66816	5
2135	1190	65536	1
2136	1191	68096	3
2137	1191	128	1
2138	1192	256	1
2139	1192	256	1
2140	1193	51456	5
2141	1193	16384	4
2142	1194	3584	4
2143	1195	65536	1
2144	1195	256	1
2145	1196	190720	17
2146	1196	24832	5
2147	1196	4608	9
2148	1196	8192	1
2149	1197	92160	54
2150	1198	8704	10
2151	1198	45824	5
2152	1199	67328	8
2153	1200	1024	1
2154	1200	268800	17
2155	1200	16896	2
2156	1200	12288	3
2157	1201	6912	11
2158	1201	256	1
2159	1203	245248	44
2160	1203	95232	20
2161	1203	512	2
2162	1203	264	12
2163	1203	2048	1
2164	1203	29184	18
2165	1203	10240	2
2166	1203	2048	1
2167	1204	8192	1
2168	1204	256	1
2169	1205	512	2
2170	1206	104448	10
2171	1206	256	1
2172	1207	8192	1
2173	1208	709120	18
2174	1208	768	3
2175	1208	8192	1
2176	1208	46160	62
2177	1209	19456	5
2178	1210	1536	5
2179	1211	1024	1
2180	1212	1024	1
2181	1213	263936	31
2182	1213	8448	2
2183	1213	67584	9
2184	1213	24576	27
2185	1214	12288	2
2186	1214	8192	8
2187	1214	5888	15
2188	1214	4096	8
2189	1215	147456	6
2190	1216	256	1
2191	1217	86272	9
2192	1218	336896	24
2193	1218	256	1
2194	1218	512	2
2195	1218	3328	3
2196	1219	256	1
2197	1220	65536	1
2198	1221	272384	6
2199	1222	65536	4
2200	1223	245760	7
2201	1223	503040	21
2202	1223	32768	1
2203	1223	32768	1
2204	1224	67584	4
2205	1224	65536	3
2206	1225	8192	1
2207	1226	263424	8
2208	1227	20736	3
2209	1228	155648	4
2210	1229	161792	9
2211	1230	180736	9
2212	1231	666880	20
2213	1232	8192	1
2214	1233	139520	14
2215	1234	16640	2
2216	1234	48128	6
2217	1235	28672	4
2218	1235	16384	1
2219	1235	16384	2
2220	1236	27392	13
2221	1236	404	11
2222	1237	118784	9
2223	1238	9216	2
2224	1239	50176	7
2225	1240	525056	48
2226	1240	8192	2
2227	1241	16384	3
2228	1242	82176	3
2229	1243	169728	13
2230	1244	52736	11
2231	1245	151552	8
2232	1246	2048	1
2233	1246	512	1
2234	1247	16384	2
2235	1248	12288	2
2236	1249	140800	5
2237	1250	4369664	111
2238	1251	2716672	122
2239	1251	4096	1
2240	1251	32768	1
2241	1252	1024	1
2242	1253	1024	1
2243	1254	8192	1
2244	1255	4352	2
2245	1256	32768	6
2246	1257	36864	5
2247	1258	1686272	53
2248	1259	6144	2
2249	1260	24576	2
2250	1261	131072	2
2251	1262	67584	2
2252	1263	1669376	76
2253	1264	12288	2
2254	1265	68864	61
2255	1265	4096	1
2256	1265	7680	7
2257	1265	256	1
2258	1266	211456	14
2259	1266	512	2
2260	1267	223744	93
2261	1267	4864	4
2262	1267	6656	19
2263	1267	256	1
2264	1267	256	1
2265	1267	256	1
2266	1267	256	1
2267	1268	20736	10
2268	1268	2560	10
2269	1268	18432	2
2270	1269	16384	1
2271	1270	8448	14
2272	1270	256	1
2273	1271	20480	2
2274	1272	20480	4
2275	1272	258560	25
2276	1272	16384	1
2277	1272	32768	1
2278	1273	17408	2
2279	1273	256	1
2280	1274	33024	2
2281	1275	112640	18
2282	1275	2560	2
2283	1276	460800	48
2284	1276	65536	1
2285	1276	66560	49
2286	1276	140800	83
2287	1276	5632	6
2288	1276	108544	143
2289	1276	768	3
2290	1277	75520	6
2291	1277	33024	2
2292	1277	17152	6
2293	1277	512	2
2294	1277	18432	3
2295	1277	256	1
2296	1278	32768	1
2297	1278	8192	2
2298	1278	4096	10
2299	1278	4096	1
2300	1278	768	3
2301	1279	256512	39
2302	1279	33024	6
2303	1279	114688	14
2304	1280	20224	23
2305	1280	256	1
2306	1281	10240	5
2307	1281	4096	2
2308	1281	2048	1
2309	1282	115200	5
2310	1282	4864	16
2311	1283	67072	7
2312	1283	4096	16
2313	1283	24576	2
2314	1283	25600	3
2315	1283	4864	4
2316	1283	12544	49
2317	1283	7168	28
2318	1283	7168	7
2319	1284	7170304	155
2320	1284	14848	20
2321	1284	4	1
2322	1284	786944	4
2323	1284	256	2
2324	1284	256	1
2325	1284	524288	1
2326	1285	16640	2
2327	1285	8	1
2328	1285	49152	3
2329	1286	149248	30
2330	1286	53248	14
2331	1286	1280	2
2332	1286	1024	4
2333	1286	16384	1
2334	1287	75776	15
2335	1287	256	1
2336	1287	1024	1
2337	1287	32768	1
2338	1288	1024	1
2339	1289	32512	10
2340	1289	17920	4
2341	1289	256	1
2342	1290	44288	11
2343	1291	256	1
2344	1292	729088	20
2345	1292	34048	9
2346	1292	33536	5
2347	1292	98560	4
2348	1292	93952	16
2349	1292	33024	3
2350	1293	57344	5
2351	1294	253952	8
2352	1295	28672	4
2353	1296	19968	21
2354	1296	1536	2
2355	1296	512	1
2356	1296	256	1
2357	1296	256	1
2358	1296	768	2
2359	1296	4096	1
2360	1297	49408	7
2361	1297	40960	3
2362	1297	1024	1
2363	1297	2304	3
2364	1297	1024	1
2365	1298	540928	11
2366	1298	135168	9
2367	1298	167488	23
2368	1298	212992	7
2369	1299	512	2
2370	1300	5120	2
2371	1300	1280	2
2372	1301	8192	1
2373	1302	68608	108
2374	1302	4096	1
2375	1303	65536	1
2376	1304	238592	19
2377	1304	512	2
2378	1304	768	2
2379	1304	2048	1
2380	1304	219136	28
2381	1304	29952	10
2382	1304	8192	1
2383	1304	2	2
2384	1304	256	1
2385	1305	12544	3
2386	1305	19456	4
2387	1306	2304	9
2388	1307	2048	7
2389	1307	512	2
2390	1307	256	1
2391	1308	8192	1
2392	1309	457728	64
2393	1309	256	1
2394	1309	33280	6
2395	1309	65568	2
2396	1309	256	1
2397	1309	64	2
2398	1310	17664	11
2399	1310	128	2
2400	1310	256	1
2401	1311	1024	4
2402	1312	495360	75
2403	1312	139264	3
2404	1312	2304	9
2405	1312	8192	1
2406	1312	2048	2
2407	1313	4096	1
2408	1314	524288	16
2409	1314	652032	25
2410	1314	2048	2
2411	1314	18432	9
2412	1314	45056	8
2413	1314	2048	1
2414	1314	256	1
2415	1315	1867008	35
2416	1315	69632	2
2417	1315	8192	1
2418	1315	4096	1
2419	1316	395520	115
2420	1316	21504	34
2421	1316	256	1
2422	1317	1280	2
2423	1318	1280	2
2424	1319	8448	17
2425	1320	4096	1
2426	1321	256	1
2427	1322	256	1
2428	1323	7936	16
2429	1324	1536	3
2430	1324	256	1
2431	1325	256	1
2432	1326	512	2
2433	1327	256	1
2434	1328	256	1
2435	1329	768	3
2436	1330	8192	1
2437	1330	768	3
2438	1331	256	1
2439	1332	8192	1
2440	1332	4096	1
2441	1332	2304	2
2442	1332	2048	2
2443	1332	768	2
2444	1332	256	1
2445	1332	1280	2
2446	1333	10240	3
2447	1334	2048	5
2448	1335	3840	15
2449	1336	5376	6
2450	1337	512	1
2451	1337	4096	1
2452	1338	5120	5
2453	1339	32768	1
2454	1340	256	1
2455	1341	59392	51
2456	1341	2560	5
2457	1341	2560	3
2458	1341	512	2
2459	1342	16384	2
2460	1342	2048	1
2461	1343	5376	5
2462	1343	66304	4
2463	1344	33536	29
2464	1345	33280	2
2465	1347	6400	25
2466	1347	8192	32
2467	1348	28928	4
2468	1348	4096	1
2469	1349	512	1
2470	1350	8192	1
2471	1351	32768	3
2472	1352	110080	33
2473	1353	512	1
2474	1353	8448	2
2475	1354	8192	1
2476	1355	4864	4
2477	1356	1024	4
2478	1356	256	1
2479	1356	512	2
2480	1357	8192	8
2481	1358	256	1
2482	1359	768	3
2483	1360	133376	8
2484	1360	67840	10
2485	1360	65792	2
2486	1360	512	2
2487	1360	256	1
2488	1360	256	1
2489	1360	256	1
2490	1360	256	1
2491	1360	256	1
2492	1360	256	1
2493	1361	1024	3
2494	1361	3584	8
2495	1361	4096	1
2496	1362	5120	8
2497	1362	3328	5
2498	1363	1536	6
2499	1363	26368	35
2500	1363	4608	6
2501	1364	3840	15
2502	1364	256	1
2503	1364	256	1
2504	1365	73984	19
2505	1365	2304	6
2506	1366	2121728	25
2507	1366	1024	1
2508	1367	272640	12
2509	1367	768	2
2510	1368	308224	50
2511	1369	2131968	50
2512	1369	3	3
2513	1369	8704	6
2514	1370	49664	8
2515	1370	8192	1
2516	1371	8192	1
2517	1371	256	1
2518	1371	5632	8
2519	1372	768	3
2520	1373	1280	5
2521	1374	512	2
2522	1374	40960	2
2523	1375	53248	4
2524	1376	33280	5
2525	1377	32768	2
2526	1378	83200	7
2527	1378	16	1
2528	1379	237568	14
2529	1379	4480	3
2530	1380	11520	5
2531	1380	2304	2
2532	1381	6144	2
2533	1382	307968	30
2534	1382	256	1
2535	1382	256	1
2536	1383	65536	1
2537	1384	4096	1
2538	1385	14592	25
2539	1386	4096	1
2540	1387	4096	1
2541	1388	4096	1
2542	1389	4864	4
2543	1390	8192	2
2544	1391	4096	1
2545	1392	137984	11
2546	1393	256	1
2547	1394	264192	29
2548	1394	512	2
2549	1395	9984	9
2550	1396	472320	70
2551	1397	156928	8
2552	1398	16896	3
2553	1399	8192	1
2554	1400	2575872	25
2555	1400	327680	8
2556	1400	140544	5
2557	1400	512	1
2558	1401	64	1
2559	1401	512	2
2560	1401	512	2
2561	1402	256	1
2562	1402	256	1
2563	1403	493824	76
2564	1404	145408	34
2565	1404	52736	59
2566	1405	1225216	19
2567	1405	65792	2
2568	1406	42496	40
2569	1406	28416	27
2570	1407	17408	8
2571	1407	1792	4
2572	1408	12288	12
2573	1408	8704	10
2574	1409	207360	15
2575	1410	2304	9
2576	1410	3840	12
2577	1411	3328	6
2578	1412	2048	8
2579	1413	66048	3
2580	1413	768	3
2581	1413	1280	5
2582	1414	256	1
2583	1415	256	1
2584	1416	1024	4
2585	1417	65792	2
2586	1418	3328	6
2587	1418	512	2
2588	1419	65536	1
2589	1420	3072	12
2590	1421	768	3
2591	1422	272128	36
2592	1423	512	2
2593	1424	768	3
2594	1425	1280	5
2595	1426	83712	5
2596	1427	717312	35
2597	1428	8192	1
2598	1428	768	3
2599	1429	1024	3
2600	1430	73728	2
2601	1431	286976	6
2602	1431	229376	4
2603	1431	32768	1
2604	1431	53248	4
2605	1432	76288	5
2606	1433	17664	7
2607	1434	19456	13
2608	1435	778240	9
2609	1436	41472	6
2610	1437	467200	7
2611	1437	32768	1
2612	1438	90624	5
2613	1439	19712	8
2614	1440	60672	9
2615	1441	8192	1
2616	1442	24576	2
2617	1442	24576	6
2618	1443	8192	1
2619	1444	279296	123
2620	1444	832	31
2621	1445	2048	1
2622	1446	96256	13
2623	1448	65536	5
2624	1449	54016	21
2625	1450	372736	7
2626	1452	73728	2
2627	1453	16896	66
2628	1454	93184	7
2629	1455	8192	1
2630	1456	67584	2
2631	1457	8192	1
2632	1457	8192	2
2633	1458	65536	1
2634	1458	3072	4
2635	1458	1024	1
2636	1459	49408	4
2637	1459	8192	1
2638	1460	4608	15
2639	1460	5376	21
2640	1460	512	2
2641	1461	73728	6
2642	1461	512	1
2643	1462	4096	1
2644	1463	2304	2
2645	1464	360704	8
2646	1465	831488	13
2647	1466	8192	1
2648	1467	24576	2
2649	1468	8448	2
2650	1469	16896	4
2651	1470	8448	2
2652	1471	591360	31
2653	1471	7168	28
2654	1471	10240	2
2655	1472	8192	1
2656	1473	8192	1
2657	1474	70656	10
2658	1475	123136	8
2659	1475	32768	1
2660	1476	1792	3
2661	1477	16384	2
2662	1478	65536	1
2663	1479	65792	2
2664	1480	4608	2
2665	1481	256	1
2666	1482	12288	2
2667	1482	256	1
2668	1483	8192	3
2669	1484	4096	1
2670	1485	1536	6
2671	1485	1024	4
2672	1486	73728	2
2673	1487	73728	2
2674	1487	4096	1
2675	1488	72704	5
2676	1488	124928	14
2677	1488	71168	6
2678	1488	16384	1
2679	1489	2560	4
2680	1490	256	1
2681	1491	327936	9
2682	1492	2816	10
2683	1493	9728	4
2684	1493	1536	6
2685	1493	512	1
2686	1493	256	1
2687	1493	512	2
2688	1495	65792	2
2689	1495	8192	1
2690	1496	81920	3
2691	1497	9216	5
2692	1498	256	1
2693	1499	768	2
2694	1500	131072	1
2695	1500	925696	8
2696	1501	8192	1
2697	1502	8192	1
2698	1503	28928	4
2699	1504	725248	93
2700	1505	24576	2
2701	1506	24576	2
2702	1507	1977088	79
2703	1507	1293568	124
2704	1507	1408	6
2705	1507	256	1
2706	1508	66816	3
2707	1508	2560	3
2708	1509	74496	5
2709	1509	1024	1
2710	1510	57344	3
2711	1511	115200	9
2712	1511	1792	4
2713	1512	66816	4
2714	1513	21248	5
2715	1514	17152	15
2716	1514	14848	10
2717	1515	73984	5
2718	1516	22784	5
2719	1517	8192	1
2720	1518	65792	2
2721	1519	18944	11
2722	1519	11520	45
2723	1519	3840	15
2724	1519	256	1
2725	1520	8192	1
2726	1521	7680	28
2727	1521	128	1
2728	1522	207104	9
2729	1522	2560	3
2730	1523	25088	5
2731	1523	256	1
2732	1524	69632	2
2733	1525	237056	28
2734	1525	768	2
2735	1525	65536	1
2736	1526	24576	2
2737	1527	8192	1
2738	1528	1024	1
2739	1529	510208	43
2740	1529	4608	3
2741	1530	8704	3
2742	1531	8192	1
2743	1532	2048	5
2744	1533	41984	4
2745	1534	4096	1
2746	1535	256	1
2747	1535	8192	1
2748	1536	147968	6
2749	1537	8192	1
2750	1538	8192	1
2751	1539	82688	6
2752	1540	33792	2
2753	1541	98304	4
2754	1541	256	1
2755	1542	1280	3
2756	1543	8192	1
2757	1544	8192	1
2758	1545	33024	3
2759	1546	32768	1
2760	1547	83968	31
2761	1547	768	8
2762	1547	20	5
2763	1548	1280	2
2764	1549	70144	11
2765	1550	2304	5
2766	1550	1536	6
2767	1551	8192	1
2768	1551	256	1
2769	1552	216832	17
2770	1552	256	1
2771	1553	1024	1
2772	1554	28672	4
2773	1555	1792	7
2774	1557	26112	9
2775	1558	182272	7
2776	1559	40960	2
2777	1560	107520	14
2778	1561	44288	30
2779	1563	65536	1
2780	1563	768	3
2781	1564	202752	10
2782	1564	512	2
2783	1565	98304	2
2784	1566	140288	6
2785	1567	8192	1
2786	1568	1327104	14
2787	1569	1056768	9
2788	1570	33280	5
2789	1571	65536	2
2790	1571	36864	6
2791	1572	5376	3
2792	1573	74240	3
2793	1574	76032	8
2794	1575	8192	1
2795	1575	9216	2
2796	1575	1024	1
2797	1576	8192	1
2798	1577	40960	2
2799	1578	8192	1
2800	1579	8192	1
2801	1580	28672	6
2802	1581	256	1
2803	1582	18176	25
2804	1582	12800	6
2805	1583	4	1
2806	1583	512	2
2807	1584	117760	9
2808	1584	256	1
2809	1585	8704	3
2810	1585	1024	4
2811	1586	2048	1
2812	1587	256	1
2813	1588	1004544	78
2814	1589	17664	7
2815	1589	1280	2
2816	1589	768	2
2817	1589	4352	17
2818	1590	196608	3
2819	1591	12544	3
2820	1592	41984	10
2821	1593	65536	1
2822	1593	2560	2
2823	1594	5632	7
2824	1595	65536	1
2825	1595	768	3
2826	1595	256	1
2827	1596	65536	1
2828	1596	6400	3
2829	1596	256	1
2830	1597	65536	1
2831	1597	256	1
2832	1598	803584	78
2833	1598	65792	2
2834	1598	256	1
2835	1599	50176	8
2836	1599	181504	51
2837	1599	39424	26
2838	1599	1024	4
2839	1599	256	1
2840	1599	256	1
2841	1600	890880	76
2842	1601	8192	1
2843	1602	41216	9
2844	1603	19129856	296
2845	1604	779264	89
2846	1605	194304	37
2847	1606	1851136	258
2848	1607	613120	56
2849	1608	128000	35
2850	1609	131328	17
2851	1610	61952	14
2852	1611	65536	1
2853	1612	16384	1
2854	1613	21248	4
2855	1613	4864	19
2856	1613	2816	4
2857	1613	256	1
2858	1613	256	1
2859	1613	256	1
2860	1614	4096	1
2861	1614	3328	6
2862	1614	65536	1
2863	1614	256	1
2864	1615	65536	1
2865	1616	256	1
2866	1616	65536	4
2867	1617	859648	52
2868	1618	24832	11
2869	1618	35840	6
2870	1619	4352	2
2871	1619	2560	7
2872	1620	1024	4
2873	1620	256	1
2874	1621	28928	4
2875	1621	65536	1
2876	1622	10496	4
2877	1623	65536	1
2878	1624	199680	15
2879	1624	65536	1
2880	1624	98816	4
2881	1624	82176	3
2882	1625	13056	6
2883	1625	4096	1
2884	1626	65536	2
2885	1627	132352	7
2886	1628	131328	3
2887	1629	1536	4
2888	1629	256	1
2889	1630	1280	2
2890	1630	256	1
2891	1630	38656	8
2892	1631	50688	8
2893	1631	256	2
2894	1632	768	3
2895	1633	67584	3
2896	1634	4096	3
2897	1634	3072	2
2898	1635	66048	3
2899	1635	394240	3
2900	1636	24064	13
2901	1636	512	2
2902	1636	1024	1
2903	1637	256	1
2904	1637	2048	1
2905	1638	119040	6
2906	1639	131072	2
2907	1640	8192	1
2908	1641	65536	1
2909	1642	256	1
2910	1643	8704	3
2911	1644	90368	4
2912	1645	12800	6
2913	1646	4096	1
2914	1646	1024	4
2915	1647	256	1
2916	1648	57344	10
2917	1649	131072	2
2918	1650	3072	10
2919	1651	8192	1
2920	1652	1113856	82
2921	1653	16896	4
2922	1653	32768	2
2923	1654	106496	5
2924	1655	8192	1
2925	1656	133888	63
2926	1656	30976	10
2927	1657	17408	3
2928	1658	256	1
2929	1659	17408	5
2930	1660	26112	9
2931	1661	131840	5
2932	1661	768	3
2933	1661	40064	160
2934	1661	512	2
2935	1662	8448	2
2936	1662	8704	7
2937	1662	512	2
2938	1663	40448	7
2939	1664	256	1
2940	1665	1280	5
2941	1666	256	1
2942	1667	512	2
2943	1668	65536	1
2944	1669	256	1
2945	1670	33792	5
2946	1670	256	1
2947	1671	256	1
2948	1672	512	2
2949	1673	66304	4
2950	1674	512	2
2951	1675	66560	5
2952	1676	768	3
2953	1677	256	1
2954	1678	65792	2
2955	1679	256	1
2956	1680	1024	4
2957	1681	66560	5
2958	1681	4096	1
2959	1681	256	1
2960	1682	512	2
2961	1683	256	1
2962	1685	65792	2
2963	1686	1024	4
2964	1687	256	1
2965	1688	65536	1
2966	1689	1280	2
2967	1689	256	1
2968	1689	512	2
2969	1690	65536	1
2970	1691	65536	1
2971	1691	256	1
2972	1693	65536	1
2973	1693	2304	8
2974	1693	256	1
2975	1693	256	1
2976	1693	256	1
2977	1694	256	1
2978	1696	65536	1
2979	1697	768	3
2980	1698	136960	17
2981	1699	65792	2
2982	1700	65536	1
2983	1701	79104	14
2984	1702	49920	9
2985	1702	34048	3
2986	1702	256	1
2987	1703	204800	7
2988	1704	1536	2
2989	1705	62464	28
2990	1706	28160	14
2991	1706	1024	1
2992	1707	246272	11
2993	1707	4608	15
2994	1707	512	2
2995	1708	65792	2
2996	1709	28672	3
2997	1709	4096	1
2998	1710	65536	1
2999	1711	197376	6
3000	1711	327680	5
3001	1711	65536	1
3002	1712	131072	2
3003	1713	11264	6
3004	1714	65536	1
3005	1714	7168	28
3006	1715	593920	25
3007	1715	131840	5
3008	1716	160256	28
3009	1716	8	2
3010	1716	256	1
3011	1716	11008	12
3012	1717	16640	3
3013	1718	1005056	45
3014	1718	438272	44
3015	1719	66816	6
3016	1720	3072	12
3017	1721	45568	4
3018	1721	5120	20
3019	1722	34048	8
3020	1723	160000	7
3021	1724	5376	21
3022	1724	1024	4
3023	1725	65536	1
3024	1725	53248	5
3025	1725	12288	2
3026	1726	52992	15
3027	1726	32768	2
3028	1727	65792	2
3029	1728	256	1
3030	1728	16384	1
3031	1729	65536	1
3032	1730	457472	23
3033	1731	17408	3
3034	1733	32768	2
3035	1734	256	1
3036	1734	196608	3
3037	1734	1024	4
3038	1735	1213184	24
3039	1735	393216	2
3040	1735	768	3
3041	1736	256	1
3042	1736	512	2
3043	1737	68608	10
3044	1738	9216	5
3045	1739	32768	1
3046	1740	51200	11
3047	1740	4864	19
3048	1741	11008	7
3049	1742	216064	42
3050	1742	13312	27
3051	1742	13824	32
3052	1742	197888	41
3053	1742	18432	55
3054	1742	1280	5
3055	1742	8192	1
3056	1743	4096	1
3057	1744	20736	3
3058	1745	227072	42
3059	1745	2816	11
3060	1745	12288	2
3061	1746	66816	3
3062	1747	66560	6
3063	1747	16384	1
3064	1747	256	1
3065	1747	1280	5
3066	1747	512	2
3067	1748	3072	9
3068	1749	789504	61
3069	1749	2304	2
3070	1750	512	2
3071	1751	1536	5
3072	1751	256	1
3073	1752	256	1
3074	1753	512	2
3075	1753	256	1
3076	1754	407808	25
3077	1754	256	1
3078	1754	512	2
3079	1755	2048	1
3080	1756	208896	5
3081	1757	6656	26
3082	1758	2308864	152
3083	1758	20224	14
3084	1758	256	1
3085	1759	10752	9
3086	1759	749568	306
3087	1759	256	1
3088	1760	4352	2
3089	1761	131072	2
3090	1762	2048	2
3091	1762	1792	7
3092	1762	33280	3
3093	1762	82432	4
3094	1762	34816	3
3095	1762	16384	1
3096	1763	10240	2
3097	1763	256	1
3098	1764	512	2
3099	1764	256	1
3100	1765	17408	6
3101	1765	256	1
3102	1765	256	1
3103	1766	512	2
3104	1766	1024	4
3105	1766	173568	20
3106	1766	6400	7
3107	1766	256	1
3108	1767	60928	25
3109	1767	1536	6
3110	1769	65536	1
3111	1770	2560	6
3112	1771	512	2
3113	1772	512	2
3114	1773	8192	1
3115	1775	3584	3
3116	1776	66816	3
3117	1776	2048	1
3118	1777	1536	3
3119	1777	65536	1
3120	1777	1024	1
3121	1777	3072	3
3122	1778	1536	6
3123	1779	65536	1
3124	1780	9216	5
3125	1781	293120	18
3126	1782	41472	4
3127	1783	65536	1
3128	1783	65792	4
3129	1784	73984	3
3130	1784	256	1
3131	1785	82432	9
3132	1785	45056	4
3133	1786	9984	24
3134	1786	2048	8
3135	1787	16384	1
3136	1788	327680	2
3137	1789	8448	2
3138	1789	256	1
3139	1790	13824	7
3140	1791	73728	6
3141	1792	36864	5
3142	1793	8960	4
3143	1794	18176	7
3144	1795	256	1
3145	1795	512	2
3146	1795	256	1
3147	1795	256	1
3148	1796	36864	6
3149	1797	19712	10
3150	1797	16640	2
3151	1797	512	1
3152	1797	4096	2
3153	1798	1280	5
3154	1799	256	1
3155	1799	512	2
3156	1799	512	2
3157	1800	9984	18
3158	1801	153600	20
3159	1802	245760	5
3160	1802	256	1
3161	1802	9216	6
3162	1802	2048	3
3163	1802	4096	1
3164	1802	4096	1
3165	1802	2048	5
3166	1802	2048	3
3167	1802	12288	2
3168	1802	2048	1
3169	1803	1024	4
3170	1804	65792	2
3171	1805	12800	4
3172	1806	1333504	31
3173	1806	361312	147
3174	1806	8192	4
3175	1806	4096	1
3176	1807	2018304	58
3177	1807	256	1
3178	1808	12288	2
3179	1809	33024	5
3180	1809	79872	10
3181	1809	1792	7
3182	1810	65536	1
3183	1811	512	2
3184	1811	134144	10
3185	1812	65536	1
3186	1813	66048	3
3187	1814	21504	19
3188	1815	1454336	202
3189	1815	82688	40
3190	1815	1728	17
3191	1815	256	1
3192	1816	28672	3
3193	1817	82432	5
3194	1817	262912	6
3195	1817	1024	3
3196	1818	4096	1
3197	1819	1280	5
3198	1819	256	1
3199	1819	256	1
3200	1819	256	1
3201	1819	256	1
3202	1819	256	1
3203	1819	2048	1
3204	1819	512	2
3205	1819	256	1
3206	1820	6400	11
3207	1821	16384	1
3208	1822	69888	3
3209	1822	65536	1
3210	1823	6144	2
3211	1824	1536	5
3212	1825	24832	4
3213	1826	262400	5
3214	1827	4096	1
3215	1828	36864	2
3216	1829	33536	6
3217	1830	65536	1
3218	1831	77312	7
3219	1832	5888	9
3220	1832	256	1
3221	1833	8448	2
3222	1834	53760	9
3223	1835	11008	9
3224	1835	4096	3
3225	1835	512	1
3226	1836	65536	1
3227	1837	25600	3
3228	1838	120320	139
3229	1839	227072	106
3230	1840	69120	75
3231	1841	121600	49
3232	1842	133376	76
3233	1842	256	1
3234	1843	101376	101
3235	1844	92160	127
3236	1845	89344	41
3237	1845	16384	1
3238	1846	175616	123
3239	1847	1024	1
3240	1848	4096	1
3241	1848	16384	1
3242	1849	2048	1
3243	1850	2324480	90
3244	1850	2560	5
3245	1850	16	1
3246	1850	4096	1
3247	1851	57344	17
3248	1851	1024	1
3249	1852	4	1
3250	1852	36	5
3251	1852	100864	20
3252	1852	256	1
3253	1853	256	1
3254	1854	14336	11
3255	1855	65792	2
3256	1856	1	1
3257	1856	151552	21
3258	1857	5376	3
3259	1858	256	1
3260	1858	256	1
3261	1859	86272	20
3262	1860	1024	3
3263	1861	96000	13
3264	1861	256	1
3265	1862	62720	30
3266	1862	1536	4
3267	1863	123648	11
3268	1863	142336	15
3269	1864	136192	7
3270	1864	4096	1
3271	1865	3072	12
3272	1865	2304	4
3273	1865	256	1
3274	1865	256	1
3275	1865	256	1
3276	1865	512	2
3277	1865	768	3
3278	1865	256	1
3279	1865	512	2
3280	1866	1024	2
3281	1866	3328	3
3282	1867	12544	3
3283	1868	65536	1
3284	1868	16640	2
3285	1869	4608	4
3286	1870	16384	2
3287	1871	6144	2
3288	1872	65792	2
3289	1872	8192	2
3290	1872	10752	5
3291	1872	1024	4
3292	1872	6144	2
3293	1872	8192	1
3294	1873	37120	6
3295	1874	318976	42
3296	1874	148	8
3297	1874	256	1
3298	1875	4096	1
3299	1876	8192	32
3300	1877	37120	6
3301	1877	3072	2
3302	1878	759296	49
3303	1878	1280	5
3304	1878	512	2
3305	1879	1792	4
3306	1880	69888	3
3307	1880	570880	29
3308	1881	69120	9
3309	1882	8448	2
3310	1883	191232	24
3311	1883	90112	3
3312	1884	24576	3
3313	1885	256	1
3314	1886	4096	1
3315	1887	256	1
3316	1887	24576	2
3317	1888	65536	1
3318	1889	65536	1
3319	1889	256	1
3320	1890	4352	2
3321	1891	768	3
3322	1891	512	2
3323	1892	8192	3
3324	1893	14336	7
3325	1895	24576	2
3326	1896	4096	1
3327	1896	4096	1
3328	1897	70912	50
3329	1897	256	1
3330	1897	8192	1
3331	1898	525312	12
3332	1899	679680	121
3333	1899	65792	2
3334	1899	256	1
3335	1900	149504	4
3336	1900	65536	1
3337	1901	25088	4
3338	1902	83200	30
3339	1902	1536	4
3340	1903	6912	5
3341	1903	256	1
3342	1904	256	1
3343	1905	65536	1
3344	1906	106496	7
3345	1906	100096	103
3346	1906	306176	60
3347	1907	5888	23
3348	1908	25088	7
3349	1909	65536	1
3350	1910	768	3
3351	1911	12544	3
3352	1912	256	1
3353	1913	1280	5
3354	1913	512	2
3355	1914	512	2
3356	1914	14592	8
3357	1915	17664	69
3358	1916	65536	1
3359	1917	761856	154
3360	1917	35584	19
3361	1917	78592	29
3362	1917	256	1
3363	1918	8192	2
3364	1918	8448	2
3365	1919	63232	21
3366	1920	16384	1
3367	1921	1024	1
3368	1922	768	2
3369	1923	7168	3
3370	1923	6912	6
3371	1923	256	1
3372	1923	96	8
3373	1925	25088	4
3374	1926	1792	4
3375	1927	4096	1
3376	1928	65536	1
3377	1928	99584	7
3378	1929	67072	7
3379	1930	8192	1
3380	1931	512	1
3381	1931	7936	10
3382	1932	512	2
3383	1932	9216	2
3384	1934	1024	1
3385	1934	6912	4
3386	1935	30208	9
3387	1936	2816	8
3388	1937	512	2
3389	1938	13056	12
3390	1939	82432	24
3391	1940	1280	5
3392	1940	1280	5
3393	1940	4096	1
3394	1940	256	1
3395	1941	17664	11
3396	1941	25600	4
3397	1942	5888	7
3398	1943	16384	1
3399	1944	1536	2
3400	1945	8192	1
3401	1946	1792	5
3402	1947	390144	12
3403	1947	3616	8
3404	1947	1024	2
3405	1947	127488	19
3406	1947	768	5
3407	1948	14080	26
3408	1948	16896	3
3409	1949	44288	10
3410	1949	45568	8
3411	1950	512	2
3412	1951	3840	15
3413	1952	140544	39
3414	1952	11776	8
3415	1953	3328	4
3416	1954	28672	13
3417	1955	8704	9
3418	1956	4096	1
3419	1957	24832	3
3420	1958	34816	9
3421	1958	1792	3
3422	1958	8192	2
3423	1959	32768	3
3424	1960	30720	8
3425	1960	1536	5
3426	1961	41728	6
3427	1962	12288	2
3428	1963	37120	6
3429	1964	8192	1
3430	1965	9728	38
3431	1965	768	3
3432	1965	256	1
3433	1965	1024	4
3434	1967	12288	3
3435	1969	2048	1
3436	1970	8704	2
3437	1971	8192	1
3438	1972	8192	1
3439	1973	282624	41
3440	1973	128	1
3441	1974	91136	5
3442	1974	256	1
3443	1974	256	1
3444	1975	393216	3
3445	1976	512	2
3446	1977	256	1
3447	1978	73728	2
3448	1979	1024	2
3449	1979	512	2
3450	1980	256	1
3451	1981	8192	1
3452	1981	8192	1
3453	1982	4096	1
3454	1982	512	1
3455	1983	16384	2
3456	1984	20480	14
3457	1984	256	1
3458	1985	8192	1
3459	1986	6144	2
3460	1986	1024	1
3461	1986	8192	1
3462	1987	16384	2
3463	1988	256	1
3464	1988	8192	1
3465	1988	8448	2
3466	1989	42496	9
3467	1989	256	1
3468	1990	49152	5
3469	1991	8192	1
3470	1992	17408	2
3471	1993	65536	1
3472	1994	34304	9
3473	1995	154112	17
3474	1995	36864	2
3475	1996	67328	5
3476	1997	9216	4
3477	1998	256	1
3478	1999	16384	2
3479	1999	2304	3
3480	2000	16384	1
3481	2000	12800	8
3482	2001	135168	26
3483	2002	69632	2
3484	2003	82432	8
3485	2004	512	1
3486	2005	512	2
3487	2006	8192	1
3488	2007	81920	3
3489	2008	82688	8
3490	2009	491776	40
3491	2010	57344	3
3492	2011	512	2
3493	2012	65536	1
3494	2013	107264	8
3495	2014	82432	43
3496	2015	7168	3
3497	2016	139264	3
3498	2016	131072	1
3499	2017	57344	5
3500	2018	20480	3
3501	2019	65536	1
3502	2021	16896	38
3503	2021	22784	36
3504	2021	1024	3
3505	2022	512	2
3506	2023	8192	1
3507	2024	139264	3
3508	2025	256	1
3509	2026	8448	2
3510	2027	256	1
3511	2027	17152	7
3512	2028	53248	4
3513	2029	12288	2
3514	2030	16384	2
3515	2031	16384	2
3516	2032	20480	2
3517	2033	9472	4
3518	2035	66304	3
3519	2036	8192	1
3520	2037	24832	5
3521	2038	65536	1
3522	2039	768	3
3523	2039	13056	16
3524	2040	139264	3
3525	2041	40960	2
3526	2042	65536	1
3527	2043	200192	6
3528	2043	32768	1
3529	2044	3072	9
3530	2045	8192	1
3531	2046	8704	2
3532	2047	4608	3
3533	2048	8192	1
3534	2049	10496	7
3535	2050	149248	9
3536	2050	32768	1
3537	2051	58112	6
3538	2051	512	2
3539	2051	7424	10
3540	2052	65536	1
3541	2053	127488	19
3542	2054	1255936	10
3543	2054	377088	75
3544	2055	1280	5
3545	2055	512	1
3546	2055	256	1
3547	2056	65536	1
3548	2057	9472	16
3549	2058	8192	1
3550	2059	73728	2
3551	2059	2304	4
3552	2059	8192	1
3553	2060	212992	7
3554	2060	6656	6
3555	2061	73728	2
3556	2062	926208	17
3557	2062	512	1
3558	2062	262144	4
3559	2062	208896	23
3560	2063	8448	3
3561	2064	73728	2
3562	2065	2304	2
3563	2066	8192	1
3564	2067	50176	9
3565	2067	2048	1
3566	2067	18432	2
3567	2068	24064	24
3568	2068	512	2
3569	2068	25344	4
3570	2069	345344	10
3571	2070	16896	4
3572	2071	24576	3
3573	2071	256	1
3574	2072	8192	1
3575	2072	4608	3
3576	2072	512	2
3577	2073	41728	14
3578	2074	16384	2
3579	2074	16384	1
3580	2075	49152	3
3581	2076	8192	2
3582	2077	8192	1
3583	2078	8192	1
3584	2079	4096	1
3585	2080	8192	1
3586	2081	40960	4
3587	2082	3840	4
3588	2083	43776	19
3589	2084	65792	2
3590	2085	8192	1
3591	2086	32768	3
3592	2086	24576	2
3593	2087	12800	4
3594	2088	8192	1
3595	2088	256	1
3596	2089	1024	1
3597	2090	8448	2
3598	2090	256	1
3599	2091	8192	1
3600	2091	3072	3
3601	2092	16842752	2
3602	2093	66816	6
3603	2094	8192	2
3604	2094	2304	2
3605	2095	65536	1
3606	2096	65536	1
3607	2097	4608	2
3608	2098	8448	3
3609	2099	6144	3
3610	2100	178944	16
3611	2101	8192	1
3612	2102	65536	1
3613	2102	256	1
3614	2103	8192	1
3615	2104	34304	16
3616	2104	130	4
3617	2105	1024	4
3618	2106	70144	15
3619	2106	256	1
3620	2107	8192	1
3621	2108	40960	7
3622	2109	8192	1
3623	2110	256	1
3624	2111	8192	1
3625	2111	256	1
3626	2112	512	1
3627	2113	34048	6
3628	2113	2816	3
3629	2114	69632	2
3630	2114	2304	8
3631	2115	3584	14
3632	2115	1024	4
3633	2116	65536	1
3634	2116	256	1
3635	2117	256	1
3636	2118	256	1
3637	2119	66816	6
3638	2120	4864	3
3639	2121	14336	3
3640	2122	124416	18
3641	2123	1024	4
3642	2124	8192	1
3643	2125	1536	3
3644	2126	6400	3
3645	2127	4352	2
3646	2127	16384	2
3647	2128	73728	2
3648	2128	8192	1
3649	2128	8192	1
3650	2129	13312	5
3651	2130	65536	1
3652	2131	131072	2
3653	2132	65536	1
3654	2132	8960	4
3655	2132	15616	10
3656	2133	256	1
3657	2134	210432	41
3658	2134	10752	6
3659	2134	2048	1
3660	2134	17408	2
3661	2134	8192	1
3662	2134	2048	1
3663	2134	2048	2
3664	2135	1280	5
3665	2135	512	2
3666	2136	8192	1
3667	2137	10240	5
3668	2137	256	1
3669	2138	4608	3
3670	2139	2048	1
3671	2140	53248	24
3672	2141	8192	1
3673	2141	4096	1
3674	2141	4096	1
3675	2142	165632	26
3676	2143	262656	6
3677	2143	65536	1
3678	2144	1536	2
3679	2144	2816	4
3680	2145	13056	4
3681	2146	4096	1
3682	2146	3840	14
3683	2147	9472	3
3684	2148	258816	37
3685	2148	64	1
3686	2148	1024	1
3687	2148	1280	5
3688	2148	128	1
3689	2149	20992	15
3690	2150	196608	7
3691	2150	512	2
3692	2151	89600	27
3693	2152	4608	4
3694	2152	2048	1
3695	2153	66816	6
3696	2154	2560	10
3697	2155	512	1
3698	2156	33280	14
3699	2156	65792	49
3700	2156	64	1
3701	2156	104448	23
3702	2156	8192	1
3703	2157	95232	8
3704	2157	3072	2
3705	2158	4608	4
3706	2158	2048	1
3707	2159	1536	3
3708	2160	758016	24
3709	2161	77824	7
3710	2161	32768	1
3711	2162	63488	10
3712	2163	19323904	30
3713	2163	1	1
3714	2163	153344	49
3715	2163	9593600	1166
3716	2163	256	1
3717	2163	33024	2
3718	2163	196608	3
3719	2164	8192	1
3720	2165	16384	2
3721	2165	196608	8
3722	2166	16384	1
3723	2167	1280	2
3724	2167	8192	1
3725	2168	2048	8
3726	2169	752640	87
3727	2170	8192	1
3728	2171	2304	9
3729	2172	8960	4
3730	2173	5376	3
3731	2174	768	3
3732	2174	1024	1
3733	2175	256	1
3734	2175	256	1
3735	2176	3555840	348
3736	2176	8960	35
3737	2176	512	1
3738	2176	256	1
3739	2176	3328	4
3740	2176	68864	14
3741	2176	4096	1
3742	2177	65536	1
3743	2178	8960	14
3744	2179	66048	3
3745	2180	10752	11
3746	2180	512	2
3747	2181	768	3
3748	2182	17152	5
3749	2183	24832	5
3750	2184	2048	2
3751	2185	9216	3
3752	2186	4096	1
3753	2187	6144	6
3754	2188	101120	9
3755	2189	805632	258
3756	2189	276	4
3757	2189	45568	178
3758	2190	73984	3
3759	2191	8704	2
3760	2192	33792	3
3761	2192	2048	1
3762	2193	2048	8
3763	2193	2816	11
3764	2193	1536	6
3765	2193	1280	5
3766	2193	512	2
3767	2193	5120	20
3768	2193	768	3
3769	2193	1280	5
3770	2193	1024	4
3771	2194	4	1
3772	2195	11008	12
3773	2195	512	2
3774	2196	1024	3
3775	2196	3072	5
3776	2196	2048	1
3777	2197	512	2
3778	2197	512	2
3779	2198	1	1
3780	2198	148736	5
3781	2199	512	2
3782	2200	256	1
3783	2201	1280	2
3784	2201	256	1
3785	2202	14848	4
3786	2203	256	1
3787	2203	2048	1
3788	2204	4352	5
3789	2205	62720	10
3790	2206	768	2
3791	2207	1792	6
3792	2208	256	1
3793	2208	65792	2
3794	2208	1280	5
3795	2209	8192	1
3796	2209	1280	5
3797	2209	512	1
3798	2210	4096	1
3799	2211	419072	10
3800	2211	1280	5
3801	2211	184320	23
3802	2211	69632	9
3803	2212	256	1
3804	2212	1536	2
3805	2213	352512	7
3806	2214	512	2
3807	2214	1536	2
3808	2214	768	2
3809	2215	7936	31
3810	2216	2931200	73
3811	2217	512	1
3812	2218	132352	6
3813	2219	1536	6
3814	2219	1792	7
3815	2220	21760	9
3816	2221	8192	1
3817	2222	8448	2
3818	2222	512	1
3819	2222	256	1
3820	2222	3072	2
3821	2223	17920	8
3822	2223	8192	1
3823	2223	1280	5
3824	2224	114688	7
3825	2225	512	2
3826	2226	262144	4
3827	2227	8192	2
3828	2228	1280	5
3829	2229	256	1
3830	2229	256	1
3831	2230	25088	4
3832	2231	1190144	36
3833	2231	7480	31
3834	2231	512	2
3835	2231	6624	14
3836	2231	256	1
3837	2233	4864	3
3838	2233	1024	1
3839	2234	120576	49
3840	2234	1024	4
3841	2234	256	1
3842	2235	20480	3
3843	2235	512	2
3844	2235	768	3
3845	2235	1536	6
3846	2236	69376	16
3847	2237	28160	6
3848	2238	67072	7
3849	2239	65536	1
3850	2240	8192	1
3851	2241	20480	2
3852	2241	20480	3
3853	2242	94208	6
3854	2244	1280	4
3855	2245	256	1
3856	2245	256	1
3857	2246	2048	1
3858	2247	65536	1
3859	2248	256	1
3860	2248	163328	15
3861	2249	20480	2
3862	2250	2048	1
3863	2251	131072	2
3864	2251	256	1
3865	2251	32	3
3866	2252	11008	9
3867	2252	2048	1
3868	2253	4096	1
3869	2254	1536	6
3870	2255	759040	88
3871	2256	8192	2
3872	2257	8192	1
3873	2258	15104	55
3874	2258	8704	3
3875	2259	65536	1
3876	2260	262144	4
3877	2260	1024	4
3878	2260	512	2
3879	2261	256	1
3880	2262	768	2
3881	2263	256	1
3882	2263	256	1
3883	2264	512	1
3884	2264	19456	19
3885	2265	65536	1
3886	2266	91648	14
3887	2266	256	1
3888	2266	10752	6
3889	2267	207360	36
3890	2267	1024	1
3891	2267	1536	5
3892	2267	256	1
3893	2268	768	2
3894	2268	768	3
3895	2269	82176	5
3896	2269	2816	8
3897	2270	256	1
3898	2270	8192	1
3899	2270	4096	13
3900	2271	13568	18
3901	2272	256	1
3902	2273	24576	2
3903	2274	256	1
3904	2274	117760	24
3905	2274	256	1
3906	2275	20480	2
3907	2276	65536	1
3908	2276	66048	7
3909	2277	12288	2
3910	2278	20224	9
3911	2279	50432	14
3912	2282	5120	5
3913	2282	40960	4
3914	2282	4352	2
3915	2283	65536	1
3916	2284	4096	1
3917	2284	3072	2
3918	2285	65536	1
3919	2286	126208	181
3920	2286	23040	33
3921	2287	10240	7
3922	2288	55040	16
3923	2288	1024	1
3924	2289	256	1
3925	2289	256	1
3926	2290	768	3
3927	2291	256	1
3928	2292	4096	1
3929	2293	7936	31
3930	2293	4096	16
3931	2294	65536	1
3932	2295	8192	1
3933	2296	256	1
3934	2297	4096	1
3935	2297	256	1
3936	2297	6912	5
3937	2298	65536	1
3938	2299	65536	1
3939	2300	171008	22
3940	2300	3072	5
3941	2301	24832	3
3942	2302	768	2
3943	2303	512	1
3944	2303	1024	1
3945	2303	8192	1
3946	2304	118784	8
3947	2305	256	1
3948	2306	9728	10
3949	2307	2048	8
3950	2307	256	1
3951	2308	4096	1
3952	2308	1280	5
3953	2309	2048	2
3954	2309	8192	1
3955	2310	24576	2
3956	2311	8192	1
3957	2312	8448	2
3958	2313	65536	1
3959	2314	65536	1
3960	2315	4352	2
3961	2315	2048	1
3962	2316	65536	1
3963	2317	8192	1
3964	2318	1536	6
3965	2319	256	1
3966	2320	1280	5
3967	2321	16793600	10
3968	2321	65536	1
3969	2321	256	1
3970	2321	256	1
3971	2322	104	7
3972	2322	4352	2
3973	2322	64	1
3974	2322	24576	3
3975	2323	36352	12
3976	2323	11008	10
3977	2323	256	1
3978	2323	6400	4
3979	2324	3584	5
3980	2325	9728	8
3981	2325	8448	7
3982	2326	65536	1
3983	2327	89088	13
3984	2327	768	3
3985	2327	256	1
3986	2328	49664	8
3987	2328	15360	16
3988	2328	256	1
3989	2329	98304	3
3990	2329	256	1
3991	2330	1280	2
3992	2330	512	2
3993	2331	256	1
3994	2332	4096	2
3995	2333	1280	5
3996	2334	65536	1
3997	2334	8192	3
3998	2335	8448	2
3999	2336	65536	1
4000	2336	6144	3
4001	2337	153088	10
4002	2337	8192	1
4003	2338	8192	2
4004	2339	2048	2
4005	2339	1280	2
4006	2340	66304	4
4007	2341	287232	7
4008	2342	18176	10
4009	2342	4096	1
4010	2343	65792	2
4011	2343	256	1
4012	2344	16384	4
4013	2345	20736	3
4014	2346	9728	5
4015	2347	1792	7
4016	2348	133632	12
4017	2349	4096	1
4018	2350	62464	12
4019	2350	22528	14
4020	2350	1024	1
4021	2351	1280	4
4022	2351	4352	2
4023	2351	7424	6
4024	2352	7168	28
4025	2352	512	2
4026	2353	20480	3
4027	2354	256	1
4028	2354	95744	11
4029	2355	2560	4
4030	2355	512	1
4031	2355	1024	1
4032	2356	13056	16
4033	2357	43008	11
4034	2358	65792	2
4035	2359	161280	32
4036	2360	17662208	222
4037	2360	420	7
4038	2360	1728	40
4039	2360	256	1
4040	2361	743424	27
4041	2361	256	1
4042	2361	256	1
4043	2361	256	1
4044	2362	69888	10
4045	2362	256	1
4046	2362	66304	3
4047	2363	8192	2
4048	2363	8192	1
4049	2364	6912	4
4050	2364	1024	1
4051	2365	2048	1
4052	2366	266240	20
4053	2366	327680	6
4054	2366	49408	3
4055	2366	49152	3
4056	2366	32768	1
4057	2366	32768	2
4058	2367	4096	1
4059	2368	1024	1
4060	2368	4096	1
4061	2369	65536	1
4062	2370	8192	1
4063	2371	11776	9
4064	2372	8704	4
4065	2372	24832	4
4066	2372	6656	4
4067	2372	5376	6
4068	2372	1280	2
4069	2372	4096	2
4070	2373	9216	2
4071	2373	8704	7
4072	2374	45056	9
4073	2374	768	2
4074	2375	165632	17
4075	2375	4608	2
4076	2376	76800	40
4077	2376	256	1
4078	2376	256	1
4079	2376	256	1
4080	2377	1024	1
4081	2377	1024	4
4082	2378	256	1
4083	2378	256	1
4084	2379	132352	7
4085	2379	65792	2
4086	2379	8192	1
4087	2380	16384	2
4088	2381	40960	4
4089	2382	269568	25
4090	2383	256	1
4091	2383	4096	1
4092	2384	16384	2
4093	2385	16384	1
4094	2386	57344	8
4095	2387	16	1
4096	2388	118784	8
4097	2389	6144	2
4098	2390	8192	1
4099	2391	8192	1
4100	2392	73472	15
4101	2393	16384	2
4102	2394	28672	8
4103	2395	8192	1
4104	2396	8704	2
4105	2397	4096	1
4106	2398	4608	3
4107	2399	65792	2
4108	2400	4096	1
4109	2402	12288	2
4110	2403	106752	5
4111	2403	256	1
4112	2404	69632	6
4113	2404	57344	17
4114	2405	512	2
4115	2405	428288	96
4116	2405	65536	1
4117	2405	28928	4
4118	2405	4608	3
4119	2406	57344	3
4120	2406	10240	4
4121	2406	1536	3
4122	2406	512	1
4123	2407	3072	5
4124	2408	8704	3
4125	2408	256	1
4126	2409	16384	5
4127	2410	110080	57
4128	2410	71424	24
4129	2411	4096	1
4130	2412	256	1
4131	2413	256	1
4132	2414	10240	3
4133	2414	3072	2
4134	2415	256	1
4135	2416	94208	9
4136	2416	49152	12
4137	2417	8448	2
4138	2417	512	2
4139	2417	256	1
4140	2418	8192	1
4141	2418	2048	2
4142	2418	256	1
4143	2419	24832	3
4144	2420	768	2
4145	2420	1247488	25
4146	2420	65536	1
4147	2421	65792	2
4148	2422	1024	4
4149	2423	256	1
4150	2423	29952	5
4151	2423	512	1
4152	2424	43264	8
4153	2424	94976	12
4154	2425	884736	48
4155	2426	944896	52
4156	2426	512	1
4157	2427	329472	12
4158	2427	8448	2
4159	2427	8704	2
4160	2428	66048	3
4161	2428	267264	21
4162	2428	256	1
4163	2429	201216	6
4164	2430	68608	6
4165	2431	4096	1
4166	2432	1792	6
4167	2433	1024	1
4168	2434	27904	31
4169	2434	14592	18
4170	2434	1280	5
4171	2435	1024	4
4172	2436	8448	2
4173	2437	65792	2
4174	2438	8960	4
4175	2439	7680	28
4176	2439	2304	7
4177	2439	4096	16
4178	2439	5888	20
4179	2440	8192	1
4180	2441	8192	1
4181	2441	1280	5
4182	2441	1536	6
4183	2441	1280	5
4184	2442	512	2
4185	2443	256	1
4186	2444	17408	5
4187	2444	2048	8
4188	2444	256	1
4189	2445	9472	3
4190	2445	19712	5
4191	2445	2560	4
4192	2446	2560	6
4193	2447	1280	5
4194	2447	768	3
4195	2447	256	1
4196	2448	73472	32
4197	2448	256	1
4198	2449	512	1
4199	2449	1280	5
4200	2450	256	1
4201	2451	2560	10
4202	2451	256	1
4203	2452	256	1
4204	2453	512	1
4205	2454	8192	1
4206	2454	2048	2
4207	2455	40960	3
4208	2455	1792	7
4209	2455	256	1
4210	2455	256	1
4211	2456	768	2
4212	2457	9984	4
4213	2458	256	1
4214	2459	8	2
4215	2459	44800	9
4216	2459	24576	6
4217	2460	8704	3
4218	2461	12288	2
4219	2462	256	1
4220	2463	48384	11
4221	2463	16384	2
4222	2463	256	1
4223	2463	2048	1
4224	2463	1024	1
4225	2463	1024	1
4226	2464	256	1
4227	2464	256	1
4228	2465	512	2
4229	2465	768	2
4230	2466	5376	10
4231	2466	5888	19
4232	2467	77568	14
4233	2467	7680	30
4234	2467	6912	11
4235	2467	2304	9
4236	2467	5376	8
4237	2467	768	3
4238	2467	2048	8
4239	2467	2304	2
4240	2468	65536	1
4241	2469	512	2
4242	2470	8192	1
4243	2471	512	2
4244	2471	13824	22
4245	2471	3072	4
4246	2471	512	2
4247	2472	8192	1
4248	2473	19456	9
4249	2473	4096	1
4250	2474	8192	1
4251	2475	65536	1
4252	2475	128	1
4253	2475	73728	2
4254	2476	2304	9
4255	2476	256	1
4256	2477	66304	15
4257	2478	8960	4
4258	2479	256	1
4259	2480	1280	5
4260	2481	4608	6
4261	2481	256	1
4262	2482	20480	3
4263	2482	32768	1
4264	2482	32768	3
4265	2483	9216	2
4266	2483	256	1
4267	2483	512	2
4268	2484	4352	2
4269	2484	3072	2
4270	2485	9984	8
4271	2485	1536	2
4272	2486	16384	1
4273	2486	2304	6
4274	2487	8192	1
4275	2488	24576	5
4276	2489	34304	44
4277	2489	7168	10
4278	2489	12032	14
4279	2489	512	2
4280	2489	19456	10
4281	2489	2048	1
4282	2489	6144	2
4283	2489	1024	3
4284	2489	1792	6
4285	2489	512	2
4286	2490	8192	1
4287	2491	8192	1
4288	2492	512	1
4289	2493	512	2
4290	2494	8192	1
4291	2495	8192	1
4292	2496	4096	1
4293	2497	1280	2
4294	2498	28928	5
4295	2499	4096	1
4296	2500	8192	2
4297	2500	142848	8
4298	2500	45056	6
4299	2501	24320	9
4300	2502	20480	4
4301	2503	16384	2
4302	2504	2304	5
4303	2505	16384	3
4304	2506	4096	1
4305	2507	4096	1
4306	2508	16384	2
4307	2508	130816	12
4308	2508	45056	5
4309	2509	90112	4
4310	2510	53248	4
4311	2511	8192	1
4312	2512	8192	2
4313	2513	166912	9
4314	2513	3072	3
4315	2514	8192	1
4316	2515	8192	1
4317	2516	184320	10
4318	2517	9216	4
4319	2518	512	2
4320	2519	68608	13
4321	2520	2304	7
4322	2521	3328	13
4323	2522	1792	6
4324	2522	1024	1
4325	2522	8192	1
4326	2524	16384	3
4327	2525	278784	35
4328	2525	19200	54
4329	2525	256	1
4330	2526	135168	16
4331	2526	1792	4
4332	2526	256	1
4333	2527	16384	1
4334	2528	75264	6
4335	2529	8192	17
4336	2529	512	2
4337	2530	512	2
4338	2531	32256	12
4339	2531	256	1
4340	2531	256	1
4341	2532	256	1
4342	2533	196864	8
4343	2534	526592	11
4344	2534	8192	1
4345	2535	6144	17
4346	2535	5632	5
4347	2535	4608	18
4348	2535	1792	7
4349	2536	768	3
4350	2537	66048	2
4351	2537	2048	4
4352	2537	1024	2
4353	2537	1024	2
4354	2537	1536	3
4355	2538	5888	23
4356	2538	3840	15
4357	2538	65792	2
4358	2539	256	1
4359	2540	3840	15
4360	2541	131072	3
4361	2541	737280	15
4362	2541	221184	9
4363	2541	16384	1
4364	2542	131072	2
4365	2543	16	1
4366	2543	512	2
4367	2543	256	1
4368	2544	9472	6
4369	2545	256	1
4370	2545	4096	2
4371	2545	69632	17
4372	2545	512	2
4373	2545	512	2
4374	2546	80384	13
4375	2547	17152	5
4376	2547	256	1
4377	2548	68352	5
4378	2548	2048	1
4379	2549	1024	1
4380	2550	254464	16
4381	2551	768	2
4382	2551	256	1
4383	2551	1024	4
4384	2552	65536	1
4385	2553	73728	2
4386	2553	4096	1
4387	2554	8192	2
4388	2555	512	2
4389	2556	24576	2
4390	2557	256	1
4391	2557	16384	1
4392	2558	65536	1
4393	2558	256	1
4394	2559	65536	1
4395	2559	4096	1
4396	2559	20480	2
4397	2560	46080	20
4398	2560	16384	2
4399	2561	4352	10
4400	2562	8960	3
4401	2562	4608	3
4402	2563	10496	9
4403	2563	24576	2
4404	2565	46080	8
4405	2566	768	3
4406	2567	768	3
4407	2567	256	1
4408	2567	256	1
4409	2567	256	1
4410	2568	54016	18
4411	2568	2048	1
4412	2569	131072	2
4413	2569	549888	8
4414	2569	256	1
4415	2569	256	1
4416	2570	152576	14
4417	2570	512	1
4418	2570	4096	1
4419	2571	87040	6
4420	2571	256	1
4421	2571	61440	7
4422	2572	13056	15
4423	2573	65536	1
4424	2574	256	1
4425	2574	8192	1
4426	2575	8192	1
4427	2576	66048	2
4428	2577	4096	1
4429	2578	8192	1
4430	2579	8192	1
4431	2580	8192	1
4432	2581	5376	4
4433	2582	18176	24
4434	2583	24832	3
4435	2584	1536	6
4436	2584	6144	7
4437	2585	10240	6
4438	2585	256	1
4439	2586	12288	2
4440	2587	71680	25
4441	2588	768	3
4442	2589	1589248	493
4443	2589	1024	1
4444	2589	10496	24
4445	2589	14848	4
4446	2589	2560	3
4447	2589	8192	2
4448	2589	2048	1
4449	2589	256	1
4450	2589	18432	3
4451	2589	2048	1
4452	2589	2048	2
4453	2590	16384	2
4454	2591	65536	1
4455	2591	32768	1
4456	2591	4864	4
4457	2592	71168	6
4458	2593	16384	1
4459	2594	20992	3
4460	2595	110848	5
4461	2595	10496	6
4462	2596	10240	5
4463	2597	8192	1
4464	2598	131072	4
4465	2600	25856	4
4466	2600	65536	1
4467	2601	768	3
4468	2602	72192	18
4469	2602	64	1
4470	2603	65792	2
4471	2603	256	1
4472	2603	128	1
4473	2604	768	2
4474	2605	16384	1
4475	2606	7936	6
4476	2607	85248	19
4477	2607	2560	10
4478	2608	5632	6
4479	2609	768	3
4480	2610	57600	93
4481	2611	104960	56
4482	2612	88832	125
4483	2613	155904	125
4484	2614	227840	8
4485	2615	8192	1
4486	2616	256	1
4487	2617	66304	4
4488	2618	1536	6
4489	2618	58368	4
4490	2619	16384	24
4491	2620	3328	13
4492	2620	256	1
4493	2621	150016	12
4494	2621	16640	23
4495	2622	768	3
4496	2623	1024	4
4497	2623	768	2
4498	2624	98304	5
4499	2625	6656	6
4500	2625	1024	1
4501	2626	2048	2
4502	2626	1024	1
4503	2627	166144	9
4504	2627	116736	4
4505	2628	4096	2
4506	2628	2048	8
4507	2628	8192	1
4508	2629	20736	56
4509	2630	1536	6
4510	2630	1536	6
4511	2630	256	1
4512	2631	256	1
4513	2632	12288	4
4514	2633	8192	1
4515	2634	1280	5
4516	2635	512	2
4517	2636	8192	1
4518	2638	1280	5
4519	2639	18432	25
4520	2639	1792	7
4521	2640	256	1
4522	2641	4352	7
4523	2641	5120	2
4524	2642	4096	4
4525	2642	1024	1
4526	2643	3328	6
4527	2644	8704	3
4528	2644	6656	5
4529	2645	79360	26
4530	2646	16384	1
4531	2647	9216	5
4532	2648	4096	1
4533	2649	83712	6
4534	2649	256	1
4535	2650	2048	1
4536	2651	1536	4
4537	2652	114688	4
4538	2653	81152	9
4539	2654	512	2
4540	2654	256	1
4541	2655	3072	5
4542	2656	6400	4
4543	2656	4096	2
4544	2656	256	1
4545	2657	32	1
4546	2657	1792	3
4547	2658	46080	52
4548	2659	65536	1
4549	2660	1280	2
4550	2660	8192	1
4551	2661	4096	1
4552	2662	131072	3
4553	2662	16384	4
4554	2662	24576	2
4555	2662	73728	2
4556	2663	39424	26
4557	2664	10752	4
4558	2665	3584	8
4559	2666	4096	16
4560	2666	4096	16
4561	2667	8192	1
4562	2668	294656	22
4563	2669	24576	2
4564	2670	80128	6
4565	2671	2048	2
4566	2672	1280	5
4567	2673	8192	1
4568	2673	254208	17
4569	2674	389632	48
4570	2674	34816	7
4571	2674	1024	1
4572	2675	256	1
4573	2675	1024	3
4574	2675	128	1
4575	2675	1024	3
4576	2675	256	1
4577	2676	133888	12
4578	2676	256	1
4579	2676	1024	1
4580	2676	256	1
4581	2677	32768	1
4582	2677	66048	3
4583	2677	65536	1
4584	2678	16384	1
4585	2678	20480	2
4586	2679	12544	3
4587	2680	20480	13
4588	2681	1024	1
4589	2682	38656	8
4590	2683	3584	7
4591	2684	16384	1
4592	2685	76928	28
4593	2685	256	1
4594	2686	12544	4
4595	2686	3328	3
4596	2687	237568	39
4597	2687	256	1
4598	2688	127232	8
4599	2688	65536	2
4600	2688	19456	8
4601	2688	98304	2
4602	2688	24576	2
4603	2688	24576	2
4604	2688	24576	3
4605	2689	4096	1
4606	2689	256	1
4607	2690	140800	18
4608	2691	1792	7
4609	2692	90624	6
4610	2692	256	1
4611	2693	8192	1
4612	2694	108032	41
4613	2695	184576	113
4614	2695	256	1
4615	2695	2048	1
4616	2696	57600	67
4617	2697	90112	35
4618	2698	22016	61
4619	2698	768	2
4620	2698	2048	3
4621	2698	256	1
4622	2699	16384	3
4623	2700	8192	1
4624	2701	920576	11
4625	2702	256	1
4626	2702	4096	1
4627	2703	4096	1
4628	2704	4096	1
4629	2705	65536	1
4630	2705	256	1
4631	2705	256	1
4632	2706	10752	7
4633	2706	512	1
4634	2706	6656	20
4635	2707	24576	2
4636	2708	18688	7
4637	2709	4352	2
4638	2710	2048	8
4639	2711	512	2
4640	2712	6656	6
4641	2712	1024	4
4642	2713	256	1
4643	2714	256	1
4644	2714	512	2
4645	2715	2048	1
4646	2715	25600	5
4647	2716	8192	1
4648	2717	1280	2
4649	2718	711424	65
4650	2718	264448	6
4651	2719	19968	13
4652	2719	256	1
4653	2720	2560	9
4654	2721	1792	7
4655	2721	512	1
4656	2722	65792	2
4657	2722	264448	10
4658	2722	18432	3
4659	2723	262400	6
4660	2723	512	2
4661	2723	256	1
4662	2724	196608	10
4663	2724	28672	4
4664	2725	24576	3
4665	2726	32768	4
4666	2727	768	3
4667	2728	1024	4
4668	2728	1536	6
4669	2729	41216	3
4670	2730	135680	18
4671	2731	4096	6
4672	2732	1280	2
4673	2733	512	2
4674	2734	66048	3
4675	2735	17152	6
4676	2736	12288	5
4677	2737	11008	7
4678	2738	7168	6
4679	2738	1024	3
4680	2738	512	1
4681	2739	1024	1
4682	2740	8192	1
4683	2741	8192	1
4684	2742	7168	13
4685	2742	65536	1
4686	2743	82176	3
4687	2743	256	1
4688	2744	186368	26
4689	2744	2560	3
4690	2744	256	1
4691	2744	3840	4
4692	2745	20480	2
4693	2746	77568	10
4694	2746	69632	17
4695	2746	392960	35
4696	2746	67840	10
4697	2746	653312	63
4698	2746	280832	17
4699	2746	12032	17
4700	2746	8960	4
4701	2747	352256	4
4702	2747	1083648	10
4703	2747	10752	3
4704	2747	65536	1
4705	2747	463872	6
4706	2747	393216	3
4707	2747	720896	3
4708	2747	458752	6
4709	2747	262144	4
4710	2747	16640	3
4711	2748	65536	1
4712	2749	2560	2
4713	2749	69120	4
4714	2749	1280	3
4715	2750	2048	1
4716	2751	512	2
4717	2752	512	1
4718	2753	12544	3
4719	2754	638976	23
4720	2755	1280	2
4721	2756	13056	5
4722	2757	49408	3
4723	2758	1280	3
4724	2759	4096	1
4725	2760	1792	7
4726	2761	256	1
4727	2761	512	1
4728	2762	66048	3
4729	2763	65536	1
4730	2764	5888	5
4731	2764	768	3
4732	2765	8192	1
4733	2765	8448	2
4734	2766	65792	2
4735	2766	1792	7
4736	2766	256	1
4737	2767	256	1
4738	2767	12288	2
4739	2768	25088	4
4740	2769	74752	9
4741	2770	8192	1
4742	2771	119808	24
4743	2771	131840	5
4744	2771	12032	23
4745	2771	128	1
4746	2772	768	2
4747	2773	8192	1
4748	2774	3072	2
4749	2775	90112	3
4750	2776	8192	1
4751	2776	8192	1
4752	2777	8192	1
4753	2778	12544	3
4754	2779	450560	7
4755	2779	401408	10
4756	2779	153600	16
4757	2779	4864	4
4758	2780	12800	3
4759	2781	8192	1
4760	2782	16384	2
4761	2783	12288	3
4762	2783	2048	1
4763	2784	65536	1
4764	2785	512	1
4765	2786	4096	1
4766	2787	256	1
4767	2787	641024	108
4768	2787	1024	1
4769	2787	1088	2
4770	2787	68608	5
4771	2787	256	1
4772	2788	2560	4
4773	2789	8448	2
4774	2790	8192	1
4775	2791	8192	1
4776	2792	3328	10
4777	2793	8192	1
4778	2794	512	2
4779	2794	33024	4
4780	2795	84736	16
4781	2795	164864	7
4782	2795	2816	11
4783	2796	10496	8
4784	2797	512	2
4785	2798	82944	5
4786	2798	256	1
4787	2799	16384	1
4788	2800	256	1
4789	2801	16384	2
4790	2802	8192	1
4791	2802	8192	1
4792	2803	16384	2
4793	2804	8192	1
4794	2805	90112	4
4795	2806	81920	3
4796	2807	16384	1
4797	2808	20480	3
4798	2809	8192	1
4799	2810	9216	2
4800	2811	12288	2
4801	2812	10752	8
4802	2813	16384	2
4803	2814	66560	2
4804	2814	1024	1
4805	2815	39168	8
4806	2816	8192	1
4807	2817	8192	1
4808	2818	9216	5
4809	2819	16384	2
4810	2820	8192	1
4811	2820	33280	2
4812	2820	128	1
4813	2821	8192	1
4814	2821	5120	2
4815	2822	90112	3
4816	2823	66048	3
4817	2824	16640	3
4818	2825	81920	3
4819	2826	32768	5
4820	2827	65792	2
4821	2828	9216	4
4822	2828	16384	1
4823	2828	256	1
4824	2829	24576	4
4825	2830	58112	8
4826	2831	8192	1
4827	2832	4096	1
4828	2833	8192	1
4829	2834	8192	1
4830	2835	240	4
4831	2835	148480	41
4832	2836	16384	2
4833	2837	4608	18
4834	2838	65536	1
4835	2839	8192	1
4836	2839	512	1
4837	2841	24576	2
4838	2842	316160	10
4839	2843	8192	1
4840	2844	24576	2
4841	2845	8192	2
4842	2846	256	1
4843	2847	8192	1
4844	2848	256	1
4845	2848	256	1
4846	2849	92928	10
4847	2850	1024	1
4848	2851	8192	1
4849	2852	256	1
4850	2852	256	1
4851	2853	74240	4
4852	2854	7168	3
4853	2855	28672	4
4854	2856	8192	1
4855	2857	256	1
4856	2858	40960	2
4857	2859	73728	2
4858	2860	8192	1
4859	2860	1280	2
4860	2861	18176	7
4861	2862	3072	3
4862	2863	7424	28
4863	2864	116992	9
4864	2865	256	1
4865	2865	256	1
4866	2866	73728	3
4867	2866	73728	6
4868	2867	473600	10
4869	2868	8192	7
4870	2869	256	1
4871	2870	8192	1
4872	2871	23296	11
4873	2871	256	1
4874	2872	256	1
4875	2873	40960	4
4876	2874	8704	2
4877	2874	512	1
4878	2874	8192	1
4879	2875	768	3
4880	2876	8192	1
4881	2877	661760	55
4882	2877	256	1
4883	2878	8448	2
4884	2879	16384	2
4885	2880	253952	10
4886	2881	2560	2
4887	2882	1280	5
4888	2883	9984	5
4889	2884	2048	8
4890	2885	24576	3
4891	2886	201472	6
4892	2887	58112	7
4893	2888	2048	1
4894	2889	67584	2
4895	2890	24576	2
4896	2891	273664	29
4897	2892	8704	2
4898	2893	8192	1
4899	2894	8192	1
4900	2895	16896	3
4901	2896	73728	2
4902	2897	9728	4
4903	2897	67328	7
4904	2898	512	1
4905	2898	8192	1
4906	2898	512	1
4907	2900	114688	6
4908	2900	4352	2
4909	2901	28928	5
4910	2902	4608	4
4911	2902	512	1
4912	2903	78848	17
4913	2903	1024	4
4914	2904	83456	8
4915	2905	13312	18
4916	2905	3072	10
4917	2906	49152	3
4918	2907	8192	1
4919	2908	8448	2
4920	2909	4096	1
4921	2909	2304	9
4922	2910	74240	3
4923	2911	16640	3
4924	2912	20480	3
4925	2913	345088	21
4926	2914	512	1
4927	2915	58112	9
4928	2916	8448	33
4929	2916	256	1
4930	2917	8192	1
4931	2918	2048	2
4932	2919	8192	1
4933	2920	11776	15
4934	2921	8192	1
4935	2922	12288	2
4936	2923	768	3
4937	2924	16640	3
4938	2925	65792	6
4939	2926	4096	1
4940	2927	9472	3
4941	2928	98816	5
4942	2929	2048	1
4943	2930	7680	7
4944	2930	256	1
4945	2931	256	1
4946	2932	520192	70
4947	2932	768	3
4948	2932	256	1
4949	2933	66048	2
4950	2934	155648	3
4951	2935	155648	6
4952	2935	109056	15
4953	2936	8192	1
4954	2937	1024	1
4955	2938	1024	1
4956	2939	9216	2
4957	2940	8192	1
4958	2941	16384	2
4959	2942	623616	27
4960	2942	8192	4
4961	2942	8192	1
4962	2943	1536	2
4963	2943	3072	2
4964	2944	8448	2
4965	2945	8704	3
4966	2946	119296	7
4967	2947	6144	2
4968	2948	8192	1
4969	2949	256	1
4970	2949	66560	3
4971	2949	512	1
4972	2950	512	1
4973	2951	1280	2
4974	2952	2048	1
4975	2953	512	1
4976	2953	256	1
4977	2954	65536	1
4978	2955	12288	2
4979	2956	125184	16
4980	2957	57344	3
4981	2958	304640	27
4982	2959	24576	3
4983	2960	4096	1
4984	2961	512	2
4985	2962	1024	1
4986	2963	1024	4
4987	2963	8192	1
4988	2964	11264	6
4989	2965	8192	1
4990	2966	4096	1
4991	2967	54016	8
4992	2968	8192	1
4993	2969	8192	1
4994	2970	8448	2
4995	2971	512	2
4996	2972	4864	10
4997	2972	90368	36
4998	2972	256	1
4999	2973	129024	9
5000	2973	4352	2
5001	2973	256	1
5002	2973	2048	1
5003	2974	8192	1
5004	2975	149504	9
5005	2976	17664	6
5006	2976	99072	4
5007	2977	8192	1
5008	2978	8192	1
5009	2979	65536	1
5010	2980	4096	1
5011	2980	32	1
5012	2981	32768	1
5013	2981	99328	8
5014	2982	8192	1
5015	2983	196608	3
5016	2984	2304	2
5017	2985	8192	1
5018	2986	12288	2
5019	2987	65536	1
5020	2988	2304	2
5021	2988	1024	1
5022	2989	9472	6
5023	2989	4096	1
5024	2990	1024	1
5025	2991	17664	7
5026	2992	8192	1
5027	2992	1024	4
5028	2992	1280	5
5029	2993	8192	1
5030	2994	1024	1
5031	2994	7168	3
5032	2995	6144	3
5033	2996	16384	1
5034	2996	256	1
5035	2997	8192	1
5036	2998	24576	2
5037	2998	40960	2
5038	2999	39424	34
5039	3000	1024	1
5040	3001	23296	6
5041	3001	28672	4
5042	3001	27136	6
5043	3001	40960	6
5044	3001	30720	5
5045	3001	48384	8
5046	3002	29952	7
5047	3003	1024	1
5048	3004	13312	7
5049	3005	8192	1
5050	3006	8192	1
5051	3007	139264	3
5052	3008	8192	1
5053	3009	24576	2
5054	3010	8192	1
5055	3011	16640	2
5056	3012	768	3
5057	3013	172032	6
5058	3014	8192	1
5059	3015	73728	5
5060	3016	8192	1
5061	3017	2304	9
5062	3018	9472	3
5063	3019	8192	1
5064	3020	5120	4
5065	3021	24576	2
5066	3022	312320	24
5067	3022	3072	12
5068	3023	16384	2
5069	3024	32768	3
5070	3025	8192	1
5071	3026	10240	2
5072	3027	24576	3
5073	3028	8192	1
5074	3028	256	1
5075	3029	8192	1
5076	3030	2048	5
5077	3030	256	1
5078	3031	4352	2
5079	3032	13568	4
5080	3033	8192	1
5081	3034	33792	3
5082	3035	3072	2
5083	3036	229376	5
5084	3037	12288	2
5085	3037	4096	1
5086	3038	512	2
5087	3039	81920	4
5088	3040	8192	1
5089	3041	16384	1
5090	3042	1024	1
5091	3043	8192	1
5092	3044	16384	2
5093	3045	139264	3
5094	3046	8192	1
5095	3047	8192	1
5096	3049	4352	2
5097	3050	16384	1
5098	3051	256	1
5099	3052	8192	1
5100	3053	8192	1
5101	3053	8192	2
5102	3054	20480	7
5103	3055	73728	2
5104	3056	512	1
5105	3056	8192	1
5106	3057	275200	5
5107	3058	17664	3
5108	3059	24576	3
5109	3060	8192	1
5110	3061	1024	4
5111	3062	8192	1
5112	3063	8192	1
5113	3064	8192	1
5114	3065	256	1
5115	3066	8448	2
5116	3067	7680	15
5117	3068	8192	1
5118	3069	9472	4
5119	3069	22016	17
5120	3069	256	1
5121	3070	512	2
5122	3070	768	3
5123	3070	256	1
5124	3070	256	1
5125	3071	8192	1
5126	3072	4352	2
5127	3073	65536	1
5128	3074	4608	3
5129	3075	256	1
5130	3076	11264	3
5131	3077	9984	8
5132	3079	8192	1
5133	3080	16384	4
5134	3080	4096	1
5135	3081	8192	1
5136	3082	11520	13
5137	3083	8192	1
5138	3084	8192	1
5139	3085	82176	3
5140	3086	3840	4
5141	3087	4096	2
5142	3088	40960	3
5143	3089	25088	5
5144	3090	13056	6
5145	3091	1280	3
5146	3092	65536	1
5147	3093	41984	5
5148	3094	1024	1
5149	3095	60416	5
5150	3095	2560	2
5151	3096	163584	115
5152	3096	512	2
5153	3096	8960	35
5154	3097	49152	6
5155	3098	8192	1
5156	3099	8448	7
5157	3100	65536	1
5158	3101	16384	1
5159	3102	31744	23
5160	3102	78080	15
5161	3103	512	2
5162	3103	512	2
5163	3103	16	1
5164	3104	256	1
5165	3105	8192	1
5166	3106	8192	1
5167	3107	4864	4
5168	3108	49408	4
5169	3108	512	2
5170	3109	4096	1
5171	3110	8192	1
5172	3111	1024	1
5173	3112	11776	4
5174	3113	32768	3
5175	3114	32768	3
5176	3114	16384	2
5177	3114	16384	4
5178	3115	4096	1
5179	3116	32768	3
5180	3117	655360	6
5181	3117	2048	2
5182	3117	65536	1
5183	3117	512	1
5184	3118	1024	1
5185	3119	8192	1
5186	3120	74752	3
5187	3121	147968	7
5188	3122	8192	1
5189	3123	16384	2
5190	3124	16384	2
5191	3125	8448	2
5192	3126	2816	8
5193	3126	1024	4
5194	3127	8192	1
5195	3128	8192	1
5196	3129	256	1
5197	3130	8192	1
5198	3131	8192	1
5199	3132	8192	1
5200	3133	8448	2
5201	3134	26880	9
5202	3134	8192	1
5203	3135	184320	11
5204	3135	381184	13
5205	3136	1024	1
5206	3137	4352	2
5207	3139	4096	1
5208	3140	58368	14
5209	3140	512	1
5210	3141	49152	4
5211	3142	118784	7
5212	3143	512	2
5213	3144	768	2
5214	3145	16384	2
5215	3146	512	1
5216	3147	18432	10
5217	3148	32768	1
5218	3149	20992	5
5219	3150	140032	10
5220	3151	8192	1
5221	3152	8192	1
5222	3153	8192	1
5223	3153	512	1
5224	3154	98304	3
5225	3155	4096	1
5226	3156	43008	11
5227	3156	25856	5
5228	3156	6144	14
5229	3156	256	1
5230	3157	8192	1
5231	3158	3840	4
5232	3159	7424	9
5233	3159	1024	1
5234	3160	8192	1
5235	3161	512	2
5236	3162	199680	15
5237	3163	8448	2
5238	3164	106496	3
5239	3165	8192	1
5240	3166	8192	1
5241	3167	8192	1
5242	3168	8192	1
5243	3168	256	1
5244	3169	98304	5
5245	3170	16640	3
5246	3171	8192	1
5247	3172	48128	7
5248	3173	8192	1
5249	3173	768	3
5250	3174	8192	1
5251	3175	16384	2
5252	3176	8192	1
5253	3177	22528	4
5254	3178	1024	3
5255	3179	512	1
5256	3180	8192	1
5257	3181	8192	1
5258	3182	8192	1
5259	3183	8192	1
5260	3184	16384	2
5261	3185	8192	1
5262	3186	8192	1
5263	3186	32	1
5264	3187	33280	6
5265	3188	57344	4
5266	3189	6144	2
5267	3189	18944	5
5268	3190	8192	1
5269	3191	8448	2
5270	3192	8192	1
5271	3193	17408	2
5272	3193	512	1
5273	3194	24832	3
5274	3195	256	1
5275	3196	8192	1
5276	3197	6912	11
5277	3197	8704	2
5278	3197	512	1
5279	3198	8192	1
5280	3199	25344	5
5281	3200	512	2
5282	3201	256	1
5283	3202	65536	1
5284	3203	8192	1
5285	3204	256	1
5286	3204	8192	1
5287	3205	8192	2
5288	3206	49664	5
5289	3206	768	3
5290	3206	512	1
5291	3207	65536	1
5292	3208	17408	2
5293	3209	8192	1
5294	3210	256	1
5295	3211	20736	5
5296	3212	512	1
5297	3212	256	1
5298	3213	16384	2
5299	3213	8192	1
5300	3214	256	1
5301	3214	256	1
5302	3214	256	1
5303	3214	256	1
5304	3215	73984	3
5305	3216	512	2
5306	3217	8192	1
5307	3218	1024	4
5308	3218	5376	21
5309	3219	7680	4
5310	3220	256	1
5311	3221	53248	4
5312	3222	1024	1
5313	3223	276736	31
5314	3223	16384	1
5315	3224	16384	3
5316	3225	106496	6
5317	3226	8448	2
5318	3227	8192	1
5319	3228	8192	1
5320	3229	131072	5
5321	3229	256	1
5322	3230	8192	1
5323	3231	14336	6
5324	3232	33024	2
5325	3233	256	1
5326	3234	8192	1
5327	3235	8192	1
5328	3236	16384	2
5329	3237	8192	1
5330	3238	1536	6
5331	3239	163840	4
5332	3240	4352	15
5333	3241	256	1
5334	3241	8192	1
5335	3242	8192	1
5336	3243	8448	2
5337	3244	2816	11
5338	3244	256	1
5339	3245	13056	5
5340	3245	256	1
5341	3246	8192	1
5342	3246	256	1
5343	3247	81920	2
5344	3248	12288	2
5345	3249	512	2
5346	3250	512	1
5347	3251	8192	1
5348	3251	1792	7
5349	3251	1024	4
5350	3252	11520	7
5351	3253	47360	5
5352	3254	512	2
5353	3255	512	1
5354	3256	8192	1
5355	3257	8704	2
5356	3258	1024	1
5357	3259	8192	1
5358	3260	1024	1
5359	3261	512	2
5360	3262	9216	2
5361	3263	1024	1
5362	3264	512	1
5363	3264	12544	3
5364	3264	8192	1
5365	3265	16384	2
5366	3266	256	1
5367	3267	103936	25
5368	3268	1024	1
5369	3269	9984	8
5370	3270	8448	2
5371	3271	65792	2
5372	3272	40960	2
5373	3273	375808	14
5374	3273	196608	3
5375	3274	65536	1
5376	3275	768	3
5377	3276	40960	2
5378	3277	256	1
5379	3277	1024	1
5380	3278	16384	1
5381	3279	10240	4
5382	3280	16384	2
5383	3281	8192	1
5384	3281	1280	4
5385	3281	7168	13
5386	3282	92928	20
5387	3282	8192	1
5388	3282	1024	4
5389	3283	256	1
5390	3284	512	1
5391	3285	8192	1
5392	3286	8448	2
5393	3286	256	1
5394	3287	1536	3
5395	3288	86016	5
5396	3289	8192	1
5397	3290	1792	4
5398	3290	8192	1
5399	3290	256	1
5400	3291	3328	12
5401	3292	12288	2
5402	3293	8192	1
5403	3294	6144	18
5404	3295	8192	1
5405	3296	14848	5
5406	3297	32768	1
5407	3298	8192	1
5408	3299	8192	1
5409	3300	26624	5
5410	3301	2560	10
5411	3301	512	1
5412	3301	512	2
5413	3301	512	2
5414	3302	20480	3
5415	3303	74752	4
5416	3303	13824	6
5417	3304	2048	1
5418	3305	1024	1
5419	3306	8192	1
5420	3307	256	1
5421	3308	8192	1
5422	3309	8704	3
5423	3310	24576	2
5424	3311	8192	1
5425	3312	256	1
5426	3313	390144	19
5427	3313	66048	3
5428	3314	3072	2
5429	3315	8192	1
5430	3316	8192	1
5431	3317	8192	1
5432	3318	9472	3
5433	3319	8192	1
5434	3320	65536	1
5435	3321	90880	5
5436	3322	8192	1
5437	3323	1024	4
5438	3324	12800	50
5439	3324	4352	17
5440	3324	256	1
5441	3324	68608	13
5442	3325	256	1
5443	3326	2048	1
5444	3328	30720	4
5445	3329	18432	4
5446	3330	2304	9
5447	3331	65536	1
5448	3332	33024	16
5449	3333	8448	2
5450	3334	512	1
5451	3334	8192	1
5452	3335	4096	1
5453	3336	8192	1
5454	3336	5376	21
5455	3336	10496	3
5456	3336	512	2
5457	3337	1024	1
5458	3338	49152	2
5459	3338	256	1
5460	3339	8448	2
5461	3340	8192	1
5462	3341	16384	1
5463	3342	8192	1
5464	3343	16384	1
5465	3343	4096	1
5466	3344	8192	1
5467	3345	9216	5
5468	3346	256	1
5469	3346	256	1
5470	3347	40960	2
5471	3348	1024	2
5472	3348	256	1
5473	3349	8192	1
5474	3350	3584	6
5475	3351	512	1
5476	3352	256	1
5477	3353	8192	1
5478	3354	65536	1
5479	3355	256	1
5480	3355	256	1
5481	3355	256	1
5482	3356	8192	1
5483	3357	8704	3
5484	3358	32768	1
5485	3359	1024	2
5486	3360	16384	2
5487	3361	4096	1
5488	3362	8192	1
5489	3363	720896	7
5490	3363	5120	4
5491	3364	81920	3
5492	3365	8192	1
5493	3366	8192	1
5494	3367	24576	2
5495	3368	8192	2
5496	3369	65536	1
5497	3370	232448	24
5498	3370	8960	20
5499	3370	36	5
5500	3370	32768	1
5501	3371	1024	1
5502	3372	256	1
5503	3373	34304	5
5504	3374	8192	1
5505	3375	507904	12
5506	3375	17664	5
5507	3375	65792	2
5508	3376	3072	3
5509	3377	14336	6
5510	3377	20480	3
5511	3377	256	1
5512	3378	512	1
5513	3379	8192	2
5514	3379	2048	7
5515	3379	1792	3
5516	3379	256	1
5517	3380	213504	24
5518	3380	1024	4
5519	3381	24576	2
5520	3382	8192	1
5521	3383	2048	2
5522	3384	8192	1
5523	3385	24576	2
5524	3386	52480	44
5525	3387	389120	7
5526	3387	16384	1
5527	3388	86784	11
5528	3388	768	2
5529	3389	12544	4
5530	3389	12800	3
5531	3390	16384	2
5532	3391	20480	2
5533	3392	8192	1
5534	3393	8192	1
5535	3393	3072	12
5536	3393	3072	12
5537	3393	1792	7
5538	3393	256	1
5539	3394	2048	1
5540	3394	1024	2
5541	3394	12032	17
5542	3394	2304	4
5543	3394	256	1
5544	3395	154880	18
5545	3395	24576	2
5546	3396	8448	2
5547	3397	768	2
5548	3398	49152	3
5549	3399	65792	2
5550	3400	512	2
5551	3401	8192	1
5552	3402	1280	2
5553	3403	16384	2
5554	3404	8192	1
5555	3405	17920	7
5556	3406	8192	1
5557	3407	6144	24
5558	3407	1792	7
5559	3408	8192	1
5560	3409	512	1
5561	3409	2048	1
5562	3410	60928	16
5563	3411	8960	4
5564	3412	2560	10
5565	3413	66560	4
5566	3414	8192	1
5567	3414	4096	1
5568	3415	82432	3
5569	3415	4096	2
5570	3415	1024	1
5571	3415	1024	1
5572	3416	16384	2
5573	3417	12544	3
5574	3417	256	1
5575	3418	8448	2
5576	3419	32768	5
5577	3419	512	1
5578	3419	256	1
5579	3420	1024	1
5580	3422	83200	55
5581	3423	8192	1
5582	3424	8192	1
5583	3424	8192	1
5584	3425	8192	1
5585	3426	44800	9
5586	3426	12288	9
5587	3427	1536	3
5588	3428	49152	2
5589	3429	8192	1
5590	3430	1024	1
5591	3431	65536	1
5592	3431	20480	2
5593	3432	8192	1
5594	3433	17408	5
5595	3434	1280	5
5596	3435	256	1
5597	3436	512	2
5598	3437	8448	2
5599	3438	12288	2
5600	3438	8192	1
5601	3439	512	2
5602	3440	2304	2
5603	3441	256	1
5604	3441	8192	1
5605	3442	8192	1
5606	3443	53248	3
5607	3444	2304	3
5608	3444	2048	7
5609	3444	256	1
5610	3444	256	1
5611	3445	8704	3
5612	3446	1792	6
5613	3446	512	2
5614	3447	7680	4
5615	3447	512	1
5616	3448	256	1
5617	3449	256	1
5618	3450	9216	2
5619	3451	2816	11
5620	3451	1280	5
5621	3451	18688	27
5622	3451	12288	2
5623	3451	256	1
5624	3451	512	2
5625	3452	1792	3
5626	3452	12800	9
5627	3452	16896	52
5628	3452	2048	1
5629	3452	5376	21
5630	3452	5120	20
5631	3453	8704	3
5632	3454	1024	4
5633	3455	512	1
5634	3456	20480	3
5635	3457	8704	2
5636	3457	4096	1
5637	3458	1536	6
5638	3458	64	1
5639	3459	8960	5
5640	3460	65536	1
5641	3460	256	1
5642	3461	512	2
5643	3462	2048	7
5644	3463	4096	1
5645	3464	8192	1
5646	3465	65536	1
5647	3466	256	1
5648	3466	512	2
5649	3467	2816	10
5650	3468	425984	10
5651	3468	147968	11
5652	3468	768	3
5653	3469	2048	1
5654	3470	12544	3
5655	3471	2048	2
5656	3472	75776	3
5657	3473	65536	1
5658	3474	8192	1
5659	3475	1220608	30
5660	3475	256	1
5661	3475	81920	2
5662	3476	768	2
5663	3477	4096	13
5664	3478	6912	16
5665	3478	256	1
5666	3479	24576	2
5667	3480	256	1
5668	3481	19456	6
5669	3482	5120	4
5670	3483	4608	3
5671	3483	2816	11
5672	3483	256	1
5673	3484	256	1
5674	3485	6144	2
5675	3486	65536	1
5676	3487	8448	2
5677	3488	8448	28
5678	3489	512	2
5679	3490	11520	29
5680	3491	182272	10
5681	3491	6144	3
5682	3491	256	1
5683	3491	256	1
5684	3492	107520	24
5685	3492	34304	12
5686	3492	7168	11
5687	3492	28672	10
5688	3493	98304	4
5689	3494	8192	1
5690	3494	1536	3
5691	3494	2048	5
5692	3495	8448	5
5693	3495	8192	1
5694	3496	49152	6
5695	3497	9728	5
5696	3497	10752	10
5697	3498	4608	3
5698	3499	8192	1
5699	3500	177408	10
5700	3501	65536	1
5701	3502	2862848	29
5702	3502	512	2
5703	3502	393216	2
5704	3503	98816	8
5705	3504	8192	1
5706	3505	4096	1
5707	3505	4096	1
5708	3506	209408	26
5709	3506	65792	2
5710	3506	256	1
5711	3506	147552	82
5712	3506	4096	1
5713	3507	12800	15
5714	3508	1024	2
5715	3509	36608	14
5716	3510	66560	4
5717	3511	65536	1
5718	3511	8192	1
5719	3511	768	3
5720	3512	47616	9
5721	3512	280	4
5722	3513	256	1
5723	3513	256	1
5724	3514	34816	4
5725	3514	5120	5
5726	3514	1024	1
5727	3515	2560	10
5728	3515	256	1
5729	3516	512	2
5730	3516	32	1
5731	3517	1280	5
5732	3518	28160	9
5733	3518	20992	4
5734	3520	32768	7
5735	3521	12288	2
5736	3522	4096	1
5737	3523	45056	7
5738	3524	65536	1
5739	3525	65536	1
5740	3526	8192	1
5741	3527	256	1
5742	3528	4096	1
5743	3529	81920	4
5744	3530	65536	1
5745	3531	65536	1
5746	3532	4096	1
5747	3533	8192	1
5748	3534	12288	2
5749	3535	16384	2
5750	3536	8448	2
5751	3537	40960	6
5752	3538	16384	3
5753	3539	2048	1
5754	3540	8192	1
5755	3541	17408	32
5756	3541	256	1
5757	3541	512	2
5758	3542	3584	6
5759	3543	768	3
5760	3543	768	2
5761	3544	6144	10
5762	3544	1024	4
5763	3544	256	1
5764	3544	256	1
5765	3545	213248	8
5766	3546	17408	5
5767	3546	16384	6
5768	3547	89600	18
5769	3547	139264	14
5770	3547	24576	3
5771	3547	8192	1
5772	3547	266240	5
5773	3548	2048	1
5774	3549	4096	1
5775	3550	7424	10
5776	3551	256	1
5777	3552	2048	1
5778	3552	1216	7
5779	3553	256	1
5780	3554	1280	2
5781	3555	256	1
5782	3556	65536	1
5783	3556	512	2
5784	3557	245760	5
5785	3557	49152	4
5786	3557	65536	4
5787	3557	16384	1
5788	3557	49152	3
5789	3557	16384	1
5790	3558	491520	9
5791	3558	131072	1
5792	3559	66560	2
5793	3561	1280	5
5794	3561	256	1
5795	3562	58368	8
5796	3562	7936	11
5797	3562	71424	9
5798	3562	1024	1
5799	3562	768	2
5800	3563	768	3
5801	3563	256	1
5802	3564	4096	13
5803	3564	1024	4
5804	3564	1536	3
5805	3565	131328	3
5806	3566	65536	1
5807	3567	65536	1
5808	3568	2560	4
5809	3569	4096	1
5810	3571	256	1
5811	3572	1024	1
5812	3573	256	1
5813	3574	241408	119
5814	3574	512	1
5815	3574	768	3
5816	3574	512	2
5817	3574	1280	5
5818	3574	512	2
5819	3575	8192	1
5820	3576	256	1
5821	3576	4	1
5822	3577	8192	1
5823	3578	65536	1
5824	3579	8192	1
5825	3580	768	3
5826	3580	256	2
5827	3581	319488	11
5828	3581	229376	4
5829	3582	2048	2
5830	3583	9984	8
5831	3584	4096	1
5832	3585	4096	3
5833	3585	1024	1
5834	3585	3072	2
5835	3586	4096	2
5836	3587	39424	14
5837	3588	256	1
5838	3588	256	1
5839	3589	12544	11
5840	3589	12288	3
5841	3590	6144	24
5842	3590	256	1
5843	3591	4096	2
5844	3592	16384	1
5845	3592	3072	2
5846	3592	8960	4
5847	3593	66560	5
5848	3594	12800	13
5849	3594	8192	1
5850	3595	256	1
5851	3596	1024	1
5852	3597	4096	1
5853	3597	4096	1
5854	3598	62720	19
5855	3599	81920	6
5856	3600	66560	4
5857	3601	65536	1
5858	3602	256	1
5859	3603	1536	3
5860	3604	1024	4
5861	3604	192	2
5862	3605	256	1
5863	3606	7680	15
5864	3607	17152	10
5865	3607	16384	1
5866	3607	256	1
5867	3608	24832	63
5868	3608	4864	12
5869	3608	2048	8
5870	3608	6144	17
5871	3608	1792	7
5872	3608	256	1
5873	3608	768	3
5874	3609	4864	4
5875	3610	6656	25
5876	3610	256	1
5877	3611	196608	3
5878	3611	256	1
5879	3611	9216	6
5880	3612	8192	1
5881	3613	4608	3
5882	3614	94208	21
5883	3615	1024	3
5884	3616	65792	2
5885	3616	32	1
5886	3617	512	2
5887	3617	512	2
5888	3618	12288	2
5889	3618	6144	3
5890	3619	51968	8
5891	3621	512	2
5892	3622	19200	5
5893	3623	512	1
5894	3624	256	1
5895	3624	32	1
5896	3625	7168	21
5897	3626	256	1
5898	3627	768	3
5899	3627	256	2
5900	3627	1280	5
5901	3628	256	1
5902	3629	64	1
5903	3629	256	1
5904	3630	65536	1
5905	3630	768	3
5906	3630	32	1
5907	3630	256	1
5908	3631	66304	4
5909	3632	256	1
5910	3632	256	1
5911	3633	32768	2
5912	3633	14336	3
5913	3634	512	2
5914	3635	256	1
5915	3636	1024	1
5916	3637	17408	2
5917	3637	3584	14
5918	3637	3840	15
5919	3638	256	1
5920	3638	512	2
5921	3639	21760	20
5922	3639	256	1
5923	3640	1536	6
5924	3641	2560	4
5925	3641	768	3
5926	3641	256	1
5927	3642	66048	3
5928	3642	256	1
5929	3642	256	1
5930	3643	256	1
5931	3643	8192	1
5932	3644	8448	2
5933	3645	512	2
5934	3645	2048	1
5935	3646	256	1
5936	3647	4608	14
5937	3647	768	2
5938	3647	512	2
5939	3648	73984	3
5940	3649	10752	11
5941	3650	5888	23
5942	3650	67584	9
5943	3650	2560	10
5944	3650	256	1
5945	3651	2560	3
5946	3652	1024	1
5947	3652	512	2
5948	3652	1024	1
5949	3653	1024	1
5950	3653	512	2
5951	3654	6144	2
5952	3655	128	1
5953	3656	256	1
5954	3657	4096	1
5955	3657	4352	2
5956	3658	4608	3
5957	3659	512	2
5958	3659	256	1
5959	3660	3072	8
5960	3661	256	1
5961	3662	8192	1
5962	3662	256	1
5963	3663	129536	71
5964	3663	67584	45
5965	3663	19712	38
5966	3663	512	2
5967	3663	65792	2
5968	3663	33536	4
5969	3664	115456	7
5970	3664	256	1
5971	3665	5376	5
5972	3666	1024	4
5973	3667	256	1
5974	3668	65536	1
5975	3669	65536	1
5976	3670	81920	3
5977	3670	200704	16
5978	3671	4096	1
5979	3672	8192	1
5980	3673	73728	2
5981	3674	45056	8
5982	3675	18432	7
5983	3675	8192	6
5984	3676	4096	1
5985	3677	4096	1
5986	3678	40960	4
5987	3679	8192	1
5988	3680	8192	1
5989	3681	96256	9
5990	3682	65536	6
5991	3683	4096	1
5992	3684	4096	1
5993	3685	12288	2
5994	3686	24576	5
5995	3687	16384	3
5996	3688	172032	6
5997	3688	24576	3
5998	3688	24576	2
5999	3688	57344	6
6000	3688	81920	3
6001	3688	24576	3
6002	3688	114688	6
6003	3689	8192	1
6004	3690	200704	4
6005	3691	4096	1
6006	3692	8192	1
6007	3693	32	1
6008	3694	16384	1
6009	3694	5120	20
6010	3694	3584	5
6011	3694	1024	1
6012	3695	6656	13
6013	3696	32	1
6014	3696	128	1
6015	3696	256	1
6016	3697	512	2
6017	3698	5376	5
6018	3699	4096	1
6019	3700	1792	6
6020	3701	1024	1
6021	3701	2048	2
6022	3701	1280	5
6023	3701	128	1
6024	3702	1024	1
6025	3703	136192	9
6026	3703	2048	1
6027	3703	16384	1
6028	3704	256	1
6029	3705	768	3
6030	3706	1024	3
6031	3706	160	2
6032	3707	4096	14
6033	3707	512	1
6034	3708	32768	2
6035	3708	32768	2
6036	3709	264448	13
6037	3710	11264	11
6038	3711	4352	17
6039	3711	3072	2
6040	3712	8448	3
6041	3713	8192	1
6042	3714	4096	1
6043	3714	5120	7
6044	3714	65536	1
6045	3715	3584	3
6046	3715	1024	1
6047	3716	42240	21
6048	3716	256	1
6049	3717	1280	4
6050	3718	8192	1
6051	3719	65536	1
6052	3720	1024	4
6053	3721	2048	7
6054	3722	256	1
6055	3723	256	1
6056	3724	8448	2
6057	3724	1024	1
6058	3726	8192	1
6059	3727	81920	3
6060	3727	65536	1
6061	3728	51200	7
6062	3728	18432	3
6063	3729	4096	1
6064	3730	256	1
6065	3731	28672	5
6066	3731	4096	1
6067	3732	768	3
6068	3732	768	3
6069	3733	64	1
6070	3734	7680	4
6071	3734	2304	2
6072	3735	5120	2
6073	3736	45056	5
6074	3736	8192	1
6075	3737	9216	8
6076	3737	256	1
6077	3738	512	2
6078	3739	768	3
6079	3740	86016	8
6080	3741	3072	12
6081	3742	8192	1
6082	3743	512	2
6083	3744	1536	5
6084	3745	159744	12
6085	3746	512	2
6086	3747	1024	1
6087	3748	1536	6
6088	3749	2048	1
6089	3750	256	1
6090	3751	15104	20
6091	3752	256	1
6092	3753	256	1
6093	3754	24576	3
6094	3754	128	1
6095	3755	256	1
6096	3755	256	1
6097	3755	512	2
6098	3756	80896	10
6099	3757	512	2
6100	3758	71680	3
6101	3759	256	1
6102	3760	1280	5
6103	3760	128	1
6104	3761	13568	19
6105	3762	3072	6
6106	3763	8192	1
6107	3764	8704	2
6108	3764	512	2
6109	3764	2048	8
6110	3764	768	3
6111	3765	58112	42
6112	3765	512	2
6113	3766	1024	4
6114	3767	32	1
6115	3767	256	1
6116	3768	8960	4
6117	3769	512	2
6118	3770	16384	2
6119	3770	512	1
6120	3771	256	1
6121	3771	512	2
6122	3772	181760	13
6123	3772	256	1
6124	3772	512	2
6125	3773	36864	5
6126	3774	2048	1
6127	3775	8192	16
6128	3776	1792	4
6129	3777	256	1
6130	3778	1280	5
6131	3779	65536	1
6132	3780	16384	2
6133	3781	1280	5
6134	3781	768	3
6135	3782	256	1
6136	3782	128	1
6137	3783	12288	2
6138	3784	1280	5
6139	3785	196608	2
6140	3786	25600	18
6141	3786	256	1
6142	3787	20480	4
6143	3788	4096	1
6144	3789	256	1
6145	3790	1572096	92
6146	3790	1280	15
6147	3790	256	1
6148	3790	32	1
6149	3791	7168	3
6150	3791	128	1
6151	3792	256	1
6152	3793	512	2
6153	3794	4096	1
6154	3794	256	1
6155	3795	8448	2
6156	3796	256	1
6157	3797	6656	5
6158	3798	8192	1
6159	3799	128	1
6160	3800	8192	1
6161	3801	256	1
6162	3801	256	1
6163	3802	68096	11
6164	3803	512	2
6165	3804	2048	8
6166	3804	768	3
6167	3805	4352	2
6168	3806	10752	10
6169	3806	1280	4
6170	3807	2048	1
6171	3807	256	1
6172	3808	20480	14
6173	3809	66304	4
6174	3809	2048	1
6175	3810	256	1
6176	3810	5632	19
6177	3811	256	1
6178	3812	65536	10
6179	3813	77824	26
6180	3813	256	1
6181	3814	4352	2
6182	3814	8	1
6183	3815	854528	93
6184	3815	512	1
6185	3816	113152	11
6186	3816	28672	4
6187	3816	256	1
6188	3816	8192	2
6189	3817	8192	1
6190	3818	142848	9
6191	3819	256	1
6192	3820	66816	6
6193	3820	131072	1
6194	3821	8192	1
6195	3821	512	1
6196	3822	954368	6
6197	3823	8192	1
6198	3823	3584	14
6199	3824	6144	2
6200	3825	26368	10
6201	3826	90112	8
6202	3828	65536	1
6203	3828	65536	3
6204	3829	81920	3
6205	3829	8192	1
6206	3830	8192	2
6207	3831	20480	3
6208	3831	3328	4
6209	3831	2048	1
6210	3831	1024	1
6211	3832	73728	2
6212	3833	4096	2
6213	3834	7424	7
6214	3835	8192	1
6215	3836	8192	10
6216	3837	14336	4
6217	3838	536576	12
6218	3839	26112	22
6219	3839	256	1
6220	3840	196864	4
6221	3840	256	1
6222	3841	252928	35
6223	3841	290816	9
6224	3841	65536	1
6225	3841	12288	2
6226	3842	8192	1
6227	3843	21504	4
6228	3844	8192	1
6229	3844	1024	1
6230	3845	8192	1
6231	3846	16896	4
6232	3847	256	1
6233	3848	64000	27
6234	3849	4864	3
6235	3849	512	1
6236	3849	2048	1
6237	3850	2048	5
6238	3851	14336	5
6239	3852	64	1
6240	3852	512	2
6241	3853	32768	4
6242	3853	8192	2
6243	3854	66048	3
6244	3854	256	1
6245	3855	256	1
6246	3856	196608	10
6247	3856	1024	1
6248	3857	1280	5
6249	3857	256	1
6250	3858	256	1
6251	3859	3072	2
6252	3860	2304	5
6253	3861	4096	1
6254	3861	12288	2
6255	3861	4096	1
6256	3862	256	1
6257	3863	256	1
6258	3864	3328	6
6259	3865	5632	4
6260	3865	1024	1
6261	3866	256	1
6262	3866	256	1
6263	3866	128	1
6264	3866	16	1
6265	3867	192	2
6266	3868	256	1
6267	3869	256	1
6268	3869	3584	14
6269	3870	256	1
6270	3870	8192	1
6271	3871	5888	4
6272	3872	256	1
6273	3873	20480	5
6274	3873	512	1
6275	3874	8192	1
6276	3874	1024	4
6277	3875	9728	4
6278	3875	256	1
6279	3875	256	1
6280	3876	65536	1
6281	3877	256	1
6282	3878	2560	10
6283	3878	512	2
6284	3879	15872	16
6285	3880	4608	3
6286	3881	9728	6
6287	3881	1280	5
6288	3882	512	2
6289	3883	13312	15
6290	3883	3584	4
6291	3884	1536	3
6292	3885	12288	2
6293	3886	512	2
6294	3887	14080	24
6295	3887	1024	4
6296	3887	256	1
6297	3887	768	3
6298	3888	8704	3
6299	3889	768	2
6300	3889	1024	1
6301	3890	41728	4
6302	3891	16384	1
6303	3892	17408	12
6304	3892	16384	13
6305	3893	8192	1
6306	3894	368640	9
6307	3894	147456	18
6308	3894	65536	8
6309	3895	6400	10
6310	3895	13568	11
6311	3895	2816	11
6312	3895	256	1
6313	3895	2048	2
6314	3895	256	1
6315	3895	1280	5
6316	3896	13312	18
6317	3897	2560	7
6318	3898	197120	4
6319	3898	4096	1
6320	3899	65536	10
6321	3899	4352	3
6322	3900	163840	8
6323	3901	298752	12
6324	3901	53248	4
6325	3901	256	1
6326	3902	72448	15
6327	3902	9216	6
6328	3902	2048	8
6329	3903	1280	5
6330	3904	3328	13
6331	3904	1792	7
6332	3905	768	3
6333	3906	218112	27
6334	3906	179200	29
6335	3906	212992	4
6336	3906	82176	10
6337	3906	88576	14
6338	3907	246016	13
6339	3907	24576	6
6340	3907	512	2
6341	3908	22528	13
6342	3909	8192	1
6343	3909	256	1
6344	3910	256	1
6345	3911	41216	3
6346	3911	8192	8
6347	3912	165120	69
6348	3913	16384	4
6349	3914	256	1
6350	3915	512	2
6351	3916	1024	1
6352	3917	6400	6
6353	3918	8704	7
6354	3919	8192	4
6355	3920	2048	2
6356	3921	1536	6
6357	3922	66560	5
6358	3923	8448	9
6359	3925	2048	1
6360	3926	512	2
6361	3927	512	2
6362	3928	256	1
6363	3929	4864	7
6364	3930	18176	15
6365	3931	256	1
6366	3931	64	1
6367	3932	256	1
6368	3933	256	1
6369	3934	4096	1
6370	3935	256	1
6371	3936	2304	9
6372	3936	256	1
6373	3937	5120	2
6374	3938	65536	1
6375	3939	1024	2
6376	3939	512	2
6377	3940	8192	1
6378	3941	5120	5
6379	3941	1280	2
6380	3941	9728	7
6381	3942	4096	1
6382	3943	65536	1
6383	3944	71680	3
6384	3945	4096	1
6385	3946	65536	1
6386	3947	8192	2
6387	3948	36864	3
6388	3949	73728	3
6389	3950	16384	4
6390	3951	12288	3
6391	3952	8192	2
6392	3953	8192	2
6393	3954	8192	1
6394	3954	4096	1
6395	3955	4096	1
6396	3956	243712	14
6397	3956	79872	5
6398	3957	4096	1
6399	3958	118784	20
6400	3958	16384	4
6401	3959	8192	2
6402	3960	16384	4
6403	3961	126976	8
6404	3962	65536	1
6405	3963	4608	2
6406	3964	4096	1
6407	3965	12544	4
6408	3966	16640	5
6409	3967	4096	1
6410	3968	6144	2
6411	3968	256	1
6412	3969	1280	2
6413	3969	71936	13
6414	3969	768	3
6415	3970	12544	3
6416	3970	1280	5
6417	3971	66048	3
6418	3972	25856	37
6419	3972	6912	13
6420	3972	2048	1
6421	3973	8192	1
6422	3973	8192	2
6423	3974	12288	2
6424	3975	8704	2
6425	3976	512	1
6426	3977	144	2
6427	3978	256	1
6428	3979	4096	1
6429	3980	2048	2
6430	3981	5888	6
6431	3981	256	1
6432	3982	32	1
6433	3982	64	1
6434	3982	256	1
6435	3983	81920	4
6436	3983	2048	1
6437	3984	65536	1
6438	3985	2304	4
6439	3986	64	1
6440	3987	65536	1
6441	3988	4096	1
6442	3989	1280	2
6443	3990	384	3
6444	3991	512	2
6445	3992	2816	9
6446	3993	4096	2
6447	3994	3328	3
6448	3995	3072	4
6449	3996	8192	1
6450	3997	8192	1
6451	3998	1792	7
6452	3998	2304	9
6453	3998	2048	7
6454	3998	1536	6
6455	3998	4608	12
6456	3998	512	1
6457	3998	256	1
6458	3998	1536	6
6459	3999	256	1
6460	4000	8192	1
6461	4001	8192	1
6462	4002	2304	8
6463	4002	256	1
6464	4004	1536	5
6465	4004	256	1
6466	4005	256	1
6467	4006	7680	8
6468	4007	114688	18
6469	4008	5120	11
6470	4008	3840	8
6471	4009	73984	5
6472	4009	4096	1
6473	4010	3840	7
6474	4010	1536	3
6475	4011	8192	1
6476	4012	59392	30
6477	4012	26112	8
6478	4012	8192	1
6479	4012	8704	2
6480	4012	512	2
6481	4013	32768	3
6482	4014	8192	1
6483	4015	65536	1
6484	4015	65536	1
6485	4015	8192	1
6486	4015	4096	1
6487	4016	8192	8
6488	4017	26624	3
6489	4018	768	2
6490	4019	12544	11
6491	4020	8192	1
6492	4021	8192	1
6493	4022	8192	1
6494	4023	1280	4
6495	4023	1024	4
6496	4024	18944	8
6497	4024	16384	27
6498	4024	256	1
6499	4024	512	2
6500	4024	512	2
6501	4024	256	1
6502	4025	256	1
6503	4026	2048	1
6504	4027	2048	1
6505	4028	8704	5
6506	4029	1024	3
6507	4029	256	1
6508	4030	14592	26
6509	4030	1792	7
6510	4030	1024	4
6511	4030	4352	8
6512	4030	512	2
6513	4030	1792	3
6514	4030	2304	6
6515	4030	256	1
6516	4031	4352	2
6517	4031	184	8
6518	4032	512	2
6519	4033	512	2
6520	4033	32	1
6521	4034	1024	3
6522	4035	8192	1
6523	4035	8192	2
6524	4036	8192	1
6525	4037	43264	7
6526	4037	512	2
6527	4037	256	1
6528	4038	4096	1
6529	4039	256	1
6530	4040	1280	5
6531	4040	1024	4
6532	4041	8960	4
6533	4041	2560	10
6534	4042	256	1
6535	4042	512	2
6536	4042	1280	2
6537	4043	8704	4
6538	4043	2048	1
6539	4043	2048	5
6540	4044	512	2
6541	4045	4096	1
6542	4046	1280	3
6543	4047	3328	4
6544	4048	16384	3
6545	4049	768	3
6546	4050	8192	5
6547	4051	17408	16
6548	4052	256	1
6549	4053	256	1
6550	4054	256	2
6551	4054	256	1
6552	4054	16	1
6553	4055	8	1
6554	4055	1792	4
6555	4056	1024	1
6556	4057	85760	12
6557	4057	256	1
6558	4058	256	1
6559	4059	256	1
6560	4060	3072	4
6561	4061	8960	4
6562	4062	256	1
6563	4062	256	1
6564	4062	128	1
6565	4063	2048	7
6566	4063	1280	2
6567	4064	768	3
6568	4065	1536	2
6569	4066	512	2
6570	4067	256	1
6571	4068	1024	4
6572	4068	256	1
6573	4069	8192	2
6574	4070	768	3
6575	4071	256	1
6576	4072	7936	5
6577	4073	4096	5
6578	4074	256	1
6579	4074	4864	9
6580	4075	512	1
6581	4076	1280	5
6582	4077	65536	1
6583	4078	2560	2
6584	4079	4352	16
6585	4079	5632	8
6586	4079	15616	14
6587	4079	256	1
6588	4080	256	1
6589	4081	24576	2
6590	4082	256	1
6591	4083	31488	44
6592	4084	4096	1
6593	4085	8192	1
6594	4085	1280	5
6595	4085	2048	1
6596	4086	256	1
6597	4087	256	1
6598	4088	4096	1
6599	4088	128	1
6600	4088	256	1
6601	4089	1280	2
6602	4090	2560	2
6603	4090	1024	2
6604	4090	4608	3
6605	4091	256	1
6606	4092	41472	47
6607	4092	70656	10
6608	4092	2560	10
6609	4092	13312	3
6610	4093	4096	16
6611	4094	512	1
6612	4094	512	2
6613	4095	256	1
6614	4096	1536	2
6615	4097	256	1
6616	4098	4096	1
6617	4098	2304	2
6618	4099	512	1
6619	4099	192	2
6620	4100	256	1
6621	4101	1024	4
6622	4102	4096	1
6623	4103	3584	11
6624	4103	768	3
6625	4103	2048	1
6626	4104	768	2
6627	4104	512	1
6628	4105	256	1
6629	4106	69120	25
6630	4107	1280	5
6631	4108	9216	11
6632	4109	65536	1
6633	4110	256	1
6634	4111	8704	3
6635	4112	768	3
6636	4112	1024	1
6637	4113	3072	2
6638	4114	2048	8
6639	4115	9984	4
6640	4116	2816	8
6641	4116	256	1
6642	4117	16640	4
6643	4118	196608	3
6644	4118	768	3
6645	4119	4096	1
6646	4120	69888	3
6647	4121	10752	9
6648	4122	1024	1
6649	4123	19200	12
6650	4124	512	1
6651	4124	1024	1
6652	4124	256	1
6653	4124	256	1
6654	4125	256	1
6655	4126	17920	45
6656	4126	512	2
6657	4127	65536	1
6658	4127	256	1
6659	4128	2048	1
6660	4129	5120	6
6661	4130	49152	3
6662	4131	768	3
6663	4131	256	1
6664	4132	2560	10
6665	4133	256	1
6666	4134	768	3
6667	4134	1024	3
6668	4134	512	1
6669	4134	512	1
6670	4135	4352	2
6671	4135	1024	1
6672	4135	512	2
6673	4136	126976	18
6674	4137	12800	10
6675	4137	5888	6
6676	4138	42496	5
6677	4139	256	1
6678	4139	4608	7
6679	4140	73728	9
6680	4141	2304	5
6681	4142	512	2
6682	4143	256	1
6683	4144	2048	1
6684	4144	1024	1
6685	4145	65536	1
6686	4146	70144	5
6687	4147	7168	6
6688	4148	512	1
6689	4149	1024	1
6690	4149	1024	2
6691	4150	768	2
6692	4151	65792	2
6693	4151	4096	1
6694	4152	8192	1
6695	4153	768	2
6696	4153	3328	4
6697	4154	512	2
6698	4155	32768	1
6699	4157	2048	1
6700	4158	8192	1
6701	4159	4096	1
6702	4160	256	1
6703	4160	18176	10
6704	4160	256	1
6705	4161	65536	1
6706	4162	256	1
6707	4162	512	1
6708	4163	8192	1
6709	4164	24576	2
6710	4165	65536	1
6711	4166	8704	3
6712	4167	1024	4
6713	4167	512	2
6714	4168	8448	2
6715	4169	256	1
6716	4170	13312	6
6717	4171	196864	4
6718	4172	16384	1
6719	4173	4096	1
6720	4173	512	2
6721	4174	256	1
6722	4174	768	3
6723	4175	512	2
6724	4176	86016	10
6725	4177	106240	15
6726	4177	90112	9
6727	4177	256	1
6728	4178	1024	4
6729	4179	1280	4
6730	4180	65536	1
6731	4181	512	2
6732	4182	4096	9
6733	4183	256	1
6734	4184	32768	4
6735	4185	32768	2
6736	4186	65536	1
6737	4187	65536	1
6738	4188	524288	9
6739	4188	229376	4
6740	4188	32768	1
6741	4189	783104	32
6742	4189	1024	1
6743	4189	4096	1
6744	4190	11008	9
6745	4190	71168	13
6746	4191	1024	4
6747	4191	73472	17
6748	4192	5632	4
6749	4193	65536	1
6750	4193	24832	4
6751	4193	4352	3
6752	4193	28672	4
6753	4194	80640	7
6754	4195	28928	7
6755	4195	32768	1
6756	4196	66816	3
6757	4197	65280	12
6758	4198	4096	1
6759	4199	4096	13
6760	4200	12288	6
6761	4201	65536	1
6762	4202	3840	5
6763	4203	512	1
6764	4203	3072	11
6765	4204	4981248	29
6766	4204	394752	12
6767	4204	512	2
6768	4204	256	1
6769	4204	1024	3
6770	4204	512	2
6771	4204	512	2
6772	4204	256	1
6773	4205	65536	1
6774	4205	768	2
6775	4206	512	1
6776	4207	4352	7
6777	4207	2560	3
6778	4208	66048	3
6779	4208	512	2
6780	4209	1536	3
6781	4209	256	1
6782	4210	1024	4
6783	4211	12288	2
6784	4212	256	1
6785	4213	38144	10
6786	4213	4096	1
6787	4213	256	1
6788	4214	11264	29
6789	4216	1024	4
6790	4216	4096	16
6791	4216	3072	12
6792	4216	768	3
6793	4217	53248	8
6794	4217	23552	12
6795	4217	512	2
6796	4217	6144	2
6797	4218	512	2
6798	4219	256	1
6799	4219	1024	1
6800	4219	256	1
6801	4220	81920	3
6802	4221	1024	1
6803	4222	16384	2
6804	4223	125	29
6805	4224	2048	1
6806	4225	3328	5
6807	4226	2304	5
6808	4226	165888	11
6809	4227	65536	1
6810	4228	65536	1
6811	4229	465408	14
6812	4231	681728	19
6813	4232	2048	5
6814	4233	65792	2
6815	4233	1024	4
6816	4233	256	1
6817	4234	512	2
6818	4235	256	1
6819	4236	59136	48
6820	4236	82944	48
6821	4236	20992	19
6822	4236	12544	20
6823	4236	13568	11
6824	4236	256	1
6825	4236	256	1
6826	4237	76032	13
6827	4238	256	1
6828	4239	768	3
6829	4240	512	1
6830	4241	256	1
6831	4242	2048	4
6832	4242	1024	1
6833	4243	8704	3
6834	4244	3072	2
6835	4245	65536	1
6836	4246	4608	18
6837	4247	262656	6
6838	4248	7680	10
6839	4249	3072	6
6840	4250	15360	9
6841	4251	2048	1
6842	4251	4096	1
6843	4251	2048	1
6844	4251	6144	3
6845	4252	65536	1
6846	4253	2048	2
6847	4254	65536	1
6848	4255	8192	1
6849	4256	1280	5
6850	4256	512	2
6851	4256	256	1
6852	4257	66560	5
6853	4258	512	2
6854	4259	7168	3
6855	4260	1024	1
6856	4261	256	1
6857	4262	65536	1
6858	4263	768	3
6859	4264	86016	5
6860	4264	16384	1
6861	4264	256	1
6862	4265	73216	9
6863	4265	1536	6
6864	4265	512	1
6865	4266	30208	10
6866	4266	4096	1
6867	4267	1792	4
6868	4267	7680	5
6869	4268	16896	4
6870	4269	15104	8
6871	4270	2048	1
6872	4270	10240	10
6873	4271	512	1
6874	4272	2048	1
6875	4273	256	1
6876	4273	5120	3
6877	4274	768	3
6878	4275	512	2
6879	4276	4096	1
6880	4277	512	2
6881	4278	8448	2
6882	4279	1536	3
6883	4280	15360	5
6884	4280	256	1
6885	4281	19712	5
6886	4281	16384	2
6887	4282	5888	7
6888	4283	65792	2
6889	4283	262400	5
6890	4284	2048	4
6891	4284	256	1
6892	4285	4096	7
6893	4286	8192	1
6894	4287	14848	58
6895	4287	11264	44
6896	4288	1792	7
6897	4289	721152	5
6898	4289	53504	7
6899	4290	8192	1
6900	4290	1536	6
6901	4291	4096	1
6902	4293	8192	1
6903	4293	5120	2
6904	4294	1536	3
6905	4295	512	2
6906	4296	2048	8
6907	4297	11008	14
6908	4298	254464	19
6909	4298	1280	5
6910	4298	3072	12
6911	4299	256	1
6912	4299	512	1
6913	4299	1536	2
6914	4299	1280	5
6915	4299	256	1
6916	4300	1536	2
6917	4301	65536	1
6918	4302	1280	4
6919	4302	512	2
6920	4303	256	1
6921	4304	4864	19
6922	4305	512	2
6923	4305	1024	1
6924	4305	256	1
6925	4305	1792	5
6926	4306	65536	1
6927	4306	4096	2
6928	4307	6912	4
6929	4308	8448	2
6930	4309	65536	1
6931	4310	768	3
6932	4311	1280	5
6933	4312	16384	1
6934	4313	1024	4
6935	4314	13056	4
6936	4315	8192	1
6937	4316	256	1
6938	4316	65536	1
6939	4316	11776	12
6940	4316	512	1
6941	4316	1792	4
6942	4316	3328	5
6943	4317	10752	3
6944	4318	524288	4
6945	4318	262144	4
6946	4318	65536	1
6947	4319	6144	2
6948	4320	12288	2
6949	4321	16128	10
6950	4322	2560	3
6951	4323	17408	2
6952	4324	8192	1
6953	4325	11008	8
6954	4326	256	1
6955	4327	25856	14
6956	4328	2304	3
6957	4329	131072	2
6958	4329	65536	1
6959	4330	256	1
6960	4331	2816	11
6961	4331	256	1
6962	4331	256	1
6963	4332	8192	1
6964	4333	76032	4
6965	4334	68096	11
6966	4334	512	2
6967	4335	512	2
6968	4336	32768	2
6969	4336	3072	4
6970	4337	13312	11
6971	4338	6912	11
6972	4339	106496	5
6973	4340	2048	3
6974	4342	16384	1
6975	4342	16384	2
6976	4342	20992	19
6977	4343	5120	6
6978	4344	736512	57
6979	4344	256	1
6980	4345	65792	2
6981	4346	4096	1
6982	4346	2048	1
6983	4346	2048	1
6984	4347	256	1
6985	4347	6144	2
6986	4348	3584	3
6987	4349	16384	2
6988	4350	8960	20
6989	4350	24064	14
6990	4350	512	2
6991	4351	1280	5
6992	4352	13312	3
6993	4353	81920	2
6994	4354	256	1
6995	4354	768	3
6996	4355	10752	5
6997	4356	4096	1
6998	4357	66048	3
6999	4358	512	2
7000	4359	67840	10
7001	4360	131584	4
7002	4360	256	1
7003	4361	65536	1
7004	4362	9472	3
7005	4363	7424	11
7006	4364	4096	4
7007	4364	512	1
7008	4365	512	1
7009	4365	256	1
7010	4366	6400	3
7011	4367	1536	2
7012	4368	8192	1
7013	4370	17152	5
7014	4370	8192	1
7015	4371	2048	2
7016	4371	1024	1
7017	4371	512	2
7018	4372	9472	5
7019	4373	768	2
7020	4374	134656	8
7021	4375	4352	8
7022	4375	512	1
7023	4376	256	1
7024	4377	48640	12
7025	4378	129280	21
7026	4378	1792	4
7027	4379	67584	2
7028	4379	2816	11
7029	4380	163840	10
7030	4380	147456	6
7031	4380	8960	4
7032	4380	4096	1
7033	4380	8192	2
7034	4381	6912	27
7035	4382	241664	23
7036	4383	2048	8
7037	4383	1792	7
7038	4384	32768	1
7039	4384	1024	1
7040	4385	5888	23
7041	4386	16384	2
7042	4386	256	1
7043	4387	1024	1
7044	4388	36864	2
7045	4388	4096	1
7046	4389	3328	13
7047	4389	1024	4
7048	4389	2560	10
7049	4390	1024	4
7050	4391	768	2
7051	4391	131072	2
7052	4392	11264	3
7053	4392	4352	17
7054	4393	9216	2
7055	4394	12544	3
7056	4395	4608	2
7057	4396	256	1
7058	4397	24576	3
7059	4398	20480	3
7060	4398	17152	4
7061	4399	256	1
7062	4400	1024	4
7063	4400	140800	9
7064	4400	165120	20
7065	4401	11264	3
7066	4401	1024	1
7067	4402	5888	12
7068	4403	131840	22
7069	4404	16384	1
7070	4405	327936	6
7071	4406	24576	2
7072	4407	8192	4
7073	4408	147456	3
7074	4408	65536	1
7075	4409	8192	1
7076	4410	20992	4
7077	4410	3584	11
7078	4411	65536	1
7079	4413	2048	2
7080	4414	8192	1
7081	4415	98304	3
7082	4415	16384	1
7083	4416	9216	3
7084	4416	512	1
7085	4417	256	1
7086	4418	512	2
7087	4418	512	2
7088	4419	17408	6
7089	4420	256	1
7090	4421	16384	1
7091	4422	512	2
7092	4423	1792	3
7093	4424	6656	4
7094	4425	6400	3
7095	4425	6400	3
7096	4426	28672	4
7097	4427	15360	29
7098	4427	256	1
7099	4427	12800	19
7100	4428	1280	2
7101	4428	2048	5
7102	4429	2304	2
7103	4430	2304	2
7104	4430	256	1
7105	4431	65536	1
7106	4432	1024	1
7107	4433	65536	1
7108	4434	256	1
7109	4435	125696	44
7110	4435	1280	4
7111	4436	172800	23
7112	4436	17152	7
7113	4436	256	1
7114	4436	384	4
7115	4437	88320	47
7116	4437	768	3
7117	4438	39680	21
7118	4438	512	1
7119	4438	1280	4
7120	4439	512	2
7121	4440	6144	22
7122	4440	2048	1
7123	4441	1280	3
7124	4441	256	1
7125	4442	512	1
7126	4442	4096	1
7127	4443	210176	8
7128	4444	1024	1
7129	4445	65792	2
7130	4445	59392	4
7131	4446	256	1
7132	4446	1024	1
7133	4447	23040	16
7134	4447	15616	8
7135	4447	66560	5
7136	4448	256	1
7137	4448	8192	1
7138	4449	68352	12
7139	4450	512	2
7140	4450	256	1
7141	4451	1792	6
7142	4451	256	1
7143	4452	6400	20
7144	4452	512	2
7145	4452	1024	1
7146	4452	512	2
7147	4453	24576	2
7148	4454	512	1
7149	4455	2560	4
7150	4456	1024	1
7151	4456	256	1
7152	4456	2048	1
7153	4457	6144	2
7154	4457	1536	4
7155	4458	512	2
7156	4459	12544	3
7157	4461	131072	5
7158	4462	512	2
7159	4463	512	2
7160	4463	256	1
7161	4464	1024	1
7162	4465	17408	2
7163	4466	512	2
7164	4467	131584	4
7165	4467	68352	12
7166	4467	1536	6
7167	4468	65536	1
7168	4469	131072	2
7169	4469	32768	1
7170	4470	65536	1
7171	4471	61696	14
7172	4472	256	1
7173	4472	128	1
7174	4473	512	1
7175	4473	1024	4
7176	4474	65536	1
7177	4474	65792	2
7178	4475	2048	1
7179	4476	4096	16
7180	4476	512	2
7181	4477	4864	3
7182	4478	768	3
7183	4479	1280	3
7184	4479	1024	4
7185	4480	114432	42
7186	4481	14848	8
7187	4482	4096	1
7188	4483	2048	2
7189	4484	1280	2
7190	4485	1536	4
7191	4485	256	1
7192	4487	548864	51
7193	4488	65536	1
7194	4489	8192	1
7195	4490	768	3
7196	4491	6400	21
7197	4492	512	2
7198	4493	3103232	51
7199	4493	1521408	40
7200	4493	256	1
7201	4494	768	3
7202	4495	256	1
7203	4496	256	1
7204	4497	256	1
7205	4497	3072	12
7206	4497	2560	9
7207	4497	256	1
7208	4497	256	1
7209	4498	1280	2
7210	4499	12288	8
7211	4500	512	2
7212	4500	256	1
7213	4500	256	1
7214	4500	512	2
7215	4501	1280	3
7216	4502	768	3
7217	4503	8192	1
7218	4504	8448	2
7219	4505	3328	9
7220	4506	368896	8
7221	4507	5120	2
7222	4508	512	2
7223	4509	66304	4
7224	4509	8448	2
7225	4510	12288	2
7226	4511	98304	3
7227	4512	512	1
7228	4512	4608	11
7229	4513	1024	1
7230	4514	5120	6
7231	4515	15104	12
7232	4516	4096	2
7233	4517	65536	1
7234	4518	12288	2
7235	4519	65536	1
7236	4520	2048	1
7237	4521	16640	29
7238	4521	512	2
7239	4523	1024	4
7240	4524	148480	20
7241	4525	12032	15
7242	4526	13568	4
7243	4526	1024	1
7244	4527	256	1
7245	4528	1024	1
7246	4529	4864	7
7247	4530	3072	5
7248	4531	7168	5
7249	4531	1024	2
7250	4532	4608	4
7251	4533	256	1
7252	4534	256	1
7253	4535	65536	1
7254	4536	1536	3
7255	4536	11264	18
7256	4536	768	3
7257	4537	8192	1
7258	4538	65536	1
7259	4539	66304	4
7260	4539	768	3
7261	4539	512	2
7262	4539	256	1
7263	4539	256	1
7264	4540	65536	1
7265	4541	4608	3
7266	4542	1024	3
7267	4542	5120	2
7268	4543	1024	4
7269	4544	6400	5
7270	4545	65536	1
7271	4547	16384	1
7272	4548	142848	79
7273	4548	66304	23
7274	4548	25856	9
7275	4548	1024	4
7276	4549	4096	1
7277	4549	768	3
7278	4550	29440	22
7279	4551	65536	1
7280	4552	256	1
7281	4552	9984	8
7282	4552	5120	5
7283	4553	1024	4
7284	4554	65536	1
7285	4555	5376	4
7286	4556	8192	1
7287	4557	3328	13
7288	4557	256	1
7289	4558	256	1
7290	4559	67328	7
7291	4560	1024	1
7292	4561	25856	7
7293	4562	1024	4
7294	4562	256	1
7295	4563	6144	7
7296	4564	65536	1
7297	4565	4864	4
7298	4565	4608	6
7299	4566	19456	8
7300	4566	1280	2
7301	4567	117760	29
7302	4567	256	1
7303	4567	1024	4
7304	4568	1792	5
7305	4569	8704	7
7306	4569	256	1
7307	4570	155648	4
7308	4571	16384	1
7309	4571	16640	3
7310	4571	512	2
7311	4572	40960	4
7312	4573	102400	5
7313	4574	90112	4
7314	4574	768	3
7315	4575	4096	1
7316	4576	256	1
7317	4577	36864	7
7318	4577	4096	1
7319	4577	256	1
7320	4578	6144	10
7321	4579	16384	1
7322	4580	256	1
7323	4581	6144	5
7324	4582	256	1
7325	4583	4352	2
7326	4583	256	1
7327	4584	1024	4
7328	4584	256	1
7329	4585	256	1
7330	4586	512	2
7331	4587	256	1
7332	4587	256	1
7333	4587	1024	4
7334	4588	768	3
7335	4589	284928	53
7336	4589	2560	10
7337	4589	2304	2
7338	4590	65536	1
7339	4591	65536	1
7340	4592	20736	5
7341	4593	6912	12
7342	4594	256	1
7343	4595	11264	6
7344	4596	8448	2
7345	4597	65792	2
7346	4598	2816	9
7347	4598	32	1
7348	4599	2816	4
7349	4599	1536	4
7350	4600	2048	1
7351	4601	2304	2
7352	4602	512	2
7353	4602	66304	4
7354	4603	24576	2
7355	4604	768	3
7356	4604	1536	2
7357	4605	512	2
7358	4606	65536	1
7359	4607	768	2
7360	4607	256	1
7361	4608	61440	4
7362	4608	4096	1
7363	4609	4096	1
7364	4610	6912	4
7365	4611	2048	4
7366	4612	256	1
7367	4613	5632	3
7368	4614	59136	16
7369	4614	16384	20
7370	4615	26624	5
7371	4616	4096	1
7372	4617	4096	1
7373	4618	512	2
7374	4619	10240	8
7375	4620	15360	8
7376	4621	2560	3
7377	4622	1536	4
7378	4623	65536	1
7379	4624	73728	17
7380	4625	11520	9
7381	4626	512	2
7382	4627	4096	1
7383	4627	3840	15
7384	4628	7424	5
7385	4629	768	3
7386	4629	4352	2
7387	4629	512	2
7388	4630	4096	1
7389	4631	16384	1
7390	4632	1536	6
7391	4632	512	2
7392	4633	80640	15
7393	4633	2816	3
7394	4634	3328	13
7395	4635	2816	11
7396	4636	3072	3
7397	4637	65536	1
7398	4637	20224	23
7399	4638	512	2
7400	4639	66560	5
7401	4639	16384	1
7402	4640	2048	8
7403	4641	168448	28
7404	4642	65792	2
7405	4643	20992	34
7406	4643	57088	18
7407	4644	9472	6
7408	4644	256	1
7409	4645	256	1
7410	4646	6400	25
7411	4647	7424	4
7412	4648	24576	2
7413	4649	17664	3
7414	4650	131584	4
7415	4650	256	1
7416	4651	6144	2
7417	4652	256	1
7418	4652	256	1
7419	4652	256	1
7420	4653	1024	1
7421	4653	512	2
7422	4654	256	1
7423	4655	66048	3
7424	4656	768	2
7425	4657	65536	1
7426	4657	768	3
7427	4658	73728	2
7428	4658	8192	1
7429	4659	3328	13
7430	4660	65536	20
7431	4660	768	3
7432	4660	256	1
7433	4661	27904	11
7434	4662	65536	1
7435	4663	15104	7
7436	4663	2048	1
7437	4664	1024	2
7438	4664	1024	2
7439	4665	11520	9
7440	4666	16640	32
7441	4666	512	2
7442	4667	67584	2
7443	4668	19456	8
7444	4669	8192	1
7445	4670	520704	208
7446	4671	1024	1
7447	4672	25600	47
7448	4673	1536	6
7449	4674	19456	13
7450	4675	2048	2
7451	4676	8192	1
7452	4677	65536	1
7453	4678	3328	5
7454	4679	14848	5
7455	4680	41216	5
7456	4680	4096	1
7457	4680	256	1
7458	4681	512	2
7459	4682	14336	3
7460	4683	138752	10
7461	4684	1024	1
7462	4685	256	1
7463	4685	256	1
7464	4686	512	2
7465	4686	256	1
7466	4687	3840	15
7467	4687	1024	4
7468	4687	1024	4
7469	4687	256	1
7470	4688	1536	2
7471	4689	72537	87
7472	4689	2816	22
7473	4690	20992	4
7474	4691	2816	4
7475	4692	8192	1
7476	4693	512	2
7477	4694	256	1
7478	4694	256	1
7479	4695	4096	1
7480	4696	4608	18
7481	4696	256	1
7482	4697	565248	53
7483	4698	65792	2
7484	4699	256	1
7485	4699	256	1
7486	4700	17408	16
7487	4700	1024	3
7488	4701	4864	6
7489	4702	1024	4
7490	4703	135168	3
7491	4704	1024	4
7492	4705	6400	3
7493	4706	6912	27
7494	4707	768	3
7495	4708	1024	1
7496	4708	8192	1
7497	4709	20992	28
7498	4709	512	1
7499	4710	256	1
7500	4711	1792	7
7501	4711	256	1
7502	4712	7936	7
7503	4712	64	1
7504	4714	1024	3
7505	4715	256	1
7506	4716	4352	5
7507	4716	8448	2
7508	4716	1024	2
7509	4717	256	1
7510	4718	25088	4
7511	4718	1536	2
7512	4719	2048	1
7513	4720	149504	19
7514	4721	1792	7
7515	4722	65536	1
7516	4723	512	2
7517	4724	16384	2
7518	4724	4096	1
7519	4725	126208	32
7520	4726	98304	14
7521	4726	512	2
7522	4726	4096	1
7523	4727	23040	10
7524	4728	6400	6
7525	4729	256	1
7526	4729	67328	8
7527	4730	8192	1
7528	4731	4096	16
7529	4732	1024	3
7530	4732	256	1
7531	4733	2048	1
7532	4733	2048	2
7533	4734	4608	3
7534	4734	256	1
7535	4735	65536	1
7536	4736	96512	53
7537	4736	1024	4
7538	4736	2560	10
7539	4737	8192	1
7540	4738	131072	2
7541	4739	1792	4
7542	4740	256	1
7543	4740	256	1
7544	4741	384	2
7545	4741	66304	4
7546	4741	256	1
7547	4741	256	1
7548	4742	65536	1
7549	4743	434176	47
7550	4744	823296	81
7551	4745	256	1
7552	4746	2304	7
7553	4747	3584	4
7554	4748	4096	1
7555	4749	1280	5
7556	4750	1792	7
7557	4750	256	1
7558	4750	768	3
7559	4751	2048	4
7560	4752	155648	8
7561	4753	14848	13
7562	4754	256	1
7563	4754	256	1
7564	4755	1024	4
7565	4756	2048	2
7566	4757	65536	1
7567	4758	256	1
7568	4759	24576	2
7569	4760	119040	14
7570	4760	155904	7
7571	4760	5632	12
7572	4760	3584	3
7573	4760	512	1
7574	4760	256	1
7575	4761	37888	14
7576	4762	8192	1
7577	4763	1536	2
7578	4765	8192	1
7579	4766	2560	5
7580	4766	1536	6
7581	4767	3072	4
7582	4767	512	2
7583	4767	256	1
7584	4768	2048	4
7585	4769	14848	6
7586	4769	4096	7
7587	4770	512	2
7588	4770	256	1
7589	4771	2304	6
7590	4772	12800	4
7591	4772	256	1
7592	4773	4096	1
7593	4774	256	1
7594	4775	768	3
7595	4776	2304	2
7596	4777	393728	151
7597	4778	1024	1
7598	4779	66560	5
7599	4780	21248	11
7600	4781	143616	43
7601	4781	81408	199
7602	4781	1536	5
7603	4781	256	1
7604	4782	65536	1
7605	4782	256	1
7606	4783	512	2
7607	4783	512	2
7608	4783	256	1
7609	4784	512	1
7610	4785	256	1
7611	4786	68608	5
7612	4787	2560	10
7613	4788	512	2
7614	4789	256	1
7615	4790	107776	8
7616	4791	8192	1
7617	4792	512	1
7618	4793	512	2
7619	4794	8192	1
7620	4795	512	2
7621	4796	3328	8
7622	4797	256	1
7623	4797	256	1
7624	4798	65536	1
7625	4798	5376	13
7626	4799	16384	13
7627	4799	256	1
7628	4799	256	1
7629	4799	256	1
7630	4799	512	2
7631	4800	16640	2
7632	4800	1024	1
7633	4801	13824	10
7634	4802	1024	4
7635	4803	7168	10
7636	4803	512	2
7637	4803	768	2
7638	4804	68608	13
7639	4804	256	1
7640	4804	512	2
7641	4805	65536	1
7642	4806	43520	21
7643	4807	2048	1
7644	4807	10240	5
7645	4808	32768	1
7646	4808	2048	1
7647	4809	1024	4
7648	4810	65536	1
7649	4811	57344	3
7650	4811	8192	1
7651	4811	65536	1
7652	4812	1792	4
7653	4813	2048	1
7654	4813	2304	2
7655	4814	1536	3
7656	4814	1280	4
7657	4815	512	2
7658	4816	65536	1
7659	4817	9984	39
7660	4818	10496	8
7661	4819	9472	3
7662	4819	69888	3
7663	4819	1024	1
7664	4820	4352	7
7665	4821	66560	5
7666	4821	11520	14
7667	4822	134144	26
7668	4823	4096	2
7669	4824	512	1
7670	4824	4608	2
7671	4825	1024	1
7672	4826	342784	41
7673	4826	256	1
7674	4826	1280	2
7675	4827	40448	16
7676	4828	256	1
7677	4828	256	1
7678	4829	182528	32
7679	4830	256	1
7680	4831	256	1
7681	4831	256	1
7682	4832	2560	2
7683	4833	2048	5
7684	4833	768	3
7685	4834	6912	5
7686	4834	256	1
7687	4834	768	3
7688	4835	3328	13
7689	4836	768	3
7690	4837	16384	1
7691	4838	4096	16
7692	4838	2048	8
7693	4838	768	3
7694	4839	4096	1
7695	4840	1024	2
7696	4841	256	1
7697	4843	768	2
7698	4843	16384	15
7699	4844	1024	4
7700	4844	2816	11
7701	4844	2048	8
7702	4844	256	1
7703	4844	512	2
7704	4845	1024	4
7705	4846	256	1
7706	4846	256	1
7707	4847	10752	11
7708	4848	768	3
7709	4849	1536	6
7710	4849	4096	12
7711	4850	512	2
7712	4850	256	1
7713	4852	4608	12
7714	4853	2048	5
7715	4853	19968	5
7716	4854	512	2
7717	4855	10752	42
7718	4855	5120	20
7719	4857	100608	31
7720	4857	4096	1
7721	4857	2048	2
7722	4858	512	2
7723	4859	17664	7
7724	4860	6656	5
7725	4861	12288	5
7726	4862	512	2
7727	4863	1792	7
7728	4864	2816	8
7729	4865	2304	4
7730	4866	67072	3
7731	4867	768	3
7732	4867	256	1
7733	4868	4096	1
7734	4869	2304	9
7735	4870	256	1
7736	4871	2048	4
7737	4872	16384	1
7738	4873	256	1
7739	4874	768	3
7740	4875	512	1
7741	4875	4096	1
7742	4875	768	3
7743	4876	512	2
7744	4877	2048	3
7745	4878	2816	6
7746	4878	8192	1
7747	4878	1024	1
7748	4878	1024	1
7749	4878	512	1
7750	4879	32512	49
7751	4879	6144	6
7752	4880	13056	14
7753	4880	2048	8
7754	4880	256	1
7755	4880	256	1
7756	4881	65536	1
7757	4882	8192	1
7758	4883	2048	8
7759	4883	256	1
7760	4883	2048	8
7761	4884	5120	8
7762	4885	256	1
7763	4885	64	1
7764	4886	8192	1
7765	4887	1536	3
7766	4887	256	1
7767	4887	256	1
7768	4888	8960	3
7769	4888	256	1
7770	4889	65536	1
7771	4890	256	1
7772	4891	14848	40
7773	4891	1536	2
7774	4891	512	1
7775	4892	8448	2
7776	4893	8192	1
7777	4894	8192	1
7778	4895	768	2
7779	4896	8192	8
7780	4897	256	1
7781	4898	1536	6
7782	4899	2048	8
7783	4899	256	1
7784	4899	3072	10
7785	4900	1024	4
7786	4902	66560	4
7787	4903	36096	10
7788	4904	65536	1
7789	4905	2560	2
7790	4905	512	1
7791	4905	80384	6
7792	4905	165376	11
7793	4905	13824	4
7794	4905	4096	1
7795	4906	65536	1
7796	4907	6656	11
7797	4908	8192	1
7798	4909	256	1
7799	4909	256	1
7800	4910	65536	1
7801	4911	256	1
7802	4912	1792	7
7803	4912	8192	1
7804	4913	8192	1
7805	4914	768	3
7806	4914	256	1
7807	4915	9216	5
7808	4916	512	2
7809	4917	1024	3
7810	4918	204800	4
7811	4919	92160	11
7812	4920	12800	6
7813	4921	1024	1
7814	4921	1280	4
7815	4922	65536	1
7816	4923	4096	1
7817	4924	512	2
7818	4924	256	1
7819	4925	4096	1
7820	4926	4096	1
7821	4927	196864	4
7822	4928	33024	2
7823	4929	512	2
7824	4930	11264	11
7825	4931	2560	3
7826	4932	17408	18
7827	4933	66304	4
7828	4934	11776	15
7829	4935	65536	1
7830	4936	256	1
7831	4937	3072	3
7832	4938	2816	3
7833	4939	2048	1
7834	4940	77312	47
7835	4941	1536	6
7836	4942	768	3
7837	4943	8192	1
7838	4944	1024	3
7839	4945	3072	2
7840	4946	35328	44
7841	4946	6144	17
7842	4947	1280	5
7843	4948	256	1
7844	4949	196608	3
7845	4950	256	1
7846	4951	768	2
7847	4952	1024	1
7848	4952	4096	1
7849	4953	8192	1
7850	4954	5632	5
7851	4955	21504	7
7852	4955	20736	11
7853	4955	1024	1
7854	4955	2048	1
7855	4956	50944	38
7856	4957	148224	5
7857	4958	256	1
7858	4958	1536	6
7859	4959	2048	1
7860	4959	256	1
7861	4960	256	1
7862	4960	65792	2
7863	4961	256	1
7864	4962	105728	14
7865	4962	512	1
7866	4963	512	1
7867	4964	512	2
7868	4965	8192	2
7869	4965	6144	2
7870	4966	10496	4
7871	4966	256	1
7872	4967	65536	1
7873	4968	11776	28
7874	4968	11008	29
7875	4969	74496	36
7876	4970	45568	24
7877	4970	1024	1
7878	4971	8192	1
7879	4972	2048	1
7880	4973	8192	1
7881	4974	69632	3
7882	4975	256	1
7883	4975	7168	5
7884	4975	1024	1
7885	4976	1536	5
7886	4977	65792	2
7887	4978	2048	1
7888	4979	256	1
7889	4979	256	1
7890	4980	256	1
7891	4981	3072	6
7892	4982	2048	8
7893	4983	24576	3
7894	4984	12288	3
7895	4985	1024	1
7896	4986	1024	4
7897	4987	256	1
7898	4988	65536	1
7899	4989	98560	3
7900	4989	2304	9
7901	4990	256	1
7902	4990	256	1
7903	4991	256	1
7904	4992	34048	6
7905	4992	512	2
7906	4992	256	1
7907	4993	2048	1
7908	4993	4096	3
7909	4994	3840	6
7910	4995	512	2
7911	4996	256	1
7912	4997	256	1
7913	4998	512	2
7914	4999	256	1
7915	5000	65536	1
7916	5000	40960	5
7917	5000	8192	1
7918	5000	2048	1
7919	5001	137984	11
7920	5002	16896	51
7921	5003	256	1
7922	5004	2048	1
7923	5005	131584	4
7924	5006	3328	6
7925	5007	768	3
7926	5008	68352	9
7927	5009	1024	3
7928	5010	512	2
7929	5010	256	1
7930	5011	18432	4
7931	5011	256	1
7932	5011	256	1
7933	5011	256	1
7934	5012	256	1
7935	5012	256	1
7936	5013	8192	1
7937	5013	2048	1
7938	5014	38144	11
7939	5014	2816	11
7940	5014	128	1
7941	5014	256	1
7942	5015	36864	5
7943	5016	4352	2
7944	5016	14336	5
7945	5017	16384	2
7946	5018	2304	9
7947	5019	19968	10
7948	5020	3328	5
7949	5020	256	1
7950	5021	19712	16
7951	5022	8192	2
7952	5024	65792	2
7953	5025	16384	1
7954	5026	77824	34
7955	5027	3328	13
7956	5027	256	1
7957	5028	512	2
7958	5029	768	3
7959	5030	65536	1
7960	5031	111616	12
7961	5032	65536	1
7962	5033	768	3
7963	5033	512	2
7964	5034	131072	2
7965	5035	1024	1
7966	5036	13312	4
7967	5036	1024	1
7968	5037	1024	4
7969	5038	768	3
7970	5039	512	2
7971	5040	16128	12
7972	5041	17920	13
7973	5042	1536	3
7974	5043	4096	2
7975	5043	4096	2
7976	5044	2304	4
7977	5046	512	2
7978	5046	256	1
7979	5046	1280	5
7980	5046	512	2
7981	5047	65792	2
7982	5047	512	2
7983	5048	768	3
7984	5048	1280	4
7985	5048	32	1
7986	5049	256	1
7987	5050	13824	5
7988	5051	2048	1
7989	5052	73728	2
7990	5053	6656	10
7991	5054	2560	10
7992	5055	3072	12
7993	5056	512	2
7994	5056	256	1
7995	5057	512	2
7996	5058	3584	7
7997	5059	256	1
7998	5060	4608	5
7999	5061	512	2
8000	5062	13056	13
8001	5062	40192	71
8002	5062	1280	5
8003	5062	256	1
8004	5063	65536	1
8005	5063	2048	6
8006	5064	7680	30
8007	5065	256	1
8008	5065	256	1
8009	5065	256	1
8010	5065	256	1
8011	5066	65792	2
8012	5067	256	1
8013	5068	8192	1
8014	5069	44544	51
8015	5070	8192	3
8016	5071	5888	5
8017	5072	9216	5
8018	5073	5376	8
8019	5074	1280	2
8020	5075	65536	1
8021	5076	256	1
8022	5077	1280	5
8023	5078	1280	2
8024	5079	1280	5
8025	5080	6144	2
8026	5080	512	1
8027	5080	8192	2
8028	5081	65536	1
8029	5082	5120	6
8030	5083	512	2
8031	5084	512	1
8032	5085	256	1
8033	5086	256	1
8034	5087	98816	6
8035	5088	512	2
8036	5088	256	1
8037	5089	419840	15
8038	5090	65536	1
8039	5091	768	2
8040	5092	768	3
8041	5093	23296	22
8042	5094	8192	1
8043	5095	8192	1
8044	5096	65536	1
8045	5097	8960	3
8046	5098	1024	1
8047	5099	6656	4
8048	5099	8192	1
8049	5100	1792	4
8050	5101	1536	3
8051	5102	4096	1
8052	5102	768	3
8053	5102	1536	6
8054	5103	9216	2
8055	5104	65536	1
8056	5105	19456	13
8057	5106	768	3
8058	5107	27136	9
8059	5108	256	1
8060	5109	2048	8
8061	5110	8192	1
8062	5110	512	2
8063	5111	67072	7
8064	5112	16384	6
8065	5114	4096	1
8066	5115	86016	3
8067	5116	91136	55
8068	5116	3584	14
8069	5116	256	1
8070	5116	512	2
8071	5117	65536	1
8072	5117	256	1
8073	5118	2048	1
8074	5119	66560	2
8075	5120	4096	1
8076	5121	65792	2
8077	5122	512	2
8078	5123	113152	18
8079	5125	65536	1
8080	5126	64256	13
8081	5127	753664	12
8082	5127	65792	2
8083	5128	48	3
8084	5128	4352	16
8085	5128	256	1
8086	5128	16	1
8087	5129	4608	3
8088	5129	256	1
8089	5129	512	1
8090	5130	65536	1
8091	5131	16384	1
8092	5131	8192	2
8093	5132	10240	8
8094	5132	1024	4
8095	5133	66560	5
8096	5134	1792	7
8097	5135	115968	42
8098	5135	2048	1
8099	5135	1536	2
8100	5135	67328	7
8101	5135	256	1
8102	5136	512	2
8103	5137	8192	1
8104	5138	16896	10
8105	5139	8192	1
8106	5140	1024	1
8107	5141	32768	1
8108	5141	32768	1
8109	5142	16384	4
8110	5143	8448	2
8111	5144	20480	2
8112	5145	66048	3
8113	5145	256	1
8114	5146	87808	7
8115	5146	4096	1
8116	5147	512	2
8117	5148	3584	11
8118	5149	512	2
8119	5149	4096	1
8120	5149	3328	4
8121	5150	2560	2
8122	5151	1277952	6
8123	5152	4096	1
8124	5153	65792	2
8125	5153	1280	5
8126	5154	2304	7
8127	5154	256	1
8128	5155	1280	2
8129	5156	768	3
8130	5157	256	1
8131	5158	8192	1
8132	5159	512	1
8133	5159	512	1
8134	5160	8192	32
8135	5160	768	3
8136	5161	65536	1
8137	5161	34048	7
8138	5161	256	1
8139	5162	6656	17
8140	5163	12288	2
8141	5164	512	1
8142	5165	3584	5
8143	5165	512	1
8144	5166	256	1
8145	5167	1792	3
8146	5168	65792	2
8147	5168	256	1
8148	5169	78592	22
8149	5169	768	2
8150	5170	73984	5
8151	5170	512	2
8152	5171	12288	8
8153	5171	1024	3
8154	5172	295168	7
8155	5172	32768	2
8156	5173	256	1
8157	5174	512	1
8158	5174	256	1
8159	5174	1024	1
8160	5175	16640	2
8161	5175	24576	2
8162	5176	8192	2
8163	5177	512	2
8164	5178	1280	5
8165	5178	768	3
8166	5179	66048	3
8167	5180	768	3
8168	5182	256	1
8169	5183	1280	2
8170	5184	86784	7
8171	5185	256	1
8172	5185	256	1
8173	5185	256	1
8174	5186	4608	9
8175	5187	2048	4
8176	5187	256	1
8177	5188	2048	1
8178	5188	4096	1
8179	5189	512	1
8180	5190	256	1
8181	5192	65536	1
8182	5192	8448	2
8183	5193	98304	3
8184	5194	256	1
8185	5195	512	2
8186	5196	1024	4
8187	5197	1280	5
8188	5199	4352	2
8189	5200	3328	6
8190	5200	2048	4
8191	5201	3072	2
8192	5201	49152	3
8193	5202	2048	3
8194	5203	3840	15
8195	5203	512	2
8196	5204	85760	21
8197	5205	2048	1
8198	5205	4864	12
8199	5206	8192	2
8200	5207	8192	4
8201	5207	1024	4
8202	5208	19968	19
8203	5208	1024	1
8204	5209	36608	15
8205	5210	256	1
8206	5211	4096	1
8207	5212	3072	2
8208	5213	1024	3
8209	5214	16128	26
8210	5215	8192	2
8211	5216	512	2
8212	5216	256	1
8213	5217	8192	1
8214	5218	133632	12
8215	5219	1280	5
8216	5221	256	1
8217	5222	68096	4
8218	5222	768	3
8219	5223	512	2
8220	5224	512	2
8221	5225	512	2
8222	5226	256	1
8223	5227	256	1
8224	5228	1024	3
8225	5229	6144	10
8226	5229	256	1
8227	5230	256	1
8228	5231	256	1
8229	5232	4608	3
8230	5232	1536	6
8231	5232	10240	3
8232	5233	768	3
8233	5233	256	1
8234	5233	256	1
8235	5233	256	1
8236	5234	256	1
8237	5234	768	3
8238	5234	512	2
8239	5234	512	2
8240	5235	512	1
8241	5235	256	1
8242	5236	65536	1
8243	5237	768	2
8244	5237	1536	3
8245	5238	512	2
8246	5239	22784	9
8247	5240	30976	8
8248	5241	19200	8
8249	5242	22528	12
8250	5244	3328	3
8251	5245	4096	1
8252	5246	75776	15
8253	5247	512	2
8254	5247	256	1
8255	5248	512	2
8256	5249	512	2
8257	5250	8448	9
8258	5251	12032	8
8259	5252	1024	3
8260	5253	20736	3
8261	5254	2816	11
8262	5254	68352	12
8263	5255	256	1
8264	5255	512	2
8265	5256	512	2
8266	5256	256	1
8267	5256	256	1
8268	5256	1088	5
8269	5256	256	1
8270	5256	64	1
8271	5257	9472	16
8272	5258	68352	12
8273	5258	17920	8
8274	5259	1536	5
8275	5260	68096	4
8276	5261	22528	10
8277	5262	7680	9
8278	5262	256	1
8279	5263	256	1
8280	5264	8192	1
8281	5264	11264	44
8282	5265	768	2
8283	5265	256	1
8284	5266	512	2
8285	5267	512	2
8286	5268	256	1
8287	5269	512	1
8288	5269	768	2
8289	5270	29184	5
8290	5271	47104	32
8291	5271	28672	3
8292	5271	16384	1
8293	5272	512	2
8294	5273	768	3
8295	5273	1024	4
8296	5274	10752	11
8297	5275	1024	4
8298	5276	3072	7
8299	5277	125952	16
8300	5278	47872	15
8301	5279	24576	3
8302	5280	256	1
8303	5281	256	1
8304	5282	256	1
8305	5282	256	1
8306	5283	40960	5
8307	5284	360448	34
8308	5285	512	2
8309	5285	512	2
8310	5286	512	1
8311	5286	4096	1
8312	5287	65792	2
8313	5287	1024	4
8314	5287	9472	3
8315	5288	256	1
8316	5288	27904	8
8317	5288	1024	4
8318	5288	256	1
8319	5289	8448	2
8320	5290	13056	17
8321	5291	1024	3
8322	5292	8192	1
8323	5293	327936	4
8324	5293	65536	1
8325	5294	9216	5
8326	5295	8192	1
8327	5296	8192	1
8328	5296	4096	1
8329	5297	24576	4
8330	5298	8192	1
8331	5299	8192	1
8332	5300	8192	1
8333	5301	1179648	7
8334	5302	33280	4
8335	5303	45312	20
8336	5303	5120	20
8337	5303	2816	11
8338	5303	18176	71
8339	5303	256	1
8340	5304	8192	1
8341	5305	8192	1
8342	5306	27392	6
8343	5307	16384	2
8344	5308	8192	1
8345	5309	6400	10
8346	5310	65536	1
8347	5311	1221632	64
8348	5312	38400	10
8349	5312	128	1
8350	5313	8192	1
8351	5314	8192	1
8352	5315	256	1
8353	5316	8192	1
8354	5317	65536	6
8355	5318	221184	4
8356	5319	20480	2
8357	5320	8192	1
8358	5321	8192	1
8359	5322	65536	1
8360	5323	32768	3
8361	5324	8192	1
8362	5325	122880	5
8363	5326	8192	1
8364	5327	1280	4
8365	5328	74496	5
8366	5328	256	1
8367	5329	90112	4
8368	5330	40960	2
8369	5331	8192	1
8370	5332	8192	1
8371	5333	12288	2
8372	5334	8960	4
8373	5335	768	3
8374	5335	8192	1
8375	5336	65536	1
8376	5337	33792	5
8377	5337	4096	1
8378	5338	256	1
8379	5339	16384	2
8380	5340	40960	2
8381	5341	9472	3
8382	5342	155648	3
8383	5343	135168	3
8384	5343	512	2
8385	5344	4352	2
8386	5344	6400	4
8387	5345	8704	2
8388	5346	8192	1
8389	5347	16384	1
8390	5348	8192	1
8391	5349	8192	1
8392	5349	2560	6
8393	5350	4096	1
8394	5351	4096	1
8395	5352	1280	2
8396	5352	512	2
8397	5353	12288	2
8398	5354	28672	3
8399	5354	1536	3
8400	5355	256	1
8401	5356	8192	1
8402	5357	17664	4
8403	5357	256	1
8404	5358	8192	3
8405	5358	19968	16
8406	5359	256	1
8407	5360	8192	1
8408	5361	9216	5
8409	5362	8192	1
8410	5363	768	3
8411	5364	16896	3
8412	5365	24576	2
8413	5366	40960	4
8414	5366	14336	17
8415	5366	4096	4
8416	5366	6144	6
8417	5367	61440	6
8418	5368	8192	1
8419	5369	8192	1
8420	5369	256	1
8421	5370	256	1
8422	5371	40960	2
8423	5372	1024	1
8424	5373	8192	1
8425	5374	3584	3
8426	5375	8192	1
8427	5376	8704	3
8428	5376	512	2
8429	5377	9984	7
8430	5378	1280	5
8431	5378	8448	2
8432	5379	9728	7
8433	5380	2304	2
8434	5381	16384	2
8435	5382	1024	1
8436	5383	8192	1
8437	5384	12288	2
8438	5384	2048	1
8439	5385	25600	7
8440	5386	17152	5
8441	5387	65536	1
8442	5387	256	1
8443	5388	65536	1
8444	5389	16384	1
8445	5390	4096	1
8446	5391	512	1
8447	5392	37376	6
8448	5393	73728	3
8449	5394	8448	2
8450	5395	8192	1
8451	5396	147456	2
8452	5397	8192	1
8453	5398	2304	9
8454	5399	8192	1
8455	5400	1024	1
8456	5401	256	1
8457	5402	1024	1
8458	5403	1024	1
8459	5403	8704	2
8460	5404	768	2
8461	5405	8192	1
8462	5406	512	1
8463	5407	8192	1
8464	5408	8192	1
8465	5409	8192	1
8466	5410	2304	9
8467	5410	8192	1
8468	5410	7680	22
8469	5410	2816	11
8470	5411	74240	5
8471	5412	13312	3
8472	5413	8448	2
8473	5414	8448	2
8474	5415	8192	1
8475	5416	191232	9
8476	5417	8448	2
8477	5418	76032	4
8478	5419	8192	1
8479	5420	9728	7
8480	5421	8192	1
8481	5422	24576	2
8482	5423	262400	3
8483	5423	92160	30
8484	5423	12288	4
8485	5424	15104	21
8486	5425	8192	1
8487	5426	8192	1
8488	5427	8192	1
8489	5427	2048	1
8490	5428	8192	1
8491	5429	66560	3
8492	5430	8192	1
8493	5431	4352	2
8494	5431	256	1
8495	5432	768	2
8496	5433	22528	35
8497	5433	4	1
8498	5434	8192	1
8499	5435	41472	4
8500	5436	4096	1
8501	5437	256	1
8502	5438	8192	1
8503	5439	8704	3
8504	5439	2048	8
8505	5440	512	2
8506	5441	8192	1
8507	5442	512	2
8508	5443	157952	12
8509	5444	8960	3
8510	5445	8192	1
8511	5446	4352	2
8512	5447	2048	1
8513	5448	8192	1
8514	5449	256	1
8515	5450	66560	5
8516	5451	65536	1
8517	5452	16384	2
8518	5453	100352	5
8519	5454	8192	1
8520	5455	8192	1
8521	5456	256	1
8522	5457	8448	2
8523	5458	16384	2
8524	5459	4608	2
8525	5460	8192	1
8526	5461	256	1
8527	5462	8192	1
8528	5463	512	2
8529	5463	512	1
8530	5464	512	2
8531	5465	256	1
8532	5466	32768	3
8533	5466	1024	1
8534	5466	256	1
8535	5467	512	2
8536	5467	256	1
8537	5467	256	1
8538	5468	512	2
8539	5468	1024	2
8540	5469	256	1
8541	5469	8192	1
8542	5469	256	1
8543	5470	8192	1
8544	5471	8192	1
8545	5471	1536	6
8546	5472	41472	6
8547	5472	4864	9
8548	5473	139264	3
8549	5474	8192	4
8550	5475	256	1
8551	5476	4096	1
8552	5477	16384	2
8553	5478	8192	1
8554	5479	1536	6
8555	5480	8192	1
8556	5481	73728	3
8557	5481	8192	1
8558	5482	16640	3
8559	5483	16384	2
8560	5484	512	2
8561	5485	38912	10
8562	5485	2560	3
8563	5486	100608	35
8564	5487	8192	1
8565	5488	16128	32
8566	5489	8192	1
8567	5490	8192	1
8568	5491	159744	9
8569	5492	8192	1
8570	5493	8192	1
8571	5494	8192	1
8572	5495	32768	3
8573	5496	8192	1
8574	5497	8192	1
8575	5498	22016	4
8576	5499	8192	1
8577	5500	144384	7
8578	5500	1024	1
8579	5501	8192	1
8580	5502	8192	1
8581	5502	1024	1
8582	5502	512	1
8583	5502	512	1
8584	5503	768	3
8585	5504	256	1
8586	5505	4096	1
8587	5506	256	1
8588	5507	512	1
8589	5508	256	1
8590	5509	256	1
8591	5509	256	1
8592	5510	256	1
8593	5511	8192	1
8594	5512	8192	1
8595	5513	8192	1
8596	5513	4096	1
8597	5514	2816	11
8598	5514	256	1
8599	5515	79616	7
8600	5516	512	1
8601	5517	8192	4
8602	5518	1280	2
8603	5519	1024	1
8604	5520	57856	5
8605	5521	2304	8
8606	5522	8192	1
8607	5523	2048	1
8608	5524	8192	1
8609	5525	8960	3
8610	5526	4096	6
8611	5527	8192	1
8612	5528	1024	1
8613	5529	1024	1
8614	5530	16896	4
8615	5531	9728	3
8616	5532	8192	1
8617	5533	8192	1
8618	5534	8192	1
8619	5535	8192	1
8620	5536	123392	5
8621	5536	768	2
8622	5537	8192	1
8623	5538	512	2
8624	5538	8192	1
8625	5539	65536	1
8626	5540	2304	2
8627	5540	256	1
8628	5540	33024	3
8629	5540	512	2
8630	5541	24576	2
8631	5542	68096	8
8632	5542	49152	2
8633	5543	12288	2
8634	5544	17408	3
8635	5545	68608	3
8636	5546	8192	1
8637	5547	1024	4
8638	5548	768	3
8639	5549	8192	1
8640	5550	16384	1
8641	5551	256	1
8642	5552	8192	1
8643	5553	256	1
8644	5553	512	2
8645	5553	256	1
8646	5553	256	1
8647	5553	256	1
8648	5553	256	1
8649	5553	256	1
8650	5553	256	1
8651	5554	512	1
8652	5554	512	2
8653	5555	24576	3
8654	5556	8192	1
8655	5557	256	1
8656	5558	8192	1
8657	5559	256	1
8658	5560	8192	1
8659	5561	8192	1
8660	5562	1536	3
8661	5563	4352	2
8662	5563	115712	11
8663	5564	8192	1
8664	5565	256	1
8665	5566	1280	5
8666	5567	41472	3
8667	5568	256	1
8668	5569	8192	1
8669	5570	8192	1
8670	5571	16896	3
8671	5572	256	1
8672	5573	8192	1
8673	5574	16384	3
8674	5575	8192	1
8675	5576	256	1
8676	5577	8192	1
8677	5578	6656	3
8678	5579	256	1
8679	5580	131072	2
8680	5580	3840	12
8681	5581	8192	1
8682	5582	8448	2
8683	5583	256	1
8684	5584	1024	4
8685	5585	65536	1
8686	5586	10752	11
8687	5586	256	1
8688	5587	256	1
8689	5588	8192	1
8690	5589	256	1
8691	5590	256	1
8692	5591	22272	5
8693	5592	32768	3
8694	5593	8192	1
8695	5594	10240	2
8696	5594	512	2
8697	5595	8192	1
8698	5596	131072	1
8699	5596	131072	2
8700	5597	8192	1
8701	5597	4096	1
8702	5598	8192	1
8703	5599	8192	1
8704	5600	45056	6
8705	5601	256	1
8706	5601	8192	1
8707	5602	256	1
8708	5603	8192	1
8709	5604	256	1
8710	5605	8448	2
8711	5606	256	1
8712	5607	8192	1
8713	5608	19456	9
8714	5609	17664	7
8715	5610	2560	3
8716	5611	197888	7
8717	5612	33024	5
8718	5612	256	1
8719	5613	1024	1
8720	5614	8192	1
8721	5615	256	1
8722	5616	82432	5
8723	5617	8192	1
8724	5617	8192	1
8725	5618	4352	2
8726	5619	512	2
8727	5620	8192	1
8728	5621	1280	5
8729	5622	2048	8
8730	5622	256	1
8731	5623	8192	1
8732	5624	8192	1
8733	5625	1024	1
8734	5626	1024	1
8735	5627	256	1
8736	5628	113920	13
8737	5629	8192	1
8738	5630	8192	1
8739	5631	49152	5
8740	5632	8192	1
8741	5633	512	2
8742	5634	8192	1
8743	5635	65536	1
8744	5636	4096	3
8745	5637	8192	1
8746	5638	8192	1
8747	5639	69888	3
8748	5639	1024	4
8749	5639	512	2
8750	5639	256	1
8751	5640	256	1
8752	5641	24576	2
8753	5641	256	1
8754	5642	512	1
8755	5643	8192	1
8756	5644	256	1
8757	5645	3072	3
8758	5646	8192	1
8759	5647	8192	1
8760	5648	4096	1
8761	5649	11008	8
8762	5650	2048	1
8763	5651	4096	1
8764	5651	512	2
8765	5652	8704	3
8766	5652	256	1
8767	5653	1536	3
8768	5654	8192	1
8769	5655	8192	1
8770	5656	8192	1
8771	5657	40960	3
8772	5658	2048	1
8773	5659	155904	5
8774	5659	8192	1
8775	5660	2048	2
8776	5661	1024	1
8777	5662	66048	3
8778	5663	768	2
8779	5664	8960	4
8780	5665	65536	1
8781	5666	16384	2
8782	5667	8192	1
8783	5668	512	2
8784	5668	256	1
8785	5669	512	1
8786	5670	512	1
8787	5671	3328	6
8788	5672	8192	1
8789	5673	8192	1
8790	5674	8192	1
8791	5675	24576	2
8792	5676	1024	1
8793	5677	1280	5
8794	5678	8192	1
8795	5679	512	1
8796	5680	4096	1
8797	5681	8192	1
8798	5682	8192	2
8799	5683	12288	2
8800	5683	4096	1
8801	5684	256	1
8802	5685	256	1
8803	5686	2048	1
8804	5687	256	1
8805	5688	1024	1
8806	5689	8192	1
8807	5690	1536	6
8808	5690	512	2
8809	5691	512	2
8810	5691	8192	1
8811	5692	73728	2
8812	5693	8192	1
8813	5694	8192	1
8814	5695	256	1
8815	5695	8192	1
8816	5696	65536	1
8817	5697	8192	1
8818	5698	8192	1
8819	5699	8192	1
8820	5700	4096	1
8821	5701	4352	2
8822	5701	2048	1
8823	5702	2048	1
8824	5703	8192	1
8825	5704	8448	2
8826	5704	32	1
8827	5705	6400	3
8828	5706	256	1
8829	5707	1280	5
8830	5708	4096	1
8831	5709	2048	8
8832	5709	256	1
8833	5709	768	3
8834	5710	8192	1
8835	5711	20480	2
8836	5711	8192	1
8837	5712	1536	2
8838	5713	256	1
8839	5714	142080	15
8840	5715	188928	8
8841	5716	256	1
8842	5717	19968	9
8843	5718	8192	1
8844	5718	256	1
8845	5719	270336	15
8846	5719	20736	26
8847	5719	131072	2
8848	5719	27648	4
8849	5720	8192	1
8850	5720	256	1
8851	5720	256	1
8852	5720	256	1
8853	5721	32768	1
8854	5722	8192	1
8855	5722	5888	8
8856	5723	9216	5
8857	5723	19456	45
8858	5723	384	2
8859	5723	3072	11
8860	5723	2816	4
8861	5723	256	1
8862	5724	24576	3
8863	5726	1536	4
8864	5727	2048	1
8865	5727	512	1
8866	5728	512	1
8867	5729	32768	1
8868	5730	4096	1
8869	5731	8192	1
8870	5732	16384	2
8871	5733	8192	1
8872	5734	2048	2
8873	5735	256	1
8874	5736	8192	1
8875	5736	256	1
8876	5737	2048	1
8877	5738	1024	1
8878	5739	17152	3
8879	5740	512	1
8880	5740	256	1
8881	5741	107264	6
8882	5742	65536	1
8883	5742	11008	7
8884	5743	8192	1
8885	5744	256	1
8886	5745	1024	1
8887	5746	8192	1
8888	5747	24576	2
8889	5748	8192	1
8890	5749	262144	4
8891	5749	256	1
8892	5749	256	1
8893	5750	1280	5
8894	5751	4096	1
8895	5752	8192	1
8896	5753	73728	3
8897	5753	256	1
8898	5754	8192	1
8899	5755	65536	1
8900	5756	24576	2
8901	5757	8192	1
8902	5758	14336	3
8903	5758	4096	1
8904	5759	8192	1
8905	5760	256	1
8906	5761	256	1
8907	5762	8192	1
8908	5763	768	2
8909	5764	1024	4
8910	5764	16	1
8911	5765	8704	3
8912	5766	24576	2
8913	5767	8192	1
8914	5768	512	2
8915	5769	49152	3
8916	5769	4096	1
8917	5769	4096	1
8918	5770	16384	1
8919	5771	2304	6
8920	5771	256	1
8921	5772	8192	1
8922	5773	512	2
8923	5774	1024	2
8924	5775	16384	4
8925	5775	6400	23
8926	5776	256	1
8927	5777	8192	1
8928	5778	8192	1
8929	5779	256	1
8930	5780	8192	1
8931	5781	17408	5
8932	5781	512	1
8933	5782	512	1
8934	5783	2048	1
8935	5784	8192	1
8936	5785	66048	6
8937	5785	17408	7
8938	5786	151552	5
8939	5787	8192	1
8940	5788	8192	1
8941	5789	8192	1
8942	5790	1024	1
8943	5791	1024	1
8944	5791	21248	7
8945	5791	256	1
8946	5792	8192	1
8947	5793	512	1
8948	5794	49152	3
8949	5794	65536	1
8950	5795	8192	1
8951	5796	69120	5
8952	5796	4096	1
8953	5796	4096	4
8954	5797	73728	2
8955	5798	256	1
8956	5799	512	1
8957	5800	256	1
8958	5801	2048	2
8959	5801	1536	2
8960	5801	512	2
8961	5802	1024	1
8962	5803	8192	1
8963	5804	9216	2
8964	5805	256	1
8965	5806	4608	3
8966	5806	1536	3
8967	5807	8192	1
8968	5808	256	1
8969	5809	2048	1
8970	5810	8192	1
8971	5810	512	2
8972	5810	1024	4
8973	5811	512	1
8974	5812	10240	2
8975	5813	8192	1
8976	5814	8192	1
8977	5815	12544	3
8978	5816	256	1
8979	5817	256	1
8980	5818	8192	1
8981	5819	8192	1
8982	5820	8192	1
8983	5821	4608	3
8984	5822	8192	1
8985	5823	1024	4
8986	5824	1024	2
8987	5825	131328	3
8988	5825	65536	1
8989	5825	2048	2
8990	5826	512	2
8991	5827	4096	1
8992	5828	1024	1
8993	5829	8192	1
8994	5830	8192	1
8995	5831	256	1
8996	5832	18432	2
8997	5832	2048	1
8998	5833	16384	3
8999	5834	256	1
9000	5835	1024	2
9001	5836	8192	1
9002	5837	8192	1
9003	5838	90112	3
9004	5839	512	1
9005	5840	8192	1
9006	5841	65536	1
9007	5842	8192	1
9008	5843	8192	1
9009	5844	41216	3
9010	5845	24576	2
9011	5846	1536	3
9012	5846	1024	1
9013	5847	8704	3
9014	5848	256	1
9015	5849	9728	3
9016	5850	8448	2
9017	5850	768	3
9018	5851	82432	14
9019	5852	8192	1
9020	5853	512	2
9021	5854	83456	5
9022	5855	256	1
9023	5856	16384	1
9024	5857	8192	1
9025	5858	65536	1
9026	5859	66048	3
9027	5860	4096	1
9028	5861	32768	1
9029	5861	40960	3
9030	5862	256	1
9031	5863	256	1
9032	5864	12544	3
9033	5865	8704	3
9034	5865	1792	7
9035	5866	1024	1
9036	5867	2048	2
9037	5868	8192	1
9038	5869	8192	1
9039	5870	8192	1
9040	5871	3072	3
9041	5872	8192	1
9042	5873	207360	7
9043	5873	1024	4
9044	5873	1024	4
9045	5873	512	2
9046	5873	32	1
9047	5874	24576	2
9048	5875	8192	1
9049	5876	8192	1
9050	5876	512	2
9051	5877	8960	3
9052	5878	18432	3
9053	5879	66048	2
9054	5879	2048	1
9055	5880	1024	1
9056	5881	8192	1
9057	5882	4096	1
9058	5883	8192	1
9059	5883	3072	2
9060	5884	4096	1
9061	5885	14336	3
9062	5886	256	1
9063	5887	1024	4
9064	5888	8448	2
9065	5889	8192	1
9066	5890	256	1
9067	5891	256	1
9068	5892	2560	3
9069	5893	32768	1
9070	5893	256	1
9071	5894	131072	2
9072	5895	24576	2
9073	5896	8192	1
9074	5897	133376	4
9075	5898	12288	2
9076	5899	8192	1
9077	5900	8704	3
9078	5900	256	1
9079	5901	256	1
9080	5902	3072	2
9081	5903	8448	2
9082	5903	256	1
9083	5904	16384	4
9084	5905	24576	2
9085	5906	8192	2
9086	5906	1792	6
9087	5907	8192	1
9088	5908	119808	27
9089	5909	495360	16
9090	5910	66048	2
9091	5911	124928	21
9092	5912	256	1
9093	5913	8192	1
9094	5914	8448	2
9095	5915	256	1
9096	5915	256	1
9097	5916	3072	5
9098	5916	256	1
9099	5917	4096	1
9100	5918	512	2
9101	5919	2048	1
9102	5920	8192	1
9103	5921	8192	1
9104	5921	8192	1
9105	5922	256	1
9106	5923	65536	1
9107	5924	1024	1
9108	5925	256	1
9109	5926	256	1
9110	5927	1024	4
9111	5928	2048	1
9112	5929	512	1
9113	5930	256	1
9114	5931	81920	2
9115	5932	8192	1
9116	5933	256	1
9117	5934	512	1
9118	5935	1024	1
9119	5936	4096	1
9120	5937	8192	1
9121	5938	8192	1
9122	5939	65792	2
9123	5939	8	1
9124	5940	73728	2
9125	5941	24576	3
9126	5942	768	3
9127	5942	256	1
9128	5943	8192	1
9129	5944	9984	4
9130	5945	512	1
9131	5946	61696	6
9132	5947	256	1
9133	5948	1536	2
9134	5949	256	1
9135	5950	8192	1
9136	5951	123392	6
9137	5952	8192	1
9138	5953	256	1
9139	5954	4608	3
9140	5954	256	1
9141	5955	14848	5
9142	5956	256	1
9143	5957	4096	1
9144	5958	1024	1
9145	5959	48896	8
9146	5960	16384	1
9147	5960	1536	3
9148	5961	256	1
9149	5962	8192	1
9150	5963	17152	4
9151	5963	1024	1
9152	5964	8192	1
9153	5965	256	1
9154	5966	8192	1
9155	5967	512	1
9156	5968	4608	2
9157	5968	4096	1
9158	5969	512	1
9159	5970	256	1
9160	5970	8192	1
9161	5971	7936	31
9162	5972	512	2
9163	5973	4096	1
9164	5974	8192	1
9165	5975	3584	11
9166	5976	512	2
9167	5977	8192	1
9168	5978	768	2
9169	5979	16384	1
9170	5980	1280	5
9171	5981	1280	5
9172	5982	512	2
9173	5983	8192	1
9174	5984	8448	2
9175	5985	8192	1
9176	5986	256	1
9177	5987	1024	4
9178	5988	8192	1
9179	5989	256	1
9180	5990	256	1
9181	5991	1024	1
9182	5992	49408	23
9183	5992	43008	3
9184	5992	8192	1
9185	5992	256	1
9186	5993	12288	2
9187	5994	512	2
9188	5994	1024	1
9189	5995	8192	1
9190	5996	256	1
9191	5997	8192	1
9192	5998	8192	1
9193	5999	9984	4
9194	6000	8192	1
9195	6001	8192	1
9196	6002	1024	2
9197	6003	12800	3
9198	6004	8192	1
9199	6005	512	1
9200	6006	8192	1
9201	6007	1024	1
9202	6008	8192	1
9203	6009	256	1
9204	6010	8192	1
9205	6011	14336	5
9206	6011	2048	1
9207	6012	3072	6
9208	6013	8192	1
9209	6014	65536	1
9210	6015	8192	1
9211	6016	768	3
9212	6016	256	1
9213	6016	512	1
9214	6017	8192	1
9215	6018	8192	1
9216	6019	16384	1
9217	6020	32768	1
9218	6021	256	1
9219	6022	8192	1
9220	6023	512	2
9221	6024	256	1
9222	6025	256	1
9223	6026	8192	1
9224	6027	1024	1
9225	6028	65536	1
9226	6029	8192	1
9227	6030	37120	3
9228	6030	128	1
9229	6031	32768	3
9230	6032	2048	1
9231	6032	2048	1
9232	6033	8192	1
9233	6034	9728	5
9234	6035	512	2
9235	6036	1024	1
9236	6037	256	1
9237	6038	16640	2
9238	6039	10240	3
9239	6040	65536	1
9240	6041	4096	1
9241	6042	1024	4
9242	6043	256	1
9243	6044	256	1
9244	6044	512	2
9245	6045	512	1
9246	6046	512	2
9247	6047	512	2
9248	6047	512	2
9249	6047	7168	9
9250	6048	12544	3
9251	6049	512	2
9252	6050	256	1
9253	6051	23296	14
9254	6052	1024	4
9255	6053	1024	1
9256	6053	5888	8
9257	6054	8192	17
9258	6055	524800	8
9259	6056	73728	2
9260	6057	3072	4
9261	6059	1280	2
9262	6060	20736	3
9263	6061	65536	1
9264	6062	1280	5
9265	6062	5376	5
9266	6062	512	2
9267	6063	256	1
9268	6063	256	1
9269	6064	5888	9
9270	6065	512	1
9271	6066	186368	14
9272	6066	8192	1
9273	6067	4096	1
9274	6068	15360	26
9275	6068	12032	47
9276	6069	2048	4
9277	6069	256	1
9278	6069	1024	1
9279	6070	2048	1
9280	6071	256	1
9281	6071	768	3
9282	6072	512	2
9283	6073	512	2
9284	6073	147456	3
9285	6073	5376	4
9286	6074	512	2
9287	6075	2048	1
9288	6076	2048	1
9289	6077	20480	4
9290	6078	4608	3
9291	6078	3840	15
9292	6080	147456	17
9293	6081	14592	24
9294	6081	512	2
9295	6082	768	2
9296	6082	512	1
9297	6083	2560	6
9298	6083	256	1
9299	6084	3328	13
9300	6085	768	3
9301	6086	65792	2
9302	6087	20736	15
9303	6087	1024	1
9304	6088	256	1
9305	6089	65536	1
9306	6090	2048	8
9307	6091	2048	1
9308	6092	3328	13
9309	6093	4096	1
9310	6094	1792	4
9311	6094	125952	14
9312	6095	5120	13
9313	6095	2560	3
9314	6096	28928	5
9315	6096	16384	1
9316	6097	9216	2
9317	6098	256	1
9318	6099	4096	1
9319	6100	3072	5
9320	6101	256	1
9321	6101	256	1
9322	6102	65536	1
9323	6102	2560	4
9324	6103	7168	10
9325	6104	1024	3
9326	6105	9216	2
9327	6106	52480	16
9328	6107	26880	5
9329	6107	256	1
9330	6108	9728	10
9331	6109	2048	8
9332	6110	512	2
9333	6111	2560	2
9334	6112	2048	1
9335	6113	256	1
9336	6114	2304	8
9337	6115	1280	5
9338	6115	512	1
9339	6116	4608	2
9340	6117	65536	1
9341	6118	8192	1
9342	6119	256	1
9343	6120	200704	7
9344	6120	16384	1
9345	6121	70144	5
9346	6122	512	2
9347	6123	768	3
9348	6124	1024	4
9349	6125	256	1
9350	6126	512	2
9351	6126	768	3
9352	6127	68096	11
9353	6128	512	2
9354	6129	8448	2
9355	6129	256	1
9356	6129	256	1
9357	6129	4096	1
9358	6130	17408	2
9359	6130	5120	7
9360	6131	256	1
9361	6132	256	1
9362	6133	2048	1
9363	6134	256	1
9364	6135	65536	1
9365	6135	256	1
9366	6136	67072	7
9367	6136	16896	4
9368	6136	8704	3
9369	6136	256	1
9370	6137	5376	8
9371	6138	768	3
9372	6139	768	3
9373	6141	256	1
9374	6142	7168	28
9375	6143	4352	2
9376	6144	65536	1
9377	6145	1536	6
9378	6146	76544	15
9379	6146	256	1
9380	6146	256	1
9381	6146	256	1
9382	6148	4096	1
9383	6149	8192	1
9384	6150	114944	5
9385	6151	2048	8
9386	6152	105472	17
9387	6153	38912	9
9388	6154	256	1
9389	6155	8192	1
9390	6156	65536	1
9391	6157	512	2
9392	6158	1792	7
9393	6159	1280	5
9394	6159	512	2
9395	6160	256	1
9396	6160	256	2
9397	6161	1024	4
9398	6162	4352	2
9399	6162	4352	2
9400	6162	4096	1
9401	6163	256	1
9402	6163	256	1
9403	6164	4608	5
9404	6165	4096	9
9405	6166	512	2
9406	6167	2048	5
9407	6168	256	1
9408	6169	512	2
9409	6170	4096	1
9410	6171	256	1
9411	6171	512	2
9412	6172	3840	10
9413	6172	512	1
9414	6173	768	3
9415	6173	256	1
9416	6174	1024	1
9417	6175	8192	1
9418	6176	256	1
9419	6177	1024	1
9420	6178	256	1
9421	6179	256	1
9422	6180	23808	9
9423	6181	5120	8
9424	6181	256	1
9425	6181	1024	4
9426	6182	256	1
9427	6182	256	1
9428	6183	256	1
9429	6184	512	1
9430	6185	1024	4
9431	6186	256	1
9432	6187	256	1
9433	6188	256	1
9434	6189	10240	3
9435	6189	3328	4
9436	6190	8192	1
9437	6191	512	1
9438	6192	23296	15
9439	6193	4096	1
9440	6194	4096	1
9441	6195	22528	5
9442	6196	6400	10
9443	6197	3072	5
9444	6198	256	1
9445	6199	73984	3
9446	6200	1792	4
9447	6201	256	1
9448	6202	256	1
9449	6203	1024	1
9450	6203	31232	7
9451	6204	1280	2
9452	6205	256	1
9453	6205	256	1
9454	6206	2048	5
9455	6207	1536	6
9456	6208	4096	1
9457	6209	512	2
9458	6209	512	2
9459	6210	256	1
9460	6210	1024	4
9461	6210	1024	4
9462	6211	512	2
9463	6212	36864	10
9464	6212	4096	1
9465	6213	512	2
9466	6213	67072	7
9467	6213	4096	1
9468	6213	256	1
9469	6214	12800	15
9470	6215	6656	26
9471	6215	8960	4
9472	6215	1280	5
9473	6216	256	1
9474	6216	768	2
9475	6217	65536	1
9476	6218	38144	10
9477	6218	1024	1
9478	6219	256	1
9479	6219	1536	6
9480	6219	768	3
9481	6220	512	1
9482	6221	1536	6
9483	6222	22272	12
9484	6222	512	1
9485	6222	5120	20
9486	6223	256	1
9487	6224	101888	41
9488	6224	93952	55
9489	6224	25344	12
9490	6225	65536	1
9491	6225	1280	5
9492	6226	256	1
9493	6227	512	2
9494	6228	4096	1
9495	6229	256	1
9496	6229	1245696	6
9497	6230	4096	1
9498	6231	3840	6
9499	6231	256	1
9500	6232	2560	4
9501	6233	10240	8
9502	6234	256	1
9503	6235	256	1
9504	6236	256	1
9505	6237	256	1
9506	6238	99328	8
9507	6238	256	1
9508	6239	65536	1
9509	6239	256	1
9510	6240	4096	1
9511	6241	512	2
9512	6242	1280	5
9513	6243	256	1
9514	6244	5632	11
9515	6245	1024	2
9516	6245	256	1
9517	6246	2048	2
9518	6246	256	1
9519	6247	256	1
9520	6248	256	1
9521	6249	41216	5
9522	6250	176896	55
9523	6250	3072	2
9524	6251	155392	19
9525	6252	256	1
9526	6252	256	1
9527	6253	11008	5
9528	6254	512	2
9529	6255	11776	11
9530	6255	8192	1
9531	6255	512	2
9532	6255	256	1
9533	6256	8192	1
9534	6257	21504	5
9535	6257	512	2
9536	6258	16384	1
9537	6258	16384	1
9538	6259	8192	1
9539	6259	8192	1
9540	6259	256	1
9541	6260	16384	1
9542	6260	16384	1
9543	6261	12288	2
9544	6261	77824	3
9545	6261	768	2
9546	6262	8192	1
9547	6262	8192	1
9548	6262	512	1
9549	6263	24576	2
9550	6263	8192	1
9551	6263	256	1
9552	6264	16384	2
9553	6265	16384	2
9554	6266	24576	4
9555	6266	131072	2
9556	6267	32768	2
9557	6268	32768	2
9558	6269	32768	2
9559	6270	32768	2
9560	6271	16384	1
9561	6271	16384	1
9562	6272	11776	7
9563	6272	2048	1
9564	6273	2048	8
9565	6274	1536	3
9566	6275	256	1
9567	6276	50432	70
9568	6277	3840	15
9569	6277	1280	5
9570	6278	66560	5
9571	6279	16640	3
9572	6280	512	2
9573	6280	131328	3
9574	6281	2048	4
9575	6282	16384	1
9576	6282	16384	1
9577	6283	15104	6
9578	6284	67584	6
9579	6284	69888	3
9580	6284	8192	1
9581	6285	2304	8
9582	6286	256	1
9583	6287	2560	5
9584	6288	256	1
9585	6288	1024	1
9586	6289	2816	11
9587	6290	5120	2
9588	6290	25600	6
9589	6291	24320	17
9590	6291	4608	11
9591	6292	13056	10
9592	6293	65536	1
9593	6294	512	2
9594	6294	256	1
9595	6295	65536	1
9596	6296	66048	3
9597	6297	86528	6
9598	6297	256	1
9599	6297	8704	2
9600	6297	4096	1
9601	6298	4096	1
9602	6299	768	2
9603	6300	2048	2
9604	6301	8192	1
9605	6302	1536	3
9606	6303	512	1
9607	6304	5376	13
9608	6305	66304	4
9609	6306	256	1
9610	6307	512	2
9611	6308	32768	1
9612	6308	256	1
9613	6309	4096	1
9614	6310	512	2
9615	6311	8192	1
9616	6312	7168	3
9617	6313	256	1
9618	6313	256	1
9619	6314	96000	19
9620	6315	2304	3
9621	6316	9728	3
9622	6317	5888	4
9623	6318	512	1
9624	6319	97024	42
9625	6320	512	2
9626	6321	6144	2
9627	6322	1536	6
9628	6322	1024	1
9629	6323	512	2
9630	6324	3584	3
9631	6325	327680	3
9632	6326	5632	21
9633	6326	34560	20
9634	6326	35840	18
9635	6326	2048	3
9636	6326	512	1
9637	6326	256	1
9638	6327	256	1
9639	6328	256	1
9640	6328	256	1
9641	6329	256	1
9642	6329	2816	8
9643	6329	768	3
9644	6330	512	2
9645	6331	1536	3
9646	6332	17152	12
9647	6332	512	1
9648	6333	7680	8
9649	6333	256	1
9650	6333	512	2
9651	6333	768	3
9652	6334	1280	3
9653	6334	256	1
9654	6334	69632	3
9655	6334	3072	2
9656	6334	3072	2
9657	6334	2048	1
9658	6334	256	1
9659	6334	256	1
9660	6334	256	1
9661	6335	1024	3
9662	6336	4096	16
9663	6337	256	1
9664	6337	1024	4
9665	6337	512	1
9666	6337	2048	1
9667	6338	66560	2
9668	6339	256	1
9669	6339	1024	1
9670	6340	2304	6
9671	6341	22272	8
9672	6342	18944	7
9673	6343	84224	8
9674	6344	10240	3
9675	6345	4096	1
9676	6347	4096	1
9677	6348	4096	2
9678	6349	1024	4
9679	6349	256	1
9680	6350	256	1
9681	6351	3584	14
9682	6352	33280	3
9683	6352	33024	2
9684	6354	256	1
9685	6355	256	1
9686	6356	256	1
9687	6357	512	1
9688	6358	1792	4
9689	6359	1536	3
9690	6360	768	3
9691	6361	256	1
9692	6361	8448	7
9693	6362	11008	7
9694	6363	512	2
9695	6363	256	1
9696	6364	4096	1
9697	6365	2816	5
9698	6366	5888	23
9699	6367	512	2
9700	6368	768	3
9701	6368	4608	2
9702	6369	5376	5
9703	6370	256	1
9704	6372	256	1
9705	6373	512	2
9706	6374	2048	1
9707	6375	4608	2
9708	6375	256	1
9709	6376	256	1
9710	6377	30208	15
9711	6377	512	1
9712	6378	512	2
9713	6378	256	1
9714	6379	256	1
9715	6380	256	1
9716	6380	2048	1
9717	6381	1024	4
9718	6382	512	2
9719	6383	256	1
9720	6384	1280	2
9721	6385	2560	10
9722	6385	256	1
9723	6386	19712	10
9724	6386	512	1
9725	6388	3840	8
9726	6389	512	1
9727	6390	5120	5
9728	6391	3328	7
9729	6392	13312	6
9730	6393	13312	7
9731	6394	2304	4
9732	6394	512	1
9733	6395	2048	1
9734	6396	512	1
9735	6396	6912	9
9736	6397	3072	5
9737	6398	5888	23
9738	6398	1792	7
9739	6399	3328	3
9740	6400	1280	5
9741	6400	1024	1
9742	6401	256	1
9743	6402	4096	1
9744	6403	24576	9
9745	6403	4096	1
9746	6403	6144	2
9747	6403	102912	6
9748	6404	7936	16
9749	6405	256	1
9750	6405	1792	7
9751	6406	256	1
9752	6406	24576	4
9753	6406	256	1
9754	6407	256	1
9755	6407	256	1
9756	6408	512	2
9757	6409	256	1
9758	6410	12288	2
9759	6411	1280	5
9760	6412	512	2
9761	6413	2048	2
9762	6414	256	1
9763	6414	8704	3
9764	6415	512	2
9765	6416	9984	8
9766	6416	512	1
9767	6416	512	1
9768	6417	256	1
9769	6418	3840	9
9770	6418	4352	2
9771	6418	768	3
9772	6418	256	1
9773	6419	29952	8
9774	6420	4096	1
9775	6421	2048	2
9776	6422	1280	5
9777	6423	9728	9
9778	6423	512	2
9779	6424	66048	3
9780	6425	1280	3
9781	6426	66048	3
9782	6427	4096	1
9783	6428	6912	27
9784	6429	10240	9
9785	6429	1280	2
9786	6430	256	1
9787	6431	4096	1
9788	6432	12288	2
9789	6432	2048	1
9790	6433	256	1
9791	6434	65536	1
9792	6435	1792	3
9793	6436	2048	1
9794	6436	1536	2
9795	6436	512	2
9796	6437	8448	2
9797	6438	8448	2
9798	6439	2304	7
9799	6440	4096	1
9800	6440	1024	1
9801	6440	256	1
9802	6441	1024	2
9803	6442	29184	4
9804	6443	256	1
9805	6444	126976	31
9806	6444	151552	27
9807	6445	22784	6
9808	6446	256	1
9809	6446	256	1
9810	6447	512	2
9811	6448	5376	3
9812	6449	256	1
9813	6450	2048	2
9814	6450	4096	1
9815	6451	8192	1
9816	6452	1024	2
9817	6453	2048	1
9818	6455	256	1
9819	6455	256	1
9820	6456	4096	1
9821	6457	64	1
9822	6457	512	2
9823	6458	256	1
9824	6459	256	1
9825	6460	256	1
9826	6461	7424	8
9827	6462	4096	1
9828	6463	3328	10
9829	6464	1024	2
9830	6465	512	1
9831	6466	16384	1
9832	6466	3072	12
9833	6467	512	2
9834	6468	3072	6
9835	6469	1536	6
9836	6470	512	2
9837	6471	66304	4
9838	6471	8	1
9839	6472	50176	61
9840	6472	23296	19
9841	6472	73216	45
9842	6472	1280	2
9843	6473	22272	10
9844	6473	2560	3
9845	6474	2304	7
9846	6475	8192	1
9847	6476	5120	4
9848	6476	256	1
9849	6477	1792	4
9850	6478	65536	1
9851	6479	4096	1
9852	6480	131072	2
9853	6481	1024	4
9854	6482	256	1
9855	6482	256	1
9856	6483	6656	5
9857	6483	768	3
9858	6484	12800	3
9859	6485	2048	2
9860	6486	10240	6
9861	6487	2560	4
9862	6487	768	2
9863	6487	256	1
9864	6487	256	1
9865	6488	1280	5
9866	6489	65536	1
9867	6490	512	2
9868	6491	256	1
9869	6492	1536	3
9870	6493	3072	12
9871	6494	256	1
9872	6495	131072	2
9873	6495	474112	14
9874	6496	256	1
9875	6497	256	1
9876	6498	256	1
9877	6499	8192	6
9878	6499	1280	3
9879	6499	256	1
9880	6500	65536	1
9881	6501	1280	5
9882	6502	42496	14
9883	6503	256	1
9884	6504	2048	4
9885	6505	512	2
9886	6506	512	2
9887	6507	2560	10
9888	6508	256	1
9889	6509	768	2
9890	6510	768	2
9891	6511	12288	7
9892	6512	1024	1
9893	6513	512	2
9894	6513	66816	3
9895	6514	256	1
9896	6515	768	3
9897	6516	768	3
9898	6516	512	2
9899	6517	2048	1
9900	6518	12800	33
9901	6518	256	1
9902	6519	512	2
9903	6520	2048	8
9904	6521	256	1
9905	6521	256	1
9906	6522	2048	1
9907	6523	2304	4
9908	6523	1024	1
9909	6524	8448	11
9910	6524	4096	1
9911	6525	1792	3
9912	6526	768	3
9913	6526	768	3
9914	6527	256	1
9915	6528	256	1
9916	6529	1536	3
9917	6530	4096	1
9918	6531	16384	1
9919	6531	4096	1
9920	6532	152576	27
9921	6532	65536	1
9922	6533	8960	3
9923	6533	768	3
9924	6534	256	1
9925	6535	512	2
9926	6535	512	2
9927	6536	1024	4
9928	6537	512	2
9929	6537	1536	3
9930	6537	768	2
9931	6537	1024	4
9932	6538	1280	3
9933	6539	65536	1
9934	6539	256	1
9935	6540	4096	1
9936	6541	18176	40
9937	6542	65536	1
9938	6543	512	2
9939	6544	512	2
9940	6545	1024	4
9941	6546	16384	1
9942	6546	256	1
9943	6547	1536	3
9944	6548	9728	4
9945	6548	256	1
9946	6548	1024	1
9947	6549	1792	7
9948	6550	12288	2
9949	6551	16384	3
9950	6552	768	3
9951	6553	512	2
9952	6554	7168	6
9953	6555	256	1
9954	6556	3072	7
9955	6557	256	1
9956	6558	512	2
9957	6559	9728	5
9958	6560	256	1
9959	6561	8448	2
9960	6562	5120	4
9961	6562	512	2
9962	6563	2560	5
9963	6564	1024	4
9964	6565	256	1
9965	6565	3072	2
9966	6566	65536	1
9967	6567	256	1
9968	6568	131072	2
9969	6569	2816	3
9970	6570	4864	19
9971	6570	512	2
9972	6570	256	1
9973	6571	3840	14
9974	6572	256	1
9975	6573	65536	1
9976	6574	16384	3
9977	6575	1792	7
9978	6576	1792	6
9979	6576	256	1
9980	6577	256	1
9981	6577	2560	2
9982	6577	768	2
9983	6577	6144	2
9984	6579	256	1
9985	6580	3584	7
9986	6581	7424	14
9987	6582	8192	1
9988	6582	256	1
9989	6583	256	1
9990	6583	1024	4
9991	6583	256	1
9992	6584	256	1
9993	6585	256	1
9994	6586	768	3
9995	6587	256	1
9996	6588	256	1
9997	6589	65536	1
9998	6589	4608	4
9999	6589	512	2
10000	6590	1280	5
10001	6590	768	3
10002	6591	1024	1
10003	6592	6144	2
10004	6593	4096	4
10005	6594	16640	2
10006	6595	2560	3
10007	6596	512	1
10008	6597	8448	2
10009	6598	8704	3
10010	6599	256	1
10011	6600	3584	14
10012	6600	9728	3
10013	6601	4352	2
10014	6602	256	1
10015	6603	65792	2
10016	6604	512	2
10017	6604	1024	4
10018	6604	256	1
10019	6605	768	3
10020	6606	256	1
10021	6606	128	1
10022	6607	256	1
10023	6608	1024	4
10024	6609	512	2
10025	6609	256	1
10026	6610	256	1
10027	6612	1280	5
10028	6613	2048	4
10029	6613	512	2
10030	6614	6144	2
10031	6615	17408	3
10032	6616	512	2
10033	6617	2304	2
10034	6618	256	1
10035	6619	5632	7
10036	6619	70144	19
10037	6620	65536	1
10038	6622	30208	19
10039	6622	15872	11
10040	6623	65536	1
10041	6623	34816	7
10042	6623	4096	1
10043	6624	512	2
10044	6625	1280	5
10045	6626	256	1
10046	6627	1280	5
10047	6628	5632	7
10048	6628	768	3
10049	6629	512	1
10050	6629	512	1
10051	6630	3072	3
10052	6631	10752	3
10053	6632	512	1
10054	6632	1024	1
10055	6633	4352	2
10056	6633	256	1
10057	6634	256	1
10058	6635	1536	6
10059	6635	512	2
10060	6636	6144	2
10061	6637	31744	9
10062	6637	8192	1
10063	6638	1280	4
10064	6639	8192	1
10065	6640	8704	3
10066	6641	256	1
10067	6642	512	2
10068	6642	256	1
10069	6643	3328	3
10070	6643	6656	4
10071	6643	4096	2
10072	6644	77824	4
10073	6645	262144	4
10074	6645	256	1
10075	6646	67840	10
10076	6647	256	1
10077	6648	256	1
10078	6649	256	1
10079	6650	256	1
10080	6651	512	2
10081	6652	256	1
10082	6653	65536	1
10083	6653	512	1
10084	6654	256	1
10085	6655	2048	8
10086	6656	1024	4
10087	6657	512	2
10088	6658	256	1
10089	6659	1536	6
10090	6660	5888	8
10091	6660	3584	14
10092	6661	256	1
10093	6662	1280	4
10094	6663	1024	2
10095	6664	77824	11
10096	6664	65536	1
10097	6664	768	3
10098	6664	32768	1
10099	6664	512	2
10100	6664	64	2
10101	6665	512	1
10102	6666	66304	4
10103	6667	512	1
10104	6668	512	2
10105	6669	8192	1
10106	6670	49152	2
10107	6671	768	3
10108	6672	1792	6
10109	6672	1024	1
10110	6673	256	1
10111	6673	512	2
10112	6674	768	3
10113	6675	10240	19
10114	6675	7680	7
10115	6676	16384	2
10116	6677	256	1
10117	6678	24832	3
10118	6679	8192	1
10119	6680	1536	2
10120	6681	65536	1
10121	6682	8704	2
10122	6683	65536	1
10123	6683	512	2
10124	6684	256	1
10125	6685	2048	1
10126	6686	256	1
10127	6687	4352	6
10128	6688	3584	3
10129	6688	9216	4
10130	6688	1024	4
10131	6689	8192	1
10132	6689	24576	2
10133	6690	512	2
10134	6691	4608	3
10135	6691	1024	4
10136	6692	65536	1
10137	6693	16896	3
10138	6693	10240	4
10139	6693	8192	4
10140	6694	40192	12
10141	6694	14848	7
10142	6694	4096	2
10143	6696	768	3
10144	6696	1280	3
10145	6697	28672	5
10146	6698	8192	1
10147	6699	512	2
10148	6700	65536	1
10149	6701	768	3
10150	6702	1024	4
10151	6702	1024	4
10152	6703	2048	2
10153	6703	768	3
10154	6704	2560	4
10155	6705	137984	11
10156	6705	512	2
10157	6705	64	1
10158	6706	8192	1
10159	6707	51712	9
10160	6707	12288	2
10161	6707	8448	2
10162	6707	512	1
10163	6707	256	1
10164	6707	256	1
10165	6708	1024	1
10166	6708	256	1
10167	6709	256	1
10168	6709	256	1
10169	6710	1792	3
10170	6711	256	1
10171	6712	1536	2
10172	6713	8704	3
10173	6714	11264	10
10174	6715	1024	3
10175	6715	512	2
10176	6716	256	1
10177	6717	1024	1
10178	6718	1280	4
10179	6719	256	1
10180	6720	512	2
10181	6721	256	1
10182	6721	1024	1
10183	6721	256	1
10184	6721	256	1
10185	6722	16896	12
10186	6723	512	2
10187	6724	512	2
10188	6724	256	1
10189	6724	256	1
10190	6725	7424	22
10191	6726	256	1
10192	6726	6144	24
10193	6726	768	3
10194	6726	768	3
10195	6726	512	2
10196	6726	256	1
10197	6727	768	3
10198	6728	5120	2
10199	6729	256	1
10200	6730	512	2
10201	6731	512	2
10202	6731	256	1
10203	6732	65536	1
10204	6733	5120	6
10205	6733	3328	13
10206	6734	8704	3
10207	6735	256	1
10208	6736	16384	1
10209	6736	4352	2
10210	6737	256	1
10211	6737	256	1
10212	6738	16384	1
10213	6739	2048	1
10214	6740	4096	1
10215	6741	256	1
10216	6742	256	1
10217	6743	12288	2
10218	6744	1536	6
10219	6745	256	1
10220	6746	2816	8
10221	6746	512	1
10222	6747	4096	1
10223	6747	3072	9
10224	6747	256	1
10225	6748	1792	7
10226	6749	2048	1
10227	6750	256	1
10228	6751	256	1
10229	6751	3328	10
10230	6752	4608	6
10231	6753	768	3
10232	6754	4608	5
10233	6754	1280	5
10234	6755	98304	2
10235	6756	512	1
10236	6757	2560	6
10237	6758	256	1
10238	6759	256	1
10239	6760	4352	2
10240	6761	8960	21
10241	6761	256	1
10242	6761	8192	1
10243	6762	256	1
10244	6762	3072	4
10245	6762	1280	5
10246	6763	256	1
10247	6764	512	1
10248	6764	256	1
10249	6765	8192	2
10250	6766	512	2
10251	6767	65536	1
10252	6768	256	1
10253	6769	256	1
10254	6770	256	1
10255	6770	256	1
10256	6771	256	1
10257	6772	25088	3
10258	6773	256	1
10259	6774	512	2
10260	6774	256	1
10261	6775	462080	19
10262	6776	256	1
10263	6777	256	1
10264	6778	2560	10
10265	6779	196608	7
10266	6779	16384	1
10267	6780	3584	13
10268	6781	1024	3
10269	6782	6400	10
10270	6782	1536	5
10271	6783	16896	7
10272	6783	1024	1
10273	6784	1536	4
10274	6785	1536	5
10275	6786	12288	3
10276	6786	2048	1
10277	6786	512	1
10278	6787	256	1
10279	6788	512	1
10280	6789	8960	4
10281	6789	10752	11
10282	6789	256	1
10283	6790	512	2
10284	6791	512	2
10285	6791	256	1
10286	6792	3072	6
10287	6792	3072	4
10288	6793	4096	6
10289	6794	7168	9
10290	6795	512	2
10291	6796	15360	4
10292	6796	8704	3
10293	6796	768	3
10294	6797	4096	1
10295	6798	6144	3
10296	6799	256	1
10297	6800	768	3
10298	6801	8192	1
10299	6801	1280	2
10300	6802	8192	1
10301	6803	1536	2
10302	6804	16384	1
10303	6805	256	1
10304	6806	1280	5
10305	6808	167936	21
10306	6809	1024	2
10307	6810	65536	1
10308	6810	16384	1
10309	6811	4352	2
10310	6812	1792	3
10311	6812	1536	2
10312	6813	1792	3
10313	6813	2304	2
10314	6813	1024	1
10315	6813	512	2
10316	6813	4096	1
10317	6814	256	1
10318	6815	256	1
10319	6816	256	1
10320	6817	68096	5
10321	6818	2048	4
10322	6818	256	1
10323	6819	4864	4
10324	6819	1536	5
10325	6820	69632	13
10326	6821	256	1
10327	6822	2816	4
10328	6823	3072	3
10329	6824	65792	2
10330	6824	256	1
10331	6824	256	1
10332	6825	4096	1
10333	6825	512	1
10334	6826	256	1
10335	6827	1536	2
10336	6827	512	2
10337	6828	512	2
10338	6829	256	1
10339	6830	2048	6
10340	6831	256	1
10341	6832	2560	10
10342	6833	256	1
10343	6834	256	1
10344	6834	2048	1
10345	6835	512	2
10346	6836	4096	1
10347	6837	256	1
10348	6838	768	2
10349	6839	65536	1
10350	6840	8192	1
10351	6841	1024	4
10352	6842	5632	8
10353	6843	512	1
10354	6844	2560	3
10355	6845	65536	1
10356	6846	256	1
10357	6847	2048	8
10358	6848	4096	1
10359	6849	1792	6
10360	6850	512	2
10361	6850	1024	4
10362	6851	256	1
10363	6852	8960	4
10364	6853	4096	1
10365	6853	2048	1
10366	6853	1024	4
10367	6854	8960	5
10368	6855	1280	5
10369	6856	512	2
10370	6857	256	1
10371	6858	768	3
10372	6859	512	2
10373	6860	1280	3
10374	6861	15360	7
10375	6862	256	1
10376	6863	65536	1
10377	6864	57344	3
10378	6865	6912	5
10379	6866	768	3
10380	6866	512	1
10381	6867	98048	34
10382	6867	768	3
10383	6868	768	3
10384	6868	1024	2
10385	6870	4096	1
10386	6871	512	2
10387	6872	10240	5
10388	6873	1024	2
10389	6874	15616	6
10390	6874	4096	1
10391	6875	4352	17
10392	6875	4096	2
10393	6876	5632	16
10394	6877	1024	3
10395	6878	70912	13
10396	6878	256	1
10397	6879	4096	1
10398	6880	768	3
10399	6880	1536	6
10400	6881	256	1
10401	6882	256	1
10402	6883	1792	5
10403	6883	2304	2
10404	6883	1280	2
10405	6884	3328	7
10406	6885	256	1
10407	6886	256	1
10408	6886	256	1
10409	6887	1280	5
10410	6888	4096	1
10411	6889	256	1
10412	6890	1280	3
10413	6891	512	2
10414	6892	1280	5
10415	6893	1792	7
10416	6894	65536	1
10417	6895	4096	1
10418	6896	2304	8
10419	6897	256	1
10420	6898	1792	3
10421	6899	1024	1
10422	6900	2304	9
10423	6900	1280	5
10424	6901	8192	1
10425	6902	256	1
10426	6902	768	2
10427	6902	256	1
10428	6903	512	2
10429	6904	1024	4
10430	6904	768	3
10431	6905	6912	18
10432	6905	512	2
10433	6905	1280	4
10434	6905	256	1
10435	6905	512	2
10436	6906	512	2
10437	6907	2048	1
10438	6908	256	1
10439	6909	6144	11
10440	6909	1536	2
10441	6910	6144	3
10442	6911	26112	7
10443	6911	2048	1
10444	6912	256	1
10445	6912	256	1
10446	6912	512	2
10447	6913	65536	1
10448	6914	3072	5
10449	6914	32	1
10450	6915	256	1
10451	6916	256	1
10452	6917	768	3
10453	6918	20736	3
10454	6919	31232	13
10455	6919	256	1
10456	6920	45312	24
10457	6920	6144	2
10458	6921	26880	11
10459	6921	256	1
10460	6921	256	2
10461	6922	57344	21
10462	6922	128	1
10463	6922	320	3
10464	6923	512	2
10465	6923	768	3
10466	6924	512	2
10467	6925	1024	1
10468	6926	4352	2
10469	6926	2048	4
10470	6926	256	1
10471	6926	1792	3
10472	6927	186368	31
10473	6928	8192	1
10474	6928	512	2
10475	6929	3584	8
10476	6930	8192	1
10477	6930	256	1
10478	6931	65536	1
10479	6932	256	1
10480	6932	256	1
10481	6932	256	1
10482	6933	2816	7
10483	6934	256	1
10484	6935	768	3
10485	6936	256	1
10486	6936	2816	4
10487	6937	256	1
10488	6937	512	2
10489	6938	2048	1
10490	6939	8192	1
10491	6940	2048	1
10492	6941	256	1
10493	6942	4096	1
10494	6943	256	1
10495	6944	256	1
10496	6945	256	1
10497	6946	8192	1
10498	6947	256	1
10499	6947	256	1
10500	6948	11008	14
10501	6949	512	2
10502	6950	1024	2
10503	6950	512	1
10504	6951	256	1
10505	6951	768	3
10506	6952	256	1
10507	6953	256	1
10508	6954	512	1
10509	6955	512	1
10510	6955	768	3
10511	6956	256	1
10512	6956	256	1
10513	6957	256	1
10514	6958	1024	1
10515	6959	8192	1
10516	6960	768	3
10517	6961	196608	3
10518	6962	2048	2
10519	6963	20736	5
10520	6963	2048	8
10521	6963	768	3
10522	6964	512	2
10523	6965	256	1
10524	6966	65536	1
10525	6967	1280	2
10526	6967	512	1
10527	6968	86272	27
10528	6968	34304	71
10529	6968	14848	25
10530	6969	8448	12
10531	6969	256	1
10532	6970	66048	2
10533	6971	256	1
10534	6971	2048	1
10535	6971	72448	28
10536	6972	512	2
10537	6972	512	2
10538	6972	256	1
10539	6973	768	2
10540	6974	256	1
10541	6975	768	3
10542	6976	256	1
10543	6976	9472	8
10544	6977	768	3
10545	6978	512	2
10546	6979	4096	1
10547	6979	2560	3
10548	6980	512	2
10549	6981	3072	12
10550	6982	66560	2
10551	6983	6144	2
10552	6984	4096	1
10553	6985	15872	44
10554	6986	5888	11
10555	6987	26880	24
10556	6987	1024	1
10557	6988	256	1
10558	6989	512	2
10559	6990	256	1
10560	6990	768	2
10561	6991	512	2
10562	6991	512	2
10563	6992	20480	4
10564	6992	4096	1
10565	6993	512	2
10566	6994	512	2
10567	6995	8192	5
10568	6996	256	1
10569	6997	256	1
10570	6997	66560	2
10571	6998	8192	1
10572	6999	4096	1
10573	7000	256	1
10574	7001	2048	3
10575	7001	2560	3
10576	7002	65536	1
10577	7003	2048	2
10578	7003	8192	1
10579	7004	512	2
10580	7005	2304	3
10581	7006	3072	5
10582	7007	1280	5
10583	7007	256	1
10584	7007	256	1
10585	7007	1792	7
10586	7008	189952	49
10587	7008	113920	63
10588	7008	4352	2
10589	7008	8192	1
10590	7008	1024	1
10591	7009	1792	6
10592	7009	512	1
10593	7010	17920	7
10594	7010	256	1
10595	7011	1024	4
10596	7012	256	1
10597	7012	512	1
10598	7013	65792	2
10599	7014	256	1
10600	7015	2048	6
10601	7016	2048	1
10602	7017	512	2
10603	7018	768	3
10604	7019	1024	1
10605	7020	512	2
10606	7021	8192	1
10607	7022	1792	7
10608	7023	256	1
10609	7024	512	2
10610	7024	4096	1
10611	7024	1536	6
10612	7025	256	1
10613	7026	2048	7
10614	7027	256	1
10615	7028	256	1
10616	7029	8192	1
10617	7030	256	1
10618	7031	1024	2
10619	7031	512	1
10620	7032	21760	8
10621	7034	12288	2
10622	7035	8192	1
10623	7036	256	1
10624	7038	256	1
10625	7038	256	1
10626	7039	1024	4
10627	7040	256	1
10628	7040	256	1
10629	7040	32	1
10630	7041	256	1
10631	7042	7424	14
10632	7043	512	2
10633	7044	256	1
10634	7045	1024	1
10635	7045	17408	4
10636	7046	2560	5
10637	7047	256	1
10638	7048	768	2
10639	7049	65536	1
10640	7050	256	1
10641	7051	141312	11
10642	7052	512	2
10643	7053	1024	3
10644	7054	65536	1
10645	7055	49408	3
10646	7055	163840	3
10647	7055	2304	2
10648	7056	768	3
10649	7057	24576	4
10650	7058	1024	4
10651	7058	512	2
10652	7059	256	1
10653	7060	1280	4
10654	7061	256	1
10655	7062	65536	1
10656	7062	66048	4
10657	7063	8192	1
10658	7064	512	2
10659	7065	2304	6
10660	7065	5120	12
10661	7065	2816	11
10662	7065	512	2
10663	7066	4096	1
10664	7067	256	1
10665	7068	3840	5
10666	7069	256	1
10667	7069	512	2
10668	7070	2048	1
10669	7070	2048	1
10670	7071	2304	5
10671	7072	9216	21
10672	7073	70912	4
10673	7074	17664	7
10674	7074	512	2
10675	7075	1024	4
10676	7075	11520	28
10677	7075	8192	24
10678	7075	256	1
10679	7076	4096	1
10680	7076	1024	1
10681	7077	16640	2
10682	7078	256	1
10683	7079	256	1
10684	7080	4096	1
10685	7081	9216	5
10686	7082	512	2
10687	7083	4096	4
10688	7084	256	1
10689	7084	256	1
10690	7085	256	1
10691	7085	64	1
10692	7086	1024	3
10693	7086	2048	1
10694	7086	256	1
10695	7087	2048	4
10696	7087	512	2
10697	7088	256	1
10698	7089	256	1
10699	7090	1536	2
10700	7091	512	2
10701	7091	6144	7
10702	7092	512	1
10703	7092	256	1
10704	7093	1536	6
10705	7094	2048	8
10706	7095	3840	4
10707	7095	256	1
10708	7095	512	1
10709	7096	32768	1
10710	7096	32768	1
10711	7097	256	1
10712	7098	5376	7
10713	7098	256	1
10714	7098	12288	2
10715	7099	256	1
10716	7100	3840	7
10717	7101	7680	30
10718	7101	8192	1
10719	7101	256	1
10720	7102	65536	1
10721	7102	512	2
10722	7102	13312	31
10723	7102	2048	8
10724	7102	256	1
10725	7103	65536	1
10726	7104	31488	58
10727	7104	1792	5
10728	7104	14592	4
10729	7104	256	1
10730	7104	12288	2
10731	7104	1024	1
10732	7104	2048	1
10733	7105	256	1
10734	7105	256	1
10735	7106	768	3
10736	7106	512	2
10737	7107	256	1
10738	7108	256	1
10739	7109	256	1
10740	7110	256	1
10741	7111	512	2
10742	7112	512	2
10743	7112	256	1
10744	7113	11264	3
10745	7113	1280	3
10746	7114	3840	10
10747	7115	1536	6
10748	7115	512	2
10749	7116	29440	6
10750	7116	12032	36
10751	7116	4608	10
10752	7116	256	1
10753	7117	16384	1
10754	7118	2304	3
10755	7119	512	2
10756	7120	6400	25
10757	7121	256	1
10758	7122	4096	1
10759	7123	65536	1
10760	7124	4096	1
10761	7125	65536	1
10762	7126	1280	4
10763	7126	256	1
10764	7127	1280	3
10765	7128	6912	12
10766	7129	68096	10
10767	7130	256	1
10768	7131	1536	6
10769	7131	4096	16
10770	7132	65536	1
10771	7132	256	1
10772	7133	256	1
10773	7134	8192	1
10774	7135	512	2
10775	7135	256	1
10776	7136	512	2
10777	7136	256	1
10778	7137	65536	1
10779	7137	1792	4
10780	7138	256	1
10781	7138	65536	1
10782	7138	4096	1
10783	7138	4096	1
10784	7139	256	1
10785	7139	2304	2
10786	7140	3072	6
10787	7141	256	1
10788	7141	64	1
10789	7142	30208	7
10790	7143	512	2
10791	7144	512	2
10792	7145	2304	9
10793	7145	2048	5
10794	7146	3840	9
10795	7147	3584	5
10796	7147	4096	1
10797	7148	8192	1
10798	7149	1024	4
10799	7150	1280	5
10800	7151	256	1
10801	7152	256	1
10802	7152	768	3
10803	7153	512	2
10804	7154	256	1
10805	7155	512	1
10806	7155	512	2
10807	7155	768	2
10808	7156	65536	1
10809	7157	2816	7
10810	7157	512	2
10811	7157	1792	4
10812	7157	1792	6
10813	7157	512	2
10814	7157	512	2
10815	7158	512	2
10816	7159	4352	2
10817	7160	3072	2
10818	7160	1536	6
10819	7161	512	1
10820	7162	88064	5
10821	7163	4864	5
10822	7164	256	1
10823	7165	512	1
10824	7166	1536	6
10825	7167	256	1
10826	7168	256	1
10827	7169	512	2
10828	7170	3072	7
10829	7171	114688	3
10830	7172	1024	4
10831	7172	512	2
10832	7173	1024	1
10833	7173	256	1
10834	7174	14336	4
10835	7174	32768	4
10836	7174	66560	16
10837	7174	4096	1
10838	7174	24576	2
10839	7174	3328	8
10840	7174	512	2
10841	7175	256	1
10842	7176	256	1
10843	7177	4096	1
10844	7178	1536	4
10845	7179	256	1
10846	7180	2048	1
10847	7181	17408	2
10848	7181	1024	1
10849	7182	27136	5
10850	7182	1280	5
10851	7183	90624	5
10852	7183	256	1
10853	7184	2048	1
10854	7185	8192	1
10855	7186	39680	15
10856	7187	256	1
10857	7188	256	1
10858	7189	4096	1
10859	7190	768	3
10860	7190	256	1
10861	7191	65536	1
10862	7192	256	1
10863	7193	512	1
10864	7194	768	3
10865	7194	512	2
10866	7195	1280	4
10867	7196	68096	3
10868	7197	4352	2
10869	7198	8960	5
10870	7198	512	2
10871	7198	1280	5
10872	7198	256	1
10873	7198	2048	8
10874	7198	256	1
10875	7199	16640	3
10876	7200	3328	13
10877	7201	512	2
10878	7202	512	2
10879	7202	256	1
10880	7203	256	1
10881	7204	4096	1
10882	7205	512	2
10883	7205	256	1
10884	7206	1280	5
10885	7206	1024	4
10886	7207	512	2
10887	7208	512	2
10888	7209	1024	4
10889	7210	7168	4
10890	7211	9728	5
10891	7212	256	1
10892	7213	65536	1
10893	7214	262912	71
10894	7214	36864	2
10895	7214	67072	3
10896	7215	5632	7
10897	7216	3328	13
10898	7217	1024	4
10899	7218	512	2
10900	7219	4096	1
10901	7220	768	2
10902	7220	256	1
10903	7221	3328	9
10904	7222	768	2
10905	7222	768	2
10906	7223	3584	10
10907	7223	1024	1
10908	7224	512	2
10909	7225	256	1
10910	7226	256	1
10911	7227	256	1
10912	7227	4096	16
10913	7228	256	1
10914	7228	660480	43
10915	7228	298752	238
10916	7228	512	2
10917	7228	256	1
10918	7229	65536	1
10919	7230	256	1
10920	7230	8192	1
10921	7231	256	1
10922	7232	256	1
10923	7233	512	1
10924	7234	512	2
10925	7235	256	1
10926	7236	72704	12
10927	7237	256	1
10928	7238	256	1
10929	7239	7936	12
10930	7240	256	1
10931	7241	1536	6
10932	7242	256	1
10933	7243	8	1
10934	7243	87808	47
10935	7243	22528	23
10936	7243	256	1
10937	7244	512	2
10938	7245	256	1
10939	7245	512	2
10940	7246	768	3
10941	7247	6912	7
10942	7248	256	1
10943	7248	768	3
10944	7248	256	1
10945	7249	256	1
10946	7250	8192	1
10947	7251	2048	1
10948	7251	1280	2
10949	7252	13568	4
10950	7252	256	1
10951	7253	512	1
10952	7253	256	1
10953	7254	1536	5
10954	7254	512	1
10955	7255	65536	1
10956	7256	512	2
10957	7257	256	1
10958	7257	1024	1
10959	7258	1024	4
10960	7259	512	2
10961	7260	256	1
10962	7261	65536	1
10963	7262	512	1
10964	7263	3072	2
10965	7264	256	1
10966	7265	256	1
10967	7266	32768	1
10968	7266	256	1
10969	7267	8192	1
10970	7268	256	1
10971	7269	2304	2
10972	7270	8192	1
10973	7271	8192	1
10974	7272	14080	5
10975	7272	256	1
10976	7272	256	1
10977	7273	256	1
10978	7274	8192	1
10979	7275	256	1
10980	7276	10240	2
10981	7277	3072	4
10982	7278	9216	2
10983	7279	8192	1
10984	7280	1024	3
10985	7281	256	1
10986	7282	8192	1
10987	7283	256	1
10988	7285	256	1
10989	7287	256	1
10990	7288	1024	1
10991	7289	8192	1
10992	7290	8192	1
10993	7291	8192	1
10994	7292	8192	1
10995	7293	512	1
10996	7294	16384	2
10997	7295	256	1
10998	7296	8192	1
10999	7297	1024	4
11000	7297	256	1
11001	7298	256	1
11002	7299	4096	1
11003	7300	256	1
11004	7301	1280	5
11005	7301	512	2
11006	7301	256	1
11007	7302	8192	1
11008	7303	4096	1
11009	7304	49152	2
11010	7305	16384	4
11011	7306	4096	1
11012	7307	512	1
11013	7308	9216	2
11014	7308	512	2
11015	7309	256	1
11016	7310	8192	1
11017	7311	8192	1
11018	7312	4096	1
11019	7312	512	1
11020	7313	256	1
11021	7314	256	1
11022	7315	768	3
11023	7316	2048	1
11024	7317	8192	1
11025	7318	8192	1
11026	7319	1024	1
11027	7320	8192	1
11028	7321	8192	1
11029	7322	4096	1
11030	7322	512	2
11031	7323	73728	3
11032	7323	6144	3
11033	7324	69632	2
11034	7324	256	1
11035	7324	256	1
11036	7324	512	2
11037	7324	1280	5
11038	7325	8192	1
11039	7326	768	2
11040	7327	256	1
11041	7327	16384	1
11042	7328	8192	1
11043	7329	40960	3
11044	7330	1280	2
11045	7330	32	1
11046	7331	8192	1
11047	7332	1024	1
11048	7333	2048	1
11049	7334	256	1
11050	7335	16384	2
11051	7336	8192	1
11052	7337	768	2
11053	7338	512	1
11054	7339	8192	1
11055	7340	12288	2
11056	7341	17152	4
11057	7341	256	1
11058	7341	512	2
11059	7342	136960	13
11060	7342	512	1
11061	7342	1024	4
11062	7343	4096	1
11063	7344	16384	2
11064	7345	8192	1
11065	7346	8192	1
11066	7347	29696	8
11067	7348	14848	24
11068	7348	1024	4
11069	7349	8192	1
11070	7350	65536	1
11071	7351	345344	8
11072	7352	148224	19
11073	7352	256	1
11074	7353	4096	1
11075	7354	4096	1
11076	7355	256	1
11077	7356	256	1
11078	7357	24576	2
11079	7357	256	1
11080	7357	2560	2
11081	7358	67840	3
11082	7359	8192	1
11083	7360	65536	1
11084	7361	8192	1
11085	7362	8192	1
11086	7363	8192	1
11087	7363	1024	4
11088	7364	256	1
11089	7365	256	1
11090	7366	4096	1
11091	7367	4096	1
11092	7368	65536	1
11093	7369	8192	1
11094	7369	256	1
11095	7370	8192	1
11096	7371	12288	2
11097	7371	4096	1
11098	7372	16384	2
11099	7373	32768	2
11100	7374	8192	1
11101	7375	8192	1
11102	7375	4096	1
11103	7376	2304	3
11104	7377	1024	1
11105	7378	8192	1
11106	7379	512	1
11107	7380	24576	2
11108	7380	4096	4
11109	7381	512	1
11110	7382	512	1
11111	7383	8192	1
11112	7384	41472	4
11113	7385	24576	3
11114	7386	8192	1
11115	7387	1536	6
11116	7388	256	1
11117	7389	16384	1
11118	7390	40960	2
11119	7391	32768	1
11120	7391	256	1
11121	7392	1024	1
11122	7393	57344	3
11123	7394	1024	1
11124	7395	8192	1
11125	7396	256	1
11126	7397	3072	12
11127	7397	3328	13
11128	7397	512	2
11129	7398	256	1
11130	7399	8192	1
11131	7400	256	1
11132	7401	8192	1
11133	7402	512	1
11134	7403	1024	1
11135	7404	65536	1
11136	7404	8192	1
11137	7404	1024	1
11138	7404	256	1
11139	7404	256	1
11140	7404	1024	1
11141	7405	8192	1
11142	7406	73728	2
11143	7406	36864	5
11144	7407	256	1
11145	7408	8192	1
11146	7409	4096	1
11147	7410	8448	2
11148	7411	8192	1
11149	7412	4096	1
11150	7413	8192	1
11151	7414	8192	1
11152	7415	14080	21
11153	7416	357376	13
11154	7416	512	2
11155	7417	4096	1
11156	7418	256	1
11157	7419	20480	3
11158	7420	128	1
11159	7420	512	1
11160	7421	8192	1
11161	7422	4608	3
11162	7422	256	1
11163	7423	256	1
11164	7423	32768	1
11165	7424	6400	10
11166	7425	5120	3
11167	7425	256	1
11168	7425	1024	1
11169	7426	2816	4
11170	7426	1280	5
11171	7427	512	2
11172	7428	4096	1
11173	7429	8192	1
11174	7430	20480	2
11175	7431	4096	1
11176	7432	8192	1
11177	7433	8192	1
11178	7434	16640	7
11179	7435	1024	1
11180	7436	3072	3
11181	7437	139264	4
11182	7437	65536	5
11183	7438	1024	1
11184	7439	256	1
11185	7440	4096	1
11186	7441	4096	1
11187	7441	256	1
11188	7442	8192	1
11189	7443	152576	6
11190	7444	25856	8
11191	7445	65536	1
11192	7446	8192	2
11193	7447	512	2
11194	7448	512	2
11195	7449	65536	4
11196	7450	6144	2
11197	7451	2048	1
11198	7452	256	1
11199	7453	8192	1
11200	7454	8192	1
11201	7455	61440	9
11202	7455	1024	1
11203	7456	32768	1
11204	7457	4096	1
11205	7458	4096	1
11206	7459	16384	1
11207	7460	1280	2
11208	7462	56832	17
11209	7464	65536	1
11210	7465	8192	1
11211	7466	256	1
11212	7467	768	3
11213	7468	8192	1
11214	7469	512	1
11215	7470	8192	1
11216	7471	1792	7
11217	7472	4352	2
11218	7473	1024	4
11219	7473	1280	5
11220	7474	8192	2
11221	7475	8448	2
11222	7475	1792	3
11223	7476	768	3
11224	7477	256	1
11225	7478	256	1
11226	7479	18688	5
11227	7480	8192	1
11228	7481	8192	1
11229	7482	8192	1
11230	7483	8448	2
11231	7484	8192	1
11232	7485	8192	1
11233	7486	131072	2
11234	7486	256	1
11235	7487	32768	1
11236	7488	8192	1
11237	7489	159744	8
11238	7490	256	1
11239	7491	65536	1
11240	7492	8192	1
11241	7493	8192	1
11242	7494	4096	1
11243	7495	2560	2
11244	7496	256	1
11245	7497	9472	6
11246	7498	4096	1
11247	7499	32768	1
11248	7500	35840	9
11249	7501	512	1
11250	7502	256	1
11251	7503	66560	3
11252	7503	2048	1
11253	7504	512	1
11254	7505	512	2
11255	7506	8192	1
11256	7507	8192	1
11257	7508	512	2
11258	7509	28672	6
11259	7510	1024	1
11260	7511	69632	2
11261	7512	69632	2
11262	7513	8192	1
11263	7514	1280	3
11264	7515	8192	1
11265	7516	4352	2
11266	7517	12288	2
11267	7517	7168	3
11268	7517	1024	1
11269	7518	5376	5
11270	7519	2048	1
11271	7519	256	1
11272	7520	512	2
11273	7521	4096	1
11274	7522	4096	1
11275	7523	18432	9
11276	7523	4096	1
11277	7524	131072	1
11278	7525	6144	12
11279	7526	1024	1
11280	7527	131072	2
11281	7528	4096	1
11282	7529	4096	1
11283	7530	1280	2
11284	7531	8192	2
11285	7532	8192	1
11286	7533	211712	18
11287	7534	8192	1
11288	7534	256	1
11289	7535	4096	1
11290	7536	4096	1
11291	7537	7936	16
11292	7538	256	1
11293	7539	4096	1
11294	7540	4096	1
11295	7540	2048	1
11296	7541	4096	1
11297	7542	512	1
11298	7543	8192	1
11299	7544	8192	1
11300	7545	10240	2
11301	7546	65536	1
11302	7547	4352	2
11303	7548	33280	8
11304	7549	8192	1
11305	7550	4096	1
11306	7550	1024	1
11307	7551	4352	2
11308	7552	512	2
11309	7553	4608	3
11310	7554	10496	9
11311	7555	22528	9
11312	7556	4096	1
11313	7557	1024	1
11314	7558	8192	1
11315	7559	8192	1
11316	7560	4096	1
11317	7561	256	1
11318	7562	1024	1
11319	7563	35840	9
11320	7564	16384	2
11321	7565	25088	4
11322	7565	19200	17
11323	7565	256	1
11324	7565	768	3
11325	7566	24576	2
11326	7567	8192	1
11327	7568	1536	6
11328	7568	3840	15
11329	7569	1024	1
11330	7570	8192	1
11331	7571	4096	1
11332	7571	512	2
11333	7572	256	1
11334	7573	512	2
11335	7574	8192	1
11336	7575	4096	1
11337	7576	8192	1
11338	7577	6144	3
11339	7577	512	2
11340	7577	256	1
11341	7578	512	1
11342	7579	256	1
11343	7580	256	1
11344	7580	512	1
11345	7581	256	1
11346	7582	1024	1
11347	7583	4096	1
11348	7584	256	1
11349	7585	256	1
11350	7586	4096	1
11351	7586	1024	4
11352	7586	1024	4
11353	7587	256	1
11354	7588	256	1
11355	7589	4096	1
11356	7590	8192	1
11357	7591	8192	1
11358	7592	4096	1
11359	7593	8192	1
11360	7594	256	1
11361	7595	32768	1
11362	7596	512	1
11363	7597	6144	2
11364	7598	65536	1
11365	7598	32	1
11366	7599	256	1
11367	7600	256	1
11368	7601	30720	6
11369	7601	4096	2
11370	7602	16384	1
11371	7603	8192	1
11372	7603	1536	6
11373	7604	16384	1
11374	7604	512	2
11375	7605	4096	1
11376	7606	1792	4
11377	7607	256	1
11378	7608	2560	4
11379	7609	512	2
11380	7610	4096	1
11381	7611	4096	1
11382	7612	512	1
11383	7613	2048	1
11384	7614	256	1
11385	7615	512	1
11386	7616	512	1
11387	7616	256	1
11388	7617	8192	1
11389	7618	512	1
11390	7619	768	3
11391	7619	14080	24
11392	7620	4096	1
11393	7621	256	1
11394	7622	512	2
11395	7622	512	2
11396	7623	4352	2
11397	7624	256	1
11398	7625	100608	6
11399	7625	2560	3
11400	7626	28672	3
11401	7627	512	1
11402	7628	768	3
11403	7628	256	1
11404	7629	13312	8
11405	7630	4096	1
11406	7632	256	1
11407	7633	512	2
11408	7633	768	3
11409	7633	256	1
11410	7634	1024	1
11411	7635	4352	2
11412	7636	512	1
11413	7637	512	2
11414	7638	512	2
11415	7639	4096	1
11416	7640	256	1
11417	7641	8192	1
11418	7642	4096	1
11419	7643	256	1
11420	7644	232448	7
11421	7645	512	1
11422	7646	1536	6
11423	7647	39936	4
11424	7648	4096	1
11425	7649	4096	1
11426	7650	82688	5
11427	7651	512	1
11428	7652	4096	1
11429	7653	1024	1
11430	7654	8192	1
11431	7656	1024	1
11432	7657	256	1
11433	7658	8192	1
11434	7659	4096	1
11435	7660	8192	1
11436	7661	256	1
11437	7662	1280	5
11438	7663	1024	1
11439	7664	65536	1
11440	7665	4096	1
11441	7666	4096	1
11442	7667	8192	1
11443	7668	4096	1
11444	7669	8192	1
11445	7670	4096	1
11446	7671	1024	1
11447	7672	256	1
11448	7673	24576	2
11449	7674	2048	1
11450	7675	256	1
11451	7676	6144	2
11452	7677	4096	1
11453	7678	256	1
11454	7679	4096	1
11455	7680	256	1
11456	7681	65536	1
11457	7682	131072	2
11458	7683	20480	4
11459	7684	65536	1
11460	7685	65536	1
11461	7686	10240	2
11462	7686	2048	1
11463	7687	2048	1
11464	7688	256	1
11465	7689	512	1
11466	7690	49408	5
11467	7690	512	2
11468	7691	4096	1
11469	7692	4096	1
11470	7692	256	1
11471	7693	512	1
11472	7694	8192	1
11473	7695	4096	1
11474	7696	8192	1
11475	7697	8192	1
11476	7698	4096	1
11477	7699	8960	4
11478	7700	65536	1
11479	7701	17152	3
11480	7702	12288	2
11481	7703	256	1
11482	7704	1024	3
11483	7705	8192	1
11484	7706	256	1
11485	7706	256	1
11486	7707	512	1
11487	7708	4096	1
11488	7709	8192	2
11489	7710	4096	1
11490	7711	16384	2
11491	7712	4096	1
11492	7713	4096	1
11493	7714	8192	1
11494	7715	2816	4
11495	7716	5632	4
11496	7717	2048	4
11497	7718	512	2
11498	7719	49152	2
11499	7720	768	3
11500	7720	256	1
11501	7721	4096	1
11502	7722	40960	3
11503	7723	18432	3
11504	7724	1024	1
11505	7725	1024	2
11506	7726	256	1
11507	7727	256	1
11508	7728	12288	2
11509	7729	256	1
11510	7730	4096	1
11511	7731	16384	1
11512	7732	4096	1
11513	7733	73728	2
11514	7734	65536	1
11515	7735	1280	3
11516	7736	65536	1
11517	7737	256	1
11518	7738	8192	1
11519	7739	256	1
11520	7740	16384	2
11521	7741	256	1
11522	7742	8192	1
11523	7742	1024	3
11524	7743	1024	1
11525	7743	1024	4
11526	7744	4096	1
11527	7745	4096	1
11528	7746	4096	1
11529	7747	256	1
11530	7748	1024	3
11531	7749	8192	1
11532	7750	16384	2
11533	7751	512	1
11534	7752	1024	1
11535	7753	256	1
11536	7754	8192	1
11537	7755	256	1
11538	7756	4096	1
11539	7757	4096	1
11540	7758	4096	1
11541	7759	65792	2
11542	7760	6144	2
11543	7761	4096	1
11544	7762	16384	1
11545	7763	768	3
11546	7764	4096	1
11547	7765	1280	5
11548	7766	1024	1
11549	7766	2048	2
11550	7766	1024	1
11551	7767	512	2
11552	7768	256	1
11553	7769	8192	1
11554	7770	4096	1
11555	7771	65536	1
11556	7771	512	2
11557	7772	8192	2
11558	7773	4096	1
11559	7774	24576	2
11560	7775	4096	1
11561	7776	12288	2
11562	7777	20480	4
11563	7778	512	1
11564	7779	8704	3
11565	7780	128	1
11566	7780	256	1
11567	7781	256	1
11568	7782	1792	4
11569	7783	8192	1
11570	7784	256	1
11571	7785	8192	1
11572	7786	24576	2
11573	7787	256	1
11574	7788	256	1
11575	7789	8192	1
11576	7790	512	2
11577	7792	1024	1
11578	7793	1280	5
11579	7794	11264	9
11580	7795	8192	1
11581	7796	4096	1
11582	7797	4096	1
11583	7798	256	1
11584	7799	256	1
11585	7800	512	1
11586	7800	1024	3
11587	7801	256	1
11588	7802	4096	1
11589	7803	8192	1
11590	7804	4096	1
11591	7805	8192	1
11592	7806	8192	1
11593	7807	512	2
11594	7807	768	2
11595	7808	65536	1
11596	7808	512	2
11597	7809	512	2
11598	7810	768	3
11599	7811	8192	1
11600	7812	4096	1
11601	7813	4096	1
11602	7814	256	1
11603	7815	147456	8
11604	7816	65536	1
11605	7817	8192	1
11606	7817	1024	1
11607	7818	2816	4
11608	7818	256	1
11609	7819	512	2
11610	7820	1024	1
11611	7820	512	2
11612	7821	33536	5
11613	7822	16384	2
11614	7823	256	1
11615	7824	512	2
11616	7825	16384	3
11617	7826	8192	1
11618	7827	256	1
11619	7828	256	1
11620	7829	8192	1
11621	7829	2048	2
11622	7830	1024	1
11623	7831	4096	2
11624	7832	4096	1
11625	7833	256	1
11626	7834	1024	1
11627	7835	4352	2
11628	7836	768	2
11629	7837	16384	2
11630	7838	4096	1
11631	7839	1280	3
11632	7840	512	2
11633	7841	512	2
11634	7841	768	2
11635	7842	256	1
11636	7843	1536	3
11637	7844	4352	2
11638	7845	5376	3
11639	7846	10496	10
11640	7846	4352	2
11641	7846	768	3
11642	7846	256	1
11643	7847	4096	1
11644	7848	4096	1
11645	7849	33024	2
11646	7850	512	2
11647	7851	4096	1
11648	7852	1024	1
11649	7853	512	1
11650	7854	8192	1
11651	7855	256	1
11652	7856	4096	1
11653	7857	4096	1
11654	7858	4096	1
11655	7859	4096	1
11656	7860	512	2
11657	7860	4096	1
11658	7861	256	1
11659	7862	4096	1
11660	7863	65536	1
11661	7864	8448	2
11662	7865	6144	2
11663	7866	768	3
11664	7867	256	1
11665	7868	1024	1
11666	7869	1024	1
11667	7870	9216	3
11668	7870	256	1
11669	7870	1280	2
11670	7871	256	1
11671	7872	8192	1
11672	7873	8192	1
11673	7874	256	1
11674	7875	512	1
11675	7876	256	1
11676	7877	1024	1
11677	7878	1536	5
11678	7878	256	1
11679	7879	4096	1
11680	7880	256	1
11681	7881	256	1
11682	7882	8192	1
11683	7883	4096	1
11684	7884	1024	1
11685	7885	2304	9
11686	7886	256	1
11687	7887	4096	1
11688	7888	768	2
11689	7888	256	1
11690	7888	256	1
11691	7889	256	1
11692	7891	256	1
11693	7892	4096	1
11694	7893	256	1
11695	7893	6144	2
11696	7893	2048	1
11697	7894	512	2
11698	7894	4608	2
11699	7895	512	1
11700	7896	8192	1
11701	7897	4096	1
11702	7898	1024	1
11703	7899	256	1
11704	7900	4096	1
11705	7901	4096	1
11706	7902	8192	1
11707	7903	512	1
11708	7904	8192	1
11709	7905	512	2
11710	7906	4096	1
11711	7907	16384	2
11712	7908	24576	2
11713	7909	256	1
11714	7910	256	1
11715	7911	4096	1
11716	7912	256	1
11717	7913	8704	3
11718	7914	512	1
11719	7915	256	1
11720	7916	4096	1
11721	7917	512	2
11722	7918	768	3
11723	7919	4352	2
11724	7920	512	1
11725	7921	2048	1
11726	7922	2048	1
11727	7923	3072	5
11728	7923	512	2
11729	7923	512	2
11730	7923	256	1
11731	7923	256	1
11732	7924	4096	1
11733	7925	4096	1
11734	7926	64512	12
11735	7927	256	1
11736	7928	256	1
11737	7929	256	1
11738	7930	4096	1
11739	7931	4096	1
11740	7932	1024	1
11741	7933	4096	1
11742	7935	4352	2
11743	7936	8192	1
11744	7937	65792	2
11745	7938	4352	2
11746	7939	4096	1
11747	7940	4096	1
11748	7941	256	1
11749	7942	131072	1
11750	7943	256	1
11751	7944	512	1
11752	7945	768	2
11753	7946	4096	1
11754	7947	4096	1
11755	7948	8192	1
11756	7949	256	1
11757	7950	8192	1
11758	7951	2048	2
11759	7952	8192	1
11760	7953	256	1
11761	7954	8192	1
11762	7955	8448	2
11763	7956	256	1
11764	7957	512	2
11765	7958	8192	1
11766	7959	256	1
11767	7959	4096	1
11768	7960	3072	2
11769	7961	768	2
11770	7962	4096	1
11771	7963	512	1
11772	7964	26624	8
11773	7965	16384	3
11774	7966	256	1
11775	7968	256	1
11776	7969	256	1
11777	7970	4096	1
11778	7971	2048	1
11779	7971	2304	2
11780	7972	4096	1
11781	7973	5120	2
11782	7974	4096	1
11783	7975	4096	1
11784	7976	4096	1
11785	7977	4096	1
11786	7978	8192	1
11787	7979	4096	1
11788	7980	256	1
11789	7981	256	1
11790	7982	5120	5
11791	7983	4096	1
11792	7984	256	1
11793	7985	8192	1
11794	7986	1024	1
11795	7987	256	1
11796	7988	8192	1
11797	7989	4096	1
11798	7990	2048	1
11799	7991	16384	1
11800	7992	4096	1
11801	7993	16640	3
11802	7993	1536	6
11803	7994	256	1
11804	7995	1024	1
11805	7996	256	1
11806	7996	256	1
11807	7997	1280	4
11808	7998	1024	1
11809	7998	256	1
11810	7998	768	3
11811	7999	4096	1
11812	8000	8192	1
11813	8001	16384	2
11814	8001	4864	19
11815	8002	4096	1
11816	8003	1536	6
11817	8004	256	1
11818	8005	8192	1
11819	8006	4096	5
11820	8007	8192	1
11821	8008	4096	1
11822	8009	4096	1
11823	8010	4096	1
11824	8011	4096	1
11825	8012	3072	3
11826	8013	1280	5
11827	8014	4096	1
11828	8015	4608	3
11829	8016	256	1
11830	8017	65536	1
11831	8018	4096	1
11832	8019	256	1
11833	8020	4096	1
11834	8021	2048	1
11835	8022	24576	2
11836	8023	4096	1
11837	8024	4096	1
11838	8025	256	1
11839	8026	16384	1
11840	8027	4096	1
11841	8028	512	2
11842	8029	256	1
11843	8030	256	1
11844	8031	1024	1
11845	8032	4096	1
11846	8033	4096	1
11847	8034	256	1
11848	8035	256	1
11849	8036	4096	1
11850	8037	4096	1
11851	8038	4096	1
11852	8039	256	1
11853	8040	2048	1
11854	8041	2816	7
11855	8041	256	1
11856	8042	4608	3
11857	8043	512	2
11858	8043	512	1
11859	8043	1024	1
11860	8044	1536	6
11861	8045	256	1
11862	8046	256	1
11863	8047	5120	6
11864	8048	12288	2
11865	8048	1024	3
11866	8049	512	2
11867	8050	8192	1
11868	8051	16384	1
11869	8052	8192	4
11870	8053	8192	1
11871	8054	2304	3
11872	8054	256	1
11873	8055	3584	6
11874	8056	22784	6
11875	8057	1024	4
11876	8058	256	1
11877	8058	256	1
11878	8058	256	1
11879	8058	256	1
11880	8058	256	1
11881	8059	2048	7
11882	8060	32768	1
11883	8061	256	1
11884	8062	256	1
11885	8063	1024	4
11886	8064	25856	24
11887	8064	3072	4
11888	8064	256	1
11889	8064	256	1
11890	8065	8192	1
11891	8066	2560	7
11892	8066	3072	6
11893	8067	1280	4
11894	8068	768	3
11895	8069	8192	1
11896	8070	256	1
11897	8071	65536	1
11898	8072	256	1
11899	8072	48	2
11900	8073	8448	15
11901	8073	512	1
11902	8074	7680	16
11903	8074	1024	2
11904	8074	512	1
11905	8074	512	1
11906	8075	4608	9
11907	8075	512	2
11908	8076	13056	21
11909	8076	512	1
11910	8077	3584	8
11911	8077	512	1
11912	8077	512	2
11913	8078	256	1
11914	8079	768	3
11915	8080	65536	1
11916	8081	4096	1
11917	8082	512	2
11918	8083	256	1
11919	8084	27648	10
11920	8085	768	3
11921	8086	2048	8
11922	8086	256	1
11923	8086	256	1
11924	8087	3840	15
11925	8088	328192	15
11926	8088	31744	113
11927	8088	256	1
11928	8089	256	1
11929	8089	512	1
11930	8089	256	1
11931	8090	256	1
11932	8091	26368	6
11933	8092	16384	1
11934	8093	512	2
11935	8095	3072	4
11936	8096	8192	1
11937	8096	256	1
11938	8096	512	2
11939	8097	256	1
11940	8098	256	1
11941	8099	12288	2
11942	8100	256	1
11943	8101	65536	1
11944	8102	256	1
11945	8103	65536	1
11946	8104	8192	1
11947	8105	256	1
11948	8106	5888	7
11949	8106	3072	4
11950	8106	512	2
11951	8107	256	1
11952	8108	4096	1
11953	8109	256	1
11954	8110	256	1
11955	8111	8192	2
11956	8112	1024	4
11957	8113	768	2
11958	8114	16384	2
11959	8115	263424	9
11960	8116	512	2
11961	8116	256	1
11962	8117	8192	1
11963	8118	198912	13
11964	8118	46080	4
11965	8119	20480	3
11966	8120	1024	3
11967	8121	4608	3
11968	8121	4096	1
11969	8122	8192	15
11970	8122	256	1
11971	8122	1280	4
11972	8123	256	1
11973	8124	1024	1
11974	8125	256	1
11975	8125	256	1
11976	8126	256	1
11977	8126	256	1
11978	8127	256	1
11979	8128	768	3
11980	8129	256	1
11981	8130	2048	2
11982	8131	1792	7
11983	8132	512	2
11984	8133	768	2
11985	8133	512	2
11986	8134	3072	2
11987	8135	1536	5
11988	8135	256	1
11989	8136	512	2
11990	8137	1280	4
11991	8137	12800	11
11992	8137	256	1
11993	8138	512	2
11994	8139	2304	2
11995	8139	12288	3
11996	8140	1280	4
11997	8140	512	1
11998	8141	2816	5
11999	8142	256	1
12000	8143	5376	5
12001	8144	256	1
12002	8145	4096	1
12003	8146	768	3
12004	8146	16640	3
12005	8147	256	1
12006	8147	512	2
12007	8148	1792	5
12008	8149	256	1
12009	8150	66560	5
12010	8150	256	1
12011	8151	4352	2
12012	8152	256	1
12013	8153	4096	1
12014	8154	65536	1
12015	8155	15360	4
12016	8155	13312	7
12017	8155	2048	1
12018	8156	256	1
12019	8156	4096	1
12020	8157	768	3
12021	8158	4096	1
12022	8159	256	1
12023	8160	6144	2
12024	8160	768	2
12025	8161	8192	3
12026	8161	512	1
12027	8161	64	1
12028	8162	4096	1
12029	8163	512	2
12030	8164	4096	1
12031	8165	1536	2
12032	8166	2304	7
12033	8166	1280	5
12034	8166	256	1
12035	8167	2048	4
12036	8168	1280	3
12037	8168	128	1
12038	8169	256	1
12039	8169	256	1
12040	8170	3328	5
12041	8170	8960	3
12042	8171	2048	8
12043	8172	256	1
12044	8173	1536	5
12045	8174	65536	1
12046	8174	1024	1
12047	8175	256	1
12048	8176	18432	3
12049	8177	512	1
12050	8178	768	3
12051	8179	183040	13
12052	8180	543488	62
12053	8180	512	2
12054	8180	731648	114
12055	8181	512	2
12056	8182	256	1
12057	8183	512	2
12058	8184	9728	11
12059	8184	17920	8
12060	8185	2048	1
12061	8185	1024	1
12062	8185	1024	1
12063	8185	1024	1
12064	8185	2048	1
12065	8186	256	1
12066	8186	128	1
12067	8186	512	2
12068	8187	256	1
12069	8187	256	1
12070	8187	256	1
12071	8188	65536	1
12072	8188	2816	5
12073	8189	512	2
12074	8190	768	2
12075	8191	512	1
12076	8191	768	2
12077	8192	256	1
12078	8193	1024	1
12079	8193	1024	3
12080	8194	256	1
12081	8194	512	2
12082	8195	256	1
12083	8195	256	1
12084	8196	4096	1
12085	8197	256	1
12086	8198	1024	4
12087	8199	256	1
12088	8200	65536	1
12089	8201	1536	2
12090	8202	256	1
12091	8203	256	1
12092	8204	256	1
12093	8205	512	2
12094	8206	512	2
12095	8207	256	1
12096	8208	65536	1
12097	8209	256	1
12098	8210	512	2
12099	8211	66560	5
12100	8212	256	1
12101	8213	768	3
12102	8214	1024	1
12103	8214	1280	2
12104	8215	33024	2
12105	8216	5632	22
12106	8216	1024	1
12107	8217	512	2
12108	8218	6912	5
12109	8219	256	1
12110	8220	1280	2
12111	8221	256	1
12112	8222	256	1
12113	8223	2304	6
12114	8223	2304	2
12115	8224	29952	9
12116	8225	256	1
12117	8226	256	1
12118	8226	256	1
12119	8227	256	1
12120	8228	768	3
12121	8229	512	1
12122	8230	65536	1
12123	8231	8448	3
12124	8232	4096	1
12125	8233	20736	4
12126	8234	4096	1
12127	8235	256	1
12128	8235	512	1
12129	8236	4352	4
12130	8237	66048	3
12131	8238	1024	1
12132	8238	256	1
12133	8239	8448	2
12134	8240	66560	2
12135	8241	8192	1
12136	8242	8192	1
12137	8242	2048	1
12138	8242	256	1
12139	8243	4352	2
12140	8243	69632	2
12141	8244	256	1
12142	8245	38912	4
12143	8245	5120	3
12144	8246	4096	1
12145	8246	3072	2
12146	8247	512	2
12147	8248	8704	9
12148	8249	768	3
12149	8250	32768	1
12150	8251	3328	4
12151	8251	256	1
12152	8252	256	1
12153	8253	256	1
12154	8253	1024	2
12155	8253	256	1
12156	8254	256	1
12157	8255	256	1
12158	8255	66048	3
12159	8255	10752	32
12160	8256	1280	5
12161	8256	256	1
12162	8257	256	1
12163	8258	256	1
12164	8259	66048	3
12165	8260	256	1
12166	8261	256	1
12167	8262	78080	8
12168	8263	256	1
12169	8264	65536	1
12170	8265	512	2
12171	8266	3584	6
12172	8267	256	1
12173	8268	256	1
12174	8269	5888	5
12175	8270	12800	4
12176	8270	512	1
12177	8271	131072	2
12178	8272	256	1
12179	8273	1024	3
12180	8274	43520	69
12181	8274	2048	8
12182	8274	2816	11
12183	8274	768	2
12184	8275	7168	6
12185	8276	2560	7
12186	8276	256	1
12187	8277	65536	1
12188	8278	1792	7
12189	8278	256	1
12190	8279	2304	7
12191	8279	1536	3
12192	8280	768	3
12193	8281	256	1
12194	8281	256	1
12195	8281	256	1
12196	8282	8448	3
12197	8282	10240	3
12198	8282	256	1
12199	8283	512	2
12200	8284	65536	1
12201	8285	512	2
12202	8286	512	1
12203	8287	1024	1
12204	8288	5376	18
12205	8288	768	3
12206	8288	3584	14
12207	8288	2048	8
12208	8289	256	1
12209	8290	256	1
12210	8290	512	1
12211	8291	54272	7
12212	8291	512	2
12213	8292	132608	5
12214	8292	246784	11
12215	8293	393216	6
12216	8293	512	2
12217	8294	2048	1
12218	8294	2048	1
12219	8295	6400	25
12220	8295	31232	59
12221	8295	9216	36
12222	8296	256	1
12223	8297	256	1
12224	8298	768	2
12225	8299	256	1
12226	8300	256	1
12227	8301	256	1
12228	8301	8	1
12229	8301	256	1
12230	8302	2048	8
12231	8302	512	2
12232	8303	256	1
12233	8304	4352	2
12234	8305	512	2
12235	8306	256	1
12236	8306	256	1
12237	8307	131328	3
12238	8308	256	1
12239	8309	256	1
12240	8310	14336	10
12241	8310	512	1
12242	8311	1792	6
12243	8311	1536	2
12244	8312	256	1
12245	8313	1024	4
12246	8313	1536	6
12247	8313	256	1
12248	8314	256	1
12249	8315	768	2
12250	8316	8192	1
12251	8317	768	2
12252	8317	768	2
12253	8317	512	1
12254	8318	3584	3
12255	8319	90112	39
12256	8319	3584	12
12257	8319	16896	3
12258	8319	512	1
12259	8320	256	1
12260	8321	1536	2
12261	8321	256	1
12262	8322	3584	14
12263	8323	6400	8
12264	8323	1024	4
12265	8324	512	2
12266	8325	768	3
12267	8326	256	1
12268	8327	2048	3
12269	8328	256	1
12270	8328	1536	6
12271	8329	65536	1
12272	8329	4096	1
12273	8329	4096	1
12274	8329	4096	1
12275	8330	256	1
12276	8330	256	1
12277	8331	256	1
12278	8332	768	3
12279	8333	256	1
12280	8334	4096	1
12281	8335	512	2
12282	8336	65792	2
12283	8337	2048	1
12284	8338	256	1
12285	8338	256	1
12286	8339	1024	3
12287	8340	1024	4
12288	8340	512	1
12289	8341	256	1
12290	8342	512	2
12291	8342	256	1
12292	8343	256	1
12293	8344	1024	1
12294	8345	256	1
12295	8346	8192	2
12296	8348	5120	20
12297	8349	256	1
12298	8350	8192	1
12299	8351	1792	5
12300	8352	256	1
12301	8353	512	2
12302	8354	25344	4
12303	8355	256	1
12304	8356	256	1
12305	8357	4608	7
12306	8358	256	1
12307	8359	768	2
12308	8360	26112	12
12309	8360	768	3
12310	8360	256	1
12311	8361	4096	1
12312	8362	4096	1
12313	8363	768	3
12314	8364	256	1
12315	8365	5120	7
12316	8365	5120	2
12317	8366	4096	1
12318	8367	256	1
12319	8368	13568	10
12320	8369	256	1
12321	8370	4864	9
12322	8371	12288	5
12323	8372	768	3
12324	8373	1792	7
12325	8373	256	1
12326	8373	256	1
12327	8374	1536	2
12328	8375	11008	9
12329	8376	20736	4
12330	8377	29696	5
12331	8378	512	2
12332	8379	78080	10
12333	8379	66816	7
12334	8380	1024	4
12335	8381	2816	3
12336	8382	512	1
12337	8382	4864	10
12338	8383	512	2
12339	8384	256	1
12340	8385	256	1
12341	8386	4096	16
12342	8387	131072	2
12343	8388	131328	3
12344	8388	256	1
12345	8388	304	6
12346	8388	256	1
12347	8389	768	3
12348	8390	8448	2
12349	8391	512	1
12350	8392	1024	4
12351	8393	4096	1
12352	8395	67584	2
12353	8395	2048	1
12354	8395	2048	1
12355	8397	256	1
12356	8398	66048	3
12357	8399	1024	1
12358	8399	1536	2
12359	8400	1280	5
12360	8401	6656	10
12361	8401	512	2
12362	8402	3840	7
12363	8402	512	1
12364	8402	256	1
12365	8403	4096	1
12366	8403	6656	8
12367	8404	9216	6
12368	8405	256	1
12369	8405	256	1
12370	8406	9216	4
12371	8407	256	1
12372	8407	256	1
12373	8408	512	2
12374	8408	256	1
12375	8409	1024	2
12376	8409	256	1
12377	8410	512	1
12378	8411	512	1
12379	8411	256	1
12380	8412	256	1
12381	8413	256	1
12382	8414	1024	3
12383	8415	3584	4
12384	8416	256	1
12385	8416	768	3
12386	8417	256	1
12387	8418	512	2
12388	8419	256	1
12389	8420	256	1
12390	8421	4864	10
12391	8421	1024	1
12392	8422	1792	4
12393	8424	4096	1
12394	8425	256	1
12395	8426	65536	1
12396	8427	4352	10
12397	8427	77568	22
12398	8427	1280	5
12399	8427	16128	16
12400	8428	393216	6
12401	8428	256	1
12402	8429	1792	6
12403	8429	512	1
12404	8429	512	1
12405	8429	512	1
12406	8430	256	1
12407	8431	4864	5
12408	8432	512	2
12409	8433	768	3
12410	8434	65536	1
12411	8434	66048	2
12412	8435	65536	1
12413	8435	65536	1
12414	8436	512	2
12415	8437	1536	5
12416	8438	256	1
12417	8439	256	1
12418	8439	3072	5
12419	8440	512	2
12420	8441	4352	3
12421	8441	4096	1
12422	8442	512	1
12423	8443	1024	1
12424	8444	512	2
12425	8445	256	1
12426	8446	4864	4
12427	8446	4864	19
12428	8447	256	1
12429	8448	512	1
12430	8448	256	1
12431	8448	256	1
12432	8449	1536	6
12433	8450	4352	2
12434	8451	65536	1
12435	8452	256	1
12436	8453	768	2
12437	8453	512	2
12438	8454	512	2
12439	8455	512	2
12440	8456	3072	7
12441	8457	2560	4
12442	8457	5120	2
12443	8458	5888	13
12444	8459	65536	1
12445	8459	256	1
12446	8460	6656	14
12447	8461	512	1
12448	8461	256	1
12449	8463	5888	14
12450	8464	131072	2
12451	8465	512	2
12452	8465	256	1
12453	8466	768	3
12454	8467	10240	7
12455	8467	512	2
12456	8468	6656	4
12457	8469	65792	2
12458	8470	256	1
12459	8471	3840	9
12460	8472	256	1
12461	8473	512	2
12462	8474	81920	2
12463	8475	256	1
12464	8476	1280	3
12465	8477	512	1
12466	8478	71680	25
12467	8479	3840	12
12468	8479	256	1
12469	8479	256	1
12470	8480	256	1
12471	8481	256	1
12472	8482	65536	1
12473	8483	6912	16
12474	8484	6912	27
12475	8485	256	1
12476	8485	256	1
12477	8486	4352	2
12478	8486	512	2
12479	8487	1024	1
12480	8488	65536	1
12481	8489	256	1
12482	8490	512	2
12483	8490	256	1
12484	8491	256	1
12485	8492	1792	7
12486	8493	1280	4
12487	8494	768	3
12488	8495	512	2
12489	8495	1280	5
12490	8496	16640	2
12491	8497	80896	39
12492	8497	23552	6
12493	8497	33280	3
12494	8498	32768	2
12495	8499	512	1
12496	8500	42240	34
12497	8500	512	1
12498	8501	256	1
12499	8501	4608	2
12500	8502	8448	4
12501	8503	256	1
12502	8504	256	1
12503	8504	1024	4
12504	8505	2560	2
12505	8506	512	2
12506	8507	256	1
12507	8508	12544	4
12508	8508	256	3
12509	8509	256	1
12510	8510	256	1
12511	8510	2048	1
12512	8511	256	1
12513	8512	256	1
12514	8513	5120	5
12515	8514	256	1
12516	8514	256	1
12517	8515	1536	2
12518	8516	256	1
12519	8517	512	2
12520	8518	1024	4
12521	8519	768	2
12522	8520	256	1
12523	8521	256	1
12524	8522	4096	1
12525	8523	18944	4
12526	8524	23040	5
12527	8525	68608	11
12528	8526	68096	8
12529	8527	44032	8
12530	8528	8704	3
12531	8529	53504	9
12532	8530	84224	4
12533	8531	61184	10
12534	8532	256	1
12535	8533	256	1
12536	8535	4352	3
12537	8536	256	1
12538	8537	256	1
12539	8538	256	1
12540	8538	256	1
12541	8538	256	1
12542	8539	2304	3
12543	8539	6144	6
12544	8540	40960	3
12545	8540	1024	3
12546	8541	5376	4
12547	8542	256	1
12548	8542	256	1
12549	8543	512	2
12550	8544	13824	15
12551	8544	12800	3
12552	8544	8192	1
12553	8545	1280	2
12554	8546	768	2
12555	8547	1280	3
12556	8548	1024	4
12557	8549	512	2
12558	8550	65536	1
12559	8550	512	2
12560	8550	768	3
12561	8551	512	2
12562	8552	256	1
12563	8553	77824	3
12564	8554	768	2
12565	8555	256	1
12566	8556	256	1
12567	8557	256	1
12568	8558	256	1
12569	8558	256	1
12570	8559	8192	1
12571	8560	256	1
12572	8560	1024	4
12573	8561	256	1
12574	8562	4096	1
12575	8563	256	1
12576	8564	256	1
12577	8564	256	1
12578	8565	256	1
12579	8566	256	1
12580	8567	2048	1
12581	8568	768	3
12582	8569	256	1
12583	8570	512	1
12584	8571	1024	4
12585	8571	256	1
12586	8572	9472	5
12587	8573	2560	3
12588	8573	512	2
12589	8574	8192	1
12590	8575	8192	1
12591	8576	512	2
12592	8577	1280	2
12593	8578	1024	4
12594	8578	256	1
12595	8579	256	1
12596	8579	256	1
12597	8580	1024	1
12598	8580	512	1
12599	8581	65536	1
12600	8582	65536	1
12601	8583	2816	7
12602	8584	512	2
12603	8585	2048	8
12604	8585	2048	8
12605	8586	1280	2
12606	8587	6144	2
12607	8588	1024	4
12608	8589	1024	1
12609	8589	1024	1
12610	8590	512	2
12611	8591	65536	1
12612	8592	65536	1
12613	8593	1280	5
12614	8594	256	1
12615	8595	1024	4
12616	8596	4096	1
12617	8597	12288	2
12618	8598	3072	4
12619	8599	512	1
12620	8599	512	2
12621	8600	512	2
12622	8601	512	1
12623	8602	768	3
12624	8603	65536	1
12625	8603	8192	1
12626	8604	8960	4
12627	8605	8192	2
12628	8605	2048	1
12629	8606	112896	22
12630	8607	256	1
12631	8607	256	1
12632	8608	5120	20
12633	8609	114688	3
12634	8610	4096	1
12635	8611	512	2
12636	8612	2560	3
12637	8613	256	1
12638	8614	512	2
12639	8614	1024	4
12640	8615	33024	2
12641	8615	65536	1
12642	8616	768	3
12643	8617	65536	1
12644	8617	512	2
12645	8618	256	1
12646	8619	768	3
12647	8620	65536	1
12648	8621	6144	2
12649	8621	512	2
12650	8622	1536	6
12651	8623	768	2
12652	8623	256	1
12653	8623	256	1
12654	8623	256	1
12655	8624	1024	4
12656	8625	2048	1
12657	8625	2048	1
12658	8626	2560	5
12659	8626	5632	11
12660	8626	3584	7
12661	8626	1024	2
12662	8627	256	1
12663	8627	1024	3
12664	8628	20480	3
12665	8629	256	1
12666	8630	20480	3
12667	8631	22016	8
12668	8632	2048	1
12669	8633	4096	1
12670	8633	256	1
12671	8634	4096	1
12672	8635	1024	1
12673	8636	4096	1
12674	8637	4096	1
12675	8638	4096	1
12676	8639	4096	1
12677	8640	2560	6
12678	8640	2560	9
12679	8640	1536	6
12680	8640	256	1
12681	8640	256	1
12682	8640	256	1
12683	8640	256	1
12684	8641	12288	3
12685	8642	16384	2
12686	8642	131072	2
12687	8643	346112	4
12688	8643	21504	10
12689	8643	38400	11
12690	8643	17408	8
12691	8643	65536	1
12692	8644	77824	3
12693	8645	8192	1
12694	8646	5888	9
12695	8646	12288	2
12696	8646	2304	9
12697	8647	256	1
12698	8648	14336	10
12699	8648	256	1
12700	8648	256	1
12701	8649	5120	2
12702	8650	10496	8
12703	8650	3840	6
12704	8651	256	1
12705	8651	16384	1
12706	8652	4096	1
12707	8653	2816	4
12708	8653	512	2
12709	8653	7680	8
12710	8653	2304	2
12711	8653	3328	13
12712	8653	256	1
12713	8653	256	1
12714	8654	4096	16
12715	8654	2304	2
12716	8655	256	1
12717	8656	4096	1
12718	8656	2816	11
12719	8657	4096	1
12720	8657	256	1
12721	8657	512	2
12722	8658	4096	4
12723	8659	512	2
12724	8660	512	1
12725	8661	4096	1
12726	8662	7936	13
12727	8663	256	1
12728	8665	8960	9
12729	8666	6656	4
12730	8667	3072	9
12731	8667	2560	2
12732	8668	4096	1
12733	8669	1024	1
12734	8670	4096	1
12735	8671	4096	1
12736	8672	256	1
12737	8673	8192	1
12738	8674	35840	32
12739	8674	512	2
12740	8674	256	1
12741	8674	256	1
12742	8674	4096	1
12743	8675	2304	3
12744	8675	1792	7
12745	8676	4096	1
12746	8677	5120	20
12747	8677	1024	4
12748	8678	1024	1
12749	8679	27136	12
12750	8679	2048	2
12751	8680	256	1
12752	8681	13312	46
12753	8681	256	1
12754	8681	1792	4
12755	8681	1024	4
12756	8681	256	1
12757	8682	256	1
12758	8683	8192	2
12759	8683	256	1
12760	8683	8192	1
12761	8683	8192	2
12762	8683	4096	1
12763	8684	256	1
12764	8685	2560	8
12765	8685	13568	7
12766	8685	8448	3
12767	8685	4608	10
12768	8685	768	2
12769	8685	1024	2
12770	8685	256	1
12771	8685	512	2
12772	8686	1024	1
12773	8686	2048	8
12774	8686	1024	1
12775	8688	1536	2
12776	8689	6656	26
12777	8690	4096	1
12778	8691	12288	3
12779	8692	32768	2
12780	8693	4096	1
12781	8694	299008	4
12782	8694	49152	9
12783	8694	229376	4
12784	8695	270848	16
12785	8696	65536	1
12786	8697	135936	15
12787	8698	65536	1
12788	8699	4096	1
12789	8700	98304	2
12790	8701	12544	4
12791	8702	131072	2
12792	8703	8192	1
12793	8704	4096	1
12794	8705	12288	3
12795	8706	65536	1
12796	8707	8192	2
12797	8708	8192	1
12798	8709	4096	1
12799	8710	24576	4
12800	8711	8192	1
12801	8712	12288	4
12802	8712	256	1
12803	8713	4096	1
12804	8714	8192	2
12805	8715	2048	1
12806	8716	20480	3
12807	8717	2048	4
12808	8718	1536	3
12809	8718	18944	27
12810	8718	3584	13
12811	8719	4096	1
12812	8720	1280	2
12813	8721	256	1
12814	8722	256	1
12815	8723	7424	5
12816	8723	8192	1
12817	8723	256	1
12818	8724	8192	1
12819	8725	4096	1
12820	8726	1280	5
12821	8727	16384	1
12822	8728	512	2
12823	8729	1024	4
12824	8730	512	2
12825	8731	220160	301
12826	8731	768	3
12827	8731	512	2
12828	8731	256	1
12829	8731	256	1
12830	8732	768	3
12831	8733	5888	8
12832	8734	4096	1
12833	8735	746752	63
12834	8736	512	2
12835	8736	256	1
12836	8736	224	6
12837	8737	32	1
12838	8737	256	1
12839	8738	7424	4
12840	8739	256	1
12841	8740	4096	4
12842	8741	512	2
12843	8741	512	2
12844	8742	65536	1
12845	8742	32768	1
12846	8743	64	1
12847	8743	256	1
12848	8744	8192	1
12849	8745	4096	1
12850	8746	12	3
12851	8747	1280	3
12852	8748	256	1
12853	8749	768	2
12854	8749	96	6
12855	8750	6912	4
12856	8751	3584	4
12857	8751	256	1
12858	8752	256	1
12859	8753	256	1
12860	8753	512	2
12861	8754	256	1
12862	8755	1024	2
12863	8755	2816	5
12864	8755	512	2
12865	8756	512	2
12866	8756	128	1
12867	8757	512	2
12868	8758	256	1
12869	8758	256	1
12870	8759	256	1
12871	8760	8192	1
12872	8760	32768	1
12873	8761	256	1
12874	8762	256	1
12875	8763	512	2
12876	8764	8192	2
12877	8765	256	1
12878	8766	8448	3
12879	8767	3584	7
12880	8768	4096	1
12881	8769	256	1
12882	8770	256	1
12883	8770	256	1
12884	8771	65536	1
12885	8771	128	2
12886	8772	768	2
12887	8773	4096	1
12888	8774	41216	3
12889	8774	48	4
12890	8775	32768	2
12891	8775	16896	5
12892	8776	75776	13
12893	8777	33792	4
12894	8779	4096	1
12895	8779	1280	5
12896	8779	512	2
12897	8779	256	1
12898	8780	4096	1
12899	8781	4608	2
12900	8782	256	1
12901	8783	4096	1
12902	8783	1280	5
12903	8783	256	1
12904	8783	1024	4
12905	8783	256	1
12906	8784	6912	12
12907	8785	768	2
12908	8786	26112	54
12909	8786	256	1
12910	8787	4096	1
12911	8788	10496	10
12912	8789	39936	75
12913	8789	512	2
12914	8790	7168	13
12915	8791	256	1
12916	8791	768	2
12917	8792	8192	1
12918	8793	9728	7
12919	8794	1536	2
12920	8795	6144	3
12921	8795	2560	4
12922	8796	4096	1
12923	8797	27904	53
12924	8797	6912	27
12925	8797	256	1
12926	8798	65536	1
12927	8799	768	3
12928	8800	12288	2
12929	8801	65536	1
12930	8802	8192	1
12931	8802	512	1
12932	8803	1024	1
12933	8804	3072	2
12934	8805	8960	18
12935	8805	9472	6
12936	8806	4096	1
12937	8807	4608	3
12938	8808	69632	2
12939	8809	29440	8
12940	8809	256	2
12941	8810	589824	9
12942	8810	3559424	57
12943	8810	6422528	98
12944	8810	3997696	61
12945	8810	4096	2
12946	8811	8192	1
12947	8812	8704	3
12948	8813	4096	1
12949	8814	81920	4
12950	8815	10240	4
12951	8816	8192	2
12952	8817	65536	1
12953	8818	4096	1
12954	8819	6656	3
12955	8820	16384	4
12956	8821	4096	1
12957	8822	4096	1
12958	8823	8192	1
12959	8824	256	1
12960	8824	256	1
12961	8825	8192	1
12962	8826	8192	2
12963	8827	36864	4
12964	8828	4096	1
12965	8829	65536	1
12966	8830	1024	1
12967	8831	4096	1
12968	8832	9216	5
12969	8833	512	2
12970	8833	256	1
12971	8834	10240	3
12972	8835	4096	1
12973	8835	3072	2
12974	8835	256	1
12975	8836	4096	1
12976	8838	512	2
12977	8838	65536	1
12978	8838	256	1
12979	8839	512	2
12980	8840	256	1
12981	8841	8192	1
12982	8842	12288	2
12983	8843	512	2
12984	8843	768	3
12985	8844	1536	5
12986	8845	3840	15
12987	8845	256	1
12988	8846	8192	1
12989	8847	4096	1
12990	8848	32768	2
12991	8848	256	1
12992	8848	4096	1
12993	8848	2048	1
12994	8849	40	2
12995	8849	256	1
12996	8850	8192	1
12997	8851	256	1
12998	8852	8192	1
12999	8853	1280	5
13000	8854	15584	26
13001	8854	256	1
13002	8854	1024	1
13003	8855	10240	2
13004	8857	512	2
13005	8857	512	2
13006	8858	65536	1
13007	8859	69632	2
13008	8860	1024	4
13009	8860	512	2
13010	8860	512	2
13011	8861	256	1
13012	8862	256	1
13013	8862	512	2
13014	8863	256	1
13015	8864	256	1
13016	8865	65536	1
13017	8866	24576	3
13018	8866	256	1
13019	8867	6144	9
13020	8868	512	2
13021	8869	3840	8
13022	8870	1024	4
13023	8870	256	1
13024	8871	4096	1
13025	8872	768	3
13026	8873	768	3
13027	8874	4096	16
13028	8875	11264	6
13029	8876	32768	4
13030	8876	24576	3
13031	8877	16384	1
13032	8877	24576	9
13033	8877	2048	1
13034	8877	2048	1
13035	8878	10240	2
13036	8879	98816	4
13037	8879	1536	6
13038	8880	8192	2
13039	8881	8192	1
13040	8881	4096	1
13041	8881	2048	1
13042	8881	8192	1
13043	8882	8960	3
13044	8883	2560	3
13045	8883	4096	2
13046	8883	256	1
13047	8883	768	3
13048	8884	256	1
13049	8885	2304	9
13050	8886	256	1
13051	8887	256	1
13052	8888	1024	3
13053	8889	1024	1
13054	8889	1024	1
13055	8890	512	2
13056	8891	9216	3
13057	8891	4096	8
13058	8892	256	1
13059	8893	4096	7
13060	8893	2048	1
13061	8893	2560	8
13062	8894	8192	1
13063	8895	256	1
13064	8895	256	1
13065	8896	1536	6
13066	8897	4352	17
13067	8897	3328	13
13068	8898	32	1
13069	8899	4096	9
13070	8900	512	2
13071	8900	2048	8
13072	8901	1280	5
13073	8901	512	1
13074	8901	256	1
13075	8902	19968	23
13076	8902	1536	5
13077	8902	512	1
13078	8902	2304	7
13079	8902	256	1
13080	8903	768	3
13081	8904	256	1
13082	8905	18944	7
13083	8905	3072	8
13084	8905	5120	5
13085	8905	5632	4
13086	8906	4096	1
13087	8907	2048	8
13088	8908	77824	3
13089	8908	1024	1
13090	8909	1280	5
13091	8910	4096	2
13092	8911	256	1
13093	8912	97024	31
13094	8912	2	2
13095	8912	256	1
13096	8912	272	3
13097	8913	256	1
13098	8914	768	3
13099	8915	24320	10
13100	8916	512	2
13101	8917	1536	6
13102	8918	36864	4
13103	8919	256	1
13104	8920	256	1
13105	8920	64	1
13106	8921	256	1
13107	8922	8448	33
13108	8923	1024	1
13109	8924	8192	2
13110	8925	1024	1
13111	8925	512	1
13112	8926	5376	21
13113	8926	1280	5
13114	8926	5120	20
13115	8926	256	1
13116	8927	256	1
13117	8927	64	1
13118	8928	256	1
13119	8928	4096	1
13120	8929	8192	1
13121	8930	768	3
13122	8930	256	2
13123	8931	768	3
13124	8931	256	1
13125	8932	2304	2
13126	8932	4096	1
13127	8933	16640	3
13128	8934	1280	5
13129	8935	45568	6
13130	8935	128	1
13131	8935	64	1
13132	8935	1	1
13133	8935	27136	13
13134	8936	16384	1
13135	8938	256	1
13136	8939	1792	3
13137	8939	512	1
13138	8940	96	3
13139	8941	65536	4
13140	8942	65536	1
13141	8943	6656	4
13142	8944	1024	4
13143	8944	256	1
13144	8945	256	1
13145	8946	256	1
13146	8947	256	1
13147	8948	35328	10
13148	8948	2048	1
13149	8949	256	1
13150	8950	256	1
13151	8950	128	1
13152	8951	512	2
13153	8952	13568	7
13154	8952	128	1
13155	8953	2048	1
13156	8954	4096	1
13157	8954	4096	3
13158	8954	256	1
13159	8954	768	3
13160	8955	8960	4
13161	8955	3328	10
13162	8955	256	1
13163	8956	8192	3
13164	8956	6144	2
13165	8957	512	2
13166	8957	5120	5
13167	8958	1536	6
13168	8959	8192	1
13169	8960	5120	5
13170	8961	8192	2
13171	8961	256	1
13172	8961	256	1
13173	8961	256	1
13174	8961	512	2
13175	8962	768	3
13176	8962	2304	6
13177	8963	256	1
13178	8964	256	1
13179	8965	256	1
13180	8966	15360	29
13181	8966	256	1
13182	8967	7424	14
13183	8967	768	3
13184	8967	768	3
13185	8968	1024	4
13186	8968	256	1
13187	8969	8192	1
13188	8969	512	2
13189	8970	13312	5
13190	8970	1024	4
13191	8970	512	2
13192	8971	1280	2
13193	8971	512	1
13194	8972	256	1
13195	8972	256	1
13196	8973	5376	6
13197	8973	16384	1
13198	8974	4608	3
13199	8974	2048	1
13200	8974	2048	1
13201	8975	4096	1
13202	8976	256	1
13203	8977	2048	8
13204	8977	2560	7
13205	8977	1536	6
13206	8978	4096	1
13207	8979	8704	4
13208	8979	256	1
13209	8980	256	1
13210	8980	256	1
13211	8981	8448	3
13212	8982	8448	2
13213	8983	4096	1
13214	8984	4096	1
13215	8985	65536	1
13216	8985	256	1
13217	8986	16384	1
13218	8987	8192	2
13219	8988	4352	2
13220	8989	6144	2
13221	8990	12288	2
13222	8991	4096	1
13223	8992	10240	3
13224	8994	65536	1
13225	8995	12288	3
13226	8996	65536	1
13227	8997	71680	3
13228	8998	4096	1
13229	8999	65536	1
13230	9000	8192	1
13231	9001	8192	2
13232	9002	4096	1
13233	9003	512	1
13234	9004	18432	2
13235	9005	65536	1
13236	9006	12288	2
13237	9007	4096	1
13238	9008	4096	1
13239	9009	65536	1
13240	9010	12288	2
13241	9011	8192	1
13242	9012	9216	2
13243	9013	225536	25
13244	9013	95232	18
13245	9013	2048	1
13246	9013	4096	1
13247	9013	2048	1
13248	9014	16384	1
13249	9014	768	3
13250	9015	4352	2
13251	9015	8192	1
13252	9015	16384	4
13253	9016	8960	4
13254	9016	4864	19
13255	9017	4608	3
13256	9018	4096	1
13257	9019	1792	6
13258	9020	2048	1
13259	9020	1024	4
13260	9021	4096	1
13261	9022	4608	3
13262	9022	256	1
13263	9023	2560	6
13264	9024	8192	1
13265	9025	512	2
13266	9025	768	3
13267	9026	13824	30
13268	9026	256	1
13269	9027	4096	1
13270	9027	4096	1
13271	9028	1024	1
13272	9029	256	1
13273	9030	256	1
13274	9031	5888	23
13275	9031	9216	21
13276	9032	6656	11
13277	9033	3328	13
13278	9034	256	1
13279	9035	8192	1
13280	9036	12288	2
13281	9036	2048	1
13282	9037	4096	1
13283	9038	2048	1
13284	9038	2048	1
13285	9039	8192	3
13286	9040	256	1
13287	9041	4096	1
13288	9042	5632	19
13289	9043	10240	5
13290	9044	16384	1
13291	9045	3072	3
13292	9046	4096	5
13293	9047	3072	3
13294	9047	512	2
13295	9048	2304	4
13296	9049	4096	1
13297	9049	512	2
13298	9050	8192	10
13299	9051	4864	4
13300	9052	8192	1
13301	9052	512	2
13302	9053	5888	4
13303	9054	1536	3
13304	9054	768	3
13305	9055	4096	1
13306	9055	256	1
13307	9056	4096	1
13308	9057	24576	3
13309	9058	512	1
13310	9059	8192	1
13311	9060	4096	1
13312	9060	256	1
13313	9062	2560	10
13314	9062	320	3
13315	9063	1024	1
13316	9064	256	1
13317	9065	256	1
13318	9066	1024	1
13319	9067	2304	6
13320	9067	1024	2
13321	9067	768	3
13322	9067	768	3
13323	9068	8192	2
13324	9069	256	1
13325	9069	256	1
13326	9070	1280	5
13327	9071	2048	1
13328	9072	8192	1
13329	9073	65536	1
13330	9074	4096	1
13331	9075	8192	1
13332	9076	4096	1
13333	9077	4096	1
13334	9078	4096	1
13335	9079	4608	2
13336	9080	4096	1
13337	9081	4096	1
13338	9082	65536	1
13339	9083	69632	2
13340	9084	4096	5
13341	9085	65536	1
13342	9086	4096	1
13343	9087	4096	1
13344	9088	4096	1
13345	9089	1024	1
13346	9090	8192	2
13347	9091	8192	2
13348	9092	4096	1
13349	9093	5888	5
13350	9094	8192	1
13351	9095	256	1
13352	9096	6144	7
13353	9096	3584	5
13354	9097	256	1
13355	9098	8960	12
13356	9099	12288	2
13357	9100	768	3
13358	9101	15360	13
13359	9102	24576	2
13360	9103	512	2
13361	9104	2816	11
13362	9104	2560	6
13363	9105	4096	1
13364	9106	4608	18
13365	9107	1536	3
13366	9108	512	1
13367	9108	256	1
13368	9109	65536	1
13369	9110	256	1
13370	9110	256	1
13371	9111	8192	1
13372	9112	1536	2
13373	9113	65536	1
13374	9114	131072	2
13375	9114	1024	1
13376	9115	65536	1
13377	9115	768	2
13378	9116	256	1
13379	9117	6144	2
13380	9118	256	1
13381	9119	4096	1
13382	9120	8192	1
13383	9121	8192	1
13384	9122	12288	2
13385	9123	4096	1
13386	9124	4096	1
13387	9125	4096	1
13388	9126	16640	4
13389	9127	4096	1
13390	9128	4096	1
13391	9129	8192	1
13392	9130	4096	1
13393	9131	65536	1
13394	9132	512	1
13395	9133	16384	1
13396	9134	4864	4
13397	9135	3072	2
13398	9136	8960	4
13399	9136	4096	1
13400	9137	69376	16
13401	9138	20480	3
13402	9139	2048	1
13403	9140	4096	1
13404	9141	6144	9
13405	9142	256	1
13406	9143	11264	5
13407	9144	7936	5
13408	9145	512	2
13409	9146	512	1
13410	9147	3584	5
13411	9148	2048	1
13412	9149	512	2
13413	9150	4096	1
13414	9150	1024	4
13415	9151	4096	1
13416	9152	256	1
13417	9153	4096	1
13418	9154	57344	5
13419	9154	8192	1
13420	9155	1024	1
13421	9156	4096	1
13422	9157	3072	3
13423	9157	512	2
13424	9158	256	1
13425	9159	4096	1
13426	9159	1280	5
13427	9160	65536	1
13428	9160	65536	2
13429	9161	768	3
13430	9162	4096	1
13431	9162	1536	6
13432	9163	256	1
13433	9164	4608	18
13434	9164	5632	7
13435	9164	768	3
13436	9165	9472	5
13437	9165	7936	5
13438	9165	256	1
13439	9165	256	1
13440	9166	1280	2
13441	9166	256	1
13442	9167	1024	3
13443	9168	256	1
13444	9169	256	1
13445	9170	256	1
13446	9171	1536	3
13447	9172	4096	2
13448	9173	512	2
13449	9173	256	1
13450	9174	256	1
13451	9175	512	2
13452	9176	256	1
13453	9177	2048	1
13454	9178	4096	1
13455	9179	4096	1
13456	9180	1024	1
13457	9180	1024	2
13458	9180	2560	2
13459	9180	1536	2
13460	9180	2048	1
13461	9181	4096	1
13462	9182	4352	2
13463	9183	512	2
13464	9184	256	1
13465	9184	3328	5
13466	9185	4096	1
13467	9186	3328	3
13468	9186	1536	6
13469	9187	4352	2
13470	9187	1536	6
13471	9187	1024	4
13472	9187	768	3
13473	9187	256	1
13474	9187	256	1
13475	9188	2048	6
13476	9188	256	1
13477	9189	8192	1
13478	9190	4096	1
13479	9191	4096	2
13480	9191	768	3
13481	9192	13312	3
13482	9193	8192	1
13483	9194	4096	1
13484	9195	70656	19
13485	9196	4096	1
13486	9197	4096	1
13487	9198	256	1
13488	9199	256	1
13489	9199	256	1
13490	9200	256	1
13491	9201	12288	2
13492	9201	4096	1
13493	9202	1024	1
13494	9203	4096	1
13495	9204	4096	1
13496	9205	4096	1
13497	9206	4096	1
13498	9207	4096	1
13499	9208	20480	2
13500	9209	4096	1
13501	9210	256	1
13502	9211	4096	1
13503	9212	512	1
13504	9213	4096	1
13505	9214	4096	1
13506	9215	4352	2
13507	9216	512	1
13508	9217	512	2
13509	9217	256	1
13510	9218	128	1
13511	9218	512	2
13512	9219	7680	30
13513	9220	8192	1
13514	9221	65536	1
13515	9221	1536	6
13516	9222	3584	7
13517	9223	65536	1
13518	9224	12288	3
13519	9225	256	1
13520	9226	5888	23
13521	9227	4608	9
13522	9228	4096	1
13523	9229	256	1
13524	9230	512	1
13525	9231	8960	16
13526	9232	256	1
13527	9233	2048	1
13528	9234	2048	4
13529	9235	128	1
13530	9235	2048	5
13531	9236	21248	8
13532	9237	2304	2
13533	9238	2560	5
13534	9239	3584	3
13535	9239	1024	1
13536	9240	2560	6
13537	9241	768	3
13538	9242	2048	8
13539	9243	3072	2
13540	9244	512	2
13541	9244	1024	1
13542	9244	2560	2
13543	9245	1792	5
13544	9246	2048	2
13545	9247	1536	2
13546	9248	3072	4
13547	9248	512	1
13548	9249	2560	4
13549	9250	1024	2
13550	9250	2048	1
13551	9250	256	1
13552	9251	256	1
13553	9251	768	3
13554	9251	1024	4
13555	9252	128	1
13556	9252	256	1
13557	9253	256	1
13558	9254	4608	2
13559	9255	3840	7
13560	9256	4096	1
13561	9257	256	1
13562	9258	4096	1
13563	9259	256	1
13564	9260	256	1
13565	9261	512	2
13566	9262	256	1
13567	9263	256	1
13568	9264	256	1
13569	9265	4096	2
13570	9266	512	2
13571	9267	256	1
13572	9268	3840	5
13573	9269	512	2
13574	9269	1024	2
13575	9270	256	1
13576	9271	4096	1
13577	9272	256	1
13578	9273	1280	5
13579	9274	66048	3
13580	9275	256	1
13581	9276	65536	1
13582	9277	7936	12
13583	9278	512	2
13584	9279	4096	1
13585	9279	1024	4
13586	9280	256	1
13587	9281	2048	8
13588	9281	256	1
13589	9282	8704	4
13590	9283	1024	4
13591	9283	1024	4
13592	9284	256	1
13593	9285	256	1
13594	9286	4352	2
13595	9287	8192	1
13596	9288	5632	3
13597	9289	256	1
13598	9290	256	1
13599	9291	1280	2
13600	9292	1024	4
13601	9293	4096	1
13602	9295	4096	1
13603	9295	256	1
13604	9296	1024	1
13605	9297	4096	15
13606	9298	256	1
13607	9299	8192	2
13608	9300	2816	8
13609	9301	3072	12
13610	9301	256	1
13611	9301	128	2
13612	9302	3072	9
13613	9302	3072	9
13614	9303	768	3
13615	9304	256	1
13616	9305	23296	13
13617	9305	14848	4
13618	9305	2560	6
13619	9306	65536	1
13620	9307	1536	5
13621	9308	256	1
13622	9309	256	1
13623	9310	65536	1
13624	9311	512	1
13625	9311	2048	5
13626	9312	512	1
13627	9313	768	3
13628	9314	512	1
13629	9315	256	1
13630	9316	256	1
13631	9316	256	1
13632	9317	256	1
13633	9317	256	1
13634	9318	2560	9
13635	9319	2304	2
13636	9320	768	3
13637	9321	4096	1
13638	9322	512	2
13639	9323	256	1
13640	9324	512	2
13641	9325	768	3
13642	9326	512	2
13643	9327	256	1
13644	9328	256	1
13645	9329	256	1
13646	9330	512	2
13647	9331	256	1
13648	9332	256	1
13649	9333	256	1
13650	9334	4096	4
13651	9335	69376	16
13652	9336	65536	1
13653	9337	2048	1
13654	9337	1024	1
13655	9337	512	1
13656	9338	23296	7
13657	9339	512	2
13658	9340	1280	4
13659	9341	256	1
13660	9342	2816	9
13661	9343	1024	2
13662	9345	256	1
13663	9346	65536	1
13664	9347	2048	4
13665	9349	512	2
13666	9350	512	2
13667	9351	2048	2
13668	9352	512	1
13669	9353	512	2
13670	9354	128	1
13671	9354	8448	2
13672	9355	65536	1
13673	9356	256	1
13674	9357	16896	4
13675	9358	256	1
13676	9359	256	1
13677	9360	256	1
13678	9360	512	1
13679	9360	256	1
13680	9361	1024	1
13681	9362	2048	8
13682	9363	256	1
13683	9363	256	1
13684	9363	512	1
13685	9364	15360	43
13686	9365	768	3
13687	9365	256	1
13688	9366	1792	7
13689	9367	1024	3
13690	9368	512	2
13691	9368	512	2
13692	9369	4096	1
13693	9370	3840	4
13694	9371	16384	2
13695	9372	114688	3
13696	9372	1280	5
13697	9373	1792	4
13698	9374	512	1
13699	9375	6144	4
13700	9376	567296	142
13701	9376	4096	2
13702	9377	256	1
13703	9378	256	1
13704	9379	512	2
13705	9380	1280	2
13706	9381	256	1
13707	9382	256	1
13708	9382	256	1
13709	9383	256	1
13710	9384	1280	2
13711	9385	256	1
13712	9386	768	3
13713	9387	256	1
13714	9388	1280	3
13715	9389	512	2
13716	9390	8192	1
13717	9391	64	1
13718	9391	256	1
13719	9392	65536	1
13720	9393	2304	9
13721	9394	256	1
13722	9395	3072	2
13723	9396	3072	12
13724	9396	256	1
13725	9397	512	2
13726	9397	16	1
13727	9398	256	1
13728	9399	256	1
13729	9400	4096	1
13730	9401	512	1
13731	9402	4096	1
13732	9403	1024	1
13733	9403	512	1
13734	9404	512	1
13735	9405	1792	5
13736	9406	256	1
13737	9407	256	1
13738	9407	256	1
13739	9408	1280	5
13740	9408	512	2
13741	9409	4096	1
13742	9409	2048	1
13743	9410	17920	30
13744	9410	5632	21
13745	9410	256	1
13746	9411	256	1
13747	9411	256	1
13748	9412	256	1
13749	9413	768	3
13750	9414	1280	2
13751	9414	768	3
13752	9415	256	1
13753	9415	256	1
13754	9416	256	1
13755	9416	256	1
13756	9417	3328	8
13757	9418	1280	4
13758	9418	1792	6
13759	9419	256	1
13760	9420	256	1
13761	9421	9472	7
13762	9421	4096	1
13763	9422	256	1
13764	9422	256	1
13765	9423	256	1
13766	9424	4352	17
13767	9425	256	1
13768	9426	9984	5
13769	9427	4096	1
13770	9428	2816	5
13771	9429	2816	6
13772	9431	256	1
13773	9432	256	1
13774	9433	256	1
13775	9434	65536	1
13776	9435	256	1
13777	9436	256	1
13778	9437	256	1
13779	9437	10240	2
13780	9438	1024	4
13781	9439	512	2
13782	9440	2304	4
13783	9441	256	1
13784	9441	768	3
13785	9442	256	1
13786	9443	1245440	17
13787	9443	67328	4
13788	9443	67072	5
13789	9443	131072	2
13790	9443	2560	2
13791	9444	2304	2
13792	9445	5632	13
13793	9446	768	3
13794	9447	1024	3
13795	9448	256	1
13796	9449	69632	8
13797	9449	40960	102
13798	9451	256	1
13799	9452	256	1
13800	9453	256	1
13801	9454	256	1
13802	9455	3840	4
13803	9456	512	1
13804	9456	10240	9
13805	9457	2048	2
13806	9458	8192	2
13807	9459	8192	1
13808	9460	4096	1
13809	9461	65536	1
13810	9462	256	1
13811	9462	1536	3
13812	9463	256	1
13813	9464	1280	5
13814	9465	256	1
13815	9465	768	3
13816	9465	1536	6
13817	9466	256	1
13818	9466	256	1
13819	9467	4864	6
13820	9468	57344	3
13821	9469	65536	1
13822	9470	27392	6
13823	9471	256	1
13824	9472	768	3
13825	9473	1536	3
13826	9473	512	1
13827	9474	512	2
13828	9475	65536	1
13829	9476	1280	4
13830	9476	512	1
13831	9476	512	1
13832	9476	512	1
13833	9476	512	1
13834	9477	512	2
13835	9477	256	1
13836	9478	3584	14
13837	9479	256	1
13838	9479	64	2
13839	9480	256	1
13840	9481	256	1
13841	9482	512	2
13842	9483	256	1
13843	9484	8192	2
13844	9485	256	1
13845	9486	4096	4
13846	9487	1024	4
13847	9487	512	2
13848	9488	256	1
13849	9489	1536	2
13850	9490	1280	4
13851	9490	512	2
13852	9491	147712	35
13853	9491	2816	8
13854	9491	1792	5
13855	9491	256	1
13856	9491	768	3
13857	9491	768	2
13858	9491	128	1
13859	9492	512	1
13860	9493	1024	2
13861	9494	256	1
13862	9495	212736	22
13863	9496	512	2
13864	9496	512	2
13865	9497	256	1
13866	9498	1024	3
13867	9499	512	2
13868	9500	256	1
13869	9501	256	1
13870	9502	256	1
13871	9503	256	1
13872	9504	256	1
13873	9505	256	1
13874	9506	512	2
13875	9507	512	2
13876	9508	256	1
13877	9509	256	1
13878	9510	48	2
13879	9511	256	1
13880	9512	3328	10
13881	9513	5120	5
13882	9514	135168	3
13883	9515	256	1
13884	9516	4096	1
13885	9517	2048	6
13886	9518	65536	1
13887	9519	3328	8
13888	9520	256	1
13889	9521	1536	3
13890	9521	256	1
13891	9521	256	1
13892	9521	512	1
13893	9522	256	1
13894	9523	256	1
13895	9524	512	2
13896	9525	5120	7
13897	9526	7680	5
13898	9527	21504	22
13899	9528	256	1
13900	9528	256	1
13901	9529	256	1
13902	9530	1024	4
13903	9531	256	1
13904	9532	256	1
13905	9533	512	2
13906	9534	64	1
13907	9534	2048	1
13908	9535	262400	5
13909	9535	256	1
13910	9536	256	1
13911	9537	256	1
13912	9538	2816	11
13913	9538	8192	32
13914	9539	512	2
13915	9540	768	3
13916	9541	256	1
13917	9542	256	1
13918	9543	65536	1
13919	9544	512	2
13920	9545	512	2
13921	9546	5376	10
13922	9547	256	1
13923	9548	37120	3
13924	9548	4096	4
13925	9549	256	1
13926	9550	4096	2
13927	9551	256	1
13928	9552	256	1
13929	9553	17664	9
13930	9554	256	1
13931	9555	512	2
13932	9556	65536	1
13933	9557	256	1
13934	9558	256	1
13935	9559	14336	3
13936	9559	512	1
13937	9560	768	2
13938	9561	256	1
13939	9562	256	1
13940	9563	8192	1
13941	9564	8192	1
13942	9565	3072	5
13943	9565	512	2
13944	9566	512	2
13945	9567	512	2
13946	9568	5120	2
13947	9568	1024	1
13948	9568	256	1
13949	9569	1024	4
13950	9570	2816	8
13951	9570	512	2
13952	9571	2816	11
13953	9572	3072	4
13954	9573	512	1
13955	9573	4096	1
13956	9574	66560	2
13957	9574	1024	1
13958	9574	8192	1
13959	9575	256	1
13960	9576	256	1
13961	9577	16384	1
13962	9578	768	3
13963	9579	81920	6
13964	9580	69376	11
13965	9580	512	2
13966	9580	256	1
13967	9580	256	1
13968	9580	256	1
13969	9581	256	1
13970	9582	6656	26
13971	9582	2048	8
13972	9582	512	2
13973	9582	512	2
13974	9583	768	3
13975	9583	8192	1
13976	9583	2816	6
13977	9584	512	2
13978	9586	512	2
13979	9587	768	3
13980	9587	768	3
13981	9587	256	1
13982	9588	256	1
13983	9589	5120	20
13984	9589	512	2
13985	9590	1280	3
13986	9590	768	3
13987	9591	1280	5
13988	9592	512	1
13989	9593	256	1
13990	9594	256	1
13991	9594	256	1
13992	9595	2304	3
13993	9596	1280	3
13994	9597	4096	1
13995	9598	512	2
13996	9599	256	1
13997	9600	512	2
13998	9601	16384	7
13999	9602	256	1
14000	9603	256	1
14001	9604	512	2
14002	9604	256	1
14003	9605	256	1
14004	9606	1024	4
14005	9607	256	1
14006	9608	256	1
14007	9609	4352	2
14008	9610	256	1
14009	9611	2304	2
14010	9612	256	1
14011	9613	256	1
14012	9614	35840	5
14013	9615	1792	7
14014	9615	512	2
14015	9616	8704	3
14016	9617	67328	8
14017	9618	6400	3
14018	9618	256	1
14019	9619	256	1
14020	9620	768	2
14021	9620	256	1
14022	9621	256	1
14023	9622	512	2
14024	9623	2048	4
14025	9624	20736	3
14026	9624	256	1
14027	9625	256	1
14028	9626	768	3
14029	9627	256	1
14030	9628	256	1
14031	9629	7424	5
14032	9629	4096	1
14033	9630	1536	2
14034	9631	512	2
14035	9632	256	1
14036	9632	256	1
14037	9633	512	1
14038	9633	13056	12
14039	9634	512	2
14040	9635	256	1
14041	9636	256	1
14042	9637	512	1
14043	9638	2048	1
14044	9638	2048	1
14045	9639	20480	18
14046	9639	512	1
14047	9639	512	2
14048	9640	1280	2
14049	9641	4096	1
14050	9642	20480	5
14051	9644	28672	3
14052	9645	256	1
14053	9646	256	1
14054	9647	8192	1
14055	9648	512	1
14056	9649	7168	4
14057	9650	1280	2
14058	9651	256	1
14059	9652	256	1
14060	9653	768	3
14061	9654	5120	6
14062	9655	2048	1
14063	9655	2048	2
14064	9656	1024	1
14065	9656	1024	1
14066	9656	512	2
14067	9657	256	1
14068	9658	256	1
14069	9659	2304	9
14070	9660	8192	2
14071	9660	8192	2
14072	9661	6912	7
14073	9661	512	2
14074	9662	15360	9
14075	9663	4096	1
14076	9663	256	1
14077	9664	66048	25
14078	9665	679936	215
14079	9665	7424	12
14080	9665	768	2
14081	9665	256	1
14082	9665	256	1
14083	9666	66816	6
14084	9666	1536	6
14085	9667	1024	1
14086	9669	256	1
14087	9670	66560	5
14088	9670	512	2
14089	9671	256	1
14090	9672	256	1
14091	9673	2048	5
14092	9674	256	1
14093	9675	6144	6
14094	9675	2048	1
14095	9676	256	1
14096	9677	256	1
14097	9678	256	1
14098	9679	8192	2
14099	9680	256	1
14100	9681	4096	1
14101	9682	512	2
14102	9683	2048	1
14103	9683	256	1
14104	9684	2304	9
14105	9685	512	2
14106	9686	256	1
14107	9687	1024	1
14108	9688	256	1
14109	9689	768	3
14110	9690	1536	3
14111	9690	512	2
14112	9691	3840	11
14113	9691	512	2
14114	9692	256	1
14115	9693	256	1
14116	9694	14336	4
14117	9695	256	1
14118	9696	512	2
14119	9697	16640	13
14120	9698	512	2
14121	9699	1024	1
14122	9700	5120	2
14123	9700	1024	1
14124	9701	8192	2
14125	9702	1280	5
14126	9703	104960	32
14127	9703	256	1
14128	9703	128	1
14129	9704	11776	10
14130	9705	2048	2
14131	9706	256	1
14132	9707	512	2
14133	9708	256	1
14134	9709	65536	1
14135	9710	512	2
14136	9711	93696	62
14137	9711	95488	50
14138	9712	512	2
14139	9713	196864	4
14140	9713	256	1
14141	9714	13824	10
14142	9714	512	2
14143	9715	47360	12
14144	9715	10240	3
14145	9716	1024	1
14146	9716	5120	13
14147	9717	256	1
14148	9718	512	2
14149	9720	512	2
14150	9721	768	3
14151	9722	1536	6
14152	9723	512	2
14153	9724	256	1
14154	9725	1536	3
14155	9725	1280	5
14156	9725	1536	6
14157	9725	32	1
14158	9726	8960	4
14159	9726	9472	6
14160	9727	1024	4
14161	9728	2304	2
14162	9729	256	1
14163	9730	1280	2
14164	9731	8448	2
14165	9732	1280	5
14166	9732	1792	7
14167	9732	256	1
14168	9733	256	1
14169	9734	65792	2
14170	9735	117504	23
14171	9736	256	1
14172	9737	256	1
14173	9738	1792	7
14174	9738	768	2
14175	9738	256	1
14176	9739	25600	14
14177	9739	512	2
14178	9740	8192	1
14179	9741	2048	1
14180	9742	256	1
14181	9743	114688	11
14182	9744	8960	3
14183	9744	512	2
14184	9745	6144	24
14185	9745	1792	7
14186	9746	768	3
14187	9747	3840	5
14188	9748	2304	9
14189	9748	4096	1
14190	9749	2048	1
14191	9750	768	2
14192	9750	1792	4
14193	9751	1280	5
14194	9752	2304	2
14195	9753	4096	1
14196	9753	256	1
14197	9754	1792	7
14198	9754	2048	8
14199	9754	256	1
14200	9755	19456	5
14201	9755	512	1
14202	9756	16384	1
14203	9757	512	2
14204	9758	256	1
14205	9758	128	1
14206	9759	256	1
14207	9760	768	3
14208	9760	1536	2
14209	9761	1280	5
14210	9762	8960	4
14211	9763	5376	6
14212	9764	8192	1
14213	9764	4096	1
14214	9765	256	1
14215	9766	256	1
14216	9766	71680	25
14217	9767	768	3
14218	9768	2048	8
14219	9769	256	1
14220	9770	768	2
14221	9771	512	2
14222	9771	768	2
14223	9771	11008	34
14224	9771	3072	12
14225	9772	65536	1
14226	9773	3072	5
14227	9773	1024	1
14228	9773	512	2
14229	9774	2048	1
14230	9775	3328	8
14231	9776	512	2
14232	9777	2304	4
14233	9778	256	1
14234	9779	256	1
14235	9779	256	1
14236	9780	2048	1
14237	9781	2048	1
14238	9782	16384	2
14239	9783	768	2
14240	9784	65536	1
14241	9785	256	1
14242	9786	512	2
14243	9787	65536	1
14244	9788	65536	1
14245	9789	256	1
14246	9789	10240	4
14247	9790	256	1
14248	9791	256	1
14249	9792	2304	5
14250	9793	4096	1
14251	9794	4096	1
14252	9795	22016	21
14253	9795	256	1
14254	9795	256	1
14255	9795	256	1
14256	9795	256	1
14257	9796	8192	1
14258	9796	8704	4
14259	9797	768	2
14260	9799	512	2
14261	9799	256	1
14262	9800	2304	4
14263	9801	256	1
14264	9801	256	1
14265	9802	256	1
14266	9803	1536	4
14267	9803	512	2
14268	9803	768	3
14269	9804	3072	5
14270	9805	256	1
14271	9806	65536	1
14272	9806	17152	5
14273	9807	12544	8
14274	9808	512	1
14275	9809	512	2
14276	9810	512	1
14277	9811	7936	5
14278	9811	512	1
14279	9812	127232	114
14280	9812	358656	30
14281	9813	5888	8
14282	9813	1280	2
14283	9814	256	1
14284	9815	25344	11
14285	9816	3328	3
14286	9817	65536	1
14287	9818	768	3
14288	9819	256	1
14289	9820	8192	1
14290	9821	512	1
14291	9822	4608	11
14292	9823	256	1
14293	9823	256	1
14294	9824	2304	6
14295	9825	8192	12
14296	9826	22272	13
14297	9826	256	1
14298	9827	7168	10
14299	9828	2560	2
14300	9829	6400	11
14301	9830	16384	13
14302	9830	256	1
14303	9831	512	2
14304	9832	1024	2
14305	9832	1024	1
14306	9833	256	1
14307	9834	1536	6
14308	9835	512	2
14309	9836	2816	6
14310	9837	8192	1
14311	9838	8192	1
14312	9839	2560	2
14313	9840	256	1
14314	9841	512	2
14315	9842	4096	1
14316	9843	256	1
14317	9843	256	1
14318	9844	256	1
14319	9845	256	1
14320	9845	1024	3
14321	9845	512	1
14322	9846	8192	1
14323	9847	256	1
14324	9848	4096	1
14325	9849	256	1
14326	9850	1024	4
14327	9850	256	1
14328	9851	27392	17
14329	9852	256	1
14330	9853	256	1
14331	9854	1024	1
14332	9854	512	2
14333	9855	256	1
14334	9856	7168	6
14335	9856	1024	2
14336	9857	1024	4
14337	9857	256	1
14338	9858	256	1
14339	9859	2048	8
14340	9859	1024	4
14341	9860	256	1
14342	9861	256	1
14343	9862	512	2
14344	9862	128	1
14345	9863	1024	1
14346	9863	6400	7
14347	9864	7424	14
14348	9864	512	2
14349	9865	4864	4
14350	9865	1024	1
14351	9866	256	1
14352	9866	256	1
14353	9867	2560	3
14354	9867	1024	4
14355	9868	9728	8
14356	9868	1280	5
14357	9869	256	1
14358	9870	512	2
14359	9871	2048	3
14360	9871	4608	5
14361	9872	6144	3
14362	9873	4096	2
14363	9874	64	1
14364	9874	256	1
14365	9874	69632	7
14366	9875	65536	1
14367	9875	256	1
14368	9876	8192	2
14369	9877	512	2
14370	9878	256	1
14371	9879	65536	1
14372	9880	6144	2
14373	9881	512	2
14374	9882	512	2
14375	9883	4096	1
14376	9883	20224	46
14377	9884	768	2
14378	9885	768	2
14379	9885	256	1
14380	9885	256	1
14381	9885	256	1
14382	9886	256	1
14383	9886	256	1
14384	9887	2048	5
14385	9888	256	1
14386	9889	256	1
14387	9890	1792	6
14388	9891	512	2
14389	9892	512	2
14390	9893	65792	2
14391	9894	1792	7
14392	9894	256	1
14393	9895	4352	2
14394	9895	4096	16
14395	9896	74240	4
14396	9896	256	1
14397	9897	256	1
14398	9898	768	3
14399	9898	512	2
14400	9900	768	3
14401	9901	256	1
14402	9902	512	1
14403	9903	256	1
14404	9904	256	1
14405	9905	2816	11
14406	9905	4096	2
14407	9906	1024	4
14408	9907	256	1
14409	9908	65536	1
14410	9908	512	2
14411	9909	25856	24
14412	9909	1792	7
14413	9910	10496	14
14414	9910	256	1
14415	9911	256	1
14416	9912	65536	1
14417	9913	512	2
14418	9914	256	1
14419	9915	256	1
14420	9915	256	1
14421	9916	67840	4
14422	9916	256	1
14423	9916	1024	1
14424	9917	160768	17
14425	9918	4352	2
14426	9918	3328	13
14427	9919	66816	6
14428	9920	1536	6
14429	9920	1280	5
14430	9921	256	1
14431	9922	256	1
14432	9923	256	1
14433	9924	256	1
14434	9924	2304	2
14435	9925	256	1
14436	9926	512	1
14437	9927	4096	1
14438	9928	256	1
14439	9929	1536	6
14440	9929	128	1
14441	9929	256	1
14442	9929	256	1
14443	9930	256	1
14444	9931	512	2
14445	9932	1536	5
14446	9933	256	1
14447	9934	4096	4
14448	9935	65536	1
14449	9936	768	3
14450	9937	512	2
14451	9938	14080	5
14452	9939	512	2
14453	9939	1024	1
14454	9940	256	1
14455	9941	7168	8
14456	9942	2048	1
14457	9943	512	2
14458	9943	256	1
14459	9944	768	3
14460	9944	4352	2
14461	9945	1024	1
14462	9946	512	2
14463	9946	1024	1
14464	9947	50176	27
14465	9947	4608	12
14466	9948	115200	14
14467	9948	7680	12
14468	9949	9216	9
14469	9949	768	2
14470	9950	11008	12
14471	9950	768	2
14472	9951	9216	9
14473	9951	512	1
14474	9952	8192	8
14475	9952	256	1
14476	9953	9216	7
14477	9953	512	1
14478	9954	10240	8
14479	9954	2304	5
14480	9955	9216	7
14481	9955	768	2
14482	9956	12288	6
14483	9956	1280	3
14484	9957	14848	14
14485	9957	2304	5
14486	9958	13312	13
14487	9958	2048	5
14488	9959	29440	24
14489	9959	768	2
14490	9960	93184	46
14491	9961	26368	18
14492	9961	1024	3
14493	9962	45568	27
14494	9962	5888	9
14495	9963	256	1
14496	9964	5376	3
14497	9965	1536	5
14498	9966	256	1
14499	9966	256	1
14500	9967	4096	1
14501	9968	512	2
14502	9969	512	2
14503	9970	256	1
14504	9971	9216	3
14505	9971	512	1
14506	9972	768	3
14507	9972	256	1
14508	9973	6144	9
14509	9973	256	1
14510	9974	256	1
14511	9975	10240	10
14512	9976	4096	1
14513	9977	256	1
14514	9978	512	2
14515	9979	256	1
14516	9980	256	1
14517	9981	49152	11
14518	9982	256	1
14519	9983	65536	1
14520	9984	4352	2
14521	9984	512	1
14522	9985	1024	1
14523	9986	2304	5
14524	9987	66560	2
14525	9988	3840	4
14526	9989	512	1
14527	9990	256	1
14528	9991	1352448	27
14529	9992	512	2
14530	9993	8192	1
14531	9994	512	2
14532	9994	512	1
14533	9995	2048	3
14534	9996	512	2
14535	9997	256	1
14536	9998	1024	3
14537	9999	256	1
14538	10000	98304	2
14539	10000	32768	1
14540	10001	4096	1
14541	10002	256	1
14542	10003	256	1
14543	10004	256	1
14544	10005	256	1
14545	10006	256	1
14546	10007	256	1
14547	10008	6144	5
14548	10009	256	1
14549	10010	768	3
14550	10010	1280	5
14551	10011	512	2
14552	10012	4352	4
14553	10012	256	1
14554	10013	10496	8
14555	10013	9472	9
14556	10013	512	2
14557	10014	2048	2
14558	10014	768	3
14559	10015	256	1
14560	10016	768	3
14561	10016	512	2
14562	10016	512	2
14563	10017	5888	10
14564	10017	512	2
14565	10018	512	1
14566	10018	512	2
14567	10018	1024	1
14568	10019	256	1
14569	10020	256	1
14570	10021	8448	2
14571	10022	8192	1
14572	10023	768	3
14573	10024	1024	4
14574	10025	2048	2
14575	10026	4096	1
14576	10027	1536	3
14577	10028	4096	1
14578	10028	512	1
14579	10029	1280	2
14580	10030	4096	1
14581	10031	256	1
14582	10032	512	1
14583	10033	768	2
14584	10033	512	1
14585	10033	256	1
14586	10034	65536	1
14587	10035	1280	5
14588	10036	1792	7
14589	10037	256	1
14590	10037	512	2
14591	10038	1536	3
14592	10039	256	1
14593	10039	256	1
14594	10040	256	1
14595	10040	8704	3
14596	10041	78080	50
14597	10041	7168	28
14598	10042	256	1
14599	10043	512	2
14600	10044	1280	5
14601	10045	4096	1
14602	10046	1536	4
14603	10047	256	1
14604	10048	5888	4
14605	10048	1024	1
14606	10049	1536	6
14607	10050	1024	4
14608	10050	1792	4
14609	10050	768	3
14610	10050	256	1
14611	10051	768	2
14612	10052	256	1
14613	10053	256	1
14614	10054	1792	4
14615	10055	6144	2
14616	10056	69376	8
14617	10058	256	1
14618	10059	256	1
14619	10060	256	1
14620	10061	9472	6
14621	10062	256	1
14622	10063	256	1
14623	10064	512	2
14624	10065	256	1
14625	10066	256	1
14626	10066	256	1
14627	10067	256	1
14628	10068	256	1
14629	10068	256	1
14630	10069	65536	1
14631	10070	256	1
14632	10070	256	1
14633	10071	256	1
14634	10072	256	1
14635	10073	6656	5
14636	10074	28416	7
14637	10074	5120	4
14638	10074	7936	23
14639	10075	65536	1
14640	10076	98816	4
14641	10076	256	1
14642	10077	2304	2
14643	10078	512	2
14644	10079	768	2
14645	10080	256	1
14646	10081	512	1
14647	10082	512	2
14648	10083	512	2
14649	10084	1024	1
14650	10084	256	1
14651	10085	2048	1
14652	10085	1024	1
14653	10086	768	2
14654	10086	1024	3
14655	10087	3072	2
14656	10088	768	2
14657	10089	1024	1
14658	10090	5120	2
14659	10091	256	1
14660	10092	2560	4
14661	10093	512	2
14662	10093	768	3
14663	10094	512	2
14664	10095	4096	1
14665	10096	512	2
14666	10097	256	1
14667	10098	512	2
14668	10099	256	1
14669	10100	2560	2
14670	10101	256	1
14671	10101	512	2
14672	10101	256	1
14673	10101	256	1
14674	10102	256	1
14675	10103	13568	11
14676	10103	1024	1
14677	10104	256	1
14678	10105	65536	1
14679	10106	2048	1
14680	10106	2048	1
14681	10107	1024	3
14682	10108	512	2
14683	10109	256	1
14684	10109	256	1
14685	10110	3072	3
14686	10111	256	1
14687	10111	256	1
14688	10112	4096	9
14689	10113	4608	3
14690	10114	75776	9
14691	10114	61184	8
14692	10115	4096	1
14693	10116	1536	6
14694	10117	768	3
14695	10117	512	2
14696	10118	512	2
14697	10119	256	1
14698	10120	256	1
14699	10121	256	1
14700	10122	512	2
14701	10123	4096	1
14702	10124	1024	3
14703	10125	5376	4
14704	10126	768	2
14705	10127	1280	3
14706	10128	512	2
14707	10129	256	1
14708	10129	256	1
14709	10130	426240	8
14710	10130	65536	2
14711	10131	1024	3
14712	10132	256	1
14713	10133	2048	1
14714	10133	512	1
14715	10134	256	1
14716	10135	1280	5
14717	10135	1024	4
14718	10135	256	1
14719	10136	512	2
14720	10137	256	1
14721	10138	512	2
14722	10139	1280	2
14723	10140	512	1
14724	10140	256	1
14725	10141	66048	3
14726	10142	1024	4
14727	10142	768	3
14728	10143	65536	1
14729	10144	512	2
14730	10145	2304	7
14731	10146	256	1
14732	10147	4352	5
14733	10147	2048	2
14734	10148	256	1
14735	10149	512	2
14736	10150	512	2
14737	10150	512	1
14738	10151	256	1
14739	10152	768	2
14740	10153	256	1
14741	10154	512	2
14742	10154	256	1
14743	10155	4096	1
14744	10156	22784	8
14745	10156	17408	3
14746	10156	7168	3
14747	10156	256	1
14748	10157	512	2
14749	10158	768	2
14750	10158	512	1
14751	10158	256	1
14752	10159	8192	1
14753	10160	512	2
14754	10161	512	2
14755	10162	6144	2
14756	10162	1024	2
14757	10163	256	1
14758	10164	256	1
14759	10165	768	2
14760	10166	18176	11
14761	10167	13312	5
14762	10168	66048	3
14763	10169	256	1
14764	10170	256	1
14765	10171	256	1
14766	10172	256	1
14767	10173	256	1
14768	10173	512	2
14769	10174	67840	10
14770	10175	1024	2
14771	10176	2816	3
14772	10177	4096	1
14773	10178	768	3
14774	10178	256	1
14775	10179	768	3
14776	10180	256	1
14777	10181	256	1
14778	10181	256	1
14779	10181	768	3
14780	10182	256	1
14781	10183	256	1
14782	10184	102656	4
14783	10185	4096	1
14784	10186	256	1
14785	10187	7168	5
14786	10188	102656	11
14787	10188	8192	2
14788	10188	12288	3
14789	10189	512	2
14790	10190	65536	1
14791	10191	256	1
14792	10192	4096	1
14793	10193	4864	3
14794	10193	512	1
14795	10194	256	1
14796	10195	256	1
14797	10195	256	1
14798	10195	256	1
14799	10196	4096	5
14800	10197	256	1
14801	10198	256	1
14802	10199	512	2
14803	10200	1536	2
14804	10201	256	1
14805	10202	1280	5
14806	10202	1280	5
14807	10203	4096	1
14808	10204	256	1
14809	10205	2048	2
14810	10206	2304	2
14811	10207	9216	7
14812	10208	1280	2
14813	10209	65536	1
14814	10209	256	1
14815	10210	512	2
14816	10211	360704	6
14817	10212	256	1
14818	10213	512	2
14819	10214	256	1
14820	10215	20480	23
14821	10215	12288	11
14822	10215	23552	91
14823	10216	256	1
14824	10217	256	1
14825	10218	512	2
14826	10219	256	1
14827	10220	1024	3
14828	10220	512	2
14829	10221	1536	6
14830	10222	65024	7
14831	10223	256	1
14832	10224	8192	1
14833	10225	256	1
14834	10226	256	1
14835	10227	256	1
14836	10228	2048	7
14837	10228	768	3
14838	10229	512	2
14839	10230	256	1
14840	10231	1024	2
14841	10233	2304	8
14842	10234	8192	1
14843	10235	256	1
14844	10236	256	1
14845	10237	2304	3
14846	10238	256	1
14847	10239	256	1
14848	10240	256	1
14849	10241	768	3
14850	10242	1536	3
14851	10242	1024	4
14852	10243	256	1
14853	10244	256	1
14854	10245	4096	1
14855	10246	4096	1
14856	10246	768	2
14857	10246	4096	1
14858	10247	10752	9
14859	10247	8704	2
14860	10248	9728	6
14861	10249	20736	6
14862	10250	256	1
14863	10251	512	1
14864	10252	256	1
14865	10253	4352	2
14866	10254	1024	4
14867	10254	1024	4
14868	10255	512	1
14869	10255	128	1
14870	10256	22784	59
14871	10257	512	2
14872	10258	3072	2
14873	10259	1024	1
14874	10260	65792	2
14875	10260	9728	4
14876	10261	2048	1
14877	10262	9728	3
14878	10263	512	1
14879	10264	1792	3
14880	10265	1024	1
14881	10266	256	1
14882	10267	512	2
14883	10268	12288	3
14884	10269	1024	3
14885	10269	512	2
14886	10270	256	1
14887	10271	256	1
14888	10272	256	1
14889	10273	1280	3
14890	10274	4352	4
14891	10275	256	1
14892	10276	256	1
14893	10277	256	1
14894	10278	256	1
14895	10279	140800	23
14896	10280	2560	7
14897	10280	256	1
14898	10280	4096	3
14899	10281	256	1
14900	10281	256	1
14901	10282	512	1
14902	10283	3072	3
14903	10284	256	1
14904	10285	512	1
14905	10285	512	1
14906	10286	256	1
14907	10288	76800	10
14908	10288	1280	2
14909	10289	6912	8
14910	10290	512	2
14911	10291	5632	7
14912	10292	256	1
14913	10293	512	2
14914	10294	512	2
14915	10295	256	1
14916	10296	16384	1
14917	10296	8192	1
14918	10297	11264	3
14919	10298	3072	2
14920	10299	1536	5
14921	10299	1024	1
14922	10300	256	1
14923	10301	256	1
14924	10302	512	2
14925	10302	32	1
14926	10303	5632	7
14927	10304	8704	3
14928	10305	512	2
14929	10306	512	2
14930	10306	256	1
14931	10306	256	1
14932	10307	512	2
14933	10308	3072	2
14934	10309	1024	4
14935	10309	512	2
14936	10310	256	1
14937	10311	768	3
14938	10311	256	1
14939	10311	256	1
14940	10312	512	2
14941	10313	8448	2
14942	10314	256	1
14943	10314	256	1
14944	10315	3072	3
14945	10316	66560	3
14946	10316	131072	4
14947	10316	1024	1
14948	10317	768	2
14949	10318	65792	2
14950	10319	768	3
14951	10319	512	2
14952	10320	2048	1
14953	10320	256	1
14954	10321	256	1
14955	10321	512	2
14956	10322	256	1
14957	10323	1536	5
14958	10324	256	1
14959	10324	256	1
14960	10325	256	1
14961	10326	1792	3
14962	10327	1280	5
14963	10328	256	1
14964	10329	10240	2
14965	10330	1792	4
14966	10331	256	1
14967	10332	512	2
14968	10333	256	1
14969	10333	256	1
14970	10333	256	1
14971	10334	1280	5
14972	10334	512	1
14973	10335	8704	16
14974	10335	256	1
14975	10336	256	1
14976	10337	8192	1
14977	10338	7168	3
14978	10339	1536	3
14979	10341	256	1
14980	10342	256	1
14981	10343	65536	1
14982	10344	12288	2
14983	10345	256	1
14984	10346	512	1
14985	10347	256	1
14986	10348	256	1
14987	10349	1024	3
14988	10349	2048	1
14989	10350	256	1
14990	10351	65536	1
14991	10352	256	1
14992	10353	256	1
14993	10353	256	1
14994	10354	512	2
14995	10355	256	1
14996	10356	768	3
14997	10357	450816	203
14998	10357	177152	111
14999	10357	6400	10
15000	10357	22016	10
15001	10358	5120	2
15002	10358	4096	2
15003	10359	256	1
15004	10360	256	1
15005	10360	256	1
15006	10360	1280	5
15007	10361	256	1
15008	10361	1536	6
15009	10362	80896	6
15010	10363	2304	2
15011	10364	65536	1
15012	10365	256	1
15013	10365	256	1
15014	10366	4096	1
15015	10367	256	1
15016	10368	65792	2
15017	10369	512	2
15018	10370	256	1
15019	10371	256	1
15020	10371	256	1
15021	10372	256	1
15022	10373	3584	7
15023	10373	2560	10
15024	10374	1280	2
15025	10374	1024	1
15026	10374	1024	4
15027	10374	2048	2
15028	10375	65536	1
15029	10376	256	1
15030	10377	512	2
15031	10377	768	2
15032	10378	8448	9
15033	10379	4096	1
15034	10380	512	2
15035	10381	512	2
15036	10381	512	2
15037	10382	3072	2
15038	10383	5120	5
15039	10383	256	1
15040	10383	1792	3
15041	10384	256	1
15042	10385	256	1
15043	10386	256	1
15044	10387	7680	4
15045	10388	512	2
15046	10389	256	1
15047	10389	256	1
15048	10390	256	1
15049	10391	256	1
15050	10392	1280	2
15051	10393	3840	15
15052	10393	4352	17
15053	10393	10496	41
15054	10395	256	1
15055	10396	1792	5
15056	10397	1280	4
15057	10398	16384	2
15058	10399	8192	1
15059	10400	4096	1
15060	10401	4096	4
15061	10402	6144	5
15062	10403	1024	4
15063	10404	768	2
15064	10405	3072	6
15065	10405	256	1
15066	10405	256	1
15067	10406	1024	2
15068	10407	512	2
15069	10408	256	1
15070	10409	65536	1
15071	10410	768	3
15072	10411	1536	3
15073	10412	256	1
15074	10413	256	1
15075	10414	256	1
15076	10415	512	2
15077	10416	1792	5
15078	10417	512	1
15079	10417	256	1
15080	10418	256	1
15081	10419	3072	4
15082	10420	256	1
15083	10421	256	1
15084	10422	768	3
15085	10423	256	1
15086	10424	256	1
15087	10425	326400	17
15088	10426	256	1
15089	10427	256	1
15090	10428	2560	7
15091	10429	1536	3
15092	10430	4096	2
15093	10431	4096	1
15094	10432	256	1
15095	10433	1792	6
15096	10434	256	1
15097	10434	768	3
15098	10434	8704	3
15099	10435	1536	5
15100	10436	165888	21
15101	10437	1536	6
15102	10437	512	2
15103	10438	256	1
15104	10439	512	2
15105	10440	256	1
15106	10441	768	2
15107	10441	256	1
15108	10442	512	2
15109	10443	256	1
15110	10444	1280	2
15111	10444	1280	2
15112	10445	8448	2
15113	10446	4096	1
15114	10446	4352	2
15115	10447	256	1
15116	10448	512	2
15117	10449	133120	6
15118	10450	2304	2
15119	10451	6144	2
15120	10452	256	1
15121	10453	12288	2
15122	10454	768	2
15123	10454	256	1
15124	10454	512	1
15125	10455	2048	3
15126	10456	256	1
15127	10457	256	1
15128	10459	1024	4
15129	10460	40960	3
15130	10461	3072	12
15131	10461	2304	9
15132	10462	9984	4
15133	10462	768	2
15134	10463	512	2
15135	10464	384	3
15136	10465	256	1
15137	10466	256	1
15138	10466	768	3
15139	10467	4096	1
15140	10468	16384	1
15141	10469	256	1
15142	10470	256	1
15143	10471	512	2
15144	10472	8192	1
15145	10473	512	1
15146	10474	2304	9
15147	10475	1024	4
15148	10476	512	2
15149	10477	512	2
15150	10478	2048	8
15151	10478	8192	32
15152	10478	1024	4
15153	10479	8448	2
15154	10480	256	1
15155	10480	256	1
15156	10481	4096	5
15157	10481	768	2
15158	10482	5376	7
15159	10483	256	1
15160	10485	2304	4
15161	10486	5632	7
15162	10487	256	1
15163	10488	65536	1
15164	10489	327680	5
15165	10490	256	1
15166	10491	256	1
15167	10492	1280	2
15168	10492	256	1
15169	10492	768	3
15170	10493	256	1
15171	10494	2304	8
15172	10495	256	1
15173	10496	256	1
15174	10497	256	1
15175	10497	256	1
15176	10498	256	1
15177	10499	49152	2
15178	10500	1024	4
15179	10501	256	1
15180	10502	2304	4
15181	10503	1024	3
15182	10504	768	2
15183	10505	256	1
15184	10506	2048	6
15185	10507	1792	5
15186	10508	256	1
15187	10508	768	3
15188	10509	256	1
15189	10510	256	1
15190	10511	7680	5
15191	10511	512	2
15192	10512	256	1
15193	10513	9728	8
15194	10514	256	1
15195	10515	4864	3
15196	10516	1280	4
15197	10516	256	1
15198	10517	256	1
15199	10517	256	1
15200	10518	2048	2
15201	10519	65536	1
15202	10520	2048	8
15203	10521	256	1
15204	10521	256	1
15205	10522	256	1
15206	10523	1024	1
15207	10525	512	2
15208	10526	512	2
15209	10527	256	1
15210	10528	8192	1
15211	10529	8192	1
15212	10530	2560	10
15213	10530	256	1
15214	10531	4096	1
15215	10532	512	1
15216	10533	256	1
15217	10534	65536	1
15218	10535	512	2
15219	10536	256	1
15220	10537	512	1
15221	10537	128	1
15222	10537	128	2
15223	10537	768	3
15224	10538	5120	2
15225	10538	256	1
15226	10538	256	1
15227	10539	1024	1
15228	10540	256	1
15229	10541	256	1
15230	10542	256	1
15231	10543	4864	8
15232	10543	256	1
15233	10543	256	1
15234	10544	256	1
15235	10545	6400	10
15236	10545	2048	8
15237	10546	256	1
15238	10547	512	2
15239	10548	1280	2
15240	10548	256	1
15241	10549	256	1
15242	10550	106496	9
15243	10551	256	1
15244	10551	256	1
15245	10552	16640	3
15246	10553	1280	5
15247	10553	512	1
15248	10554	512	2
15249	10555	256	1
15250	10556	256	1
15251	10557	1024	3
15252	10557	256	1
15253	10558	15616	58
15254	10558	5888	21
15255	10558	4096	14
15256	10559	24576	2
15257	10560	256	1
15258	10561	512	2
15259	10562	256	1
15260	10563	256	1
15261	10564	131072	2
15262	10565	256	1
15263	10566	8704	2
15264	10566	6912	6
15265	10567	256	1
15266	10568	256	1
15267	10568	256	1
15268	10569	256	1
15269	10569	1024	4
15270	10570	512	2
15271	10571	512	2
15272	10572	10752	7
15273	10573	5888	5
15274	10574	512	2
15275	10574	1024	3
15276	10575	256	1
15277	10575	256	1
15278	10576	256	1
15279	10576	512	1
15280	10577	256	1
15281	10578	256	1
15282	10579	1280	4
15283	10579	512	2
15284	10580	4352	2
15285	10581	1280	5
15286	10582	24576	4
15287	10583	256	1
15288	10584	256	1
15289	10585	65536	1
15290	10586	1280	5
15291	10586	256	1
15292	10587	1280	2
15293	10588	512	2
15294	10589	256	1
15295	10590	1280	2
15296	10591	7936	8
15297	10592	6656	4
15298	10593	9728	10
15299	10594	3072	10
15300	10594	256	1
15301	10595	256	1
15302	10596	256	1
15303	10597	256	1
15304	10598	256	1
15305	10599	1024	4
15306	10599	768	3
15307	10600	6912	7
15308	10601	65792	2
15309	10602	512	2
15310	10602	1024	4
15311	10603	5376	7
15312	10604	10240	8
15313	10605	512	2
15314	10606	1024	3
15315	10607	512	2
15316	10608	3072	3
15317	10609	65536	1
15318	10610	256	1
15319	10611	8192	1
15320	10612	256	1
15321	10613	8192	1
15322	10614	8192	1
15323	10615	82688	22
15324	10616	256	1
15325	10617	512	2
15326	10618	67584	2
15327	10619	256	1
15328	10620	1024	1
15329	10621	512	1
15330	10622	512	2
15331	10623	65536	1
15332	10623	4096	1
15333	10624	1792	6
15334	10625	8192	1
15335	10626	1024	2
15336	10627	8704	2
15337	10628	256	1
15338	10629	256	1
15339	10630	4096	1
15340	10631	512	1
15341	10632	58368	16
15342	10633	8192	1
15343	10634	1024	1
15344	10635	512	1
15345	10636	3584	4
15346	10637	3072	5
15347	10638	512	1
15348	10639	256	1
15349	10640	4096	1
15350	10641	512	1
15351	10642	2048	1
15352	10642	256	1
15353	10643	256	1
15354	10644	4096	1
15355	10645	4096	1
15356	10646	4096	1
15357	10647	4096	1
15358	10648	4096	1
15359	10649	512	1
15360	10650	256	1
15361	10651	512	2
15362	10651	256	1
15363	10652	4096	1
15364	10653	256	1
15365	10654	256	1
15366	10655	8192	1
15367	10656	4096	1
15368	10657	4096	1
15369	10658	256	1
15370	10659	256	1
15371	10660	512	1
15372	10661	512	1
15373	10662	512	2
15374	10663	73728	5
15375	10664	256	1
15376	10665	4096	1
15377	10666	4096	1
15378	10666	1536	6
15379	10667	8192	1
15380	10668	768	2
15381	10669	1024	1
15382	10669	256	1
15383	10670	2048	1
15384	10671	4096	1
15385	10672	4096	1
15386	10673	4096	1
15387	10674	1024	1
15388	10675	512	2
15389	10676	256	1
15390	10677	5888	5
15391	10678	65536	1
15392	10680	256	1
15393	10680	512	1
15394	10681	256	1
15395	10682	256	1
15396	10682	128	1
15397	10683	32768	3
15398	10684	4096	1
15399	10685	256	1
15400	10686	256	1
15401	10687	512	1
15402	10688	4096	1
15403	10689	4096	1
15404	10690	512	2
15405	10690	256	1
15406	10691	6144	2
15407	10692	2048	1
15408	10693	4096	1
15409	10694	4096	1
15410	10695	768	3
15411	10696	256	1
15412	10697	4096	1
15413	10698	512	1
15414	10699	256	1
15415	10700	256	1
15416	10701	4096	1
15417	10702	4096	1
15418	10703	28672	7
15419	10703	4096	1
15420	10704	2304	2
15421	10705	512	1
15422	10706	4096	1
15423	10707	256	1
15424	10708	256	1
15425	10709	512	2
15426	10710	4096	1
15427	10711	4096	1
15428	10713	4096	1
15429	10714	1024	1
15430	10715	256	1
15431	10716	256	1
15432	10717	512	1
15433	10718	256	1
15434	10719	65536	1
15435	10720	8192	1
15436	10721	4096	1
15437	10722	8192	1
15438	10722	8192	1
15439	10723	4096	1
15440	10724	256	1
15441	10725	8192	1
15442	10726	256	1
15443	10727	4096	1
15444	10728	9984	8
15445	10728	512	2
15446	10729	4096	1
15447	10730	256	1
15448	10730	256	1
15449	10731	24576	2
15450	10732	65536	1
15451	10733	256	1
15452	10733	4096	1
15453	10734	256	1
15454	10735	256	1
15455	10736	2304	2
15456	10737	4096	1
15457	10738	6144	2
15458	10738	1024	1
15459	10738	1024	1
15460	10739	1024	1
15461	10740	256	1
15462	10742	25600	5
15463	10743	13056	14
15464	10744	8192	1
15465	10745	4608	3
15466	10746	4096	1
15467	10746	512	1
15468	10746	512	2
15469	10747	4096	1
15470	10748	4096	1
15471	10749	4096	1
15472	10750	6144	2
15473	10751	256	1
15474	10752	256	1
15475	10753	512	2
15476	10754	2048	1
15477	10755	512	1
15478	10756	768	3
15479	10756	512	2
15480	10757	512	1
15481	10757	1536	3
15482	10758	8704	3
15483	10758	16640	5
15484	10759	768	3
15485	10759	256	1
15486	10759	1024	1
15487	10760	256	1
15488	10761	256	1
15489	10761	256	1
15490	10762	8192	1
15491	10763	1024	1
15492	10764	68608	13
15493	10765	256	1
15494	10766	256	1
15495	10767	24576	2
15496	10768	256	1
15497	10768	256	1
15498	10769	78080	29
15499	10769	2048	3
15500	10769	512	1
15501	10770	8192	1
15502	10771	512	1
15503	10772	4096	1
15504	10773	4096	1
15505	10775	256	1
15506	10776	1024	4
15507	10777	256	1
15508	10778	4608	3
15509	10778	1280	5
15510	10779	73984	4
15511	10780	256	1
15512	10781	256	1
15513	10782	163840	2
15514	10783	4096	1
15515	10784	8192	1
15516	10785	4352	2
15517	10785	256	1
15518	10786	4096	1
15519	10787	4608	2
15520	10788	256	1
15521	10789	2048	3
15522	10790	8192	1
15523	10791	2048	1
15524	10792	4096	1
15525	10793	2048	1
15526	10794	4096	1
15527	10795	8192	1
15528	10796	1024	2
15529	10797	1024	1
15530	10798	256	1
15531	10798	256	1
15532	10799	256	1
15533	10800	1280	2
15534	10801	256	1
15535	10802	256	1
15536	10803	8192	2
15537	10804	1024	1
15538	10805	4096	1
15539	10805	512	1
15540	10806	1280	3
15541	10807	512	2
15542	10808	4096	1
15543	10809	1024	1
15544	10810	1024	1
15545	10811	1024	1
15546	10812	4096	1
15547	10813	256	1
15548	10814	512	2
15549	10815	256	1
15550	10816	256	1
15551	10817	24576	2
15552	10817	1280	2
15553	10818	16640	3
15554	10819	256	1
15555	10820	8192	1
15556	10821	256	1
15557	10822	2048	4
15558	10823	4096	1
15559	10824	8192	1
15560	10825	4096	1
15561	10826	28672	4
15562	10827	512	1
15563	10827	4096	1
15564	10828	8192	1
15565	10829	4096	1
15566	10830	4608	3
15567	10831	4096	1
15568	10832	4096	1
15569	10833	512	1
15570	10834	4096	1
15571	10835	4096	1
15572	10836	256	1
15573	10836	8448	2
15574	10837	4096	1
15575	10838	35840	12
15576	10839	69120	15
15577	10840	256	1
15578	10841	12288	2
15579	10842	256	1
15580	10843	4096	1
15581	10844	768	3
15582	10845	8448	2
15583	10846	1024	1
15584	10847	4096	1
15585	10848	4096	1
15586	10849	512	1
15587	10850	40960	2
15588	10850	256	1
15589	10851	4864	4
15590	10852	65536	1
15591	10852	4096	1
15592	10853	4096	1
15593	10854	768	2
15594	10854	256	1
15595	10855	256	1
15596	10856	1280	2
15597	10857	8192	1
15598	10857	3072	5
15599	10857	256	1
15600	10858	2048	1
15601	10859	4096	1
15602	10860	512	1
15603	10861	4352	2
15604	10862	45568	6
15605	10863	8192	1
15606	10864	8192	1
15607	10865	256	1
15608	10866	4096	1
15609	10867	8448	2
15610	10868	4096	1
15611	10869	4352	2
15612	10870	1024	1
15613	10871	2304	2
15614	10872	16384	2
15615	10872	1280	5
15616	10872	256	1
15617	10873	4096	1
15618	10874	4096	1
15619	10875	4096	1
15620	10876	8192	1
15621	10876	1024	1
15622	10877	49152	3
15623	10878	8192	1
15624	10879	5120	2
15625	10880	4096	1
15626	10881	256	1
15627	10882	256	1
15628	10883	4096	1
15629	10884	4096	1
15630	10884	4096	1
15631	10885	1024	1
15632	10886	512	1
15633	10887	768	3
15634	10887	1024	4
15635	10888	4096	1
15636	10889	256	1
15637	10890	1024	1
15638	10891	4096	1
15639	10892	256	1
15640	10893	1024	3
15641	10894	8192	1
15642	10894	1024	1
15643	10895	256	1
15644	10896	69632	2
15645	10897	256	1
15646	10898	4096	1
15647	10899	4096	1
15648	10899	512	2
15649	10899	512	2
15650	10900	256	1
15651	10901	512	2
15652	10902	4096	1
15653	10902	512	1
15654	10902	256	1
15655	10902	256	1
15656	10903	4096	1
15657	10904	4096	1
15658	10905	4096	1
15659	10906	45056	6
15660	10907	1024	1
15661	10908	256	1
15662	10909	768	3
15663	10909	512	2
15664	10910	256	1
15665	10911	2048	1
15666	10912	20480	2
15667	10913	4096	1
15668	10914	512	1
15669	10915	256	1
15670	10916	512	2
15671	10917	4096	1
15672	10917	256	1
15673	10918	4096	1
15674	10919	16640	9
15675	10920	768	3
15676	10921	4096	1
15677	10922	87552	72
15678	10922	2560	10
15679	10923	512	1
15680	10924	4096	1
15681	10925	135424	4
15682	10926	4096	1
15683	10927	256	1
15684	10928	4096	1
15685	10929	4352	2
15686	10930	2048	1
15687	10931	69632	2
15688	10932	4096	1
15689	10933	4096	1
15690	10934	4096	1
15691	10935	256	1
15692	10936	256	1
15693	10937	256	1
15694	10938	8192	1
15695	10939	5120	2
15696	10939	256	1
15697	10940	512	2
15698	10941	256	1
15699	10942	8192	1
15700	10942	1280	2
15701	10942	768	2
15702	10943	4096	1
15703	10944	512	2
15704	10944	256	1
15705	10945	512	2
15706	10945	256	1
15707	10946	4096	1
15708	10947	4096	1
15709	10948	2048	1
15710	10949	4096	1
15711	10950	4096	1
15712	10951	4096	1
15713	10952	512	2
15714	10953	512	1
15715	10954	256	1
15716	10955	4096	1
15717	10956	8192	1
15718	10957	4352	2
15719	10958	4096	1
15720	10959	4096	1
15721	10960	256	1
15722	10961	512	1
15723	10962	256	1
15724	10963	256	1
15725	10964	256	1
15726	10965	4096	1
15727	10966	768	3
15728	10966	256	1
15729	10967	12288	2
15730	10968	4096	1
15731	10969	4096	1
15732	10970	4096	1
15733	10971	8192	1
15734	10972	4096	1
15735	10973	4096	1
15736	10974	16384	3
15737	10975	9216	5
15738	10976	8192	1
15739	10977	4096	1
15740	10978	256	1
15741	10978	512	2
15742	10978	512	2
15743	10979	5376	3
15744	10980	65536	1
15745	10981	256	1
15746	10982	512	2
15747	10983	8192	1
15748	10984	4096	1
15749	10985	768	3
15750	10985	256	1
15751	10986	512	1
15752	10987	1024	2
15753	10988	256	1
15754	10989	256	1
15755	10989	512	2
15756	10989	256	1
15757	10989	256	1
15758	10989	256	1
15759	10990	256	1
15760	10991	256	1
15761	10992	256	1
15762	10993	512	1
15763	10994	4096	1
15764	10995	4096	1
15765	10996	256	1
15766	10997	512	1
15767	10998	4096	1
15768	10998	512	1
15769	10999	1280	2
15770	11000	4096	1
15771	11001	256	1
15772	11002	512	1
15773	11003	256	1
15774	11003	768	3
15775	11004	4096	1
15776	11005	512	1
15777	11006	796160	17
15778	11007	3840	15
15779	11007	256	1
15780	11008	4096	1
15781	11009	65536	1
15782	11010	4096	1
15783	11011	4096	1
15784	11012	256	1
15785	11013	256	1
15786	11014	33280	3
15787	11014	256	1
15788	11015	4096	1
15789	11016	256	1
15790	11017	1280	2
15791	11018	13568	4
15792	11019	4096	1
15793	11020	4096	1
15794	11021	4352	2
15795	11022	512	1
15796	11022	512	1
15797	11023	1024	1
15798	11024	65536	1
15799	11025	512	1
15800	11026	512	1
15801	11027	5120	2
15802	11027	3072	2
15803	11028	256	1
15804	11029	4096	1
15805	11030	13312	6
15806	11031	256	1
15807	11032	1536	2
15808	11033	8192	1
15809	11034	3840	4
15810	11035	1280	5
15811	11036	256	1
15812	11036	1024	4
15813	11037	256	1
15814	11038	512	2
15815	11038	256	1
15816	11039	17152	4
15817	11040	256	1
15818	11041	2816	4
15819	11041	256	1
15820	11042	256	1
15821	11043	1280	4
15822	11043	256	1
15823	11044	8192	1
15824	11045	4096	1
15825	11046	512	2
15826	11047	256	1
15827	11048	256	1
15828	11048	4096	1
15829	11049	8192	1
15830	11050	512	1
15831	11051	4096	1
15832	11052	24576	2
15833	11053	4096	1
15834	11054	512	1
15835	11055	256	1
15836	11056	2048	1
15837	11057	256	1
15838	11058	2048	1
15839	11059	256	1
15840	11060	256	1
15841	11061	512	2
15842	11062	8704	3
15843	11063	512	2
15844	11063	512	2
15845	11064	512	2
15846	11065	4096	1
15847	11066	512	1
15848	11067	8192	3
15849	11068	16384	1
15850	11069	512	2
15851	11070	256	1
15852	11071	4096	1
15853	11072	4096	1
15854	11073	256	1
15855	11074	8192	1
15856	11075	256	1
15857	11076	65536	1
15858	11077	8192	1
15859	11078	3584	3
15860	11079	256	1
15861	11080	8192	1
15862	11081	4096	1
15863	11082	4096	1
15864	11083	10752	8
15865	11084	4096	1
15866	11084	512	2
15867	11085	4096	1
15868	11086	4096	1
15869	11087	512	1
15870	11087	512	1
15871	11088	256	1
15872	11089	512	1
15873	11090	2048	1
15874	11091	4096	1
15875	11092	4096	1
15876	11093	4096	1
15877	11094	256	1
15878	11095	4096	1
15879	11096	4096	1
15880	11097	256	1
15881	11098	4096	1
15882	11099	4864	4
15883	11100	4096	1
15884	11100	256	1
15885	11101	65536	1
15886	11102	256	1
15887	11103	256	1
15888	11104	1024	1
15889	11105	4096	1
15890	11106	2048	1
15891	11107	512	1
15892	11108	1280	5
15893	11109	1280	5
15894	11110	1024	4
15895	11111	256	1
15896	11112	1024	1
15897	11113	4096	1
15898	11114	8192	1
15899	11115	512	1
15900	11116	2048	1
15901	11117	8192	1
15902	11118	256	1
15903	11119	4096	1
15904	11119	1792	3
15905	11120	4096	1
15906	11121	4096	1
15907	11122	8192	2
15908	11122	2048	2
15909	11123	512	1
15910	11124	8192	1
15911	11125	256	1
15912	11126	65536	1
15913	11127	256	1
15914	11128	512	2
15915	11129	256	1
15916	11130	256	1
15917	11131	4096	1
15918	11131	512	1
15919	11132	256	1
15920	11133	256	1
15921	11134	4096	1
15922	11135	512	1
15923	11135	512	1
15924	11136	256	1
15925	11137	4096	1
15926	11138	12288	3
15927	11139	256	1
15928	11140	24576	2
15929	11141	256	1
15930	11142	256	1
15931	11143	4352	2
15932	11144	512	1
15933	11145	256	1
15934	11146	1024	1
15935	11147	4096	1
15936	11147	2048	1
15937	11148	512	1
15938	11149	65536	1
15939	11149	256	1
15940	11150	4096	1
15941	11152	4096	1
15942	11153	256	1
15943	11154	1024	1
15944	11155	4096	1
15945	11155	512	2
15946	11156	2048	1
15947	11156	2048	1
15948	11157	512	1
15949	11158	6144	24
15950	11159	256	1
15951	11160	28672	3
15952	11161	4096	1
15953	11162	512	2
15954	11163	512	1
15955	11164	4096	1
15956	11165	512	1
15957	11166	256	1
15958	11167	256	1
15959	11168	256	1
15960	11169	256	1
15961	11170	1536	3
15962	11171	8192	1
15963	11172	512	1
15964	11173	256	1
15965	11174	256	1
15966	11175	4096	1
15967	11176	4352	2
15968	11177	3072	4
15969	11178	10240	2
15970	11179	1280	5
15971	11180	2048	1
15972	11181	512	1
15973	11182	256	1
15974	11183	2048	1
15975	11184	4096	1
15976	11185	4096	1
15977	11186	256	1
15978	11187	512	1
15979	11187	256	1
15980	11188	256	1
15981	11189	1792	3
15982	11190	1024	1
15983	11191	256	1
15984	11192	8192	1
15985	11193	3584	6
15986	11194	8192	1
15987	11195	256	1
15988	11196	24832	3
15989	11197	4096	1
15990	11198	4096	1
15991	11199	8192	1
15992	11200	4096	1
15993	11201	512	2
15994	11202	4096	1
15995	11203	4096	1
15996	11204	256	1
15997	11205	4096	1
15998	11206	256	1
15999	11207	4096	1
16000	11208	73728	2
16001	11209	512	2
16002	11209	256	1
16003	11210	256	1
16004	11211	1024	1
16005	11212	1536	2
16006	11213	256	1
16007	11213	2048	8
16008	11213	256	1
16009	11214	4096	1
16010	11215	4096	1
16011	11216	4096	1
16012	11217	4096	1
16013	11218	4608	3
16014	11219	8192	1
16015	11219	1024	2
16016	11220	4096	1
16017	11221	256	1
16018	11222	2816	8
16019	11223	4096	1
16020	11224	4096	1
16021	11225	256	1
16022	11226	24576	3
16023	11227	2048	1
16024	11228	4096	1
16025	11229	8448	2
16026	11230	4352	2
16027	11231	512	2
16028	11232	4096	1
16029	11233	256	1
16030	11234	256	1
16031	11235	4096	1
16032	11235	256	1
16033	11236	2048	1
16034	11237	15360	11
16035	11237	4096	1
16036	11237	768	3
16037	11238	768	2
16038	11239	512	1
16039	11240	4096	1
16040	11241	512	1
16041	11242	5632	3
16042	11243	512	2
16043	11244	8192	1
16044	11245	4096	1
16045	11246	256	1
16046	11247	768	2
16047	11248	256	1
16048	11249	1024	1
16049	11250	512	1
16050	11251	256	1
16051	11252	256	1
16052	11253	4096	1
16053	11254	1024	1
16054	11255	4352	2
16055	11256	8192	1
16056	11257	512	1
16057	11258	4096	1
16058	11259	8192	1
16059	11260	2048	1
16060	11261	4096	1
16061	11262	256	1
16062	11263	256	1
16063	11264	2048	8
16064	11265	16384	2
16065	11266	512	2
16066	11267	4608	3
16067	11268	1024	1
16068	11269	4096	1
16069	11270	4096	1
16070	11271	1280	2
16071	11271	5	2
16072	11271	2048	1
16073	11272	8448	4
16074	11273	65536	2
16075	11274	4096	1
16076	11275	256	1
16077	11277	1024	3
16078	11278	256	1
16079	11279	131072	2
16080	11280	5888	8
16081	11281	1536	6
16082	11282	66560	5
16083	11283	65536	1
16084	11284	512	1
16085	11285	4096	1
16086	11286	1024	1
16087	11286	1024	1
16088	11287	256	1
16089	11287	256	1
16090	11288	4096	1
16091	11289	512	1
16092	11290	4352	2
16093	11290	256	1
16094	11291	4352	2
16095	11292	256	1
16096	11293	24576	2
16097	11294	512	1
16098	11295	4096	1
16099	11296	1024	1
16100	11297	256	1
16101	11298	4096	1
16102	11299	512	1
16103	11300	512	2
16104	11301	256	1
16105	11302	2048	1
16106	11303	2048	1
16107	11304	2048	1
16108	11305	256	1
16109	11306	256	1
16110	11308	4096	1
16111	11309	256	1
16112	11310	4096	1
16113	11311	256	1
16114	11312	65536	1
16115	11313	4096	1
16116	11314	4096	1
16117	11315	1536	3
16118	11316	4096	1
16119	11317	256	1
16120	11318	256	1
16121	11319	512	1
16122	11320	45056	3
16123	11320	8192	1
16124	11321	256	1
16125	11322	1024	1
16126	11323	256	1
16127	11324	512	1
16128	11325	512	2
16129	11326	256	1
16130	11327	4096	1
16131	11328	512	1
16132	11329	4096	1
16133	11330	256	1
16134	11331	4096	1
16135	11332	512	1
16136	11333	4096	1
16137	11334	8448	2
16138	11335	128	1
16139	11336	4096	1
16140	11337	512	1
16141	11337	512	1
16142	11338	512	2
16143	11339	1024	1
16144	11340	4096	1
16145	11341	4096	1
16146	11342	16384	2
16147	11343	1024	3
16148	11343	512	2
16149	11344	512	2
16150	11345	256	1
16151	11346	256	1
16152	11347	4096	1
16153	11348	4352	2
16154	11348	1024	4
16155	11349	1024	1
16156	11350	9728	4
16157	11351	4096	1
16158	11352	4096	1
16159	11353	512	1
16160	11354	1536	3
16161	11355	256	1
16162	11356	1024	1
16163	11357	5120	2
16164	11358	512	2
16165	11359	256	1
16166	11360	256	1
16167	11361	4096	1
16168	11362	8960	5
16169	11363	16384	2
16170	11364	65792	2
16171	11365	4096	1
16172	11366	1024	1
16173	11366	256	1
16174	11368	512	1
16175	11369	4608	2
16176	11370	4096	1
16177	11371	2304	2
16178	11372	512	1
16179	11373	1024	1
16180	11374	4096	1
16181	11375	512	2
16182	11376	256	1
16183	11377	512	1
16184	11378	8192	1
16185	11379	256	1
16186	11380	4096	1
16187	11380	512	1
16188	11381	81664	11
16189	11382	8192	1
16190	11383	1024	1
16191	11384	512	1
16192	11384	512	2
16193	11384	512	1
16194	11384	256	1
16195	11385	512	1
16196	11386	256	1
16197	11387	2048	1
16198	11388	4096	1
16199	11389	1024	3
16200	11390	4096	1
16201	11391	256	1
16202	11392	256	1
16203	11393	4096	1
16204	11394	256	1
16205	11395	4096	1
16206	11396	4096	1
16207	11397	256	1
16208	11398	2048	1
16209	11399	8448	2
16210	11400	512	1
16211	11401	512	1
16212	11402	4096	1
16213	11403	8192	1
16214	11404	4096	1
16215	11405	256	1
16216	11406	8704	3
16217	11407	4096	1
16218	11408	4096	1
16219	11409	256	1
16220	11410	256	1
16221	11411	1024	1
16222	11412	8192	1
16223	11413	4096	1
16224	11414	4096	1
16225	11415	4096	1
16226	11416	19456	35
16227	11417	256	1
16228	11418	1024	1
16229	11419	4096	1
16230	11420	256	1
16231	11421	2048	1
16232	11422	5120	2
16233	11423	256	1
16234	11424	256	1
16235	11425	4096	1
16236	11426	8704	3
16237	11427	256	1
16238	11428	4096	1
16239	11429	4096	1
16240	11430	4096	1
16241	11432	8192	1
16242	11433	256	1
16243	11434	512	1
16244	11435	4096	1
16245	11436	256	1
16246	11437	10496	9
16247	11438	4096	1
16248	11439	4096	1
16249	11440	256	1
16250	11441	4352	2
16251	11442	4096	1
16252	11443	4096	1
16253	11444	1024	1
16254	11445	4096	1
16255	11446	512	1
16256	11447	512	2
16257	11448	1024	1
16258	11448	512	2
16259	11449	768	3
16260	11449	256	1
16261	11450	256	1
16262	11451	90112	3
16263	11452	4096	1
16264	11453	4096	1
16265	11454	256	1
16266	11455	8192	1
16267	11456	512	2
16268	11457	8192	1
16269	11458	98304	2
16270	11458	98304	4
16271	11459	4096	1
16272	11460	65536	1
16273	11461	49152	6
16274	11462	256	1
16275	11463	1024	1
16276	11463	16384	1
16277	11463	512	2
16278	11463	256	1
16279	11463	1280	5
16280	11464	512	2
16281	11465	256	1
16282	11465	256	1
16283	11466	1280	3
16284	11467	512	2
16285	11467	256	1
16286	11468	768	3
16287	11468	256	1
16288	11469	256	1
16289	11470	256	1
16290	11471	256	1
16291	11472	768	3
16292	11472	32	1
16293	11473	66816	3
16294	11474	2048	1
16295	11475	104448	12
16296	11476	8192	1
16297	11477	256	1
16298	11478	6912	5
16299	11479	256	1
16300	11480	3072	2
16301	11481	20992	19
16302	11481	256	1
16303	11482	512	2
16304	11483	28672	8
16305	11484	512	2
16306	11485	256	1
16307	11485	256	1
16308	11486	256	1
16309	11486	256	1
16310	11487	2048	2
16311	11488	512	2
16312	11489	512	2
16313	11490	2048	1
16314	11491	256	1
16315	11491	512	1
16316	11492	768	2
16317	11493	256	1
16318	11494	16384	3
16319	11495	12544	3
16320	11496	6144	9
16321	11496	256	1
16322	11497	5632	7
16323	11497	256	1
16324	11498	256	1
16325	11499	768	2
16326	11500	512	2
16327	11501	12288	8
16328	11502	256	1
16329	11503	65536	1
16330	11504	256	1
16331	11504	1024	1
16332	11505	1280	5
16333	11506	2560	10
16334	11507	1024	3
16335	11508	20480	2
16336	11509	2048	5
16337	11510	1024	4
16338	11511	256	1
16339	11512	4096	1
16340	11513	8192	2
16341	11514	256	1
16342	11515	768	3
16343	11515	512	2
16344	11516	4096	2
16345	11517	2304	5
16346	11517	512	2
16347	11518	1024	3
16348	11519	256	1
16349	11519	512	2
16350	11520	89088	31
16351	11521	256	1
16352	11522	12288	2
16353	11523	512	2
16354	11524	8192	1
16355	11525	7424	5
16356	11526	256	1
16357	11527	512	2
16358	11528	256	1
16359	11529	65536	1
16360	11529	256	1
16361	11529	512	2
16362	11529	1024	4
16363	11529	256	1
16364	11529	512	2
16365	11529	512	2
16366	11529	512	2
16367	11529	1024	4
16368	11529	512	2
16369	11530	64	1
16370	11531	10240	2
16371	11531	36864	2
16372	11532	512	2
16373	11533	512	2
16374	11533	1280	4
16375	11533	1792	3
16376	11533	1024	1
16377	11534	512	1
16378	11535	256	1
16379	11536	512	2
16380	11537	2048	1
16381	11538	256	1
16382	11538	256	1
16383	11539	512	2
16384	11540	256	1
16385	11541	65536	1
16386	11542	1024	1
16387	11542	768	3
16388	11543	256	1
16389	11544	20736	4
16390	11544	1024	1
16391	11544	4096	1
16392	11545	256	1
16393	11546	256	1
16394	11546	768	3
16395	11547	4352	2
16396	11548	768	3
16397	11549	512	2
16398	11550	1024	4
16399	11551	256	1
16400	11552	1792	5
16401	11553	512	2
16402	11554	512	2
16403	11555	512	2
16404	11556	1024	1
16405	11557	256	1
16406	11558	14080	25
16407	11558	768	3
16408	11558	50432	5
16409	11558	128	1
16410	11559	256	1
16411	11560	256	1
16412	11560	512	2
16413	11561	2048	2
16414	11562	1024	1
16415	11563	2048	2
16416	11564	2048	2
16417	11565	2048	2
16418	11566	256	1
16419	11567	1024	1
16420	11567	1024	1
16421	11568	256	1
16422	11569	1024	1
16423	11570	512	2
16424	11571	65536	1
16425	11572	4096	1
16426	11573	512	2
16427	11574	256	1
16428	11575	512	2
16429	11576	512	1
16430	11577	256	1
16431	11578	256	1
16432	11579	1024	3
16433	11580	512	2
16434	11581	512	2
16435	11582	1024	3
16436	11583	65536	1
16437	11583	1024	1
16438	11583	256	1
16439	11584	256	1
16440	11584	768	3
16441	11585	256	1
16442	11585	256	1
16443	11586	256	1
16444	11587	256	1
16445	11588	8192	1
16446	11589	12544	8
16447	11590	1536	2
16448	11591	768	3
16449	11592	66304	4
16450	11593	1280	2
16451	11593	16384	2
16452	11594	512	2
16453	11595	65536	1
16454	11596	512	2
16455	11597	512	2
16456	11598	114688	5
16457	11599	32	1
16458	11599	8448	2
16459	11600	3072	2
16460	11601	256	1
16461	11602	512	1
16462	11603	2304	9
16463	11603	256	1
16464	11604	512	2
16465	11605	512	2
16466	11606	1280	5
16467	11607	2560	3
16468	11608	256	1
16469	11609	4096	1
16470	11610	12288	10
16471	11611	2816	11
16472	11612	512	2
16473	11612	512	2
16474	11612	256	1
16475	11612	512	2
16476	11613	3840	4
16477	11614	512	1
16478	11614	256	1
16479	11615	12800	4
16480	11616	256	1
16481	11617	768	3
16482	11618	1792	4
16483	11618	256	1
16484	11619	256	1
16485	11619	256	1
16486	11620	16384	2
16487	11621	1024	1
16488	11621	8192	1
16489	11622	512	2
16490	11623	1280	2
16491	11623	1024	1
16492	11623	2048	1
16493	11624	512	2
16494	11625	512	1
16495	11626	512	2
16496	11627	512	2
16497	11628	8192	1
16498	11629	256	1
16499	11630	768	2
16500	11631	1024	1
16501	11632	4096	5
16502	11633	1024	1
16503	11634	256	1
16504	11635	256	1
16505	11636	256	1
16506	11637	512	2
16507	11638	512	2
16508	11638	512	2
16509	11639	256	1
16510	11640	256	1
16511	11641	256	1
16512	11642	6400	9
16513	11643	256	1
16514	11643	256	1
16515	11644	512	2
16516	11644	256	1
16517	11645	16128	48
16518	11646	4352	2
16519	11647	3072	4
16520	11648	1536	3
16521	11649	512	2
16522	11650	7424	6
16523	11651	4096	1
16524	11652	512	2
16525	11653	512	2
16526	11654	256	1
16527	11654	256	1
16528	11655	256	1
16529	11655	256	1
16530	11655	256	1
16531	11657	512	2
16532	11658	2560	3
16533	11658	4096	1
16534	11659	256	1
16535	11660	256	1
16536	11661	65536	1
16537	11661	1280	4
16538	11662	98048	15
16539	11663	65536	1
16540	11664	8192	1
16541	11665	768	2
16542	11666	768	3
16543	11667	512	2
16544	11668	512	1
16545	11669	256	1
16546	11670	65536	1
16547	11671	1024	1
16548	11672	512	2
16549	11673	512	2
16550	11673	1024	1
16551	11674	27648	15
16552	11674	4096	1
16553	11674	512	2
16554	11675	512	2
16555	11676	4096	1
16556	11677	256	1
16557	11677	256	1
16558	11679	256	1
16559	11679	8192	1
16560	11680	256	1
16561	11681	256	1
16562	11681	512	2
16563	11682	19456	3
16564	11683	256	1
16565	11684	256	1
16566	11685	2048	8
16567	11686	512	1
16568	11688	256	1
16569	11689	256	1
16570	11690	512	2
16571	11691	1024	1
16572	11691	1024	1
16573	11692	9472	11
16574	11692	10752	17
16575	11692	2048	3
16576	11692	512	1
16577	11692	256	1
16578	11693	256	1
16579	11694	20480	3
16580	11695	1536	5
16581	11697	256	1
16582	11697	256	1
16583	11698	256	1
16584	11699	1280	5
16585	11700	1024	2
16586	11701	512	2
16587	11702	16384	1
16588	11703	512	2
16589	11704	256	1
16590	11705	13056	10
16591	11706	1792	6
16592	11707	2048	3
16593	11708	5120	8
16594	11708	2048	1
16595	11709	3328	6
16596	11710	256	1
16597	11711	196864	4
16598	11711	268800	19
16599	11711	65536	1
16600	11712	256	1
16601	11713	1024	4
16602	11714	67584	2
16603	11715	256	1
16604	11716	256	1
16605	11716	512	2
16606	11717	256	1
16607	11718	256	1
16608	11719	4096	1
16609	11720	7168	3
16610	11720	17664	5
16611	11721	16384	7
16612	11722	512	1
16613	11722	2048	1
16614	11723	1024	1
16615	11723	512	1
16616	11723	6144	2
16617	11724	256	1
16618	11725	1024	1
16619	11725	768	3
16620	11726	8192	1
16621	11727	66816	6
16622	11727	2304	2
16623	11728	5120	2
16624	11728	1024	1
16625	11729	1280	2
16626	11729	256	1
16627	11729	512	2
16628	11729	256	1
16629	11730	1536	6
16630	11730	256	1
16631	11731	512	2
16632	11732	1536	6
16633	11732	512	2
16634	11732	2560	10
16635	11732	3584	14
16636	11732	78592	13
16637	11732	128	1
16638	11733	1024	4
16639	11734	256	1
16640	11734	256	1
16641	11735	512	1
16642	11735	1024	4
16643	11736	512	2
16644	11736	256	1
16645	11737	9728	12
16646	11738	4096	3
16647	11739	768	3
16648	11740	256	1
16649	11741	256	1
16650	11742	256	1
16651	11743	65536	1
16652	11743	512	2
16653	11743	256	1
16654	11744	512	1
16655	11745	8192	1
16656	11746	256	1
16657	11747	256	1
16658	11748	6144	2
16659	11749	256	1
16660	11750	512	2
16661	11751	256	1
16662	11752	5376	21
16663	11752	768	3
16664	11752	256	1
16665	11753	256	1
16666	11754	73728	3
16667	11755	2304	2
16668	11756	256	1
16669	11757	256	1
16670	11758	11264	3
16671	11759	1024	4
16672	11760	4352	2
16673	11761	5120	3
16674	11761	2048	2
16675	11762	256	1
16676	11763	256	1
16677	11764	77824	4
16678	11765	256	1
16679	11766	256	1
16680	11766	512	1
16681	11767	512	1
16682	11768	256	1
16683	11769	256	1
16684	11770	768	2
16685	11771	66304	4
16686	11772	256	1
16687	11772	256	1
16688	11773	512	2
16689	11774	7936	15
16690	11774	256	1
16691	11775	256	1
16692	11776	256	1
16693	11777	1280	5
16694	11778	256	1
16695	11778	256	1
16696	11779	1280	2
16697	11779	5120	2
16698	11780	65792	2
16699	11781	8192	1
16700	11781	512	2
16701	11782	65536	1
16702	11783	1024	1
16703	11784	256	1
16704	11785	512	2
16705	11786	512	1
16706	11786	512	1
16707	11787	512	2
16708	11788	4096	1
16709	11789	1536	6
16710	11790	256	1
16711	11791	256	1
16712	11792	256	1
16713	11793	512	2
16714	11794	256	1
16715	11795	99072	6
16716	11795	82176	3
16717	11795	16384	1
16718	11796	256	1
16719	11797	8192	1
16720	11798	6912	12
16721	11799	512	2
16722	11799	256	1
16723	11800	256	1
16724	11800	1024	1
16725	11800	256	1
16726	11801	65536	1
16727	11802	512	2
16728	11803	256	1
16729	11804	256	1
16730	11805	256	1
16731	11805	256	1
16732	11806	256	1
16733	11806	256	1
16734	11807	512	2
16735	11808	768	2
16736	11809	512	2
16737	11809	512	2
16738	11810	512	1
16739	11810	512	1
16740	11811	256	1
16741	11811	256	1
16742	11812	1536	6
16743	11813	256	1
16744	11814	768	3
16745	11815	256	1
16746	11816	256	1
16747	11817	512	2
16748	11818	512	2
16749	11819	512	2
16750	11820	1536	6
16751	11821	256	1
16752	11822	2048	1
16753	11822	2048	1
16754	11824	256	1
16755	11825	4096	1
16756	11826	4096	1
16757	11827	256	1
16758	11827	768	2
16759	11828	3584	14
16760	11829	256	1
16761	11830	256	1
16762	11831	256	1
16763	11832	17408	21
16764	11833	2560	4
16765	11834	256	1
16766	11835	256	1
16767	11836	5376	8
16768	11837	256	1
16769	11838	512	2
16770	11839	512	2
16771	11840	256	1
16772	11841	256	1
16773	11842	256	1
16774	11843	256	1
16775	11844	256	1
16776	11845	256	1
16777	11845	256	1
16778	11845	128	1
16779	11846	256	1
16780	11847	768	3
16781	11848	256	1
16782	11849	256	1
16783	11849	1792	7
16784	11850	148480	7
16785	11850	51200	10
16786	11850	1024	1
16787	11850	2048	2
16788	11850	51200	9
16789	11850	1024	1
16790	11851	256	1
16791	11852	4096	1
16792	11853	256	1
16793	11854	1536	6
16794	11854	2304	9
16795	11855	5120	3
16796	11855	512	1
16797	11857	768	3
16798	11858	256	1
16799	11858	256	1
16800	11859	66304	4
16801	11860	256	1
16802	11861	256	1
16803	11861	512	2
16804	11861	256	1
16805	11861	256	1
16806	11862	512	2
16807	11863	512	2
16808	11864	768	3
16809	11865	1280	4
16810	11865	256	1
16811	11866	256	1
16812	11867	256	1
16813	11868	256	1
16814	11869	256	1
16815	11870	256	1
16816	11871	768	2
16817	11872	2048	3
16818	11873	7680	8
16819	11874	2560	8
16820	11875	768	2
16821	11876	256	1
16822	11877	256	1
16823	11877	256	1
16824	11878	4096	1
16825	11879	256	1
16826	11879	256	1
16827	11880	8704	5
16828	11881	256	1
16829	11882	66048	3
16830	11883	256	1
16831	11883	256	1
16832	11884	256	1
16833	11884	256	1
16834	11885	1024	4
16835	11885	65792	2
16836	11886	256	1
16837	11886	256	1
16838	11887	256	1
16839	11888	1024	1
16840	11889	256	1
16841	11890	10496	8
16842	11890	256	1
16843	11891	1024	1
16844	11892	256	1
16845	11893	512	1
16846	11893	768	3
16847	11894	1280	5
16848	11895	512	2
16849	11896	2304	5
16850	11897	768	3
16851	11898	256	1
16852	11898	256	1
16853	11899	1024	4
16854	11899	66816	6
16855	11900	256	1
16856	11901	1024	4
16857	11902	256	1
16858	11903	6144	2
16859	11904	256	1
16860	11905	256	1
16861	11906	256	1
16862	11907	65536	1
16863	11908	256	1
16864	11909	512	1
16865	11909	256	1
16866	11909	512	1
16867	11910	512	2
16868	11911	2560	2
16869	11912	4096	1
16870	11913	4096	1
16871	11913	512	2
16872	11914	2048	2
16873	11914	2048	1
16874	11915	256	1
16875	11915	512	2
16876	11915	256	1
16877	11915	256	1
16878	11916	4096	1
16879	11916	1024	1
16880	11917	1024	4
16881	11918	512	1
16882	11919	14848	9
16883	11920	512	2
16884	11920	256	1
16885	11921	768	2
16886	11922	1024	1
16887	11922	1024	1
16888	11924	256	1
16889	11925	256	1
16890	11926	512	2
16891	11927	4096	1
16892	11928	65536	1
16893	11929	256	1
16894	11930	256	1
16895	11931	8192	1
16896	11932	5888	11
16897	11933	768	3
16898	11934	256	1
16899	11935	256	1
16900	11936	18688	12
16901	11936	1024	1
16902	11937	512	2
16903	11938	512	2
16904	11939	256	1
16905	11940	768	3
16906	11941	512	2
16907	11942	8448	2
16908	11943	256	1
16909	11944	512	2
16910	11945	512	2
16911	11946	4096	1
16912	11947	90112	3
16913	11947	8192	1
16914	11947	256	1
16915	11948	256	1
16916	11949	256	1
16917	11950	4096	1
16918	11951	65536	1
16919	11952	256	1
16920	11953	512	2
16921	11953	3072	12
16922	11954	768	3
16923	11955	256	1
16924	11955	4096	3
16925	11956	256	1
16926	11956	256	1
16927	11957	4096	1
16928	11958	768	3
16929	11959	512	2
16930	11960	512	2
16931	11961	512	2
16932	11961	768	2
16933	11961	8192	1
16934	11962	512	1
16935	11962	512	1
16936	11963	549632	33
16937	11964	256	1
16938	11965	512	2
16939	11966	4096	1
16940	11967	1280	2
16941	11967	1024	4
16942	11968	3328	13
16943	11968	512	2
16944	11968	1024	1
16945	11969	512	2
16946	11970	512	2
16947	11971	768	2
16948	11972	3328	3
16949	11973	256	1
16950	11974	2048	1
16951	11974	256	1
16952	11975	256	1
16953	11976	512	2
16954	11977	75008	21
16955	11978	512	2
16956	11979	768	3
16957	11979	32	1
16958	11980	65536	1
16959	11981	65792	2
16960	11981	3328	13
16961	11982	256	1
16962	11983	1536	3
16963	11984	256	1
16964	11985	256	1
16965	11986	65536	1
16966	11987	256	1
16967	11988	256	1
16968	11988	256	1
16969	11989	1280	3
16970	11990	256	1
16971	11991	65792	2
16972	11992	1280	5
16973	11993	256	1
16974	11994	256	1
16975	11995	256	1
16976	11996	65792	2
16977	11997	512	2
16978	11998	256	1
16979	11999	3584	7
16980	12000	256	1
16981	12001	5888	8
16982	12002	98560	3
16983	12003	65536	1
16984	12004	256	1
16985	12005	4096	1
16986	12006	256	1
16987	12007	8192	2
16988	12008	512	1
16989	12009	131072	2
16990	12010	5120	2
16991	12011	512	2
16992	12012	512	2
16993	12013	512	1
16994	12014	256	1
16995	12015	8192	1
16996	12016	256	1
16997	12017	61440	13
16998	12018	768	3
16999	12019	512	2
17000	12020	256	1
17001	12021	8192	1
17002	12022	256	1
17003	12022	256	1
17004	12023	256	1
17005	12023	512	2
17006	12024	1792	3
17007	12025	256	1
17008	12026	768	3
17009	12027	768	3
17010	12028	19712	7
17011	12029	256	1
17012	12029	256	1
17013	12030	6144	2
17014	12031	1280	5
17015	12032	235264	47
17016	12032	40960	9
17017	12032	512	1
17018	12033	256	1
17019	12034	256	1
17020	12034	256	1
17021	12035	256	1
17022	12036	256	1
17023	12037	256	1
17024	12037	512	1
17025	12038	5376	3
17026	12039	512	1
17027	12039	1536	5
17028	12040	1280	5
17029	12041	256	1
17030	12042	8192	1
17031	12043	256	1
17032	12043	1792	7
17033	12044	7424	6
17034	12044	768	3
17035	12045	4096	1
17036	12045	128	1
17037	12046	256	1
17038	12047	512	2
17039	12048	1024	1
17040	12048	4096	6
17041	12049	256	1
17042	12049	512	2
17043	12050	6656	8
17044	12051	1024	3
17045	12052	65536	1
17046	12052	1792	6
17047	12053	256	1
17048	12054	12288	2
17049	12054	8192	1
17050	12055	256	1
17051	12056	5888	6
17052	12056	256	1
17053	12057	512	2
17054	12058	256	1
17055	12058	2816	3
17056	12059	768	3
17057	12059	768	2
17058	12060	1024	4
17059	12061	66816	6
17060	12062	1024	2
17061	12062	1024	2
17062	12063	256	1
17063	12064	7168	5
17064	12065	256	1
17065	12066	33024	2
17066	12066	64	1
17067	12066	4	1
17068	12066	256	1
17069	12067	256	1
17070	12068	8192	1
17071	12069	256	1
17072	12070	512	2
17073	12071	256	1
17074	12072	4352	2
17075	12073	512	2
17076	12074	13312	6
17077	12074	4096	1
17078	12074	8192	4
17079	12075	256	1
17080	12076	4096	1
17081	12077	65536	1
17082	12078	1024	4
17083	12079	256	1
17084	12079	256	1
17085	12080	22528	11
17086	12080	12800	3
17087	12080	22784	15
17088	12081	256	1
17089	12081	256	1
17090	12082	4096	2
17091	12083	256	1
17092	12084	256	1
17093	12085	256	1
17094	12086	9984	5
17095	12087	9216	4
17096	12088	256	1
17097	12088	256	1
17098	12089	5888	4
17099	12090	256	1
17100	12091	256	1
17101	12091	768	3
17102	12091	256	1
17103	12092	256	1
17104	12093	2048	8
17105	12093	2048	8
17106	12094	256	1
17107	12095	65536	1
17108	12096	256	1
17109	12097	512	1
17110	12097	512	1
17111	12098	256	1
17112	12099	4096	1
17113	12100	256	1
17114	12101	256	1
17115	12102	2048	1
17116	12102	2048	1
17117	12103	256	1
17118	12104	16384	1
17119	12105	60160	44
17120	12106	4096	1
17121	12107	256	1
17122	12108	67840	6
17123	12109	2048	1
17124	12110	256	1
17125	12111	256	1
17126	12112	512	2
17127	12113	256	1
17128	12114	512	2
17129	12115	256	1
17130	12116	4096	1
17131	12117	67328	5
17132	12118	768	3
17133	12118	512	2
17134	12119	768	3
17135	12120	2816	11
17136	12121	768	3
17137	12122	65536	1
17138	12123	512	2
17139	12124	512	2
17140	12125	256	1
17141	12126	512	2
17142	12127	256	1
17143	12127	768	3
17144	12128	256	1
17145	12128	256	1
17146	12129	9728	7
17147	12129	2560	10
17148	12130	256	1
17149	12131	1280	4
17150	12132	8192	2
17151	12133	3072	12
17152	12134	4096	1
17153	12135	256	1
17154	12136	4096	1
17155	12137	256	1
17156	12138	768	3
17157	12138	256	1
17158	12139	67072	7
17159	12139	8448	3
17160	12139	8192	4
17161	12140	94208	4
17162	12141	256	1
17163	12142	1024	1
17164	12143	256	1
17165	12144	256	1
17166	12145	512	1
17167	12145	256	1
17168	12146	256	1
17169	12147	768	3
17170	12148	256	1
17171	12149	256	1
17172	12150	4096	1
17173	12151	65792	2
17174	12152	1536	2
17175	12153	256	1
17176	12154	256	1
17177	12155	512	2
17178	12156	512	2
17179	12157	1024	2
17180	12158	256	1
17181	12159	1280	2
17182	12159	512	2
17183	12160	256	1
17184	12161	256	1
17185	12162	2304	9
17186	12162	4096	8
17187	12163	256	1
17188	12163	256	1
17189	12164	256	1
17190	12165	256	1
17191	12166	512	2
17192	12167	16384	1
17193	12168	3328	13
17194	12168	1280	5
17195	12169	512	2
17196	12170	512	1
17197	12171	768	3
17198	12172	1536	3
17199	12173	256	1
17200	12174	256	1
17201	12175	256	1
17202	12176	256	1
17203	12177	256	1
17204	12178	7168	9
17205	12178	1536	6
17206	12178	1536	6
17207	12179	256	1
17208	12179	256	1
17209	12180	512	2
17210	12181	3840	15
17211	12181	4864	4
17212	12182	512	2
17213	12183	256	1
17214	12184	256	1
17215	12185	256	1
17216	12186	256	1
17217	12186	256	1
17218	12187	256	1
17219	12188	256	1
17220	12189	65536	1
17221	12190	1536	6
17222	12191	512	2
17223	12192	256	1
17224	12193	256	1
17225	12194	512	2
17226	12195	1536	6
17227	12196	1536	3
17228	12197	512	1
17229	12197	512	2
17230	12197	256	1
17231	12198	4096	1
17232	12199	256	1
17233	12200	512	2
17234	12201	512	2
17235	12202	2048	1
17236	12203	71680	3
17237	12204	65536	1
17238	12205	4096	1
17239	12206	4096	1
17240	12207	256	1
17241	12208	4352	2
17242	12209	768	2
17243	12209	1024	4
17244	12210	34304	7
17245	12210	256	1
17246	12210	256	1
17247	12212	9216	7
17248	12212	256	1
17249	12213	256	1
17250	12213	256	1
17251	12213	256	1
17252	12214	256	1
17253	12214	256	1
17254	12215	768	3
17255	12216	512	2
17256	12216	256	1
17257	12217	256	1
17258	12218	256	1
17259	12219	4096	1
17260	12220	7168	11
17261	12220	1024	1
17262	12221	1024	1
17263	12221	256	1
17264	12221	4096	1
17265	12222	4096	1
17266	12223	1536	6
17267	12224	512	2
17268	12225	256	1
17269	12226	256	1
17270	12227	6144	9
17271	12228	3072	6
17272	12229	768	3
17273	12230	256	1
17274	12231	256	1
17275	12232	256	1
17276	12233	1024	1
17277	12234	1280	3
17278	12235	256	1
17279	12236	256	1
17280	12237	4096	1
17281	12237	768	3
17282	12237	256	1
17283	12238	256	1
17284	12239	8192	1
17285	12240	768	3
17286	12241	49664	21
17287	12242	1024	4
17288	12243	256	1
17289	12244	768	3
17290	12244	512	2
17291	12245	65536	1
17292	12246	1280	3
17293	12247	1024	4
17294	12248	512	1
17295	12249	256	1
17296	12249	256	1
17297	12250	512	2
17298	12250	8	1
17299	12251	65536	1
17300	12252	65792	2
17301	12253	256	1
17302	12254	256	1
17303	12255	256	1
17304	12256	768	3
17305	12256	256	1
17306	12257	1024	4
17307	12258	65536	1
17308	12259	768	2
17309	12260	1536	4
17310	12261	512	2
17311	12262	768	3
17312	12263	256	1
17313	12263	512	2
17314	12263	256	1
17315	12264	256	1
17316	12265	256	1
17317	12266	256	1
17318	12267	1024	3
17319	12268	512	1
17320	12269	256	1
17321	12270	512	1
17322	12271	4096	1
17323	12271	1024	1
17324	12271	1024	1
17325	12272	256	1
17326	12273	512	2
17327	12274	4864	4
17328	12275	256	1
17329	12276	256	1
17330	12277	6656	3
17331	12278	512	2
17332	12278	512	1
17333	12279	3072	2
17334	12280	256	1
17335	12281	256	1
17336	12282	4096	1
17337	12283	256	1
17338	12284	5120	2
17339	12285	256	1
17340	12286	65536	1
17341	12287	3584	8
17342	12287	256	1
17343	12287	2304	8
17344	12288	3840	15
17345	12289	4608	8
17346	12290	1792	6
17347	12291	256	1
17348	12292	256	1
17349	12293	65536	1
17350	12294	1280	5
17351	12295	22016	23
17352	12295	256	1
17353	12297	256	1
17354	12298	4096	1
17355	12299	256	1
17356	12300	8704	2
17357	12300	69632	5
17358	12301	4864	4
17359	12302	256	1
17360	12303	768	3
17361	12304	256	1
17362	12305	2304	6
17363	12305	256	1
17364	12305	256	1
17365	12306	512	1
17366	12306	512	1
17367	12307	512	1
17368	12308	256	1
17369	12309	256	1
17370	12309	256	1
17371	12310	5888	7
17372	12310	4096	2
17373	12310	2048	1
17374	12311	1792	3
17375	12312	256	1
17376	12313	1024	1
17377	12314	256	1
17378	12315	256	1
17379	12316	6912	11
17380	12316	256	1
17381	12317	256	1
17382	12318	128	1
17383	12318	256	1
17384	12319	512	1
17385	12320	8192	1
17386	12321	4096	1
17387	12321	4096	1
17388	12322	256	1
17389	12323	256	1
17390	12324	4608	18
17391	12324	1024	4
17392	12325	68608	12
17393	12325	512	2
17394	12325	64	1
17395	12326	256	1
17396	12327	65536	1
17397	12328	256	1
17398	12329	256	1
17399	12330	256	1
17400	12331	256	1
17401	12332	256	1
17402	12333	256	1
17403	12334	65536	1
17404	12335	512	2
17405	12336	256	1
17406	12337	4096	1
17407	12338	512	2
17408	12339	14080	7
17409	12340	512	2
17410	12341	1792	3
17411	12342	256	1
17412	12343	1024	3
17413	12344	128	1
17414	12344	512	2
17415	12345	256	1
17416	12346	131328	3
17417	12347	512	2
17418	12348	4608	3
17419	12349	8704	3
17420	12350	256	1
17421	12351	256	1
17422	12351	2304	3
17423	12352	1792	7
17424	12353	256	1
17425	12354	256	1
17426	12355	8192	1
17427	12356	512	1
17428	12357	768	3
17429	12358	256	1
17430	12359	256	1
17431	12359	256	1
17432	12360	1024	4
17433	12361	8192	1
17434	12362	256	1
17435	12363	16640	2
17436	12364	2048	7
17437	12365	2048	1
17438	12366	8192	1
17439	12367	67840	10
17440	12367	1792	3
17441	12368	1024	3
17442	12369	256	1
17443	12370	512	2
17444	12371	2304	2
17445	12372	256	1
17446	12373	512	1
17447	12374	4096	1
17448	12375	512	2
17449	12376	256	1
17450	12377	256	1
17451	12377	256	1
17452	12378	256	1
17453	12378	256	1
17454	12379	14336	4
17455	12379	2048	1
17456	12380	2816	4
17457	12381	512	1
17458	12382	256	1
17459	12384	512	2
17460	12386	256	1
17461	12386	256	1
17462	12387	768	3
17463	12388	101376	14
17464	12389	1939712	55
17465	12390	8192	1
17466	12391	6656	4
17467	12393	512	2
17468	12394	4096	1
17469	12395	16384	2
17470	12396	512	2
17471	12397	256	1
17472	12398	256	1
17473	12399	768	2
17474	12401	4096	7
17475	12402	4096	1
17476	12403	256	1
17477	12403	256	1
17478	12404	7424	20
17479	12404	256	1
17480	12405	256	1
17481	12406	256	1
17482	12406	256	1
17483	12407	4096	1
17484	12408	256	1
17485	12409	256	1
17486	12409	256	1
17487	12410	16384	1
17488	12411	768	2
17489	12412	16640	14
17490	12412	2048	1
17491	12413	512	2
17492	12415	256	1
17493	12416	256	1
17494	12417	5888	8
17495	12417	768	3
17496	12418	5632	6
17497	12419	65792	2
17498	12420	256	1
17499	12421	256	1
17500	12422	256	1
17501	12423	256	1
17502	12424	256	1
17503	12425	8192	1
17504	12426	4096	1
17505	12427	6144	2
17506	12428	256	1
17507	12429	768	3
17508	12430	256	1
17509	12430	256	1
17510	12431	768	2
17511	12432	256	1
17512	12433	2048	8
17513	12433	256	1
17514	12434	256	1
17515	12435	2560	5
17516	12436	66304	4
17517	12436	256	1
17518	12437	512	2
17519	12438	28672	7
17520	12439	65536	1
17521	12440	256	1
17522	12441	256	1
17523	12442	8192	3
17524	12443	6400	10
17525	12444	256	1
17526	12445	512	2
17527	12446	256	1
17528	12447	512	2
17529	12448	256	1
17530	12449	1280	2
17531	12449	1280	2
17532	12450	256	1
17533	12451	65536	1
17534	12452	256	1
17535	12453	860672	13
17536	12453	8448	2
17537	12454	3072	2
17538	12455	256	1
17539	12456	5120	5
17540	12456	256	1
17541	12457	65536	1
17542	12457	4096	1
17543	12458	65536	1
17544	12459	256	1
17545	12460	256	1
17546	12461	256	1
17547	12462	256	1
17548	12463	4096	1
17549	12463	1280	5
17550	12464	512	2
17551	12465	256	1
17552	12466	65536	1
17553	12467	8	1
17554	12467	1024	4
17555	12467	256	1
17556	12468	256	1
17557	12469	512	1
17558	12470	256	1
17559	12470	256	1
17560	12471	512	2
17561	12472	512	2
17562	12473	512	1
17563	12473	256	1
17564	12474	4096	1
17565	12475	65536	1
17566	12476	512	2
17567	12477	2560	4
17568	12478	512	2
17569	12479	2048	1
17570	12479	1024	1
17571	12480	2048	1
17572	12480	1024	1
17573	12480	1024	1
17574	12481	1024	1
17575	12482	1024	4
17576	12483	512	2
17577	12484	256	1
17578	12484	512	2
17579	12485	512	2
17580	12486	512	2
17581	12487	2304	9
17582	12488	1024	1
17583	12489	512	1
17584	12490	70656	6
17585	12490	256	1
17586	12491	1158144	82
17587	12491	742912	55
17588	12491	134656	5
17589	12491	57600	10
17590	12491	335872	29
17591	12492	66304	4
17592	12492	768	3
17593	12493	512	2
17594	12493	1024	1
17595	12494	1024	4
17596	12495	27648	7
17597	12496	12544	10
17598	12496	1024	1
17599	12497	256	1
17600	12498	8192	1
17601	12499	65536	1
17602	12500	256	1
17603	12501	256	1
17604	12502	256	1
17605	12503	16384	9
17606	12504	2560	5
17607	12505	113408	64
17608	12505	3584	14
17609	12506	512	2
17610	12507	3328	3
17611	12508	256	1
17612	12509	512	2
17613	12510	3072	5
17614	12510	2560	2
17615	12510	2816	4
17616	12511	8192	1
17617	12511	8192	1
17618	12512	17920	4
17619	12513	4864	4
17620	12514	512	1
17621	12515	256	1
17622	12516	256	1
17623	12517	512	2
17624	12518	768	3
17625	12519	256	1
17626	12520	2560	4
17627	12521	512	2
17628	12521	256	1
17629	12522	66816	6
17630	12522	256	1
17631	12522	1536	6
17632	12523	3072	12
17633	12524	256	1
17634	12525	512	2
17635	12525	512	1
17636	12526	256	1
17637	12527	13568	8
17638	12528	768	3
17639	12529	256	1
17640	12529	256	1
17641	12530	256	1
17642	12531	36864	5
17643	12532	2560	3
17644	12533	9472	6
17645	12534	65536	1
17646	12535	8192	1
17647	12536	2304	9
17648	12536	768	3
17649	12537	256	1
17650	12538	2304	2
17651	12539	256	1
17652	12540	512	2
17653	12541	256	1
17654	12542	1280	2
17655	12543	256	1
17656	12544	32768	1
17657	12545	16	1
17658	12545	256	1
17659	12546	4096	1
17660	12547	256	1
17661	12548	4096	1
17662	12549	4864	12
17663	12549	3584	7
17664	12551	256	1
17665	12552	4096	1
17666	12552	1024	1
17667	12553	8192	1
17668	12555	256	1
17669	12556	256	1
17670	12557	256	1
17671	12559	256	1
17672	12560	67584	4
17673	12561	256	1
17674	12562	256	1
17675	12563	512	2
17676	12564	4096	1
17677	12565	512	2
17678	12566	512	2
17679	12567	8448	2
17680	12567	256	1
17681	12568	512	2
17682	12569	256	1
17683	12570	256	1
17684	12571	512	1
17685	12572	4864	3
17686	12573	3584	3
17687	12574	81920	3
17688	12575	256	1
17689	12575	1280	3
17690	12576	4096	10
17691	12577	256	1
17692	12578	256	1
17693	12578	256	1
17694	12579	256	1
17695	12580	256	1
17696	12581	14336	3
17697	12582	768	3
17698	12582	512	2
17699	12583	256	1
17700	12584	1024	1
17701	12584	5120	2
17702	12585	256	1
17703	12586	256	1
17704	12587	256	1
17705	12588	512	2
17706	12589	256	1
17707	12590	1024	4
17708	12591	3584	14
17709	12592	66048	3
17710	12593	768	2
17711	12594	512	2
17712	12595	256	1
17713	12596	256	1
17714	12596	256	1
17715	12597	512	2
17716	12598	65536	1
17717	12599	65536	1
17718	12600	256	1
17719	12600	1024	4
17720	12601	1280	2
17721	12601	4096	1
17722	12602	256	1
17723	12603	2048	4
17724	12604	256	1
17725	12604	256	1
17726	12605	512	2
17727	12606	64	1
17728	12606	64	1
17729	12607	5120	5
17730	12608	256	1
17731	12609	256	1
17732	12610	256	1
17733	12612	20224	5
17734	12613	256	1
17735	12614	512	2
17736	12615	256	1
17737	12616	256	1
17738	12617	256	1
17739	12618	256	1
17740	12619	256	1
17741	12619	512	2
17742	12620	256	1
17743	12621	2816	6
17744	12622	4864	4
17745	12623	256	1
17746	12624	256	1
17747	12625	65536	1
17748	12626	256	1
17749	12627	512	2
17750	12628	256	1
17751	12629	256	1
17752	12630	256	1
17753	12631	2560	3
17754	12632	512	2
17755	12633	512	2
17756	12634	256	1
17757	12634	256	1
17758	12635	768	2
17759	12635	512	2
17760	12636	256	1
17761	12637	512	2
17762	12638	256	1
17763	12639	8192	1
17764	12640	256	1
17765	12641	256	1
17766	12641	256	1
17767	12642	256	1
17768	12643	4096	1
17769	12644	2048	2
17770	12644	2048	1
17771	12644	4096	1
17772	12645	256	1
17773	12646	256	1
17774	12647	4096	1
17775	12648	256	1
17776	12648	256	1
17777	12649	1024	4
17778	12649	256	1
17779	12650	1280	5
17780	12651	2304	4
17781	12652	256	1
17782	12653	1024	3
17783	12654	512	1
17784	12656	256	1
17785	12657	256	1
17786	12658	256	1
17787	12659	20992	74
17788	12660	3072	5
17789	12661	4096	1
17790	12662	512	2
17791	12663	256	1
17792	12663	256	1
17793	12664	11264	5
17794	12664	256	1
17795	12665	256	1
17796	12666	512	2
17797	12667	5632	7
17798	12668	1280	2
17799	12669	17152	4
17800	12670	256	1
17801	12671	1792	3
17802	12671	5376	14
17803	12671	11008	18
17804	12671	1792	5
17805	12671	32	1
17806	12672	16384	2
17807	12673	512	2
17808	12674	1280	2
17809	12675	256	1
17810	12676	256	1
17811	12677	2560	3
17812	12678	2560	3
17813	12679	65536	1
17814	12680	256	1
17815	12681	256	1
17816	12682	4096	6
17817	12682	512	1
17818	12682	256	1
17819	12682	3328	13
17820	12683	1024	4
17821	12684	512	2
17822	12685	2048	1
17823	12686	512	2
17824	12687	512	1
17825	12688	256	1
17826	12689	1024	1
17827	12689	512	2
17828	12690	256	1
17829	12691	1024	4
17830	12692	512	2
17831	12693	65536	1
17832	12693	32768	2
17833	12694	768	3
17834	12695	256	1
17835	12696	512	2
17836	12697	512	2
17837	12698	256	1
17838	12699	256	1
17839	12700	256	1
17840	12702	256	1
17841	12703	1792	3
17842	12703	2048	2
17843	12704	24576	4
17844	12705	512	1
17845	12706	512	1
17846	12706	1536	3
17847	12707	512	2
17848	12708	1024	4
17849	12709	131072	2
17850	12710	256	1
17851	12711	768	3
17852	12711	512	1
17853	12712	256	1
17854	12713	256	1
17855	12714	256	1
17856	12714	256	1
17857	12715	1280	2
17858	12716	6144	2
17859	12717	15360	8
17860	12718	768	3
17861	12719	256	1
17862	12720	256	1
17863	12721	256	1
17864	12722	512	1
17865	12723	256	1
17866	12724	256	1
17867	12725	173824	32
17868	12726	104960	24
17869	12726	256	1
17870	12726	256	1
17871	12727	65536	1
17872	12728	256	1
17873	12729	512	2
17874	12730	512	1
17875	12731	256	1
17876	12732	2048	3
17877	12733	256	1
17878	12733	256	1
17879	12734	256	1
17880	12735	256	1
17881	12736	49152	2
17882	12736	16384	1
17883	12737	256	1
17884	12739	256	1
17885	12740	256	1
17886	12741	65536	1
17887	12742	768	3
17888	12743	768	3
17889	12744	2304	2
17890	12745	512	2
17891	12746	1792	7
17892	12747	256	1
17893	12748	5120	3
17894	12748	1024	4
17895	12749	4096	1
17896	12750	512	1
17897	12750	1536	3
17898	12751	2816	4
17899	12752	2304	2
17900	12752	65536	1
17901	12753	8192	1
17902	12754	4096	1
17903	12755	256	1
17904	12756	512	2
17905	12756	512	1
17906	12757	256	1
17907	12758	2560	3
17908	12758	256	1
17909	12758	256	1
17910	12759	1280	2
17911	12760	4096	1
17912	12761	256	1
17913	12761	512	2
17914	12762	256	1
17915	12763	3584	3
17916	12764	256	1
17917	12764	256	1
17918	12765	4352	2
17919	12766	512	2
17920	12767	2048	8
17921	12768	2048	8
17922	12769	768	3
17923	12770	512	2
17924	12771	1280	5
17925	12772	65536	2
17926	12773	1024	4
17927	12774	1024	2
17928	12774	256	1
17929	12774	256	1
17930	12775	512	2
17931	12776	1024	4
17932	12777	256	1
17933	12778	256	1
17934	12779	768	2
17935	12780	16384	1
17936	12781	512	2
17937	12783	256	1
17938	12783	128	2
17939	12784	2048	7
17940	12785	4096	1
17941	12785	1024	1
17942	12786	256	1
17943	12787	512	2
17944	12788	256	1
17945	12789	512	2
17946	12790	65536	1
17947	12791	256	1
17948	12792	256	1
17949	12793	1024	4
17950	12794	67840	5
17951	12795	256	1
17952	12796	256	1
17953	12797	1536	4
17954	12797	512	1
17955	12798	256	1
17956	12799	512	2
17957	12800	256	1
17958	12801	256	1
17959	12802	512	2
17960	12803	256	1
17961	12804	4096	1
17962	12804	3584	3
17963	12805	256	1
17964	12806	256	1
17965	12806	256	1
17966	12807	4864	4
17967	12808	256	1
17968	12808	512	1
17969	12809	256	1
17970	12810	256	1
17971	12811	256	1
17972	12812	256	1
17973	12813	256	1
17974	12813	256	1
17975	12814	512	2
17976	12815	1024	4
17977	12815	256	1
17978	12816	3328	13
17979	12816	128	1
17980	12816	256	1
17981	12816	256	1
17982	12817	9216	3
17983	12818	256	1
17984	12819	256	1
17985	12820	4096	1
17986	12821	4608	3
17987	12822	256	1
17988	12823	256	1
17989	12823	256	1
17990	12824	256	1
17991	12825	4096	1
17992	12826	4608	16
17993	12826	512	2
17994	12826	256	1
17995	12826	768	3
17996	12827	256	1
17997	12828	512	1
17998	12829	512	2
17999	12830	1792	7
18000	12831	4096	1
18001	12832	256	1
18002	12833	256	1
18003	12834	256	1
18004	12835	256	1
18005	12836	512	1
18006	12837	256	1
18007	12838	512	2
18008	12840	256	1
18009	12841	512	1
18010	12842	4096	3
18011	12843	256	1
18012	12844	1280	2
18013	12846	4096	1
18014	12847	512	2
18015	12848	768	3
18016	12849	65536	1
18017	12850	4096	1
18018	12851	256	1
18019	12852	512	2
18020	12853	256	1
18021	12854	256	1
18022	12855	256	1
18023	12856	2304	6
18024	12856	1024	1
18025	12857	256	1
18026	12858	2048	4
18027	12859	256	1
18028	12860	15616	6
18029	12861	4096	1
18030	12862	3328	13
18031	12863	256	1
18032	12863	256	1
18033	12864	768	3
18034	12865	256	1
18035	12866	1280	2
18036	12866	3328	13
18037	12867	4096	1
18038	12868	15616	27
18039	12869	256	1
18040	12870	256	1
18041	12871	256	1
18042	12872	65536	1
18043	12873	256	1
18044	12874	256	1
18045	12875	512	2
18046	12876	256	1
18047	12876	8	1
18048	12877	512	2
18049	12878	256	1
18050	12879	4096	1
18051	12880	512	1
18052	12881	256	1
18053	12882	256	1
18054	12883	768	3
18055	12884	256	1
18056	12885	4096	1
18057	12886	256	1
18058	12887	256	1
18059	12888	2048	1
18060	12889	14336	6
18061	12890	512	1
18062	12890	256	1
18063	12891	512	2
18064	12892	2304	2
18065	12892	256	1
18066	12893	768	2
18067	12894	512	2
18068	12895	1536	2
18069	12896	256	1
18070	12896	256	1
18071	12897	256	1
18072	12898	65536	1
18073	12899	512	2
18074	12899	512	2
18075	12900	256	1
18076	12901	65792	2
18077	12901	256	1
18078	12902	512	2
18079	12903	256	1
18080	12904	512	2
18081	12905	256	1
18082	12905	256	1
18083	12906	256	1
18084	12907	768	3
18085	12908	512	2
18086	12909	512	2
18087	12910	1024	2
18088	12910	4096	1
18089	12911	8192	1
18090	12912	256	1
18091	12913	1536	6
18092	12914	256	1
18093	12915	256	1
18094	12916	256	1
18095	12917	512	2
18096	12918	3072	8
18097	12920	256	1
18098	12921	1792	4
18099	12922	65536	1
18100	12923	256	1
18101	12924	256	1
18102	12925	16384	1
18103	12926	4352	2
18104	12926	4096	1
18105	12927	256	1
18106	12928	256	1
18107	12929	256	1
18108	12930	256	1
18109	12931	256	1
18110	12932	512	2
18111	12933	256	1
18112	12934	4096	1
18113	12935	4608	3
18114	12935	256	1
18115	12936	4352	2
18116	12937	1024	1
18117	12938	256	1
18118	12939	512	2
18119	12940	4096	1
18120	12941	256	1
18121	12942	1024	1
18122	12943	256	1
18123	12944	512	2
18124	12945	256	1
18125	12946	256	1
18126	12947	512	2
18127	12947	256	1
18128	12948	512	2
18129	12949	2048	4
18130	12950	512	2
18131	12951	256	1
18132	12952	512	1
18133	12953	4096	1
18134	12954	28160	8
18135	12955	10752	19
18136	12955	768	3
18137	12956	256	1
18138	12957	512	1
18139	12958	512	2
18140	12959	256	1
18141	12960	4096	1
18142	12961	256	1
18143	12962	256	1
18144	12963	5888	6
18145	12964	8192	1
18146	12965	1280	5
18147	12966	5888	5
18148	12967	256	1
18149	12968	768	2
18150	12969	256	1
18151	12970	2560	10
18152	12971	1536	2
18153	12972	256	1
18154	12974	256	1
18155	12975	256	1
18156	12976	256	1
18157	12977	4096	1
18158	12978	256	1
18159	12978	256	1
18160	12979	1536	6
18161	12980	256	1
18162	12981	256	1
18163	12982	2048	1
18164	12983	4096	1
18165	12984	512	1
18166	12985	4096	1
18167	12986	1280	2
18168	12987	256	1
18169	12988	1024	1
18170	12989	4096	1
18171	12990	256	1
18172	12991	256	1
18173	12992	4096	1
18174	12993	4096	1
18175	12993	256	1
18176	12994	2304	2
18177	12994	20480	3
18178	12995	4096	1
18179	12996	1024	1
18180	12997	4096	1
18181	12998	4096	1
18182	12999	512	1
18183	13000	256	1
18184	13001	256	1
18185	13002	256	1
18186	13003	1024	4
18187	13004	256	1
18188	13004	512	1
18189	13005	82176	35
18190	13006	3072	6
18191	13006	256	1
18192	13007	256	1
18193	13008	4352	2
18194	13009	4096	1
18195	13010	8192	1
18196	13011	512	1
18197	13012	1024	1
18198	13013	4096	1
18199	13014	4096	1
18200	13015	1536	2
18201	13016	4608	2
18202	13017	256	1
18203	13018	256	1
18204	13019	1024	1
18205	13020	256	1
18206	13021	512	1
18207	13022	512	1
18208	13023	4096	1
18209	13024	4096	1
18210	13024	256	1
18211	13025	24576	2
18212	13026	512	2
18213	13027	256	1
18214	13027	256	1
18215	13028	256	1
18216	13029	256	1
18217	13030	1024	1
18218	13031	2816	5
18219	13031	4096	1
18220	13032	1792	6
18221	13032	8192	17
18222	13033	65536	1
18223	13034	4096	1
18224	13035	256	1
18225	13036	4096	1
18226	13037	256	1
18227	13037	128	1
18228	13038	1536	4
18229	13039	4096	1
18230	13040	256	1
18231	13041	1024	3
18232	13042	8192	1
18233	13043	512	1
18234	13044	4096	1
18235	13045	256	1
18236	13046	256	1
18237	13047	5120	3
18238	13048	256	1
18239	13048	512	2
18240	13048	256	1
18241	13049	256	1
18242	13050	8192	2
18243	13051	512	1
18244	13052	4096	1
18245	13053	4096	1
18246	13054	3584	6
18247	13055	4096	1
18248	13056	256	1
18249	13056	256	1
18250	13057	4096	1
18251	13058	512	2
18252	13059	256	1
18253	13060	256	1
18254	13061	4096	1
18255	13061	1024	4
18256	13062	4096	1
18257	13063	768	2
18258	13064	256	1
18259	13065	6656	6
18260	13065	768	3
18261	13066	256	1
18262	13067	1024	1
18263	13068	4096	1
18264	13069	512	1
18265	13069	256	1
18266	13070	256	1
18267	13071	512	1
18268	13072	8192	1
18269	13073	4096	1
18270	13074	256	1
18271	13075	1024	1
18272	13076	1280	2
18273	13077	256	1
18274	13078	1024	1
18275	13078	256	1
18276	13079	4096	1
18277	13080	512	1
18278	13081	8192	1
18279	13082	4096	1
18280	13083	256	1
18281	13084	256	1
18282	13085	4096	1
18283	13086	768	2
18284	13087	256	1
18285	13088	4096	1
18286	13089	256	1
18287	13090	4096	1
18288	13091	512	1
18289	13092	512	2
18290	13093	256	1
18291	13094	4096	1
18292	13095	4096	11
18293	13096	256	1
18294	13097	4096	1
18295	13098	512	1
18296	13099	256	1
18297	13101	4096	1
18298	13101	512	2
18299	13101	32	1
18300	13101	512	2
18301	13102	512	1
18302	13103	256	1
18303	13104	256	1
18304	13105	256	1
18305	13106	256	1
18306	13107	4096	1
18307	13107	2048	1
18308	13108	8448	6
18309	13108	5120	2
18310	13109	32000	14
18311	13109	768	3
18312	13110	256	1
18313	13111	512	1
18314	13112	512	1
18315	13113	1280	4
18316	13114	256	1
18317	13115	4096	1
18318	13116	512	1
18319	13116	256	1
18320	13117	256	1
18321	13118	8192	1
18322	13118	512	2
18323	13119	4096	1
18324	13120	8192	1
18325	13121	19968	15
18326	13122	8192	1
18327	13123	4096	1
18328	13124	256	1
18329	13125	8192	1
18330	13126	4608	4
18331	13127	8192	1
18332	13128	256	1
18333	13129	256	1
18334	13130	256	1
18335	13131	8448	2
18336	13132	512	1
18337	13133	256	1
18338	13134	4096	1
18339	13135	256	1
18340	13136	4096	1
18341	13137	2048	5
18342	13137	1024	4
18343	13138	8192	1
18344	13139	4096	1
18345	13140	1024	1
18346	13141	256	1
18347	13142	65536	1
18348	13143	512	2
18349	13144	256	1
18350	13145	1280	2
18351	13146	69888	3
18352	13147	256	1
18353	13148	256	1
18354	13149	256	1
18355	13150	512	2
18356	13151	512	1
18357	13152	256	1
18358	13153	8192	1
18359	13154	256	1
18360	13155	65536	1
18361	13155	4096	1
18362	13156	2048	1
18363	13157	4096	1
18364	13158	256	1
18365	13159	4096	1
18366	13160	256	1
18367	13161	1024	1
18368	13162	4096	1
18369	13163	8192	1
18370	13164	256	1
18371	13165	256	1
18372	13166	4608	2
18373	13167	4096	1
18374	13168	256	1
18375	13169	512	1
18376	13170	256	1
18377	13171	16384	1
18378	13172	1280	2
18379	13173	512	1
18380	13174	1280	5
18381	13175	256	1
18382	13176	4096	1
18383	13177	4096	1
18384	13178	4608	2
18385	13179	1024	1
18386	13180	256	1
18387	13181	3072	2
18388	13182	4352	2
18389	13182	512	1
18390	13183	4096	1
18391	13184	256	1
18392	13185	2048	1
18393	13186	2048	1
18394	13187	4096	1
18395	13188	4096	1
18396	13189	4096	1
18397	13190	4096	1
18398	13191	4096	1
18399	13192	1024	2
18400	13193	33024	4
18401	13194	256	1
18402	13195	4096	1
18403	13196	4096	1
18404	13197	256	1
18405	13198	4096	1
18406	13199	4096	1
18407	13200	256	1
18408	13201	33280	2
18409	13202	4096	1
18410	13203	256	1
18411	13204	4096	1
18412	13205	8192	1
18413	13206	4096	1
18414	13206	256	1
18415	13207	1792	3
18416	13207	512	2
18417	13208	256	1
18418	13209	4096	1
18419	13210	1024	1
18420	13211	4096	1
18421	13212	512	2
18422	13213	53248	4
18423	13214	5120	2
18424	13215	256	1
18425	13216	4096	1
18426	13218	256	1
18427	13219	256	1
18428	13220	256	1
18429	13221	512	1
18430	13222	512	2
18431	13223	8448	3
18432	13224	256	1
18433	13225	256	1
18434	13226	4096	1
18435	13227	1024	1
18436	13228	256	1
18437	13229	1024	1
18438	13230	4096	1
18439	13231	4096	1
18440	13231	512	2
18441	13232	1024	1
18442	13233	256	1
18443	13234	512	1
18444	13234	512	1
18445	13235	4096	1
18446	13236	256	1
18447	13237	256	1
18448	13237	256	1
18449	13238	256	1
18450	13239	256	1
18451	13240	4096	1
18452	13241	4096	1
18453	13242	4096	1
18454	13243	4096	1
18455	13244	1024	1
18456	13245	512	2
18457	13246	4096	1
18458	13247	256	1
18459	13248	768	3
18460	13249	4096	1
18461	13250	8192	2
18462	13251	256	1
18463	13252	4096	1
18464	13253	512	1
18465	13254	8448	5
18466	13255	8192	1
18467	13256	1024	1
18468	13257	256	1
18469	13258	1536	4
18470	13259	256	1
18471	13260	4096	1
18472	13261	4096	1
18473	13262	1024	1
18474	13263	256	1
18475	13264	4096	1
18476	13265	4096	1
18477	13266	1536	6
18478	13266	256	1
18479	13267	4096	1
18480	13268	1024	1
18481	13269	256	1
18482	13269	8192	1
18483	13270	4096	1
18484	13271	256	1
18485	13272	256	1
18486	13273	256	1
18487	13274	4096	1
18488	13275	512	1
18489	13276	16384	3
18490	13277	256	1
18491	13278	12800	4
18492	13279	2560	3
18493	13280	3584	14
18494	13281	4096	1
18495	13282	5632	7
18496	13283	256	1
18497	13284	256	1
18498	13285	256	1
18499	13286	1024	1
18500	13287	512	1
18501	13288	512	2
18502	13289	256	1
18503	13290	512	2
18504	13291	4096	1
18505	13292	4608	3
18506	13293	4864	4
18507	13294	512	1
18508	13295	256	1
18509	13296	4096	1
18510	13296	512	1
18511	13297	5632	4
18512	13297	256	1
18513	13298	4096	1
18514	13299	512	1
18515	13300	256	1
18516	13301	256	1
18517	13302	512	1
18518	13303	256	1
18519	13304	1024	1
18520	13305	1024	1
18521	13306	4096	1
18522	13307	4096	1
18523	13308	256	1
18524	13309	1024	1
18525	13310	4096	1
18526	13311	4096	1
18527	13312	512	2
18528	13313	1024	1
18529	13314	256	1
18530	13315	512	1
18531	13316	4096	1
18532	13317	4096	1
18533	13318	256	1
18534	13318	256	1
18535	13319	256	1
18536	13320	256	1
18537	13320	128	1
18538	13321	256	1
18539	13322	8192	1
18540	13323	768	3
18541	13324	256	1
18542	13325	256	1
18543	13326	4096	1
18544	13327	256	1
18545	13328	512	1
18546	13329	24064	5
18547	13330	256	1
18548	13331	65792	2
18549	13332	4096	1
18550	13333	1024	3
18551	13334	512	1
18552	13335	1024	2
18553	13336	4096	1
18554	13337	4096	1
18555	13337	2048	1
18556	13338	256	1
18557	13339	256	1
18558	13340	512	2
18559	13340	256	1
18560	13341	65792	2
18561	13342	4096	1
18562	13343	4096	1
18563	13344	256	1
18564	13345	4096	1
18565	13346	4096	1
18566	13347	256	1
18567	13348	5888	4
18568	13349	11264	3
18569	13350	256	1
18570	13351	65536	1
18571	13352	256	1
18572	13353	4096	1
18573	13354	4096	1
18574	13355	4096	1
18575	13356	1536	3
18576	13356	768	3
18577	13357	512	1
18578	13358	1024	1
18579	13359	4352	2
18580	13360	256	1
18581	13361	4352	2
18582	13362	4096	1
18583	13363	1024	1
18584	13364	4096	1
18585	13365	256	1
18586	13366	1024	1
18587	13367	256	1
18588	13368	256	1
18589	13369	256	1
18590	13370	256	1
18591	13370	256	1
18592	13371	4096	4
18593	13372	1024	4
18594	13373	4096	1
18595	13374	512	2
18596	13374	512	2
18597	13375	768	3
18598	13376	17152	18
18599	13376	2048	3
18600	13377	256	1
18601	13378	256	1
18602	13378	4352	2
18603	13379	4096	1
18604	13380	4096	1
18605	13380	1024	4
18606	13381	1024	1
18607	13382	1024	1
18608	13382	256	1
18609	13383	1024	1
18610	13384	4096	1
18611	13385	256	1
18612	13386	256	1
18613	13387	256	1
18614	13388	256	1
18615	13389	256	1
18616	13390	1024	1
18617	13391	256	1
18618	13392	1024	1
18619	13394	256	1
18620	13395	512	1
18621	13396	256	1
18622	13397	16384	1
18623	13398	256	1
18624	13399	256	1
18625	13400	256	1
18626	13401	512	1
18627	13402	2048	1
18628	13403	256	1
18629	13404	256	1
18630	13405	256	1
18631	13406	512	1
18632	13407	256	1
18633	13408	256	1
18634	13409	256	1
18635	13410	3072	2
18636	13411	256	1
18637	13412	512	2
18638	13413	4096	1
18639	13414	512	1
18640	13415	512	2
18641	13415	128	1
18642	13416	768	2
18643	13417	256	1
18644	13417	2048	8
18645	13418	8192	1
18646	13419	4096	1
18647	13420	256	1
18648	13421	2048	1
18649	13422	256	1
18650	13423	512	1
18651	13424	256	1
18652	13425	8192	1
18653	13426	7168	7
18654	13427	4096	1
18655	13428	512	1
18656	13429	4608	2
18657	13430	256	1
18658	13431	256	1
18659	13432	512	1
18660	13433	3584	3
18661	13434	512	1
18662	13435	256	1
18663	13436	512	1
18664	13437	3072	5
18665	13438	1024	1
18666	13439	512	2
18667	13439	256	1
18668	13440	16384	2
18669	13441	1024	1
18670	13442	512	1
18671	13443	256	1
18672	13444	256	1
18673	13445	4096	1
18674	13446	4096	1
18675	13447	65536	1
18676	13448	256	1
18677	13449	256	1
18678	13450	256	1
18679	13451	4096	1
18680	13452	512	1
18681	13453	2048	1
18682	13454	8192	1
18683	13455	8192	1
18684	13456	256	1
18685	13457	2048	8
18686	13458	256	1
18687	13459	8192	1
18688	13460	512	1
18689	13461	256	1
18690	13462	512	2
18691	13463	256	1
18692	13464	8192	1
18693	13465	1024	1
18694	13466	512	1
18695	13467	256	1
18696	13468	65536	1
18697	13469	1024	4
18698	13470	4096	1
18699	13471	256	1
18700	13472	1024	1
18701	13473	65792	2
18702	13473	1792	7
18703	13473	512	1
18704	13474	4096	1
18705	13475	256	1
18706	13476	512	1
18707	13477	61440	18
18708	13478	4096	1
18709	13479	256	1
18710	13480	512	1
18711	13481	4096	1
18712	13482	5376	6
18713	13483	1024	1
18714	13484	256	1
18715	13485	2048	2
18716	13486	33024	5
18717	13487	4096	1
18718	13488	256	1
18719	13489	1792	4
18720	13490	512	1
18721	13491	1024	1
18722	13492	256	1
18723	13493	65536	1
18724	13494	8192	1
18725	13495	1024	1
18726	13496	1024	1
18727	13497	8192	1
18728	13498	4096	1
18729	13499	256	1
18730	13500	4096	1
18731	13501	2048	3
18732	13501	1536	3
18733	13502	256	1
18734	13502	32	1
18735	13502	64	2
18736	13503	256	1
18737	13504	256	1
18738	13505	256	1
18739	13506	1024	1
18740	13507	256	1
18741	13508	1024	1
18742	13509	256	1
18743	13510	5376	5
18744	13511	1024	1
18745	13512	512	1
18746	13513	4096	1
18747	13514	256	1
18748	13515	4096	1
18749	13516	256	1
18750	13517	2048	1
18751	13518	4096	1
18752	13519	1024	1
18753	13520	8192	1
18754	13521	256	1
18755	13522	512	2
18756	13523	1024	1
18757	13524	256	1
18758	13525	512	1
18759	13526	256	1
18760	13527	256	1
18761	13528	4096	3
18762	13529	768	2
18763	13530	4096	1
18764	13531	2048	1
18765	13532	256	1
18766	13533	256	1
18767	13534	4096	1
18768	13535	1024	1
18769	13536	256	1
18770	13537	512	1
18771	13538	4096	1
18772	13539	8192	1
18773	13540	8192	1
18774	13541	8192	1
18775	13542	256	1
18776	13543	256	1
18777	13544	4096	1
18778	13545	256	1
18779	13546	512	1
18780	13547	4096	1
18781	13548	256	1
18782	13549	256	1
18783	13550	1024	1
18784	13551	512	1
18785	13552	512	1
18786	13553	256	1
18787	13554	256	1
18788	13555	256	1
18789	13556	256	1
18790	13557	512	1
18791	13558	8192	1
18792	13559	256	1
18793	13560	512	1
18794	13561	4096	1
18795	13562	256	1
18796	13563	4096	1
18797	13564	256	1
18798	13565	512	2
18799	13566	256	1
18800	13567	8192	1
18801	13567	4096	1
18802	13568	256	1
18803	13569	1024	1
18804	13570	2048	1
18805	13571	1024	1
18806	13572	512	1
18807	13573	1024	1
18808	13574	4096	1
18809	13575	512	1
18810	13576	1024	3
18811	13577	8192	1
18812	13578	1024	4
18813	13579	256	1
18814	13580	4352	2
18815	13581	768	2
18816	13582	8192	1
18817	13583	256	1
18818	13584	4096	1
18819	13585	256	1
18820	13586	512	1
18821	13587	4096	1
18822	13588	1024	1
18823	13589	8192	1
18824	13590	768	3
18825	13591	256	1
18826	13592	512	1
18827	13593	512	1
18828	13594	8192	1
18829	13595	512	1
18830	13596	8192	1
18831	13597	8192	1
18832	13598	256	1
18833	13599	1024	4
18834	13600	256	1
18835	13601	512	1
18836	13602	512	2
18837	13603	2048	1
18838	13604	8704	3
18839	13605	512	2
18840	13605	256	1
18841	13606	4096	1
18842	13607	1024	1
18843	13608	256	1
18844	13609	1536	2
18845	13610	256	1
18846	13611	1024	1
18847	13612	8192	1
18848	13613	256	1
18849	13614	512	2
18850	13615	256	1
18851	13616	4096	1
18852	13617	512	1
18853	13618	4096	1
18854	13619	4096	1
18855	13620	256	1
18856	13620	256	1
18857	13621	512	1
18858	13621	2048	1
18859	13622	512	1
18860	13623	256	1
18861	13624	512	1
18862	13625	8192	1
18863	13626	4096	1
18864	13627	256	1
18865	13628	4352	2
18866	13629	256	1
18867	13630	256	1
18868	13631	256	3
18869	13631	256	1
18870	13632	8192	1
18871	13633	4096	1
18872	13634	8192	1
18873	13635	256	1
18874	13636	16384	1
18875	13637	1024	1
18876	13638	8192	1
18877	13639	256	1
18878	13640	256	1
18879	13640	256	1
18880	13640	1024	4
18881	13641	2048	1
18882	13642	4096	1
18883	13643	256	1
18884	13644	512	1
18885	13645	4096	1
18886	13646	4096	1
18887	13647	32768	1
18888	13648	512	1
18889	13649	768	3
18890	13650	1024	1
18891	13651	4096	1
18892	13652	256	1
18893	13653	256	1
18894	13654	512	1
18895	13655	2048	1
18896	13656	1024	1
18897	13657	256	1
18898	13658	8192	1
18899	13659	256	1
18900	13660	4096	1
18901	13661	8192	1
18902	13662	8192	1
18903	13663	4096	1
18904	13664	1024	1
18905	13665	256	1
18906	13666	4096	1
18907	13667	4096	1
18908	13668	4096	1
18909	13670	512	2
18910	13671	4096	1
18911	13673	1024	1
18912	13674	1536	6
18913	13675	256	1
18914	13676	4352	2
18915	13677	256	1
18916	13678	1024	1
18917	13679	256	1
18918	13680	256	1
18919	13681	256	1
18920	13682	256	1
18921	13683	256	1
18922	13684	256	1
18923	13685	768	3
18924	13686	512	2
18925	13687	256	1
18926	13688	4608	3
18927	13688	1536	6
18928	13688	2048	8
18929	13689	256	1
18930	13689	1024	4
18931	13690	65536	1
18932	13691	512	2
18933	13692	256	1
18934	13693	2048	8
18935	13694	256	1
18936	13695	256	1
18937	13695	256	1
18938	13697	512	1
18939	13698	256	1
18940	13699	8192	2
18941	13699	4352	17
18942	13699	256	1
18943	13699	2304	9
18944	13700	256	1
18945	13701	256	1
18946	13702	768	2
18947	13703	10240	25
18948	13703	256	1
18949	13704	256	1
18950	13704	256	1
18951	13705	256	1
18952	13707	8192	2
18953	13708	256	1
18954	13709	65536	4
18955	13710	19712	24
18956	13711	4096	1
18957	13712	256	1
18958	13713	65792	2
18959	13714	512	2
18960	13715	768	3
18961	13716	256	1
18962	13717	1024	2
18963	13718	256	1
18964	13719	1280	2
18965	13720	256	1
18966	13721	2048	1
18967	13722	256	1
18968	13723	256	1
18969	13725	4352	8
18970	13726	512	2
18971	13727	256	1
18972	13728	256	1
18973	13728	256	1
18974	13729	3328	3
18975	13730	512	2
18976	13731	256	1
18977	13732	65536	1
18978	13733	10752	8
18979	13734	5888	5
18980	13735	256	1
18981	13736	256	1
18982	13737	256	1
18983	13738	256	1
18984	13739	256	1
18985	13740	256	1
18986	13740	256	1
18987	13741	256	1
18988	13742	256	1
18989	13743	512	2
18990	13743	1024	4
18991	13743	256	1
18992	13744	256	1
18993	13745	256	1
18994	13746	512	1
18995	13746	1024	1
18996	13747	256	1
18997	13748	2048	1
18998	13749	256	1
18999	13750	256	1
19000	13751	256	1
19001	13751	256	1
19002	13753	1024	4
19003	13753	256	1
19004	13754	5120	2
19005	13755	512	2
19006	13756	16640	2
19007	13756	4096	1
19008	13757	1280	3
19009	13758	256	1
19010	13759	256	1
19011	13760	2048	4
19012	13761	1024	4
19013	13762	256	1
19014	13763	3328	5
19015	13764	8192	1
19016	13765	256	1
19017	13766	2304	3
19018	13767	512	2
19019	13768	256	1
19020	13769	256	1
19021	13770	2048	1
19022	13771	512	1
19023	13772	2048	2
19024	13772	512	2
19025	13773	256	1
19026	13774	256	1
19027	13775	512	1
19028	13776	768	3
19029	13777	256	1
19030	13777	512	2
19031	13778	65536	1
19032	13779	1280	2
19033	13780	256	1
19034	13781	256	1
19035	13782	4608	3
19036	13783	512	2
19037	13783	256	1
19038	13784	256	1
19039	13785	256	1
19040	13786	256	1
19041	13787	256	1
19042	13788	768	3
19043	13789	512	2
19044	13789	512	2
19045	13790	2048	8
19046	13790	1280	4
19047	13791	8704	13
19048	13792	768	3
19049	13792	256	1
19050	13793	256	1
19051	13793	512	2
19052	13794	2048	1
19053	13794	2048	1
19054	13794	2048	1
19055	13795	1024	1
19056	13796	1024	4
19057	13797	768	3
19058	13798	8192	1
19059	13799	512	2
19060	13799	256	1
19061	13800	256	1
19062	13801	512	2
19063	13802	256	1
19064	13803	8192	1
19065	13804	768	3
19066	13805	512	2
19067	13806	1024	1
19068	13807	512	1
19069	13807	1280	5
19070	13808	256	1
19071	13808	256	1
19072	13809	512	2
19073	13810	256	1
19074	13811	1024	3
19075	13812	256	1
19076	13813	512	2
19077	13814	256	1
19078	13814	1024	4
19079	13815	1024	1
19080	13816	128	1
19081	13816	128	1
19082	13817	256	1
19083	13817	1024	1
19084	13818	4608	2
19085	13819	256	1
19086	13820	256	1
19087	13821	1024	4
19088	13822	256	1
19089	13823	256	1
19090	13823	256	1
19091	13824	256	1
19092	13824	256	1
19093	13825	512	2
19094	13826	768	3
19095	13826	256	1
19096	13826	256	1
19097	13827	512	1
19098	13828	256	1
19099	13829	256	1
19100	13830	256	1
19101	13831	256	1
19102	13832	256	1
19103	13833	256	1
19104	13834	4352	2
19105	13835	512	2
19106	13836	512	2
19107	13837	3584	3
19108	13838	256	1
19109	13839	2560	4
19110	13840	1024	2
19111	13840	512	2
19112	13841	256	1
19113	13842	256	1
19114	13842	256	1
19115	13843	256	1
19116	13843	256	1
19117	13844	256	1
19118	13845	256	1
19119	13846	256	1
19120	13847	65536	1
19121	13848	2304	3
19122	13849	16384	1
19123	13850	256	1
19124	13851	256	1
19125	13852	256	1
19126	13853	256	1
19127	13854	256	1
19128	13855	256	1
19129	13856	512	2
19130	13857	256	1
19131	13858	65536	1
19132	13858	256	1
19133	13858	64	1
19134	13860	256	1
19135	13861	256	1
19136	13862	512	2
19137	13863	8192	1
19138	13864	8192	1
19139	13865	256	1
19140	13866	256	1
19141	13867	512	2
19142	13868	512	2
19143	13869	256	1
19144	13870	1536	4
19145	13871	512	2
19146	13873	4096	1
19147	13873	256	1
19148	13874	256	1
19149	13875	256	1
19150	13876	256	1
19151	13877	256	1
19152	13877	256	1
19153	13878	256	1
19154	13879	256	1
19155	13880	512	2
19156	13881	256	1
19157	13882	768	2
19158	13883	256	1
19159	13884	256	1
19160	13885	256	1
19161	13886	512	2
19162	13887	256	1
19163	13888	256	1
19164	13888	256	1
19165	13889	256	1
19166	13890	6400	10
19167	13891	256	1
19168	13892	512	2
19169	13893	256	1
19170	13894	1024	2
19171	13895	2048	1
19172	13896	1280	4
19173	13897	1024	1
19174	13897	8192	1
19175	13897	768	3
19176	13898	512	2
19177	13898	256	1
19178	13899	256	1
19179	13900	3584	3
19180	13900	512	1
19181	13901	768	3
19182	13902	256	1
19183	13903	256	1
19184	13904	512	2
19185	13906	256	1
19186	13907	256	1
19187	13908	256	1
19188	13909	256	1
19189	13910	3840	5
19190	13911	256	1
19191	13912	5888	5
19192	13913	256	1
19193	13913	256	1
19194	13914	1536	3
19195	13915	256	1
19196	13916	256	1
19197	13917	512	2
19198	13918	256	1
19199	13918	256	1
19200	13919	2304	9
19201	13919	512	2
19202	13920	4096	1
19203	13921	1024	4
19204	13922	256	1
19205	13922	256	1
19206	13923	512	1
19207	13923	256	1
19208	13924	256	1
19209	13924	512	2
19210	13925	512	2
19211	13925	512	1
19212	13926	512	2
19213	13927	256	1
19214	13928	1024	4
19215	13929	2560	2
19216	13929	6656	3
19217	13930	256	1
19218	13931	256	1
19219	13932	256	1
19220	13933	512	2
19221	13934	256	1
19222	13935	256	1
19223	13936	768	3
19224	13937	256	1
19225	13938	256	1
19226	13939	5888	5
19227	13940	9216	5
19228	13941	512	2
19229	13942	256	1
19230	13942	1024	4
19231	13943	256	1
19232	13944	4096	1
19233	13945	256	1
19234	13946	256	1
19235	13946	256	1
19236	13947	4608	2
19237	13949	4096	1
19238	13950	65536	1
19239	13951	512	2
19240	13952	7168	6
19241	13953	1280	5
19242	13953	512	1
19243	13954	512	2
19244	13954	10240	3
19245	13955	4096	1
19246	13955	768	3
19247	13956	256	1
19248	13957	256	1
19249	13958	512	2
19250	13959	512	2
19251	13960	4352	2
19252	13961	256	1
19253	13962	256	1
19254	13963	256	1
19255	13964	512	2
19256	13965	512	2
19257	13966	256	1
19258	13967	768	3
19259	13968	3072	2
19260	13968	12800	3
19261	13969	512	2
19262	13970	66560	5
19263	13971	256	1
19264	13972	1024	4
19265	13973	256	1
19266	13974	512	2
19267	13975	512	1
19268	13976	768	3
19269	13977	2048	1
19270	13978	256	1
19271	13979	256	1
19272	13980	256	1
19273	13981	256	1
19274	13982	256	1
19275	13983	256	1
19276	13984	256	1
19277	13985	256	1
19278	13986	256	1
19279	13987	256	1
19280	13988	256	1
19281	13989	256	1
19282	13990	256	1
19283	13991	256	1
19284	13991	256	1
19285	13992	256	1
19286	13993	256	1
19287	13994	1024	4
19288	13995	256	1
19289	13996	256	1
19290	13997	65792	2
19291	13997	512	2
19292	13997	256	1
19293	13998	256	1
19294	13999	512	2
19295	14000	256	1
19296	14001	256	1
19297	14002	256	1
19298	14003	4096	1
19299	14004	256	1
19300	14005	256	1
19301	14006	65536	1
19302	14007	256	1
19303	14008	256	1
19304	14009	256	1
19305	14009	512	2
19306	14009	256	1
19307	14010	1792	6
19308	14011	256	1
19309	14012	256	1
19310	14013	65536	1
19311	14014	66048	3
19312	14014	256	1
19313	14015	256	1
19314	14016	1024	1
19315	14017	256	1
19316	14018	8192	1
19317	14019	256	1
19318	14020	256	1
19319	14021	256	1
19320	14022	8192	3
19321	14023	256	1
19322	14024	16384	1
19323	14025	256	1
19324	14025	256	1
19325	14026	256	1
19326	14027	64	1
19327	14027	256	1
19328	14028	256	1
19329	14029	512	2
19330	14030	256	1
19331	14030	256	1
19332	14031	256	1
19333	14032	1792	4
19334	14032	256	1
19335	14033	2304	6
19336	14034	256	1
19337	14035	4608	3
19338	14036	256	1
19339	14037	256	1
19340	14038	768	3
19341	14039	4096	1
19342	14040	13312	6
19343	14041	256	1
19344	14042	256	1
19345	14043	1024	1
19346	14044	512	2
19347	14045	256	1
19348	14046	256	1
19349	14047	512	2
19350	14048	4096	1
19351	14049	2048	1
19352	14049	4096	1
19353	14050	4096	1
19354	14051	512	2
19355	14052	512	2
19356	14053	256	1
19357	14054	768	2
19358	14054	256	1
19359	14055	256	1
19360	14056	4608	5
19361	14057	512	2
19362	14058	256	1
19363	14059	16384	1
19364	14060	2304	9
19365	14061	768	3
19366	14062	512	2
19367	14063	512	2
19368	14064	256	1
19369	14065	512	2
19370	14066	256	1
19371	14067	1280	2
19372	14068	256	1
19373	14069	512	2
19374	14070	256	1
19375	14071	256	1
19376	14072	256	1
19377	14073	256	1
19378	14074	256	1
19379	14075	256	1
19380	14076	2560	5
19381	14076	2048	1
19382	14077	512	2
19383	14078	256	1
19384	14079	512	1
19385	14080	512	2
19386	14081	256	1
19387	14083	65536	1
19388	14084	512	2
19389	14085	256	1
19390	14086	768	3
19391	14087	256	1
19392	14088	256	1
19393	14089	768	3
19394	14090	256	1
19395	14091	256	1
19396	14092	256	1
19397	14093	512	2
19398	14094	256	1
19399	14095	256	1
19400	14095	256	1
19401	14096	65536	1
19402	14096	65536	4
19403	14097	512	2
19404	14098	256	1
19405	14099	256	1
19406	14100	256	1
19407	14101	256	1
19408	14102	256	1
19409	14103	256	1
19410	14104	256	1
19411	14105	4096	1
19412	14106	256	1
19413	14107	256	1
19414	14107	256	1
19415	14108	256	1
19416	14109	1280	2
19417	14110	256	1
19418	14111	256	1
19419	14112	256	1
19420	14113	256	1
19421	14114	256	1
19422	14115	4864	4
19423	14116	256	1
19424	14117	4352	2
19425	14118	4096	2
19426	14118	2048	1
19427	14119	16128	7
19428	14120	256	1
19429	14120	512	2
19430	14121	256	1
19431	14122	2048	1
19432	14123	1024	3
19433	14123	4864	4
19434	14123	4864	5
19435	14124	256	1
19436	14125	512	2
19437	14126	4096	1
19438	14126	512	1
19439	14127	29184	5
19440	14128	2048	1
19441	14128	2048	1
19442	14129	768	3
19443	14130	4096	1
19444	14131	256	1
19445	14132	256	1
19446	14132	512	2
19447	14133	256	1
19448	14134	5120	5
19449	14135	65536	1
19450	14136	512	1
19451	14136	256	1
19452	14137	256	1
19453	14137	256	1
19454	14138	512	2
19455	14139	512	2
19456	14140	256	1
19457	14141	256	1
19458	14142	512	2
19459	14143	256	1
19460	14143	256	1
19461	14144	6656	4
19462	14145	1536	3
19463	14145	256	1
19464	14145	1024	1
19465	14146	1024	4
19466	14147	256	1
19467	14148	2048	1
19468	14148	1024	4
19469	14149	256	1
19470	14150	256	1
19471	14151	1536	3
19472	14152	256	1
19473	14153	13568	20
19474	14154	256	1
19475	14154	256	1
19476	14155	512	2
19477	14156	768	2
19478	14157	256	1
19479	14157	256	1
19480	14158	256	1
19481	14159	256	1
19482	14159	256	1
19483	14160	256	1
19484	14161	256	1
19485	14162	1024	1
19486	14163	512	1
19487	14164	256	1
19488	14165	8192	2
19489	14166	4096	1
19490	14167	256	1
19491	14168	256	1
19492	14168	1280	3
19493	14169	4608	7
19494	14170	256	1
19495	14171	8192	1
19496	14171	4096	2
19497	14171	2560	2
19498	14172	8192	32
19499	14173	256	1
19500	14174	256	1
19501	14175	71680	4
19502	14176	512	2
19503	14177	1536	6
19504	14178	256	1
19505	14179	256	1
19506	14179	256	1
19507	14180	65536	1
19508	14181	512	2
19509	14182	16	1
19510	14182	256	1
19511	14183	768	3
19512	14184	128	1
19513	14185	2304	2
19514	14185	65536	1
19515	14186	256	1
19516	14187	512	1
19517	14188	512	2
19518	14188	64	1
19519	14189	4096	1
19520	14190	256	1
19521	14190	768	3
19522	14191	256	1
19523	14192	65280	20
19524	14193	512	2
19525	14194	256	1
19526	14195	256	1
19527	14196	256	1
19528	14197	512	2
19529	14198	8192	1
19530	14199	256	1
19531	14200	256	1
19532	14202	2048	1
19533	14203	65536	1
19534	14204	2304	2
19535	14205	512	2
19536	14206	3328	3
19537	14206	1024	1
19538	14207	512	2
19539	14208	256	1
19540	14209	1536	2
19541	14210	8448	4
19542	14211	4608	2
19543	14212	512	2
19544	14213	256	1
19545	14214	256	1
19546	14216	1536	2
19547	14217	256	1
19548	14218	256	1
19549	14219	512	2
19550	14220	1536	3
19551	14221	1792	3
19552	14222	256	1
19553	14223	256	1
19554	14224	256	1
19555	14225	256	1
19556	14226	256	1
19557	14227	256	1
19558	14228	512	2
19559	14230	1536	4
19560	14231	256	1
19561	14232	256	1
19562	14233	256	1
19563	14234	512	2
19564	14235	256	1
19565	14236	256	1
19566	14236	256	1
19567	14237	256	1
19568	14238	1024	4
19569	14239	1280	2
19570	14240	256	1
19571	14241	256	1
19572	14242	1024	3
19573	14242	256	1
19574	14242	512	2
19575	14243	256	1
19576	14243	256	1
19577	14244	256	1
19578	14245	256	1
19579	14246	256	1
19580	14247	256	1
19581	14248	3584	3
19582	14249	256	1
19583	14250	256	1
19584	14251	1280	2
19585	14251	2048	2
19586	14252	1024	3
19587	14253	512	2
19588	14254	2048	1
19589	14255	512	2
19590	14256	512	2
19591	14257	768	2
19592	14257	5120	4
19593	14258	256	1
19594	14259	256	1
19595	14260	256	1
19596	14261	512	2
19597	14262	256	1
19598	14263	1024	4
19599	14264	1792	5
19600	14264	64	1
19601	14265	256	1
19602	14265	256	1
19603	14266	1024	1
19604	14266	1792	4
19605	14267	1024	3
19606	14267	256	1
19607	14269	512	1
19608	14270	256	1
19609	14271	512	2
19610	14272	256	1
19611	14273	256	1
19612	14274	512	2
19613	14275	256	1
19614	14276	256	1
19615	14277	256	1
19616	14278	256	1
19617	14279	256	1
19618	14280	256	1
19619	14281	2816	10
19620	14282	2048	8
19621	14283	6400	9
19622	14284	256	1
19623	14285	256	1
19624	14285	65792	2
19625	14286	256	1
19626	14287	256	1
19627	14288	256	1
19628	14289	256	1
19629	14290	512	2
19630	14291	256	1
19631	14292	65536	1
19632	14293	256	1
19633	14294	256	1
19634	14295	1024	4
19635	14295	1024	1
19636	14296	256	1
19637	14297	256	1
19638	14298	2048	2
19639	14298	1024	1
19640	14299	768	3
19641	14300	256	1
19642	14301	256	1
19643	14302	256	1
19644	14303	4096	1
19645	14304	768	3
19646	14305	256	1
19647	14306	256	1
19648	14307	8192	1
19649	14308	65536	1
19650	14309	512	2
19651	14310	65536	1
19652	14310	49152	2
19653	14310	4096	1
19654	14311	256	1
19655	14312	768	3
19656	14313	512	2
19657	14314	256	1
19658	14316	256	1
19659	14317	256	1
19660	14318	1024	1
19661	14319	1280	2
19662	14320	512	2
19663	14321	256	1
19664	14321	256	1
19665	14322	256	1
19666	14324	256	1
19667	14325	256	1
19668	14325	256	1
19669	14326	256	1
19670	14327	512	2
19671	14328	256	1
19672	14329	256	1
19673	14330	2048	1
19674	14331	768	2
19675	14332	256	1
19676	14332	256	1
19677	14333	2560	4
19678	14333	256	1
19679	14334	6144	4
19680	14335	1024	4
19681	14336	512	2
19682	14337	256	1
19683	14338	512	2
19684	14339	2048	2
19685	14340	512	2
19686	14341	256	1
19687	14342	512	1
19688	14343	256	1
19689	14344	256	1
19690	14345	256	1
19691	14348	1024	3
19692	14348	768	2
19693	14349	256	1
19694	14350	8192	1
19695	14351	256	1
19696	14352	256	1
19697	14353	256	1
19698	14354	256	1
19699	14354	256	1
19700	14355	65536	1
19701	14356	256	1
19702	14357	256	1
19703	14358	2048	1
19704	14358	66048	3
19705	14359	256	1
19706	14360	65536	1
19707	14361	256	1
19708	14362	256	1
19709	14363	65536	1
19710	14364	256	1
19711	14365	256	1
19712	14366	256	1
19713	14367	1024	3
19714	14368	4096	1
19715	14369	768	3
19716	14370	256	1
19717	14371	256	1
19718	14372	1792	3
19719	14373	256	1
19720	14374	256	1
19721	14374	256	1
19722	14375	256	1
19723	14376	256	1
19724	14377	1024	4
19725	14377	256	1
19726	14378	256	1
19727	14379	768	3
19728	14380	256	1
19729	14381	1280	4
19730	14382	4096	1
19731	14383	512	2
19732	14384	512	2
19733	14384	1280	5
19734	14385	1280	5
19735	14386	512	2
19736	14386	512	2
19737	14386	1024	4
19738	14387	4096	1
19739	14388	4096	1
19740	14389	256	1
19741	14390	4096	1
19742	14391	1280	4
19743	14391	1024	3
19744	14392	4096	1
19745	14393	1280	5
19746	14394	4608	3
19747	14395	65536	1
19748	14395	256	1
19749	14396	512	2
19750	14397	512	1
19751	14397	512	1
19752	14397	4096	1
19753	14398	20480	3
19754	14399	4096	1
19755	14400	256	1
19756	14401	256	1
19757	14402	512	2
19758	14403	256	1
19759	14404	5888	4
19760	14404	256	1
19761	14405	256	1
19762	14406	256	1
19763	14406	2560	9
19764	14407	256	1
19765	14408	512	1
19766	14409	256	1
19767	14409	65792	2
19768	14410	256	1
19769	14410	256	1
19770	14411	256	1
19771	14412	512	2
19772	14413	65792	2
19773	14415	256	1
19774	14416	256	1
19775	14417	256	1
19776	14417	256	1
19777	14417	256	1
19778	14418	256	1
19779	14419	256	1
19780	14420	256	1
19781	14421	256	1
19782	14422	1536	5
19783	14423	256	1
19784	14424	512	2
19785	14425	256	1
19786	14426	256	1
19787	14427	768	2
19788	14428	256	1
19789	14429	1024	1
19790	14430	5632	6
19791	14430	4608	4
19792	14431	256	1
19793	14432	768	3
19794	14433	256	1
19795	14434	512	2
19796	14435	256	1
19797	14436	14592	9
19798	14437	1792	3
19799	14438	256	1
19800	14439	256	1
19801	14439	768	3
19802	14440	256	1
19803	14440	512	2
19804	14441	256	1
19805	14442	256	1
19806	14444	512	1
19807	14444	256	1
19808	14446	512	2
19809	14447	512	2
19810	14448	2048	1
19811	14449	63744	11
19812	14450	256	1
19813	14450	256	1
19814	14452	256	1
19815	14453	256	1
19816	14454	256	1
19817	14455	256	1
19818	14456	256	1
19819	14457	256	1
19820	14458	256	1
19821	14459	256	1
19822	14460	256	1
19823	14461	1024	3
19824	14462	256	1
19825	14462	256	1
19826	14463	768	3
19827	14463	256	1
19828	14463	256	1
19829	14464	256	1
19830	14465	256	1
19831	14466	512	2
19832	14467	256	1
19833	14468	256	1
19834	14469	512	2
19835	14470	1024	4
19836	14471	256	1
19837	14471	256	1
19838	14472	1280	5
19839	14473	8192	1
19840	14474	256	1
19841	14474	512	2
19842	14475	256	1
19843	14475	256	1
19844	14476	512	2
19845	14477	8192	1
19846	14478	256	1
19847	14479	256	1
19848	14480	256	1
19849	14481	2048	2
19850	14482	256	1
19851	14483	4096	1
19852	14484	256	1
19853	14485	256	1
19854	14486	256	1
19855	14486	256	1
19856	14487	256	1
19857	14488	256	1
19858	14489	256	1
19859	14490	1024	4
19860	14491	256	1
19861	14492	256	1
19862	14493	1024	1
19863	14494	256	1
19864	14495	256	1
19865	14496	7936	9
19866	14497	1280	2
19867	14497	768	3
19868	14498	2048	1
19869	14499	5376	7
19870	14499	8192	1
19871	14500	2048	7
19872	14501	2304	5
19873	14503	256	1
19874	14504	256	1
19875	14504	256	1
19876	14505	256	1
19877	14505	256	1
19878	14506	512	2
19879	14507	4608	8
19880	14508	256	1
19881	14508	256	1
19882	14509	20	2
19883	14509	512	2
19884	14510	256	1
19885	14511	4352	6
19886	14511	2048	8
19887	14512	256	1
19888	14513	3584	14
19889	14514	512	2
19890	14515	256	1
19891	14516	512	1
19892	14517	65536	1
19893	14518	4096	1
19894	14519	256	1
19895	14520	256	1
19896	14520	256	1
19897	14521	256	1
19898	14521	768	3
19899	14523	8448	4
19900	14524	256	1
19901	14525	256	1
19902	14526	256	1
19903	14527	512	2
19904	14528	512	1
19905	14529	4096	2
19906	14530	256	1
19907	14531	256	1
19908	14532	256	1
19909	14533	256	1
19910	14534	256	1
19911	14535	256	1
19912	14536	512	2
19913	14537	256	1
19914	14538	142336	10
19915	14539	2048	1
19916	14540	256	1
19917	14541	1536	6
19918	14542	4096	1
19919	14543	1024	4
19920	14544	256	1
19921	14545	256	1
19922	14546	512	2
19923	14547	9216	4
19924	14547	256	1
19925	14548	256	1
19926	14549	256	1
19927	14549	256	1
19928	14550	256	1
19929	14551	256	1
19930	14552	512	1
19931	14553	512	2
19932	14554	256	1
19933	14554	256	1
19934	14555	1536	4
19935	14556	512	2
19936	14557	1536	3
19937	14557	512	2
19938	14558	512	1
19939	14559	4096	1
19940	14560	4352	2
19941	14560	256	1
19942	14561	256	1
19943	14562	768	3
19944	14563	256	1
19945	14563	256	1
19946	14564	256	1
19947	14564	512	2
19948	14565	256	1
19949	14566	256	1
19950	14567	4864	6
19951	14568	512	1
19952	14569	512	2
19953	14570	256	1
19954	14570	512	2
19955	14571	66304	4
19956	14572	512	2
19957	14573	512	2
19958	14574	1024	4
19959	14575	2816	5
19960	14578	256	1
19961	14579	2560	3
19962	14579	2304	9
19963	14580	8192	1
19964	14581	256	1
19965	14582	256	1
19966	14583	256	1
19967	14584	256	1
19968	14585	1792	3
19969	14585	1024	2
19970	14586	1536	5
19971	14587	4096	2
19972	14588	65536	1
19973	14588	256	1
19974	14589	6144	2
19975	14589	256	1
19976	14589	4096	1
19977	14590	256	1
19978	14591	256	1
19979	14591	256	1
19980	14592	2304	4
19981	14593	1024	4
19982	14594	5120	11
19983	14594	32	1
19984	14595	1024	1
19985	14597	256	1
19986	14598	4608	3
19987	14599	512	2
19988	14600	512	2
19989	14601	256	1
19990	14603	256	1
19991	14604	256	1
19992	14605	256	1
19993	14606	256	1
19994	14607	256	1
19995	14608	4096	1
19996	14609	1024	1
19997	14610	4096	1
19998	14611	4096	1
19999	14612	8192	1
20000	14613	8192	1
20001	14614	4096	1
20002	14615	8192	1
20003	14616	8192	1
20004	14617	8192	1
20005	14618	4096	1
20006	14619	32768	1
20007	14620	4096	1
20008	14621	4096	1
20009	14622	4096	1
20010	14623	4096	1
20011	14624	4096	1
20012	14625	4096	1
20013	14626	512	1
20014	14627	2048	1
20015	14628	1024	1
20016	14629	512	1
20017	14630	256	1
20018	14631	256	1
20019	14632	512	1
20020	14633	4096	1
20021	14634	4096	1
20022	14635	2048	1
20023	14636	8192	1
20024	14637	4096	1
20025	14638	8192	1
20026	14639	8192	1
20027	14640	16384	1
20028	14641	4096	1
20029	14642	4096	1
20030	14643	512	1
20031	14644	8192	1
20032	14645	4096	1
20033	14646	1024	1
20034	14647	512	1
20035	14648	2048	1
20036	14649	2048	1
20037	14650	8192	1
20038	14651	8192	1
20039	14652	8192	1
20040	14653	4096	1
20041	14654	32768	1
20042	14655	2048	1
20043	14656	256	1
20044	14657	65536	1
20045	14658	8192	1
20046	14659	2048	1
20047	14660	16384	1
20048	14661	8192	1
20049	14662	256	1
20050	14663	256	1
20051	14664	256	1
20052	14665	1024	1
20053	14666	256	1
20054	14667	256	1
20055	14668	256	1
20056	14669	256	1
20057	14670	256	1
20058	14671	256	1
20059	14672	256	1
20060	14673	256	1
20061	14674	256	1
20062	14675	256	1
20063	14676	256	1
20064	14677	256	1
20065	14678	256	1
20066	14679	256	1
20067	14680	256	1
20068	14681	256	1
20069	14682	256	1
20070	14683	256	1
20071	14684	256	1
20072	14685	1024	1
20073	14686	256	1
20074	14687	256	1
20075	14688	256	1
20076	14689	256	1
20077	14690	256	1
20078	14691	256	1
20079	14692	2048	1
20080	14693	256	1
20081	14694	4096	1
20082	14695	512	1
20083	14696	4096	1
20084	14697	16384	1
20085	14698	4096	1
20086	14699	2048	1
20087	14700	512	1
20088	14701	2048	1
20089	14702	512	1
20090	14703	512	1
20091	14704	256	1
20092	14705	4096	1
20093	14706	8192	1
20094	14707	256	1
20095	14708	256	1
20096	14709	256	1
20097	14710	256	1
20098	14711	512	1
20099	14712	8192	1
20100	14713	4096	1
20101	14714	4096	1
20102	14715	8192	1
20103	14716	8192	1
20104	14717	8192	1
20105	14718	8192	1
20106	14719	4096	1
20107	14720	4096	1
20108	14721	4096	1
20109	14722	512	1
20110	14723	2048	1
20111	14724	1024	1
20112	14725	2048	1
20113	14726	256	1
20114	14727	2048	1
20115	14728	256	1
20116	14729	65536	1
20117	14730	256	1
20118	14731	256	1
20119	14732	256	1
20120	14733	256	1
20121	14734	256	1
20122	14735	256	1
20123	14736	256	1
20124	14737	512	1
20125	14738	256	1
20126	14739	256	1
20127	14740	256	1
20128	14741	256	1
20129	14742	256	1
20130	14743	256	1
20131	14744	256	1
20132	14745	256	1
20133	14746	256	1
20134	14747	1024	1
20135	14748	256	1
20136	14749	256	1
20137	14750	256	1
20138	14751	512	1
20139	14752	512	1
20140	14753	256	1
20141	14754	256	1
20142	14755	256	1
20143	14756	1024	1
20144	14757	256	1
20145	14758	256	1
20146	14759	256	1
20147	14760	256	1
20148	14761	256	1
20149	14762	256	1
20150	14763	1024	1
20151	14764	256	1
20152	14765	256	1
20153	14766	256	1
20154	14767	256	1
20155	14768	256	1
20156	14769	256	1
20157	14770	256	1
20158	14771	256	1
20159	14772	256	1
20160	14773	256	1
20161	14774	256	1
20162	14775	256	1
20163	14776	4096	1
20164	14777	256	1
20165	14778	8192	1
20166	14779	4096	1
20167	14780	4096	1
20168	14781	8192	1
20169	14782	4096	1
20170	14783	4096	1
20171	14784	8192	1
20172	14785	8192	1
20173	14786	16384	1
20174	14787	8192	1
20175	14788	16384	1
20176	14789	8192	1
20177	14790	4096	1
20178	14791	4096	1
20179	14792	8192	1
20180	14793	4096	1
20181	14794	4096	1
20182	14795	4096	1
20183	14796	4096	1
20184	14797	256	1
20185	14798	1024	1
20186	14799	256	1
20187	14800	256	1
20188	14801	2048	1
20189	14802	256	1
20190	14803	2048	1
20191	14804	512	1
20192	14805	1024	1
20193	14806	512	1
20194	14807	65536	1
20195	14808	256	1
20196	14809	8192	1
20197	14810	4096	1
20198	14811	4096	1
20199	14812	1024	1
20200	14813	1024	1
20201	14814	1024	1
20202	14815	131072	1
20203	14816	256	1
20204	14817	65536	1
20205	14818	4096	1
20206	14819	1024	1
20207	14820	256	1
20208	14821	256	1
20209	14822	256	1
20210	14823	256	1
20211	14824	4096	1
20212	14825	256	1
20213	14826	4096	1
20214	14827	256	1
20215	14828	256	1
20216	14829	256	1
20217	14830	4096	1
20218	14831	4096	1
20219	14832	65536	1
20220	14833	65536	1
20221	14834	65536	1
20222	14835	65536	1
20223	14836	65536	1
20224	14837	65536	1
20225	14838	65536	1
20226	14839	65536	1
20227	14840	65536	1
20228	14841	65536	1
20229	14842	65536	1
20230	14843	65536	1
20231	14844	65536	1
20232	14845	65536	1
20233	14846	65536	1
20234	14847	65536	1
20235	14848	65536	1
20236	14849	65536	1
20237	14850	65536	1
20238	14851	65536	1
20239	14852	65536	1
20240	14853	65536	1
20241	14854	65536	1
20242	14855	65536	1
20243	14856	65536	1
20244	14857	65536	1
20245	14858	65536	1
20246	14859	65536	1
20247	14860	65536	1
20248	14861	65536	1
20249	14862	65536	1
20250	14863	65536	1
20251	14864	65536	1
20252	14865	65536	1
20253	14866	65536	1
20254	14867	256	1
20255	14868	65536	1
20256	14869	65536	1
20257	14870	65536	1
20258	14871	65536	1
20259	14872	65536	1
20260	14873	8192	1
20261	14874	8192	1
20262	14875	65536	1
20263	14876	65536	1
20264	14877	256	1
20265	14878	65536	1
20266	14879	65536	1
20267	14880	65536	1
20268	14881	256	1
20269	14882	65536	1
20270	14883	65536	1
20271	14884	65536	1
20272	14885	65536	1
20273	14886	65536	1
20274	14887	65536	1
20275	14888	2048	1
20276	14889	65536	1
20277	14890	65536	1
20278	14891	65536	1
20279	14892	65536	1
20280	14893	65536	1
20281	14894	65536	1
20282	14895	65536	1
20283	14896	65536	1
20284	14897	65536	1
20285	14898	65536	1
20286	14899	65536	1
20287	14900	65536	1
20288	14901	65536	1
20289	14902	65536	1
20290	14903	65536	1
20291	14904	65536	1
20292	14905	65536	1
20293	14906	65536	1
20294	14907	65536	1
20295	14908	65536	1
20296	14909	65536	1
20297	14910	65536	1
20298	14911	65536	1
20299	14912	65536	1
20300	14913	65536	1
20301	14914	65536	1
20302	14915	65536	1
20303	14916	65536	1
20304	14917	32768	1
20305	14918	1024	1
20306	14919	65536	1
20307	14920	65536	1
20308	14921	65536	1
20309	14922	65536	1
20310	14923	65536	1
20311	14924	65536	1
20312	14925	65536	1
20313	14926	65536	1
20314	14927	16384	1
20315	14928	65536	1
20316	14929	512	1
20317	14930	256	1
20318	14931	256	1
20319	14932	512	1
20320	14933	256	1
20321	14934	256	1
20322	14935	256	1
20323	14936	256	1
20324	14937	256	1
20325	14938	256	1
20326	14939	256	1
20327	14940	256	1
20328	14941	256	1
20329	14942	256	1
20330	14943	256	1
20331	14944	256	1
20332	14945	256	1
20333	14946	1024	1
20334	14947	256	1
20335	14948	256	1
20336	14949	65536	1
20337	14950	8192	1
20338	14951	65536	1
20339	14952	65536	1
20340	14953	65536	1
20341	14954	4096	1
20342	14955	4096	1
20343	14956	65536	1
20344	14957	65536	1
20345	14958	65536	1
20346	14959	65536	1
20347	14960	65536	1
20348	14961	65536	1
20349	14962	256	1
20350	14963	256	1
20351	14964	256	1
20352	14965	2048	1
20353	14966	65536	1
20354	14967	256	1
20355	14968	65536	1
20356	14969	65536	1
20357	14970	65536	1
20358	14971	65536	1
20359	14972	65536	1
20360	14973	65536	1
20361	14974	65536	1
20362	14975	65536	1
20363	14976	65536	1
20364	14977	256	1
20365	14978	256	1
20366	14979	256	1
20367	14980	2048	1
20368	14981	1024	1
20369	14982	256	1
20370	14983	256	1
20371	14984	256	1
20372	14985	512	1
20373	14986	65536	1
20374	14987	65536	1
20375	14988	65536	1
20376	14989	65536	1
20377	14990	65536	1
20378	14991	65536	1
20379	14992	256	1
20380	14993	65536	1
20381	14994	65536	1
20382	14995	65536	1
20383	14996	65536	1
20384	14997	65536	1
20385	14998	65536	1
20386	14999	65536	1
20387	15000	65536	1
20388	15001	65536	1
20389	15002	4096	1
20390	15003	4096	1
20391	15004	256	1
20392	15005	65536	1
20393	15006	65536	1
20394	15007	65536	1
20395	15008	4096	1
20396	15009	65536	1
20397	15010	65536	1
20398	15011	65536	1
20399	15012	256	1
20400	15013	2048	1
20401	15014	256	1
20402	15015	256	1
20403	15016	256	1
20404	15017	256	1
20405	15018	32768	1
20406	15019	256	1
20407	15020	65536	1
20408	15021	65536	1
20409	15022	65536	1
20410	15023	65536	1
20411	15024	65536	1
20412	15025	65536	1
20413	15026	65536	1
20414	15027	65536	1
20415	15028	256	1
20416	15029	256	1
20417	15030	256	1
20418	15031	256	1
20419	15032	256	1
20420	15033	256	1
20421	15034	256	1
20422	15035	256	1
20423	15036	256	1
20424	15037	256	1
20425	15038	256	1
20426	15039	256	1
20427	15040	256	1
20428	15041	256	1
20429	15042	256	1
20430	15043	256	1
20431	15044	256	1
20432	15045	256	1
20433	15046	256	1
20434	15047	256	1
20435	15048	256	1
20436	15049	256	1
20437	15050	256	1
20438	15051	256	1
20439	15052	256	1
20440	15053	256	1
20441	15054	256	1
20442	15055	256	1
20443	15056	256	1
20444	15057	256	1
20445	15058	256	1
20446	15059	256	1
20447	15060	256	1
20448	15061	512	1
20449	15062	1024	1
20450	15063	256	1
20451	15064	256	1
20452	15065	256	1
20453	15066	256	1
20454	15067	256	1
20455	15068	256	1
20456	15069	256	1
20457	15070	256	1
20458	15071	256	1
20459	15072	256	1
20460	15073	256	1
20461	15074	256	1
20462	15075	256	1
20463	15076	256	1
20464	15077	256	1
20465	15078	256	1
20466	15079	256	1
20467	15080	256	1
20468	15081	256	1
20469	15082	256	1
20470	15083	256	1
20471	15084	256	1
20472	15085	256	1
20473	15086	256	1
20474	15087	256	1
20475	15088	256	1
20476	15089	256	1
20477	15090	2048	1
20478	15091	1024	1
20479	15092	256	1
20480	15093	512	1
20481	15094	256	1
20482	15095	256	1
20483	15096	256	1
20484	15097	256	1
20485	15098	256	1
20486	15099	256	1
20487	15100	256	1
20488	15101	256	1
20489	15102	4096	1
20490	15103	2048	1
20491	15104	256	1
20492	15105	256	1
20493	15106	256	1
20494	15107	256	1
20495	15108	256	1
20496	15109	256	1
20497	15110	256	1
20498	15111	256	1
20499	15112	256	1
20500	15113	1024	1
20501	15114	256	1
20502	15115	1024	1
20503	15116	256	1
20504	15117	256	1
20505	15118	256	1
20506	15119	8192	1
20507	15120	256	1
20508	15121	256	1
20509	15122	256	1
20510	15123	256	1
20511	15124	512	1
20512	15125	256	1
20513	15126	1024	1
20514	15127	256	1
20515	15128	256	1
20516	15129	256	1
20517	15130	8192	1
20518	15131	512	1
20519	15132	8192	1
20520	15133	128	1
20521	15134	256	1
20522	15135	8192	1
20523	15136	4096	1
20524	15137	8192	1
20525	15138	256	1
20526	15139	4096	1
20527	15140	4096	1
20528	15141	8192	1
20529	15142	4096	1
20530	15143	2048	1
20531	15144	4096	1
20532	15145	8192	1
20533	15146	2048	1
20534	15147	4096	1
20535	15148	256	1
20536	15149	4096	1
20537	15150	1024	1
20538	15151	8192	1
20539	15152	8192	1
20540	15153	1024	1
20541	15154	8192	1
20542	15155	256	1
20543	15156	256	1
20544	15157	256	1
20545	15158	256	1
20546	15159	256	1
20547	15160	256	1
20548	15161	256	1
20549	15162	256	1
20550	15163	256	1
20551	15164	256	1
20552	15165	256	1
20553	15166	256	1
20554	15167	256	1
20555	15168	256	1
20556	15169	256	1
20557	15170	256	1
20558	15171	1024	1
20559	15172	512	1
20560	15173	256	1
20561	15174	1024	1
20562	15175	512	1
20563	15176	256	1
20564	15177	512	1
20565	15178	1024	1
20566	15179	512	1
20567	15180	4096	1
20568	15181	256	1
20569	15182	256	1
20570	15183	256	1
20571	15184	256	1
20572	15185	256	1
20573	15186	256	1
20574	15187	256	1
20575	15188	256	1
20576	15189	256	1
20577	15190	256	1
20578	15191	256	1
20579	15192	512	1
20580	15193	256	1
20581	15194	256	1
20582	15195	256	1
20583	15196	256	1
20584	15197	256	1
20585	15198	256	1
20586	15199	256	1
20587	15200	256	1
20588	15201	2048	1
20589	15202	256	1
20590	15203	256	1
20591	15204	256	1
20592	15205	256	1
20593	15206	256	1
20594	15207	1024	1
20595	15208	256	1
20596	15209	256	1
20597	15210	65536	1
20598	15211	256	1
20599	15212	256	1
20600	15213	256	1
20601	15214	256	1
20602	15215	8192	1
20603	15216	2048	1
20604	15217	1024	1
20605	15218	512	1
20606	15219	256	1
20607	15220	256	1
20608	15221	256	1
20609	15222	16384	1
20610	15223	8192	1
20611	15224	8192	1
20612	15225	256	1
20613	15226	256	1
20614	15227	256	1
20615	15228	256	1
20616	15229	256	1
20617	15230	256	1
20618	15231	256	1
20619	15232	2048	1
20620	15233	256	1
20621	15234	256	1
20622	15235	256	1
20623	15236	256	1
20624	15237	256	1
20625	15238	256	1
20626	15239	256	1
20627	15240	256	1
20628	15241	256	1
20629	15242	256	1
20630	15243	256	1
20631	15244	256	1
20632	15245	256	1
20633	15246	256	1
20634	15247	256	1
20635	15248	256	1
20636	15249	256	1
20637	15250	256	1
20638	15251	256	1
20639	15252	256	1
20640	15253	256	1
20641	15254	256	1
20642	15255	256	1
20643	15256	256	1
20644	15257	256	1
20645	15258	256	1
20646	15259	256	1
20647	15260	512	1
20648	15261	1024	1
20649	15262	512	1
20650	15263	256	1
20651	15264	4096	1
20652	15265	4096	1
20653	15266	512	1
20654	15267	512	1
20655	15268	512	1
20656	15269	256	1
20657	15270	4096	1
20658	15271	16384	1
20659	15272	4096	1
20660	15273	1024	1
20661	15274	8192	1
20662	15275	8192	1
20663	15276	256	1
20664	15277	256	1
20665	15278	256	1
20666	15279	256	1
20667	15280	256	1
20668	15281	256	1
20669	15282	256	1
20670	15283	1024	1
20671	15284	2048	1
20672	15285	256	1
20673	15286	256	1
20674	15287	256	1
20675	15288	256	1
20676	15289	1024	1
20677	15290	1024	1
20678	15291	2048	1
20679	15292	256	1
20680	15293	512	1
20681	15294	256	1
20682	15295	256	1
20683	15296	256	1
20684	15297	256	1
20685	15298	4096	1
20686	15299	256	1
20687	15300	1024	1
20688	15301	256	1
20689	15302	256	1
20690	15303	256	1
20691	15304	256	1
20692	15305	256	1
20693	15306	256	1
20694	15307	256	1
20695	15308	256	1
20696	15309	256	1
20697	15310	4096	1
20698	15311	256	1
20699	15312	256	1
20700	15313	256	1
20701	15314	256	1
20702	15315	256	1
20703	15316	256	1
20704	15317	512	1
20705	15318	256	1
20706	15319	4096	1
20707	15320	256	1
20708	15321	256	1
20709	15322	256	1
20710	15323	256	1
20711	15324	256	1
20712	15325	256	1
20713	15326	256	1
20714	15327	256	1
20715	15328	8192	1
20716	15329	256	1
20717	15330	8192	1
20718	15331	1024	1
20719	15332	4096	1
20720	15333	2048	1
20721	15334	512	1
20722	15335	256	1
20723	15336	256	1
20724	15337	1024	1
20725	15338	16384	1
20726	15339	256	1
20727	15340	256	1
20728	15341	256	1
20729	15342	1024	1
20730	15343	256	1
20731	15344	256	1
20732	15345	256	1
20733	15346	256	1
20734	15347	256	1
20735	15348	256	1
20736	15349	256	1
20737	15350	256	1
20738	15351	256	1
20739	15352	256	1
20740	15353	256	1
20741	15354	256	1
20742	15355	256	1
20743	15356	256	1
20744	15357	256	1
20745	15358	256	1
20746	15359	256	1
20747	15360	256	1
20748	15361	256	1
20749	15362	256	1
20750	15363	256	1
20751	15364	256	1
20752	15365	256	1
20753	15366	256	1
20754	15367	256	1
20755	15368	1024	1
20756	15369	256	1
20757	15370	256	1
20758	15371	256	1
20759	15372	256	1
20760	15373	256	1
20761	15374	8192	1
20762	15375	256	1
20763	15376	256	1
20764	15377	256	1
20765	15378	256	1
20766	15379	256	1
20767	15380	256	1
20768	15381	256	1
20769	15382	2048	1
20770	15383	256	1
20771	15384	32768	1
20772	15385	256	1
20773	15386	1024	1
20774	15387	256	1
20775	15388	256	1
20776	15389	256	1
20777	15390	16384	1
20778	15391	32768	1
20779	15392	2048	1
20780	15393	8192	1
20781	15394	256	1
20782	15395	256	1
20783	15396	256	1
20784	15397	512	1
20785	15398	2048	1
20786	15399	256	1
20787	15400	256	1
20788	15401	256	1
20789	15402	256	1
20790	15403	256	1
20791	15404	256	1
20792	15405	256	1
20793	15406	1024	1
20794	15407	256	1
20795	15408	256	1
20796	15409	256	1
20797	15410	256	1
20798	15411	256	1
20799	15412	256	1
20800	15413	256	1
20801	15414	256	1
20802	15415	256	1
20803	15416	256	1
20804	15417	512	1
20805	15418	1024	1
20806	15419	256	1
20807	15420	256	1
20808	15421	256	1
20809	15422	256	1
20810	15423	2048	1
20811	15424	1024	1
20812	15425	512	1
20813	15426	256	1
20814	15427	256	1
20815	15428	256	1
20816	15429	256	1
20817	15430	256	1
20818	15431	256	1
20819	15432	256	1
20820	15433	256	1
20821	15434	256	1
20822	15435	256	1
20823	15436	256	1
20824	15437	256	1
20825	15438	256	1
20826	15439	512	1
20827	15440	256	1
20828	15441	256	1
20829	15442	256	1
20830	15443	65536	1
20831	15444	1024	1
20832	15445	256	1
20833	15446	256	1
20834	15447	256	1
20835	15448	256	1
20836	15449	256	1
20837	15450	256	1
20838	15451	256	1
20839	15452	256	1
20840	15453	256	1
20841	15454	256	1
20842	15455	256	1
20843	15456	1024	1
20844	15457	8192	1
20845	15458	256	1
20846	15459	256	1
20847	15460	8192	1
20848	15461	4096	1
20849	15462	4096	1
20850	15463	256	1
20851	15464	256	1
20852	15465	256	1
20853	15466	256	1
20854	15467	256	1
20855	15468	256	1
20856	15469	256	1
20857	15470	8192	1
20858	15471	4096	1
20859	15472	256	1
20860	15473	256	1
20861	15474	256	1
20862	15475	256	1
20863	15476	256	1
20864	15477	2048	1
20865	15478	1024	1
20866	15479	256	1
20867	15480	256	1
20868	15481	8192	1
20869	15482	8192	1
20870	15483	65536	1
20871	15484	256	1
20872	15485	512	1
20873	15486	256	1
20874	15487	256	1
20875	15488	256	1
20876	15489	256	1
20877	15490	256	1
20878	15491	256	1
20879	15492	256	1
20880	15493	256	1
20881	15494	256	1
20882	15495	32768	1
20883	15496	65536	1
20884	15497	8192	1
20885	15498	16384	1
20886	15499	256	1
20887	15500	256	1
20888	15501	256	1
20889	15502	256	1
20890	15503	2048	1
20891	15504	256	1
20892	15505	256	1
20893	15506	256	1
20894	15507	2048	1
20895	15508	256	1
20896	15509	256	1
20897	15510	256	1
20898	15511	256	1
20899	15512	256	1
20900	15513	256	1
20901	15514	131072	1
20902	15515	256	1
20903	15516	2048	1
20904	15517	256	1
20905	15518	256	1
20906	15519	512	1
20907	15520	512	1
20908	15521	256	1
20909	15522	256	1
20910	15523	1024	1
20911	15524	256	1
20912	15525	512	1
20913	15526	256	1
20914	15527	2048	1
20915	15528	256	1
20916	15529	256	1
20917	15530	2048	1
20918	15531	2048	1
20919	15532	8192	1
20920	15533	256	1
20921	15534	256	1
20922	15535	256	1
20923	15536	4096	1
20924	15537	256	1
20925	15538	256	1
20926	15539	256	1
20927	15540	256	1
20928	15541	512	1
20929	15542	16384	1
20930	15543	512	1
20931	15544	1024	1
20932	15545	1024	1
20933	15546	256	1
20934	15547	256	1
20935	15548	512	1
20936	15549	256	1
20937	15550	512	1
20938	15551	256	1
20939	15552	256	1
20940	15553	1024	1
20941	15554	256	1
20942	15555	256	1
20943	15556	512	1
20944	15557	512	1
20945	15558	512	1
20946	15559	2048	1
20947	15560	256	1
20948	15561	512	1
20949	15562	256	1
20950	15563	65536	1
20951	15564	65536	1
20952	15565	512	1
20953	15566	16384	1
20954	15567	256	1
20955	15568	512	1
20956	15569	2048	1
20957	15570	256	1
20958	15571	8192	1
20959	15572	8192	1
20960	15573	16384	1
20961	15574	4096	1
20962	15575	8192	1
20963	15576	8192	1
20964	15577	4096	1
20965	15578	8192	1
20966	15579	8192	1
20967	15580	8192	1
20968	15581	8192	1
20969	15582	4096	1
20970	15583	4096	1
20971	15584	8192	1
20972	15585	8192	1
20973	15586	8192	1
20974	15587	8192	1
20975	15588	4096	1
20976	15589	8192	1
20977	15590	8192	1
20978	15591	8192	1
20979	15592	1024	1
20980	15593	8192	1
20981	15594	256	1
20982	15595	32768	1
20983	15596	8192	1
20984	15597	256	1
20985	15598	32768	1
20986	15599	256	1
20987	15600	8192	1
20988	15601	8192	1
20989	15602	16384	1
20990	15603	16384	1
20991	15604	256	1
20992	15605	4096	1
20993	15606	512	1
20994	15607	512	1
20995	15608	256	1
20996	15609	512	1
20997	15610	512	1
20998	15611	256	1
20999	15612	256	1
21000	15613	256	1
21001	15614	2048	1
21002	15615	4096	1
21003	15616	256	1
21004	15617	256	1
21005	15618	256	1
21006	15619	256	1
21007	15620	256	1
21008	15621	256	1
21009	15622	256	1
21010	15623	256	1
21011	15624	256	1
21012	15625	256	1
21013	15626	512	1
21014	15627	1024	1
21015	15628	16384	1
21016	15629	512	1
21017	15630	512	1
21018	15631	256	1
21019	15632	256	1
21020	15633	256	1
21021	15634	1024	1
21022	15635	256	1
21023	15636	256	1
21024	15637	256	1
21025	15638	4096	1
21026	15639	8192	1
21027	15640	512	1
21028	15641	1024	1
21029	15642	256	1
21030	15643	1024	1
21031	15644	1024	1
21032	15645	256	1
21033	15646	1024	1
21034	15647	1024	1
21035	15648	512	1
21036	15649	256	1
21037	15650	1024	1
21038	15651	1024	1
21039	15652	4096	1
21040	15653	256	1
21041	15654	256	1
21042	15655	256	1
21043	15656	256	1
21044	15657	4096	1
21045	15658	256	1
21046	15659	4096	1
21047	15660	4096	1
21048	15661	4096	1
21049	15662	8192	1
21050	15663	65536	1
21051	15664	256	1
21052	15665	1024	1
21053	15666	65536	1
21054	15667	56064	32
21055	15668	1280	5
21056	15669	1280	5
21057	15694	32768	1
21058	15695	8192	1
21059	15696	256	1
21060	15698	64000	17
21061	15699	26624	40
