159	568	72494336	1.2644321912299158E11	8.722549203827284E11
187	701	36854016	8.715275404911308E10	6.476671726051462E11
0	1	32891137	6.915898197980757E10	5.38277053232312E11
2163	7018	29300737	5.829940546335704E10	4.695245373652306E11
1603	5673	19129856	5.08539319516257E10	4.209074597379829E11
112	237	18885376	4.535312244768418E10	3.840720882648996E11
91	174	18824704	4.1083274357444336E10	3.548616214292178E11
47	71	18546432	3.765024858632708E10	3.309339104514284E11
2360	7474	17664612	3.481626464639021E10	3.108513319897083E11
628	2686	17580032	3.242825462349561E10	2.936742391602073E11
193	714	17566208	3.0382653259556717E10	2.787581352145038E11
196	721	17509120	2.860656760855493E10	2.656437448951965E11
619	2647	17299366	2.7047019816433044E10	2.539934564217711E11
2321	7377	16859648	2.5664467168456463E10	2.435526136160663E11
2	3	16842752	2.442872462628699E10	2.3412491241016342E11
26	33	16842752	2.3316303577044678E10	2.2555619188878815E11
2092	6878	16842752	2.2308620029067654E10	2.1772342516978165E11
53	80	16777728	2.139075542914453E10	2.1052704300979004E11
8810	17676	14573568	2.0550579422491116E10	2.0388545738250156E11
258	1239	12923136	1.9778115962692696E10	1.9773107518153894E11
1096	4249	12331520	1.9065076858867435E10	1.920073444184773E11
1061	4134	10260736	1.840451291585435E10	1.8666653040197943E11
188	702	9565952	1.7790549190529007E10	1.8166801741165936E11
888	3561	8983360	1.721818141937678E10	1.769769948519016E11
178	680	8871680	1.6683117600810665E10	1.7256342887297733E11
232	1103	8698624	1.6181653365176908E10	1.6840124879368036E11
1284	4766	8496900	1.5710572942475687E10	1.6446769713540915E11
103	209	8095968	1.5267069744901714E10	1.6074280567800464E11
693	2907	8094480	1.4848682137870667E10	1.5720896958781906E11
696	2914	7911168	1.4453241086322592E10	1.5385059859586877E11
209	786	7672832	1.4078827169371607E10	1.5065382924525217E11
1010	3908	7201353	1.3723735047352491E10	1.4760628593895648E11
798	3320	7027200	1.3386443903281681E10	1.4469688128214453E11
360	1668	6995968	1.3065592708661688E10	1.4191564829049844E11
1164	4538	5974528	1.2759959411427902E10	1.3925359861308383E11
270	1267	5885440	1.24684433328846E10	1.3670260212570714E11
675	2856	5396224	1.2190050205875763E10	1.3425528418308192E11
4204	10455	5379072	1.1923879399148117E10	1.3190493754361557E11
786	3301	4810240	1.1669112960886114E10	1.2964544654930423E11
820	3360	4807168	1.1425006183622543E10	1.2747122159207286E11
230	852	4713736	1.1190879447528185E10	1.2537714225446962E11
4493	11003	4624896	1.0966111142737375E10	1.2335850779765137E11
355	1659	4374272	1.0750131506346916E10	1.2141099389876488E11
1250	4713	4369664	1.0542417237913715E10	1.195306147251025E11
54	81	4249344	1.0342486780113386E10	1.1771368958299986E11
583	2548	4073820	1.0149896169816603E10	1.159568135024412E11
2747	8153	3827712	9.964235380054668E9	1.1425683121929257E11
860	3462	3757312	9.785125085851616E9	1.1261081410031308E11
2176	7046	3641856	9.612213797225548E9	1.1101603962501784E11
818	3356	3630848	9.44517531122211E9	1.0946997309577177E11
251	1221	3393248	9.283706441969406E9	1.0797025129533888E11
739	3215	3385344	9.127524993698135E9	1.0651466785119826E11
1507	5515	3272320	8.97636794666564E9	1.0510116009966006E11
3502	9318	3256576	8.82998983012639E9	1.0372779727127022E11
771	3269	3131904	8.688161260042126E9	1.023927698430937E11
973	3786	3089728	8.550667622233656E9	1.0109437992393901E11
1400	5089	3044608	8.417307884233522E9	9.983103255603477E10
881	3549	2986432	8.287893521279423E9	9.860122783158328E10
2216	7132	2931200	8.162247543752609E9	9.740355373539995E10
1068	4151	2833664	8.040203614964367E9	9.62366796358376E10
851	3448	2769920	7.921605249568183E9	9.509935035566385E10
393	1761	2761216	7.806305084060506E9	9.399038076274864E10
1251	4716	2753536	7.694164211856938E9	9.290865082750406E10
140	376	2751488	7.585051576318194E9	9.185310110017982E10
956	3741	2727168	7.478843415870663E9	9.08227285664739E10
553	2497	2708480	7.375422756037023E9	8.981658284459312E10
78	137	2640640	7.27467894377757E9	8.883376269098625E10
816	3352	2581248	7.17650722005424E9	8.787341278555174E10
660	2828	2449920	7.080808326977348E9	8.693472077026553E10
1120	4323	2429440	6.987488146288451E9	8.60169145179403E10
12491	22909	2429184	6.896457366278439E9	8.511925961026283E10
514	2150	2359064	6.807631174544841E9	8.424105700640923E10
1850	6395	2331152	6.7209289742613535E9	8.338164088543997E10
1758	6197	2329344	6.636274121870478E9	8.254037664736429E10
401	1785	2310464	6.55359368432087E9	8.17166590592586E10
1090	4230	2294016	6.472818214158227E9	8.09099105341578E10
503	2119	2232576	6.393881540944469E9	8.011957953161978E10
153	553	2232064	6.316720577628296E9	7.934513906992477E10
584	2551	2207488	6.241275140621792E9	7.858608534081192E10
161	577	2175744	6.167487782455914E9	7.78419364185034E10
157	559	2144512	6.095303635992824E9	7.711223105552202E10
1369	5006	2140675	6.024670269267472E9	7.639652755848712E10
541	2381	2128128	5.95553755011553E9	7.569440273768556E10
1366	4999	2122752	5.887857519820646E9	7.50054509247617E10
788	3303	2118656	5.821584275082428E9	7.43292830533661E10
1807	6327	2018560	5.756673857668033E9	7.366552579804808E10
104	210	1970188	5.693084151165793E9	7.301382076708101E10
143	400	1968896	5.630774784309249E9	7.237382374527206E10
1315	4813	1948928	5.569707040385374E9	7.174520398313976E10
12389	22773	1939712	5.509843772281566E9	7.112764352913976E10
542	2386	1913856	5.451149322763149E9	7.05208366018914E10
864	3479	1908480	5.393589449606828E9	6.992448899960475E10
204	766	1906688	5.337131255245818E9	6.933831754412909E10
1606	5676	1851136	5.281743120610507E9	6.876204955725146E10
778	3292	1758208	5.227394642873336E9	6.819542236705626E10
530	2200	1722624	5.174056576829942E9	6.7638182842328636E10
1806	6325	1707104	5.121700779669278E9	6.7090086953138176E10
1258	4725	1686272	5.07030015890474E9	6.655089935588086E10
1263	4732	1669376	5.019828623255725E9	6.602039300118718E10
2589	7843	1651200	4.97026103628495E9	6.549834876322177E10
267	1257	1638432	4.921573172611691E9	6.4984555089010155E10
446	1916	1633536	4.873741676534156E9	6.447880766652545E10
2054	6805	1633024	4.826744022906831E9	6.398090911036189E10
189	703	1629696	4.780558480129609E9	6.349066866390386E10
1735	6128	1607168	4.735164075116036E9	6.300790191697793E10
3790	9768	1573664	4.690540560117434E9	6.253243053804583E10
2746	8151	1563136	4.6466683812883415E9	6.206408202006121E10
274	1290	1551616	4.603528648886987E9	6.1602689439175674E10
757	3246	1546752	4.561103109011548E9	6.114809122553184E10
1815	6347	1539008	4.519374116780194E9	6.070013094543599E10
9443	18676	1513472	4.478324610868917E9	6.025865709424869E10
562	2510	1500416	4.437938089327067E9	5.982352289937503E10
1718	6079	1443328	4.398198586596011E9	5.939458613277941E10
1185	4589	1416192	4.359090651661044E9	5.897170893248408E10
2062	6830	1397760	4.3205993272716E9	5.855475763254876E10
652	2764	1394944	4.282710130168798E9	5.8143602601058556E10
1122	4355	1389824	4.2454090322634883E9	5.773811808567875E10
629	2687	1384448	4.2086824427115536E9	5.733818206636287E10
9991	19548	1352448	4.1725171908366003E9	5.69436761148253E10
1568	5617	1327104	4.136900509853404E9	5.6554485260415344E10
2420	7563	1313792	4.1018200213483233E9	5.617049786205056E10
3475	9277	1302784	4.0672637204756966E9	5.579160548588933E10
955	3739	1298432	4.0332199618316693E9	5.541770278844066E10
1405	5104	1291008	3.9996774459694037E9	5.5048687404828865E10
5151	12050	1277952	3.966625206521657E9	5.468445984194616E10
8180	16631	1275648	3.9340525978989115E9	5.432492337624317E10
240	1136	1270528	3.9019492835330167E9	5.396998395592112E10
195	719	1256960	3.8703052246382027E9	5.361955010730392E10
6229	13615	1245952	3.8391106694628854E9	5.3273532845180466E10
1314	4812	1244160	3.808356143007308E9	5.293184558692045E10
919	3633	1240832	3.7780324371834717E9	5.259440407017683E10
577	2529	1236480	3.7481306013951917E9	5.226112627400034E10
5311	12312	1221632	3.71864193351735E9	5.1931932343199356E10
2231	7170	1205016	3.6895579712546363E9	5.1606744515789215E10
5301	12300	1179648	3.6608704838611794E9	5.128548705338321E10
478	2018	1149184	3.63257146420348E9	5.0968086174384964E10
592	2572	1126016	3.604653121150039E9	5.065446998985038E10
827	3378	1122560	3.577107872272043E9	5.0344568441894104E10
1045	4010	1118720	3.5499283368402553E9	5.003831324452224E10
107	224	1114880	3.5231073291041026E9	4.973563782677915E10
1652	5769	1113856	3.496637851839705E9	4.9436477278102234E10
2541	7738	1105920	3.4705130901543007E9	4.914076829578442E10
142	378	1098752	3.4447264055351825E9	4.884844913444878E10
1082	4200	1076992	3.4192713301319027E9	4.855945955744522E10
122	271	1064192	3.3941415612610497E9	4.827374079008305E10
1500	5503	1056768	3.3693309561235766E9	4.799123547461895E10
1569	5619	1056768	3.3448335267249665E9	4.771188762692194E10
1298	4788	1056576	3.320643434989298E9	4.743564259474343E10
869	3491	1055232	3.296754988058472E9	4.716244701752162E10
661	2830	1050368	3.27316263376844E9	4.68922487876543E10
1140	4436	1047296	3.2498609562947235E9	4.662499701317782E10
1292	4780	1022208	3.226844671959729E9	4.636064198179129E10
692	2905	1017856	3.204108625194964E9	4.609913512617024E10
2779	8209	1010432	3.181647784651376E9	4.584042899051462E10
1588	5650	1004544	3.1594572394515634E9	4.558447719828042E10
69	109	985088	3.137532195577749E9	4.5331234421045044E10
2718	8103	975872	3.115867972389841E9	4.508065634846043E10
7228	15290	960256	3.094459999268091E9	4.483269965924895E10
3822	9808	954368	3.0733038123751245E9	4.458732199319957E10
1035	3967	948992	3.052395051532453E9	4.4344481924124245E10
2426	7570	945408	3.031729457206702E9	4.410413893373556E10
566	2514	933120	3.011302867601047E9	4.3866253386408775E10
607	2611	923392	2.991111215847641E9	4.363078650479364E10
2701	8070	920576	2.9711505272968574E9	4.339770034624172E10
220	812	911360	2.9514169168995366E9	4.316695778001802E10
152	549	894040	2.9319065866784325E9	4.293852246526544E10
1600	5669	890880	2.912615823285405E9	4.271235882969393E10
231	855	884736	2.893540995640872E9	4.2488432048965225E10
2425	7569	884736	2.8746785526523595E9	4.2266708026747505E10
555	2500	883792	2.8560250210090375E9	4.204715337541402E10
133	297	879104	2.837577003049275E9	4.182973539736122E10
673	2852	876544	2.819331174698409E9	4.161442206692327E10
1917	6539	876288	2.801284283474033E9	4.14011820128605E10
1598	5666	869632	2.783433146556209E9	4.1189984501400444E10
12453	22849	869120	2.7657746489201617E9	4.098079941981108E10
1038	3996	861440	2.7483057415290804E9	4.077359726048665E10
1617	5696	859648	2.731023439584768E9	4.056834910552714E10
3815	9800	855040	2.713924820833987E9	4.036502661179374E10
219	808	854528	2.697007023928428E9	4.016360199642278E10
4318	10680	851968	2.6802672468363304E9	3.996404802278192E10
2189	7066	851476	2.6637027453038397E9	3.9766337986852425E10
1276	4755	848640	2.647310831364297E9	3.957044570402266E10
1465	5432	831488	2.6310888718937197E9	3.937634549627807E10
4744	11427	823296	2.6150342872107925E9	3.918401217977363E10
5127	12007	819456	2.5991445497197857E9	3.899342105277563E10
396	1767	818944	2.583417182594852E9	3.880454788395968E10
1223	4670	814336	2.567849758504227E9	3.861736890105256E10
11006	20959	796160	2.552439898372942E9	3.8431860779806274E10
351	1653	795904	2.5371852701826634E9	3.824800063329275E10
109	226	792832	2.522083587807393E9	3.806576600150832E10
1749	6167	791808	2.5071326098837404E9	3.788513484127739E10
752	3240	791552	2.492330138714609E9	3.770608551644519E10
4189	10430	788224	2.477674019205112E9	3.752859678835013E10
271	1273	787200	2.4631621378296294E9	3.735264780656596E10
248	1213	786432	2.44879242162894E9	3.717821809990529E10
4188	10429	786432	2.434562837236399E9	3.700528756767531E10
3906	9929	781056	2.4204713899321995E9	3.683383647117791E10
253	1226	779520	2.406516122724735E9	3.666384542544563E10
1604	5674	779264	2.392695115458212E9	3.649529539120638E10
1435	5388	778240	2.379006483945582E9	3.632816766706896E10
4289	10627	774656	2.3654483791259985E9	3.616244388192267E10
1208	4648	764240	2.352018986245948E9	3.59981059875436E10
1878	6461	761088	2.338716524063331E9	3.583513625140191E10
1759	6198	760576	2.3255392440736837E9	3.567351724966248E10
2255	7228	759040	2.3124854297578835E9	3.551323186037413E10
2160	7015	758016	2.299553395850574E9	3.535426325684015E10
2366	7482	758016	2.2867414876287146E9	3.5196594901165665E10
569	2518	754176	2.2740480802195477E9	3.5040210537975426E10
2169	7029	752640	2.261471577927415E9	3.488509418829725E10
8735	17561	746752	2.2490104135787787E9	3.473123014360572E10
1899	6503	745728	2.2366630478849115E9	3.457860296002129E10
2361	7476	744192	2.224427968821681E9	3.442719745266022E10
557	2503	739840	2.2123036910258813E9	3.4276998690130314E10
4344	10722	736768	2.2002887552076354E9	3.412799198916856E10
3363	9105	726016	2.1883817275783243E9	3.3980162909415993E10
1715	6075	725760	2.176581199293594E9	3.383349724832576E10
1078	4193	725248	2.1648857859109654E9	3.3687981036200546E10
1504	5511	725248	2.1532941268616085E9	3.354360053135533E10
3117	8737	723456	2.1418048849358292E9	3.34003422154018E10
1427	5378	717312	2.1304167457818887E9	3.3258192788650932E10
2787	8220	712256	2.119128417417711E9	3.311713916563013E10
415	1836	707840	2.1079386297551258E9	3.2977168470711605E10
789	3304	706304	2.0968461341362445E9	3.283826803384878E10
9665	19029	688640	2.0858497028816428E9	3.2700425386417713E10
4231	10514	681728	2.0749481288499599E9	3.2563628257160282E10
2569	7792	681472	2.0641402250085924E9	3.242786456822611E10
2211	7122	674304	2.0534248240151842E9	3.229312243131107E10
381	1741	668160	2.0428007778095443E9	3.2159390143888676E10
1231	4682	666880	2.032266957215734E9	3.202665618553246E10
2877	8355	662016	2.021822251554004E9	3.189490921432642E10
10357	20115	656384	2.0114655682623022E9	3.176413806336111E10
1312	4808	647168	2.001195832527088E9	3.1634331737313152E10
1880	6467	640768	1.9910119869231544E9	3.1505479409105396E10
2942	8447	640000	1.9809129910622563E9	3.1377570416646194E10
501	2116	639744	1.9708978212502263E9	3.1250594259644817E10
2754	8167	638976	1.9609654701523933E9	3.112454059650149E10
1037	3976	633856	1.951114946467053E9	3.0999399241269867E10
687	2897	622848	1.9413452746067405E9	3.0875160160689644E10
3558	9416	622592	1.9316554943871284E9	3.0751813471287926E10
404	1790	621568	1.9220446607233055E9	3.0629349436547123E10
3841	9829	621568	1.912511843333243E9	3.0507758464137585E10
264	1251	618496	1.903056126448255E9	3.038703110321349E10
147	517	614656	1.8936766085302598E9	3.0267158041770115E10
1607	5677	613120	1.884372401995628E9	3.0148130104060623E10
191	705	612096	1.8751426329454982E9	3.0029938248071484E10
1471	5462	608768	1.8659864409023156E9	2.99125735630541E10
485	2042	606208	1.856902978552469E9	2.979602726711176E10
6495	14041	605184	1.8478914114948623E9	2.968029070484047E10
737	3209	604160	1.8389509179952288E9	2.9565355345021744E10
1431	5384	602368	1.83008068874606E9	2.945121277836655E10
965	3758	598528	1.821279926632014E9	2.933785471530895E10
424	1853	591872	1.812547846500607E9	2.922527298384781E10
3375	9121	591360	1.8038836749381015E9	2.9113459527435852E10
1711	6071	590592	1.7952866500504284E9	2.9002406402914494E10
571	2521	590336	1.786756021249009E9	2.889210577849342E10
3894	9908	581632	1.7782910490413675E9	2.8782549931773804E10
8694	17506	577536	1.7698910048263752E9	2.867373124781378E10
697	2915	576256	1.7615551706940575E9	2.8565642217235733E10
362	1680	574720	1.7532828392297864E9	2.8458275434373474E10
3468	9269	574720	1.745073313322802E9	2.8351623595459244E10
3273	8968	572416	1.7369259059789011E9	2.8245679496848637E10
9376	18566	571392	1.7288399401372347E9	2.814043603328338E10
906	3602	569600	1.7208147484910696E9	2.803588619619031E10
3135	8761	565504	1.712849673312431E9	2.793202307201601E10
4697	11351	565248	1.7049440662805452E9	2.7828839840596333E10
211	790	561408	1.6970972883139365E9	2.772632977355948E10
197	724	559360	1.6893087094061553E9	2.7624486232762512E10
1309	4804	557152	1.6815777084649858E9	2.752330266875981E10
11963	22192	549632	1.6739036731550763E9	2.742277261930309E10
3581	9457	548864	1.6662859997439108E9	2.7322889707872166E10
4487	10994	548864	1.6587240929510224E9	2.7223647642235687E10
3838	9824	536576	1.6512173658003776E9	2.7125040213040985E10
4	6	534784	1.6437652394758615E9	2.70270612924327E10
2534	7726	534784	1.6363671431797643E9	2.692970483269902E10
1240	4694	533248	1.6290225139942324E9	2.6832964864945427E10
11711	21852	531200	1.621730796745573E9	2.673683549779475E10
165	600	528896	1.6144914438713725E9	2.6641310916113327E10
2405	7539	527872	1.6073039152903423E9	2.654638537976243E10
3547	9394	527872	1.6001676782748413E9	2.6452053222374447E10
817	3354	527616	1.5930822073260067E9	2.635830885015339E10
1898	6501	525312	1.5860469840514104E9	2.626514674069867E10
6055	13325	524800	1.5790614970452206E9	2.617256144185231E10
1947	6619	523040	1.5721252417707734E9	2.608054757056844E10
2932	8434	521216	1.5652377204455185E9	2.5989099811804947E10
4670	11305	520704	1.5583984419282722E9	2.589821291743661E10
1529	5556	514816	1.551606921608732E9	2.5807881705189198E10
1906	6517	512768	1.544862681299187E9	2.571810105759416E10
1159	4515	505856	1.5381652491283975E9	2.562886592096348E10
605	2607	505600	1.5315141594375591E9	2.5540171304383995E10
215	797	504832	1.5249089526783352E9	2.545201227873102E10
469	1998	502016	1.5183491753128915E9	2.5364383975700726E10
1437	5390	499968	1.5118343797158916E9	2.527728158686079E10
3688	9617	499712	1.5053641240784125E9	2.5190700362719074E10
1304	4799	499458	1.498937972313723E9	2.5104635611809708E10
5909	13127	495360	1.492555493964911E9	2.5019082699796505E10
1403	5102	493824	1.4862162641142783E9	2.493403704859296E10
297	1455	492928	1.4799198632944958E9	2.484949413549875E10
2009	6730	491776	1.4736658774014664E9	2.476544949235227E10
10130	19773	491776	1.4674538976088552E9	2.468189870469883E10
8643	17430	488960	1.4612835202842584E9	2.4598837410974274E10
48	72	488192	1.4551543469069598E9	2.4516261301703495E10
9812	19262	485888	1.449065983987258E9	2.443416611871376E10
953	3737	484864	1.4430180429873166E9	2.4352547654362392E10
74	125	484608	1.4370101402435062E9	2.4271401750778454E10
587	2554	484096	1.4310418968902085E9	2.4190724299118305E10
130	292	478976	1.4251129387850482E9	2.4110511238834534E10
490	2048	478464	1.4192228964355216E9	2.403075855695817E10
2867	8342	473600	1.41337140492699E9	2.3951462287393723E10
1396	5078	472320	1.4075581038520164E9	2.387261851022694E10
1742	6140	468992	1.4017826372410007E9	2.3794223351044872E10
4229	10507	465408	1.396044653494101E9	2.371627298026808E10
644	2715	462336	1.3903438053144064E9	2.363876361249472E10
6775	14496	462080	1.384679749642333E9	2.3561691505856186E10
878	3527	461312	1.3790521475912209E9	2.3485052961384186E10
341	1580	460544	1.3734606643841035E9	2.3408844322388916E10
1635	5734	460288	1.3679049692916245E9	2.333306197384812E10
183	688	458752	1.3623847355710835E9	2.3257702341806927E10
1730	6122	457472	1.3568996404065764E9	2.3182761892788006E10
3313	9034	456192	1.3514493648502157E9	2.3108237133212093E10
439	1901	454400	1.3460335937644086E9	2.3034124608828503E10
825	3369	450304	1.340652015765162E9	2.296042090415548E10
5719	12880	449792	1.3353043231664007E9	2.288712264193016E10
502	2118	447744	1.32999021192528E9	2.2814226482568058E10
1624	5713	446208	1.3247093815884624E9	2.274172912363171E10
1176	4565	445696	1.3194615352393425E9	2.266962729930842E10
3557	9415	442368	1.3142463794462116E9	2.2597917779896896E10
4743	11426	434176	1.30906362421132E9	2.2526597371302597E10
1158	4513	432960	1.303912982920842E9	2.245566291454158E10
961	3751	432128	1.2987941722957106E9	2.2385111285252766E10
622	2652	431104	1.293706912343307E9	2.2314939393218334E10
3506	9325	427104	1.2886509263099911E9	2.224514418189221E10
2674	8011	425472	1.2836259406344526E9	2.2175722627936382E10
218	803	421632	1.2786316849018698E9	2.210667174076504E10
570	2519	420864	1.2736678917988532E9	2.203798856209613E10
5089	11955	419840	1.268734297069167E9	2.1969670165510506E10
1316	4814	417280	1.2638306394702017E9	2.1901713656018192E10
560	2506	413696	1.2589566607301984E9	2.183411616963196E10
77	132	412160	1.2541121055061915E9	2.1766874872947742E10
1754	6181	408576	1.249296721342671E9	2.1699986962732037E10
382	1742	405760	1.2445102586309428E9	2.1633449665516E10
3387	9143	405504	1.2397524705691717E9	2.1567260237196102E10
1279	4760	404224	1.2350231131231015E9	2.150141596264138E10
544	2422	402176	1.230321944987427E9	2.1435914155306896E10
861	3464	401664	1.2256487275478191E9	2.1370752156853558E10
576	2527	401408	1.221003224843578E9	2.1305927336774E10
729	3136	394752	1.2163852035309112E9	2.1241437092024467E10
4777	11486	393728	1.2117944328468156E9	2.11772788466626E10
8293	16812	393728	1.207230684573561E9	2.111345005149098E10
5293	12291	393472	1.2026937330037603E9	2.1049948183706387E10
8428	17055	393472	1.1981833549060094E9	2.0986770746554592E10
372	1715	393216	1.193699329491093E9	2.092391526899058E10
454	1942	393216	1.1892414383787432E9	2.0861379305344208E10
1975	6678	393216	1.184809465564942E9	2.0799160434991047E10
689	2900	391424	1.1804031973897502E9	2.0737256262028454E10
641	2711	391168	1.1760224225056646E9	2.0675664414956657E10
1203	4637	384776	1.1716669318464806E9	2.0614382546364838E10
703	2939	384256	1.1673365185966644E9	2.055340833262213E10
2688	8048	384256	1.1630309781612096E9	2.049273947357334E10
8292	16811	379392	1.158750108135983E9	2.0432373692239433E10
250	1220	378112	1.1544937082785454E9	2.037230873452265E10
459	1968	374528	1.1502615804794326E9	2.0312542368916122E10
1450	5410	372736	1.1460535287338986E9	2.025307238621792E10
936	3680	370944	1.1418693591141074E9	2.0193896599249615E10
4506	11022	368896	1.1377088797417562E9	2.013501284257892E10
5423	12479	366848	1.1335719007611465E9	2.0076418972246773E10
7214	15270	366848	1.129458234312663E9	2.0018112865498425E10
1213	4657	364544	1.1253676945066798E9	1.9960092420518623E10
98	196	363520	1.1213000973978689E9	1.9902355556170822E10
1464	5430	360704	1.1172552609599175E9	1.984490021174036E10
10211	19902	360704	1.1132330050606284E9	1.978772434668137E10
5284	12271	360448	1.1092331514374156E9	1.973082594036758E10
8088	16473	360192	1.10525552367318E9	1.9674202991846855E10
681	2874	358656	1.1012999471725492E9	1.9617853519599293E10
7416	15557	357888	1.0973662491384964E9	1.956177556129905E10
2213	7127	352512	1.0934542585493057E9	1.950596717357956E10
3901	9924	352256	1.0895638061359015E9	1.9450426431802345E10
558	2504	349698	1.0856947243595173E9	1.939515142982914E10
2722	8111	348672	1.0818468473897092E9	1.934014027979746E10
2427	7571	346624	1.0780200110827048E9	1.9285391111899384E10
1054	4058	346368	1.0742140529600735E9	1.9230902074163593E10
1817	6350	346368	1.0704288121877301E9	1.9176671332240654E10
2069	6848	345344	1.0666641295552492E9	1.9122697069191334E10
7351	15475	345344	1.0629198474554904E9	1.9068977485278027E10
2913	8404	345088	1.0591958098645337E9	1.901551079775926E10
484	2041	344576	1.0554918623219118E9	1.8962295240687054E10
4826	11562	344320	1.0518078519111443E9	1.8909329064707336E10
418	1842	342272	1.0481436272405492E9	1.885661053686307E10
1218	4663	340992	1.0444990384243565E9	1.880413794040036E10
11	14	339456	1.0408739370640894E9	1.8751909574577236E10
425	1872	339200	1.0372681762302256E9	1.8699923754475185E10
124	278	338624	1.0336816104441308E9	1.8648178810813377E10
180	683	336640	1.0301140956602551E9	1.859667308976552E10
2428	7572	333568	1.0265654892485925E9	1.8545404952779293E10
4380	10794	332544	1.0230356499774003E9	1.849437277639841E10
208	777	332288	1.0195244379961624E9	1.8443574952087017E10
304	1464	329216	1.0160317148188126E9	1.8393009886056778E10
9013	17964	328960	1.0125573433071927E9	1.8342675999096188E10
105	217	328192	1.0091011876547574E9	1.8292571726402435E10
1272	4747	328192	1.0056631133705064E9	1.824269551741546E10
2143	6984	328192	1.0022429872631607E9	1.8193045835654453E10
4283	10615	328192	9.988406774255551E8	1.8143621158556545E10
25	32	327936	9.95456053219262E8	1.8094419977317738E10
1491	5492	327936	9.920889852594329E8	1.8045440796736065E10
4405	10840	327936	9.887393453998603E8	1.7996682135056927E10
5172	12079	327936	9.854070067182436E8	1.794814252382044E10
39	52	327680	9.820918435016776E8	1.7899820507711025E10
1788	6289	327680	9.787937312323387E8	1.785171464440901E10
6325	13767	327680	9.755125465733714E8	1.7803823504444153E10
10489	20312	327680	9.722481673549844E8	1.775614567105133E10
257	1237	326656	9.690004725607338E8	1.7708679740028053E10
10425	20214	326400	9.657693423140023E8	1.766142431959398E10
3956	10007	323584	9.625546578646667E8	1.7614378030252277E10
1874	6453	319380	9.59356301575958E8	1.756753950465295E10
7008	14900	317440	9.561741569114957E8	1.752090738745788E10
3663	9583	316672	9.530081084225088E8	1.7474480335207764E10
655	2819	316416	9.498580417352343E8	1.742825701619081E10
2842	8308	316160	9.467238435384874E8	1.7382236110313187E10
3022	8584	315392	9.436054015714079E8	1.733641630897121E10
184	690	310272	9.405026046113707E8	1.7290796314925198E10
1382	5056	308480	9.374153424620671E8	1.7245374842175037E10
1368	5002	308224	9.343435059417487E8	1.7200150615837395E10
539	2379	307200	9.312869868716297E8	1.7155122372024488E10
4400	10834	306944	9.282456780644534E8	1.7110288857724558E10
2958	8472	304640	9.252194733132077E8	1.7065648830683819E10
448	1930	304384	9.22208267380001E8	1.702120105929E10
1525	5551	303360	9.192119559850863E8	1.697694432245745E10
791	3307	301056	9.162304357960303E8	1.69328774095136E10
400	1784	300288	9.132636044170374E8	1.6888999120087107E10
1059	4130	299520	9.103113603784095E8	1.6845308263997276E10
1200	4628	299008	9.073736031261519E8	1.6801803661144997E10
2525	7713	298240	9.044502330117198E8	1.6758484141405113E10
1040	3999	295168	9.015411512818979E8	1.6715348544520115E10
2668	8001	294656	8.986462600688186E8	1.6672395719995222E10
785	3300	293888	8.957654623801147E8	1.6629624526994886E10
850	3447	293376	8.928986620891979E8	1.6587033834240484E10
1781	6259	293120	8.900457639256704E8	1.6544622519909435E10
3223	8895	293120	8.872066734658657E8	1.6502389471535582E10
4589	11172	289792	8.843812971235069E8	1.6460333585910774E10
768	3265	288768	8.81569542140496E8	1.6418453768987795E10
129	291	287232	8.787713165778208E8	1.6376748935784454E10
2341	7430	287232	8.759865293065808E8	1.6335218010288921E10
436	1889	285952	8.73215089999132E8	1.6293859925366243E10
114	243	285696	8.70456909120349E8	1.6252673622666058E10
369	1706	285696	8.67711897918996E8	1.6211658052531425E10
1488	5486	285184	8.64979968419215E8	1.6170812173908842E10
4760	11456	284928	8.622610334121256E8	1.6130134954259403E10
1802	6316	283904	8.595550064475255E8	1.6089625369470957E10
2627	7925	282880	8.568618018257098E8	1.6049282403771519E10
1973	6675	282752	8.541813345893857E8	1.600910504964363E10
3670	9595	282624	8.515135205156984E8	1.5969092307739832E10
1883	6471	281344	8.488582761083548E8	1.5929243186799187E10
181	684	280576	8.462155185898528E8	1.588955670356483E10
1444	5400	280128	8.435851658938041E8	1.5850031882702501E10
6444	13953	278528	8.409671366573614E8	1.581066775672015E10
170	637	277504	8.383613502137382E8	1.5771463365888445E10
444	1913	277248	8.357677265848224E8	1.5732417758162304E10
12032	22291	276736	8.331861864738896E8	1.569352998910339E10
3057	8642	275200	8.306166512584015E8	1.565479912180352E10
146	513	274944	8.280590429829015E8	1.5616224226809027E10
787	3302	274432	8.255132843519934E8	1.5577804382046015E10
3370	9116	274212	8.22979298723417E8	1.5539538672746582E10
260	1241	274176	8.204570101012006E8	1.5501426191375835E10
2891	8372	273664	8.179463431289084E8	1.546346603755989E10
1367	5000	273408	8.154472230829659E8	1.5425657318014652E10
724	3112	272640	8.129595758660719E8	1.5387999146475506E10
1599	5668	272640	8.104833280006919E8	1.5350490643627827E10
1221	4668	272384	8.080184066226314E8	1.5313130937038336E10
1422	5324	272128	8.055647394746898E8	1.5275919161087238E10
515	2151	271112	8.031222549003934E8	1.523885445690124E10
3907	9930	271104	8.006908818378031E8	1.5201935972287268E10
8695	17509	270848	7.982705498134019E8	1.5165162861667051E10
856	3455	270336	7.958611889360552E8	1.5128534286012455E10
2016	6739	270336	7.934627298910466E8	1.5092049412781563E10
2382	7509	269568	7.910751039341848E8	1.5055707415855522E10
1360	4983	269056	7.88698242885986E8	1.5019507475476154E10
690	2901	268800	7.863320791259216E8	1.4983448778184225E10
166	611	267008	7.839765455867438E8	1.4947530516758562E10
4905	11686	266752	7.816315757488717E8	1.4911751890155739E10
13	17	266240	7.792971036348522E8	1.4876112103450598E10
1863	6429	265984	7.769730638038833E8	1.4840610367777336E10
1021	3933	265728	7.746593913464062E8	1.4805245900271397E10
42	59	265472	7.723560218787632E8	1.4770017924011972E10
492	2050	264960	7.70062891537916E8	1.473492566796515E10
1394	5074	264704	7.677799369762295E8	1.4699968366927755E10
2935	8437	264704	7.655070953563232E8	1.4665145261471863E10
3709	9650	264448	7.632443043459723E8	1.463045559788986E10
455	1955	263936	7.609915021130822E8	1.4595898628140247E10
2771	8198	263808	7.587486273207148E8	1.456147360979397E10
1031	3955	263680	7.565156191221755E8	1.4527179805981394E10
2260	7246	263680	7.542924171561632E8	1.4493016485339958E10
1226	4673	263424	7.52078961541969E8	1.4458982921962265E10
8115	16519	263424	7.4987519287474E8	1.442507839534493E10
1144	4454	263168	7.476810522207936E8	1.4391302190337893E10
2723	8112	263168	7.454964811129899E8	1.4357653597094355E10
75	127	262656	7.433214215461552E8	1.4324131911021269E10
4247	10550	262656	7.411558159725642E8	1.4290736432730404E10
5749	12919	262656	7.389996072974694E8	1.4257466467989923E10
9535	18819	262656	7.368527388746871E8	1.4224321327676558E10
83	151	262440	7.347151545022321E8	1.4191300327728262E10
40	55	262400	7.325867984180039E8	1.4158402789097431E10
295	1452	262400	7.304676152955239E8	1.4125628037704636E10
498	2107	262400	7.283575502397214E8	1.4092975404392878E10
676	2857	262400	7.262565487827673E8	1.4060444224882328E10
1826	6360	262400	7.241645568799573E8	1.402803383972561E10
2673	8010	262400	7.220815209056423E8	1.3995743594263538E10
6645	14298	262400	7.20007387649205E8	1.3963572838581367E10
14	18	262144	7.17942104311082E8	1.3931520927465508E10
57	87	262144	7.158856184988343E8	1.3899587220360754E10
2226	7154	262144	7.138378782232586E8	1.3867771081327929E10
5596	12715	262144	7.117988318945472E8	1.3836071879002047E10
2148	6993	261312	7.097684283184885E8	1.3804488986550894E10
1007	3900	259072	7.07746616692711E8	1.3773021781634083E10
4298	10651	258816	7.057333466029721E8	1.3741669646362547E10
156	557	256256	7.037285680194882E8	1.3710431967258497E10
11850	22047	254976	7.017322312933015E8	1.367930813521574E10
272	1276	254720	6.997442871526974E8	1.3648297545460554E10
2550	7757	254464	6.977646866996521E8	1.3617399597512846E10
1294	4782	253952	6.957933814063269E8	1.3586613695147839E10
2880	8359	253952	6.938303231115994E8	1.3555939246358122E10
2134	6971	252928	6.918754640176333E8	1.3525375663316114E10
2795	8228	252416	6.899287566864879E8	1.3494922362336943E10
1707	6065	251392	6.879901540367618E8	1.3464578763841675E10
754	3243	250112	6.860596093402808E8	1.3434344292321053E10
2662	7992	245760	6.841370762188151E8	1.340421837629947E10
407	1798	245248	6.822225086408376E8	1.337420044829945E10
3574	9443	244992	6.803158609183165E8	1.3344289944806437E10
8118	16526	244992	6.784170877035443E8	1.3314486306234E10
1745	6147	242176	6.765261439859992E8	1.3284788976889355E10
1379	5051	242048	6.746429850892462E8	1.3255197404939339E10
4382	10796	241664	6.727675666678655E8	1.3225711042376642E10
792	3308	238336	6.708998447044196E8	1.3196329344986446E10
2687	8047	237824	6.690397755064529E8	1.3167051772313448E10
891	3573	237056	6.671873157035224E8	1.3137877787629162E10
1071	4181	237056	6.653424222442617E8	1.3108806857899601E10
1267	4739	236288	6.635050523934776E8	1.3079838453753296E10
4548	11101	236032	6.616751637292762E8	1.305097204944965E10
460	1970	235776	6.59852714140224E8	1.302220712284761E10
1014	3917	235776	6.580376618225353E8	1.2993543155374664E10
2043	6785	232960	6.56229965277292E8	1.2964979631996183E10
7644	15854	232448	6.544295833076967E8	1.2936516041185076E10
551	2495	230144	6.52636475016348E8	1.290815187489172E10
753	3242	229376	6.508505998025512E8	1.2879886628514242E10
1072	4183	229376	6.49071917359657E8	1.2851719800869125E10
3036	8612	229376	6.473003876724261E8	1.2823650894162046E10
1196	4618	228352	6.455359710144237E8	1.2795679413959072E10
2614	7896	227840	6.437786279454439E8	1.276780486915816E10
1839	6381	227072	6.420283193089551E8	1.2740026771960873E10
4781	11492	226816	6.402850062295824E8	1.2712344637844505E10
613	2637	225280	6.385486501106051E8	1.2684757985534336E10
706	3064	225280	6.368192126314932E8	1.2657266336976358E10
2724	8113	225280	6.35096655745458E8	1.2629869217310083E10
649	2749	222720	6.333809416770372E8	1.2602566154841776E10
740	3216	221952	6.316720329197026E8	1.2575356681017897E10
8731	17557	221952	6.299698922334918E8	1.25482403303988E10
49	73	221440	6.282744826426656E8	1.2521216640632732E10
1286	4768	221184	6.265857674333918E8	1.2494285152430082E10
5318	12322	221184	6.249037101514502E8	1.246744540953787E10
6224	13609	221184	6.232282745999632E8	1.2440696958714516E10
2060	6822	219648	6.215594248371514E8	1.2414039349704859E10
1089	4222	219392	6.198971251741096E8	1.2387472135215424E10
853	3450	218624	6.18241340172608E8	1.2360994870889915E10
6532	14104	218112	6.165920346429158E8	1.2334607115284988E10
1552	5594	217088	6.149491736416479E8	1.2308308429846252E10
6120	13432	217088	6.133127224696321E8	1.2282098378884485E10
7055	14989	215552	6.116826466698005E8	1.225597652955213E10
1900	6505	215040	6.100589120251014E8	1.2229942451819984E10
175	668	214784	6.084414845564324E8	1.2203995718454136E10
3380	9132	214528	6.068303305205958E8	1.2178135904993126E10
3545	9389	213248	6.052254164082757E8	1.2152362589725365E10
632	2697	212992	6.03626708942031E8	1.2126675353666685E10
2165	7021	212992	6.020341750743177E8	1.2101073780538246E10
4408	10846	212992	6.004477819855213E8	1.2075557456744516E10
6779	14501	212992	5.988674970820178E8	1.2050125971351576E10
9495	18756	212736	5.972932879942482E8	1.2024778916065577E10
1012	3912	212224	5.957251225748173E8	1.199951588521144E10
1266	4738	211968	5.941629688966078E8	1.197433647571173E10
2156	7011	211776	5.926067952509167E8	1.1949240287065775E10
7533	15717	211712	5.910565701456087E8	1.1924226921328957E10
2267	7260	210176	5.895122623032883E8	1.1899295983092216E10
4443	10921	210176	5.879738406594917E8	1.1874447079461748E10
5873	13083	209952	5.864412743608952E8	1.1849679820038916E10
1522	5539	209664	5.84914532763541E8	1.1824993816900297E10
1756	6192	208896	5.833935854310857E8	1.180038868457804E10
33	45	207616	5.81878402133059E8	1.1775864040040262E10
1409	5109	207360	5.803689528431447E8	1.1751419502671745E10
2379	7502	206336	5.78865207737479E8	1.1727054694254787E10
136	302	206080	5.77367137192962E8	1.1702769238950191E10
3611	9503	206080	5.758747117855909E8	1.1678562763278536E10
638	2707	204800	5.743879022888042E8	1.1654434896101479E10
1703	6059	204800	5.729066796718489E8	1.163038526860342E10
4918	11706	204800	5.714310150981565E8	1.160641351427315E10
7437	15589	204800	5.699608799237422E8	1.1582519268885826E10
840	3404	204288	5.684962456956139E8	1.1558702170485027E10
256	1236	204032	5.670370841502006E8	1.1534961859365017E10
1564	5610	203264	5.655833672117953E8	1.1511297978053162E10
38	50	203040	5.641350669910123E8	1.1487710171292519E10
1001	3857	202752	5.626921557832606E8	1.1464198086024584E10
594	2576	201728	5.612546060672318E8	1.144076137137221E10
2886	8365	201472	5.598223905034024E8	1.141739967862267E10
4467	10965	201472	5.58395481932553E8	1.1394112661210905E10
2429	7573	201216	5.569738533742976E8	1.1370899974702898E10
3898	9916	201216	5.555574780256314E8	1.134776127677922E10
556	2501	200704	5.541463292594895E8	1.132469622721872E10
3690	9619	200704	5.527403806233231E8	1.130170448788239E10
325	1503	200192	5.513396058376852E8	1.1278785722697344E10
31	42	199936	5.49943978794833E8	1.1255939597640974E10
10	13	199728	5.485534735573438E8	1.1233165780725256E10
135	299	199680	5.471680643567419E8	1.121046394198115E10
3162	8803	199680	5.457877255921413E8	1.1187833753443224E10
113	239	199424	5.444124318288985E8	1.116527488913435E10
3001	8551	199168	5.430421577972826E8	1.1142787025050577E10
5825	13019	198912	5.416768783911531E8	1.1120369839146145E10
276	1294	198656	5.403165686666534E8	1.1098023011318588E10
10316	20057	198656	5.389612038409169E8	1.1075746223394068E10
263	1249	198400	5.376107592907835E8	1.1053539159112736E10
898	3586	198400	5.362652105515299E8	1.1031401504114302E10
20	25	198144	5.3492453331561077E8	1.10093329459237E10
1404	5103	198144	5.335887034314138E8	1.0987333173936907E10
134	298	197888	5.3225769690202343E8	1.0965401879406853E10
1734	6126	197888	5.309314898839996E8	1.0943538755429512E10
3820	9806	197888	5.296100586861656E8	1.0921743496930079E10
5611	12734	197888	5.2829337976840913E8	1.0900015800649286E10
148	523	197760	5.269814297404911E8	1.0878355365129814E10
3856	9848	197632	5.2567418536087143E8	1.085676189070289E10
11795	21976	197632	5.2437162353554165E8	1.083523507947496E10
4118	10273	197376	5.230737213168674E8	1.0813774635314459E10
2150	6995	197120	5.217804559024468E8	1.0792380263838764E10
3840	9827	197120	5.204918046339739E8	1.0771051672401209E10
9713	19113	197120	5.192077449961169E8	1.0749788570078243E10
21	26	196864	5.1792825461540353E8	1.0728590667656689E10
86	159	196864	5.166533112591202E8	1.0707457677621136E10
313	1477	196864	5.153828928342178E8	1.0686389314141417E10
339	1564	196864	5.1411697738623106E8	1.0665385293060232E10
340	1569	196864	5.128555430982041E8	1.064444533188082E10
2533	7725	196864	5.1159856828963023E8	1.0623569149754833E10
4171	10384	196864	5.1034603141539735E8	1.060275646747022E10
4927	11719	196864	5.090979110647464E8	1.0582007007439293E10
30	38	196608	5.07854185960237E8	1.0561320493686853E10
50	74	196608	5.066148349567243E8	1.054069665183844E10
132	295	196608	5.0537983704034346E8	1.0520135209108673E10
163	592	196608	5.0414917132750565E8	1.0499635894289722E10
375	1721	196608	5.0292281706390095E8	1.0479198437739843E10
402	1787	196608	5.0170075362351125E8	1.0458822571372025E10
493	2052	196608	5.0048296050763345E8	1.0438508028642763E10
528	2193	196608	4.9926941734390944E8	1.0418254544540905E10
545	2426	196608	4.980601038853651E8	1.0398061855576561E10
1590	5653	196608	4.968550000094603E8	1.0377929699770193E10
2983	8517	196608	4.95654085717145E8	1.0357857816641748E10
3785	9760	196608	4.944573411319243E8	1.0337845947199852E10
4177	10397	196608	4.932647464989335E8	1.031789383393118E10
4329	10695	196608	4.920762821840194E8	1.0298001220789846E10
4949	11745	196608	4.908919286728309E8	1.0278167853186916E10
6961	14816	196608	4.897116665699189E8	1.0258393477980024E10
11458	21502	196608	4.885354765978412E8	1.0238677843463037E10
2500	7670	196096	4.873633395962793E8	1.0219020699355858E10
6066	13343	194560	4.861952365211597E8	1.019942179679427E10
1605	5675	194304	4.850311484437844E8	1.0179880888319891E10
2744	8148	193024	4.8387105654997087E8	1.0160397727870241E10
2508	7679	192256	4.8271494213919514E8	1.0140972070768805E10
674	2854	191488	4.8156278662374884E8	1.0121603673715313E10
5416	12469	191232	4.804145715278975E8	1.0102292294775976E10
1995	6713	190976	4.792702784870497E8	1.0083037693373875E10
4436	10911	190592	4.7812988924693424E8	1.0063839630279432E10
4236	10530	189696	4.769933856627816E8	1.0044697867600922E10
9711	19108	189184	4.758607496985157E8	1.0025612168775114E10
3491	9304	188928	4.747319634259504E8	1.0006582298557945E10
5715	12876	188928	4.736070090239946E8	9.987608023015303E9
487	2044	187136	4.7248586877786356E8	9.968689109513878E9
5135	12021	187136	4.7136852507829726E8	9.94982532671209E9
2695	8061	186880	4.7025496042078674E8	9.931016444551105E9
6927	14751	186368	4.691451574048046E8	9.912262234245897E9
2516	7693	184320	4.68039098733045E8	9.893562468276419E9
8179	16629	183040	4.669367672106684E8	9.87491692037881E9
3772	9739	182528	4.658381457445542E8	9.85632536553673E9
4829	11569	182528	4.6474321734255946E8	9.837787579972721E9
1558	5603	182272	4.6365196511278284E8	9.819303341139639E9
2050	6799	182016	4.625643722628364E8	9.800872427712187E9
1766	6221	181760	4.614804220991244E8	9.782494619578518E9
2410	7545	181504	4.604000980261252E8	9.764169697831854E9
405	1791	181248	4.5932338354568297E8	9.745897444762255E9
809	3336	180736	4.582502622563031E8	9.727677643848387E9
1230	4680	180736	4.571807178524551E8	9.7095100797494E9
630	2688	180480	4.5611473412388057E8	9.691394538296862E9
17	22	180232	4.5505229495490694E8	9.673330806486734E9
998	3851	180224	4.539933843237686E8	9.655318672471462E9
6250	13646	179968	4.529379863019322E8	9.637357925552092E9
794	3313	179456	4.5188608505342823E8	9.619448356170448E9
3395	9155	179456	4.508376648341888E8	9.601589755901424E9
2100	6893	178944	4.4979270999139106E8	9.583781917445276E9
3492	9305	177664	4.487512049628047E8	9.56602463462001E9
6664	14325	177472	4.4771313427614695E8	9.548317702353832E9
3500	9316	177408	4.466784825484431E8	9.53066091667767E9
1846	6388	175616	4.456472344853894E8	9.513054074717691E9
2300	7332	174080	4.446193748807255E8	9.495496974687996E9
12725	23215	173824	4.4359488861560977E8	9.477989415883257E9
554	2498	173312	4.425737606580002E8	9.46053119867149E9
1661	5786	173184	4.4155597606204045E8	9.443122124486847E9
3096	8708	173056	4.4054151996745235E8	9.425761995822493E9
472	2007	172032	4.395303775989307E8	9.408450616223505E9
3013	8569	172032	4.385225342655469E8	9.391187790279879E9
1716	6076	171528	4.375179753601552E8	9.373973323619549E9
1762	6203	170752	4.365166863588029E8	9.356807022901472E9
2375	7497	170240	4.3551865282014894E8	9.33968869580879E9
2513	7687	169984	4.3452386038488376E8	9.322618151042019E9
1243	4700	169728	4.3353229477515686E8	9.30559519831231E9
70	111	168704	4.32543941794007E8	9.288619648334753E9
996	3848	168704	4.315587873247982E8	9.271691312821747E9
4641	11260	168448	4.305768173306606E8	9.254810004476412E9
4226	10497	168192	4.295980178539349E8	9.23797553698605E9
6808	14551	167936	4.286223750156231E8	9.221187725015686E9
414	1835	166656	4.276498750148417E8	9.204446384201609E9
2621	7911	166656	4.2668050412828094E8	9.187751331145018E9
10436	20231	165888	4.257142487096685E8	9.171102383405685E9
2142	6983	165632	4.247510951892363E8	9.154499359495676E9
1928	6568	165120	4.237910300731937E8	9.137942078873135E9
3912	9942	165120	4.2283403994320303E8	9.121430361936092E9
1656	5778	164864	4.2188011145586E8	9.104964030016333E9
2677	8016	164352	4.2092923134217983E8	9.088542905373325E9
72	116	164096	4.1998138640708566E8	9.07216681118818E9
5659	12797	164096	4.1903656352890205E8	9.05583557155767E9
3239	8918	163840	4.1809474965885216E8	9.039549011488277E9
3900	9919	163840	4.171559318205601E8	9.023306956890308E9
4469	10967	163840	4.162200971095558E8	9.00710923457205E9
10782	20689	163840	4.152872326927849E8	8.990955672233953E9
2248	7203	163584	4.143573258081227E8	8.974846098462889E9
1229	4678	161792	4.1343036376389194E8	8.958780342726442E9
2337	7418	161280	4.125063339383832E8	8.942758235367214E9
2359	7473	161280	4.115852237793813E8	8.926779607597233E9
440	1902	160768	4.106670208036945E8	8.910844291492357E9
9917	19444	160768	4.097517125966864E8	8.894952119986727E9
590	2568	160512	4.0883928681181407E8	8.879102926867287E9
1723	6099	160000	4.0792973117016864E8	8.863296546768349E9
3745	9701	159744	4.070230334600174E8	8.847532815166128E9
5491	12568	159744	4.06119181536354E8	8.831811568373434E9
7489	15659	159744	4.0521816332044864E8	8.816132643534302E9
688	2899	157952	4.0431996679940414E8	8.800495878618736E9
5443	12501	157952	4.034245800257127E8	8.784901112417429E9
384	1746	157184	4.025319911168209E8	8.769348184536602E9
2570	7794	157184	4.016421882546919E8	8.753836935392788E9
1397	5079	156928	4.007551596853776E8	8.738367206207745E9
1475	5466	155904	3.9987089371858954E8	8.722938839003347E9
2613	7894	155904	3.989893787272748E8	8.707551676596542E9
1228	4677	155648	3.981106031471964E8	8.69220556259435E9
2934	8436	155648	3.97234555476514E8	8.676900341388865E9
4570	11145	155648	3.963612242753719E8	8.661635858152346E9
4752	11443	155648	3.9549059816548723E8	8.64641195883231E9
5342	12356	155648	3.946226658297417E8	8.631228490146667E9
6266	13670	155648	3.9375741601177865E8	8.616085299578905E9
6251	13649	155392	3.928948375156011E8	8.600982235373302E9
966	3762	155136	3.9203491920517343E8	8.585919146530161E9
3703	9644	154624	3.911776500040275E8	8.570895882801115E9
9491	18747	154240	3.903230188948693E8	8.5559122946844225E9
1801	6315	153600	3.894710149191921E8	8.540968233420355E9
6073	13353	153344	3.886216271768887E8	8.5260635509865465E9
1283	4765	153088	3.87774844825871E8	8.51119810009346E9
7443	15598	152576	3.8693065708168805E8	8.496371734179811E9
1952	6629	152320	3.8608905321715134E8	8.481584307408085E9
1856	6407	151553	3.852500225619593E8	8.466835674660038E9
1245	4704	151552	3.8441355450232714E8	8.452125691532278E9
5786	12969	151552	3.835796384806198E8	8.437454214331861E9
500	2110	150784	3.827482639949843E8	8.422821100071883E9
67	103	150272	3.8191942059898984E8	8.40822620646717E9
222	816	150272	3.810930979012673E8	8.3936693919299555E9
3816	9801	150272	3.8026928556515217E8	8.379150515565608E9
637	2706	150016	3.794479733083306E8	8.364669437168363E9
967	3764	149760	3.7862915090248924E8	8.350226017217143E9
2975	8508	149504	3.778128081729648E8	8.335820116871336E9
4720	11388	149504	3.7699893499839973E8	8.321451597966671E9
948	3724	149248	3.761875213103977E8	8.307120323011071E9
2286	7303	149248	3.753785570931845E8	8.292826155180586E9
2198	7091	148737	3.745720323832687E8	8.2785689583153105E9
2571	7795	148736	3.737679372691062E8	8.264348596915343E9
2835	8297	148720	3.7296626189076877E8	8.250164936136812E9
477	2015	148480	3.7216699643961155E8	8.23601784178787E9
4524	11060	148480	3.7137013115794766E8	8.221907180324776E9
7352	15477	148480	3.7057565633872116E8	8.207832818847956E9
4957	11757	148224	3.697835623251845E8	8.193794625098127E9
1536	5564	147968	3.689938395105788E8	8.179792467452434E9
3121	8743	147968	3.6820647833781505E8	8.165826214920614E9
6472	13999	147968	3.6742146929915863E8	8.151895737141194E9
912	3614	147456	3.666388029359172E8	8.138000904377729E9
1019	3931	147456	3.658584698381285E8	8.124141587515025E9
1215	4660	147456	3.650804606442527E8	8.110317658055439E9
2866	8341	147456	3.643047660408659E8	8.0965289881151705E9
3727	9674	147456	3.635313767623564E8	8.082775450420604E9
5396	12435	147456	3.627602835906234E8	8.069056918304659E9
6080	13367	147456	3.619914773547768E8	8.055373265703167E9
7815	16086	147456	3.612249489308418E8	8.041724367151306E9
8642	17429	147456	3.6046068924146235E8	8.028110097780006E9
875	3505	146176	3.596986892556091E8	8.014530333312425E9
7174	15206	146176	3.589389399882899E8	8.00098495006044E9
6284	13695	145664	3.5818143250025964E8	7.9874738249211445E9
5500	12578	145408	3.574261578977364E8	7.973996835373402E9
373	1716	145152	3.5667310733211535E8	7.960553859474388E9
938	3685	145152	3.55922271999688E8	7.947144775856185E9
1277	4758	144896	3.551736431413627E8	7.933769463722402E9
8379	16971	144896	3.5442721204238564E8	7.920427802844786E9
2416	7557	143360	3.5368297003206646E8	7.907119673559898E9
4015	10100	143360	3.5294090848350406E8	7.89384495676579E9
3818	9803	142848	3.52201018813315E8	7.880603533918703E9
14538	26854	142336	3.5146329248136365E8	7.8673952870297985E9
5714	12874	142080	3.507277209904957E8	7.854220098661918E9
376	1727	141568	3.4999429588627076E8	7.84107785192634E9
7051	14985	141312	3.4926300875670046E8	7.827968430479598E9
45	68	141056	3.4853385123198515E8	7.814891718520275E9
1249	4712	140800	3.478068149842553E8	7.801847600785872E9
2690	8052	140800	3.470818917273128E8	7.788835962549644E9
10279	20001	140800	3.4635907321637547E8	7.7758566896175165E9
97	195	140608	3.4563835124782217E8	7.762909668324957E9
58	88	140544	3.4491971765894103E8	7.749994785533936E9
883	3553	140288	3.442031643276792E8	7.737111928629859E9
1566	5615	140288	3.4348868317239374E8	7.724260985518552E9
1864	6431	140288	3.427762661516044E8	7.711441844623234E9
3150	8785	140032	3.4206590526374954E8	7.698654394881548E9
746	3228	139776	3.4135759254694253E8	7.685898525742596E9
1233	4685	139520	3.406513200787297E8	7.6731741271639805E9
3562	9425	139520	3.399470799758513E8	7.660481089608895E9
2475	7641	139392	3.3924486439400303E8	7.647819304043206E9
22	27	139264	3.385446655275996E8	7.635188661932575E9
2024	6756	139264	3.3784647560954124E8	7.622589055239607E9
2040	6778	139264	3.3715028691097885E8	7.610020376420977E9
3007	8560	139264	3.3645609174108464E8	7.597482518424628E9
3045	8624	139264	3.357638824468214E8	7.584975374686962E9
5473	12542	139264	3.350736514127155E8	7.572498839130053E9
4683	11333	138752	3.3438539106062955E8	7.560052806158872E9
6705	14381	138560	3.336990938495381E8	7.54763717065854E9
7342	15465	138496	3.3301475227530557E8	7.53525182799162E9
2424	7568	138240	3.323323588704631E8	7.522896673995369E9
1392	5071	137984	3.3165190620399E8	7.510571604979084E9
5001	11829	137984	3.3097338688109463E8	7.498276517721397E9
6403	13878	137728	3.302967935429981E8	7.486011309467642E9
8497	17175	137728	3.296221188667193E8	7.47377587792721E9
94	188	137472	3.289493555648601E8	7.461570121270912E9
217	802	137472	3.282784963853947E8	7.449393938128422E9
1113	4293	137216	3.2760953411145747E8	7.437247227585637E9
2526	7714	137216	3.2694246156113476E8	7.425129889182148E9
172	646	136960	3.26277271587257E8	7.413041822908683E9
1698	6041	136960	3.256139570771923E8	7.40098292920457E9
10114	19752	136960	3.249525109526419E8	7.388953108955226E9
2362	7477	136448	3.242929261694364E8	7.376952263489655E9
595	2578	136192	3.236351957173347E8	7.364980294577974E9
1028	3951	135936	3.229793126198223E8	7.35303710442894E9
8697	17511	135936	3.2232526993391347E8	7.341122595687503E9
895	3583	135680	3.2167306074995285E8	7.329236671432392E9
2730	8121	135680	3.210226781914194E8	7.317379235173671E9
2973	8505	135680	3.2037411541473126E8	7.305550190850359E9
5343	12357	135680	3.197273656090526E8	7.293749442828049E9
80	144	135424	3.190824219961009E8	7.281976895896525E9
127	286	135424	3.184392778299566E8	7.270232455267428E9
918	3632	135424	3.177979263968738E8	7.258516026571922E9
1822	6356	135424	3.171583610150904E8	7.246827515858342E9
2676	8015	135424	3.1652057503464407E8	7.235166829589939E9
6968	14824	135424	3.158845618371835E8	7.223533874642544E9
10925	20861	135424	3.152503148357862E8	7.211928558302325E9
1167	4544	135168	3.1461782747477543E8	7.200350788263526E9
2001	6719	135168	3.1398709322953665E8	7.188800472626195E9
3958	10010	135168	3.1335810560633934E8	7.177277519893995E9
4703	11363	135168	3.1273085814215595E8	7.165781838971956E9
9514	18784	135168	3.121053444044845E8	7.154313339164292E9
5580	12692	134912	3.1148155799117255E8	7.142871930172224E9
198	745	134656	3.108594925302402E8	7.131457522091782E9
1157	4511	134656	3.1023914167970645E8	7.12007002541167E9
1811	6337	134656	3.096204991274162E8	7.10870935101112E9
4374	10786	134656	3.090035585908682E8	7.097375410157763E9
59	89	134144	3.083883138170434E8	7.086068114505504E9
108	225	134144	3.077747585822368E8	7.074787376092443E9
4822	11556	134144	3.0716288669188756E8	7.063533107338763E9
504	2120	133632	3.065526919804124E8	7.05230522104468E9
1842	6384	133632	3.0594416831103987E8	7.0411036303883705E9
2348	7456	133632	3.053373095756437E8	7.029928248923921E9
5218	12145	133632	3.0473210969458073E8	7.018778990579311E9
35	47	133376	3.041285626165267E8	7.007655769654377E9
5897	13114	133376	3.035266623183151E8	6.996558500818814E9
115	252	133120	3.0292640280477685E8	6.985487099110185E9
296	1453	133120	3.023277781085805E8	6.974441479931936E9
367	1701	133120	3.017307822900732E8	6.963421559051419E9
370	1708	133120	3.0113540943712443E8	6.952427252597959E9
1224	4671	133120	3.0054165366496897E8	6.941458477060895E9
10449	20252	133120	2.9994950911605155E8	6.930515149287649E9
7	9	132864	2.9935896995987326E8	6.91959718648182E9
82	149	132864	2.987700303928376E8	6.908704506201265E9
179	681	132608	2.9818268463809955E8	6.897837026356227E9
377	1729	132608	2.975969269454127E8	6.886994665207425E9
174	665	132352	2.9701275159098065E8	6.876177341364212E9
177	679	132352	2.964301528773075E8	6.865384973782704E9
283	1312	132352	2.958491251330492E8	6.854617481763943E9
284	1313	132352	2.9526966271286714E8	6.843874784952049E9
1627	5719	132352	2.9469175999728185E8	6.833156803332426E9
2218	7136	132352	2.9411541139252746E8	6.822463457229922E9
8388	16989	132144	2.9354061133040816E8	6.811794667307054E9
12	16	132096	2.929673542681543E8	6.801150354562206E9
34	46	132096	2.9239563468828076E8	6.790530440327864E9
56	84	132096	2.918254470984455E8	6.779934846268851E9
205	771	132096	2.912567860313085E8	6.769363494380567E9
210	789	132096	2.90689646044393E8	6.758816306987247E9
1179	4569	132096	2.90124021719947E8	6.748293206740248E9
2981	8514	132096	2.895599076648055E8	6.737794116616308E9
9114	18125	132096	2.889972985102534E8	6.727318959915849E9
462	1982	131968	2.8843618891189057E8	6.716867660261272E9
24	31	131840	2.878765735494958E8	6.706440141595276E9
36	48	131840	2.873184471268938E8	6.696036328179177E9
73	122	131840	2.867618043718217E8	6.685656144591247E9
96	194	131840	2.86206640035797E8	6.675299515725056E9
543	2418	131840	2.856529488939852E8	6.664966366787813E9
616	2642	131840	2.8510072574507093E8	6.654656623298763E9
4360	10754	131840	2.845499654111268E8	6.644370211087526E9
4391	10812	131840	2.840006627374859E8	6.634107056292519E9
4403	10838	131840	2.834528125926122E8	6.623867085359309E9
4650	11273	131840	2.829064098679748E8	6.613650225039058E9
6280	13688	131840	2.823614494779212E8	6.603456402386913E9
123	272	131584	2.8181792635955185E8	6.593285544760455E9
224	818	131584	2.812758354725952E8	6.583137579818109E9
285	1316	131584	2.8073517179928386E8	6.573012435517594E9
335	1556	131584	2.80195930344232E8	6.562910040114397E9
854	3452	131584	2.796581061343128E8	6.552830322160218E9
2276	7276	131584	2.7912169421853715E8	6.5427732105014515E9
5005	11834	131584	2.785866896679323E8	6.532738634277662E9
7062	15005	131584	2.780530875754232E8	6.522726522920093E9
8434	17070	131584	2.775208830557123E8	6.51273680615015E9
2251	7212	131360	2.769900712451619E8	6.502769413977924E9
92	175	131328	2.7646064730167574E8	6.492824276700704E9
168	625	131328	2.759326064045831E8	6.482901324901512E9
281	1309	131328	2.7540594375452256E8	6.473000489447645E9
300	1459	131328	2.7488065457332575E8	6.463121701489209E9
314	1480	131328	2.743567341039044E8	6.453264892457693E9
318	1485	131328	2.738341776101349E8	6.443429994064518E9
336	1559	131328	2.733129803767457E8	6.433616938299616E9
342	1589	131328	2.727931377092058E8	6.423825657430027E9
378	1733	131328	2.722746449336117E8	6.414056083998463E9
398	1778	131328	2.7175749739657736E8	6.404308150821936E9
499	2108	131328	2.7124169046512353E8	6.394581790990348E9
535	2269	131328	2.7072721952656853E8	6.384876937865114E9
586	2553	131328	2.702140799884192E8	6.375193525077792E9
620	2648	131328	2.697022672782624E8	6.365531486528706E9
1609	5680	131328	2.691917768436584E8	6.355890756385602E9
1628	5723	131328	2.6868260415203327E8	6.346271269082286E9
1783	6261	131328	2.6817474469057336E8	6.336672959317293E9
3229	8903	131328	2.676681939661193E8	6.327095762052542E9
3565	9431	131328	2.6716294750506186E8	6.317539612512024E9
4474	10975	131328	2.6665900085323703E8	6.3080044461804695E9
7486	15655	131328	2.6615634957582372E8	6.298490198802059E9
8307	16831	131328	2.6565498925723985E8	6.288996806379103E9
12346	22717	131328	2.6515491550104082E8	6.279524205170756E9
23	29	131072	2.6465612392981791E8	6.27007233169174E9
27	34	131072	2.6415861018509734E8	6.260641122711048E9
155	555	131072	2.6366236992724022E8	6.251230515250689E9
235	1114	131072	2.6316739883534262E8	6.241840446584417E9
301	1460	131072	2.6267369260713673E8	6.232470854236477E9
302	1462	131072	2.621812469588927E8	6.223121675980361E9
319	1488	131072	2.6169005762532106E8	6.213792849837573E9
350	1649	131072	2.612001203594749E8	6.204484314076379E9
386	1749	131072	2.607114309326539E8	6.195196007210595E9
470	1999	131072	2.6022398513430828E8	6.185927867998369E9
608	2612	131072	2.597377787719436E8	6.176679835440964E9
686	2895	131072	2.5925280767102608E8	6.167451848781566E9
728	3134	131072	2.5876906767488793E8	6.158243847504066E9
819	3359	131072	2.5828655464463437E8	6.149055771331896E9
834	3389	131072	2.578052644590506E8	6.139887560226827E9
933	3676	131072	2.5732519301450935E8	6.130739154387808E9
944	3707	131072	2.56846336224879E8	6.121610494249792E9
976	3794	131072	2.5636869002143216E8	6.112501520482567E9
1076	4190	131072	2.5589225035275546E8	6.103412173989615E9
1183	4583	131072	2.5541701318465894E8	6.094342395906956E9
1261	4729	131072	2.5494297450008726E8	6.0852921276020155E9
1639	5739	131072	2.5447013029902926E8	6.076261310672471E9
1649	5763	131072	2.5399847659843132E8	6.067249886945154E9
1712	6072	131072	2.5352800943210787E8	6.0582577984749E9
1725	6102	131072	2.530587248506551E8	6.049284987543459E9
1761	6200	131072	2.525906189213633E8	6.040331396658364E9
2131	6966	131072	2.5212368772813123E8	6.031396968551851E9
2542	7743	131072	2.5165792737137994E8	6.022481646179751E9
2598	7859	131072	2.5119333396796772E8	6.01358537272041E9
3828	9814	131072	2.5072990365110537E8	6.0047080915736E9
4378	10790	131072	2.5026763257027155E8	5.995849746359444E9
4461	10954	131072	2.4980651689113006E8	5.987010280917357E9
4738	11420	131072	2.4934655279544544E8	5.978189639304966E9
4811	11536	131072	2.4888773648100117E8	5.969387765797066E9
5034	11872	131072	2.4843006416151735E8	5.960604604884564E9
5894	13111	131072	2.479735320665686E8	5.951840101273437E9
6480	14017	131072	2.4751813644150385E8	5.9430941998836975E9
6568	14169	131072	2.4706387354736415E8	5.93436684584834E9
7524	15704	131072	2.4661073966080403E8	5.925657984512347E9
7527	15709	131072	2.4615873107401073E8	5.91696756143164E9
7682	15914	131072	2.4570784409462547E8	5.908295522372079E9
7942	16253	131072	2.4525807504566464E8	5.899641813308453E9
8271	16780	131072	2.4480942026544115E8	5.891006380423466E9
8387	16988	131072	2.4436187610748753E8	5.882389170106758E9
8435	17071	131072	2.439154389404777E8	5.873790128953904E9
8464	17120	131072	2.434701051481503E8	5.865209203765416E9
8702	17516	131072	2.4302587112923265E8	5.856646341545783E9
9160	18191	131072	2.4258273329736465E8	5.84810148950249E9
10000	19569	131072	2.4214068808102342E8	5.839574595045046E9
10564	20426	131072	2.4169973192344746E8	5.831065605784015E9
11279	21293	131072	2.4125986128256354E8	5.822574469530074E9
12009	22252	131072	2.408210726309113E8	5.81410113429305E9
12709	23193	131072	2.4038336245556992E8	5.805645548280967E9
14096	26174	131072	2.3994672725808504E8	5.797207659899116E9
14815	27868	131072	2.395111635543964E8	5.788787417749123E9
15514	28567	131072	2.3907666787476444E8	5.780384770628002E9
643	2714	130304	2.3864323676369867E8	5.771999667527235E9
1608	5678	128000	2.382108667798869E8	5.763632057631863E9
4092	10223	128000	2.3777955449612346E8	5.755281890319556E9
6094	13385	127744	2.373492964992385E8	5.746949115159713E9
1785	6263	127488	2.369200893900282E8	5.738633681912553E9
2053	6803	127488	2.364919297831845E8	5.730335540528214E9
2404	7538	126976	2.3606481430722573E8	5.7220546411458645E9
3961	10013	126976	2.3563873960442802E8	5.713790934092806E9
4136	10311	126976	2.3521370233075657E8	5.705544369883602E9
4435	10910	126976	2.3478969915579692E8	5.697314899219181E9
4725	11398	126208	2.3436672676268753E8	5.689102472985969E9
5277	12262	125952	2.339447818480532E8	5.680907042255036E9
2956	8469	125184	2.3352386112193632E8	5.672728558281201E9
4445	10924	125184	2.33103961307732E8	5.6645669725022E9
1020	3932	124928	2.3268507914212078E8	5.656422236537814E9
5911	13129	124928	2.3226721137500346E8	5.648294302189029E9
9	12	124416	2.318503547694352E8	5.640183121437182E9
2122	6939	124416	2.3143450610156053E8	5.632088646443124E9
5536	12626	124160	2.310196621605494E8	5.624010829546393E9
4193	10436	123392	2.3060581974853185E8	5.615949623264367E9
5951	13184	123392	2.3019297568053463E8	5.607904980291446E9
10188	19864	123136	2.2978112678441802E8	5.599876853498233E9
101	205	122880	2.2937026990081188E8	5.591865195930709E9
5325	12334	122880	2.2896040188305342E8	5.583869960809424E9
9948	19484	122880	2.285515195971247E8	5.575891101528693E9
2234	7176	121856	2.2814361992159048E8	5.567928571655785E9
1841	6383	121600	2.2773669974753642E8	5.559982324930123E9
2595	7853	121344	2.2733075597850797E8	5.5520523152625E9
1838	6380	120320	2.269257855304492E8	5.544138496734276E9
698	2920	120128	2.2652178533164233E8	5.536240823596598E9
1282	4763	120064	2.2611875232264742E8	5.528359250269621E9
5563	12670	120064	2.257166834562422E8	5.5204937313417225E9
5908	13126	119808	2.2531557569736287E8	5.512644221568736E9
2946	8452	119296	2.2491542602304438E8	5.504810675873178E9
1638	5738	119040	2.2451623142236203E8	5.496993049343485E9
2900	8386	119040	2.241179888963726E8	5.489191297233254E9
4567	11139	119040	2.237206954580566E8	5.481405374960491E9
1237	4691	118784	2.233243481322595E8	5.473635238106846E9
2304	7337	118784	2.2292894395563492E8	5.465880842416874E9
2388	7516	118784	2.2253447997658727E8	5.458142143797292E9
3142	8773	118784	2.2214095325521493E8	5.450419098316241E9
14310	26488	118784	2.217483608632528E8	5.44271166220253E9
2274	7271	118272	2.213566998840179E8	5.435019791844943E9
1584	5641	118016	2.209659674123513E8	5.42734344379147E9
9735	19143	117504	2.205761605545645E8	5.419682574748613E9
833	3388	117248	2.201872764283825E8	5.412037141580649E9
5542	12636	117248	2.1979931216288975E8	5.404407101308925E9
1511	5519	116992	2.194122648984759E8	5.396792411111143E9
2864	8339	116992	2.1902613178677994E8	5.389193028320642E9
12505	22927	116992	2.1864090999063784E8	5.381608910425713E9
2976	8509	116736	2.182565966840278E8	5.374040015068878E9
5000	11828	116736	2.1787318905201715E8	5.366486300046213E9
805	3329	116224	2.1749068429070923E8	5.358947723306635E9
609	2614	115968	2.1710907960719067E8	5.351424242951231E9
9372	18558	115968	2.167283722194787E8	5.343915817232565E9
3664	9584	115712	2.1634855935646898E8	5.336422404553988E9
1275	4750	115200	2.159696382578838E8	5.328943963468981E9
6150	13488	114944	2.155916061742206E8	5.321480452680461E9
972	3784	114688	2.1521446036669973E8	5.3140318310401125E9
1809	6332	114688	2.1483819810721517E8	5.306598057547741E9
2224	7152	114688	2.1446281667828172E8	5.299179091350577E9
2652	7968	114688	2.1408831337298584E8	5.2917748917426405E9
4007	10091	114688	2.1371468549493548E8	5.284385418164083E9
4415	10857	114688	2.133419303582094E8	5.277010630200516E9
5794	12978	114688	2.1297004528730837E8	5.269650487582389E9
7171	15201	114688	2.125990276171052E8	5.262304950184321E9
8609	17379	114688	2.122288746927958E8	5.254973978024464E9
9743	19157	114688	2.1185958386985105E8	5.247657531263874E9
11598	21704	114688	2.114911525139671E8	5.240355570205863E9
947	3720	114432	2.1112357800101838E8	5.233068055295374E9
4480	10983	114432	2.1075685771700865E8	5.225794947118351E9
1109	4278	114176	2.103909890580239E8	5.218536206401111E9
5628	12755	113920	2.1002596943018425E8	5.211291794009721E9
796	3316	113664	2.0966179624959767E8	5.204061670949385E9
5123	12003	113152	2.092984669423123E8	5.196845798363825E9
8606	17373	112896	2.089359789442705E8	5.189644137534673E9
941	3701	111872	2.0857432970126155E8	5.182456649880851E9
1048	4039	111616	2.0821351666887638E8	5.175283296957977E9
5031	11867	111616	2.07853537312461E8	5.168124040457755E9
8319	16852	111104	2.074943891070714E8	5.160978842207379E9
901	3593	110848	2.0713606953742835E8	5.153847664168944E9
7243	15311	110600	2.0677857609787107E8	5.14673046843883E9
2161	7016	110592	2.06421906292314E8	5.139627217247144E9
7406	15542	110592	2.0606605763420075E8	5.132537872957102E9
9449	18687	110592	2.0571102764646095E8	5.125462398064472E9
1352	4961	110080	2.053568138614651E8	5.118400755196974E9
1287	4770	109824	2.0500341382098123E8	5.111352907113712E9
3102	8717	109824	2.046508250761312E8	5.104318816704597E9
1105	4270	109312	2.0429904518734705E8	5.097298446989776E9
2694	8060	108032	2.0394807172432804E8	5.090291761119058E9
4790	11509	107776	2.0359790226599798E8	5.083298722371365E9
1560	5605	107520	2.032485344004619E8	5.076319294154148E9
2013	6735	107264	2.02899965724964E8	5.06935344000284E9
5741	12909	107264	2.0255219384584537E8	5.0624011235802965E9
2403	7535	107008	2.0220521637850204E8	5.055462308676244E9
4857	11608	106752	2.018590309473432E8	5.048536959206726E9
1654	5773	106496	2.0151363518574944E8	5.041625039213553E9
3164	8807	106496	2.0116902673603144E8	5.034726512863759E9
3225	8897	106496	2.008252032493897E8	5.027841344449068E9
4339	10715	106496	2.0048216238587216E8	5.020969498385335E9
10550	20401	106496	2.001399018143353E8	5.014110939212036E9
4962	11766	106240	1.9979841921240214E8	5.007265631591704E9
1845	6387	105728	1.9945771226642329E8	5.000433540309423E9
6152	13490	105472	1.9911777867143598E8	4.993614630272284E9
12726	23216	105472	1.9877861613112482E8	4.986808866508862E9
9703	19092	105344	1.9844022235778257E8	4.980016214168703E9
4447	10928	105216	1.9810259507227004E8	4.973236638521793E9
2467	7633	104960	1.9776573200397745E8	4.966470104958042E9
2611	7892	104960	1.974296308907853E8	4.959716578986772E9
1206	4645	104704	1.97094289479026E8	4.952976026236202E9
727	3132	104448	1.967597055234451E8	4.946248412452947E9
6623	14265	104448	1.9642587678716266E8	4.939533703501486E9
11475	21522	104448	1.9609280104163644E8	4.9328318653637E9
3267	8957	103936	1.9576047606662223E8	4.926142864138323E9
957	3742	103168	1.9542889965013772E8	4.919466666040477E9
2591	7847	103168	1.9509806958842438E8	4.912803237401164E9
7625	15833	103168	1.9476798368590996E8	4.906152544666764E9
4012	10097	102912	1.9443863975517216E8	4.8995145543985615E9
4726	11401	102912	1.9411003561690086E8	4.892889233272235E9
2266	7258	102656	1.9378216909986213E8	4.886276548077382E9
4264	10585	102656	1.9345503804086164E8	4.879676465717043E9
10184	19855	102656	1.9312864028470826E8	4.873088953207203E9
1151	4471	102400	1.928029736841778E8	4.866513977676318E9
1571	5621	102400	1.9247803609997755E8	4.859951506364848E9
4573	11148	102400	1.921538254007103E8	4.853401506624769E9
3282	8984	102144	1.9183033946283892E8	4.846863945919109E9
568	2516	101376	1.9150757617065087E8	4.840338791821474E9
1843	6385	101376	1.911855334162234E8	4.833826012015588E9
12388	22772	101376	1.908642090993883E8	4.827325574294817E9
1852	6402	101160	1.9054360112769744E8	4.820837446561721E9
2188	7065	101120	1.9022370741638756E8	4.814361596827573E9
4989	11809	100864	1.8990452588834694E8	4.807897993211931E9
5992	13237	100864	1.8958605447408026E8	4.801446603942154E9
5486	12562	100608	1.8926829111167485E8	4.79500739735296E9
5453	12513	100352	1.88951233746767E8	4.788580341885981E9
8879	17776	100352	1.886348803325082E8	4.782165406089308E9
1872	6448	100096	1.8831922882953152E8	4.775762558617041E9
4736	11418	100096	1.880042772059184E8	4.769371768228852E9
5161	12064	99840	1.8769002343716595E8	4.762993003789548E9
6238	13627	99584	1.8737646550615287E8	4.756626234268609E9
6297	13720	99584	1.8706360140310794E8	4.75027142873978E9
8427	17054	99328	1.8675142912557638E8	4.74392855638061E9
10076	19690	99072	1.8643994667838806E8	4.737597586472038E9
2928	8426	98816	1.8612915207362518E8	4.731278488397954E9
3503	9321	98816	1.8581904333058956E8	4.724971231644764E9
5087	11951	98816	1.8550961847577128E8	4.718675785800972E9
6867	14654	98816	1.8520087554281688E8	4.712392120556758E9
1541	5571	98560	1.848928125724974E8	4.706120205703545E9
2329	7397	98560	1.8458542761267772E8	4.6998600111335945E9
8615	17386	98560	1.8427871871828392E8	4.693611506839566E9
11947	22174	98560	1.839726839512734E8	4.687374662914119E9
12002	22244	98560	1.8366732138060382E8	4.681149449549499E9
1565	5611	98304	1.833626290822014E8	4.6749358370371065E9
2157	7012	98304	1.8305860513893127E8	4.6687337957671175E9
2624	7915	98304	1.827552476405666E8	4.662543296228045E9
3154	8792	98304	1.8245255468375814E8	4.656364309006354E9
3169	8815	98304	1.8215052437200436E8	4.650196804786046E9
3493	9306	98304	1.8184915481562144E8	4.644040754348267E9
4511	11039	98304	1.81548444131713E8	4.637896128570892E9
5193	12112	98304	1.812483904441412E8	4.631762898428153E9
6755	14464	98304	1.8094899188349646E8	4.625641034990214E9
8700	17514	98304	1.806502465870681E8	4.6195305094227915E9
8742	17575	98304	1.8035215269881615E8	4.613431292986773E9
12693	23171	98304	1.8005470836934075E8	4.607343357037799E9
702	2933	98048	1.7975791175585407E8	4.601266673025899E9
11662	21788	98048	1.7946176102215216E8	4.595201212495104E9
8912	17832	97554	1.791662543385846E8	4.589146947083041E9
6319	13756	97024	1.7887138988202775E8	4.583103848520574E9
1446	5403	96256	1.785771658358553E8	4.577071888631414E9
1861	6423	96256	1.7828358038991046E8	4.571051039331733E9
3681	9609	96256	1.7799063174047837E8	4.565041272629808E9
2354	7467	96000	1.7769831809025693E8	4.559042560625612E9
6314	13749	96000	1.7740663764833066E8	4.553054875510485E9
2972	8503	95488	1.7711558863014182E8	4.547078189566719E9
5116	11992	95488	1.7682516925746346E8	4.541112475167216E9
1297	4787	94720	1.7653537775837207E8	4.535157704775112E9
1621	5704	94464	1.7624621236722043E8	4.529213850943414E9
2242	7193	94208	1.759576713246102E8	4.523280886314625E9
3614	9506	94208	1.7566975287736562E8	4.5173587836203985E9
12140	22436	94208	1.7538245527850586E8	4.511447515681158E9
1454	5417	93184	1.7509577678721952E8	4.505547055405763E9
9960	19496	93184	1.7480971566883692E8	4.499657375791122E9
2849	8319	92928	1.7452427019480467E8	4.493778449921865E9
6136	13463	92928	1.7423943864265892E8	4.487910250969972E9
185	693	92672	1.739552192959992E8	4.482052752194422E9
1197	4621	92160	1.7367161044446304E8	4.476205926940857E9
1844	6386	92160	1.7338861038369933E8	4.4703697486412115E9
4919	11707	92160	1.7310621741534308E8	4.464544190813384E9
5271	12252	92160	1.7282442984698993E8	4.458729227060884E9
5146	12042	91904	1.7254324599217054E8	4.452924831072494E9
564	2512	91648	1.722626641703251E8	4.447130976621911E9
1974	6677	91648	1.7198268270677808E8	4.441347637567425E9
2600	7862	91392	1.7170329993271384E8	4.435574787851574E9
2692	8057	90880	1.7142451418515098E8	4.429812401500804E9
3321	9044	90880	1.7114632380691764E8	4.424060452625135E9
4574	11149	90880	1.7086872714662722E8	4.41831891541783E9
6261	13664	90880	1.7059172255865312E8	4.412587764155057E9
7183	15221	90880	1.7031530840310505E8	4.406866973195563E9
1438	5391	90624	1.7003948304580414E8	4.401156516980343E9
290	1342	90368	1.6976424485825923E8	4.395456370032318E9
677	2860	90368	1.6948959221764225E8	4.389766506955999E9
873	3502	90368	1.6921552350676435E8	4.384086902437162E9
1644	5752	90368	1.6894203711405292E8	4.378417531242549E9
751	3239	90112	1.6866913143352628E8	4.372758368219505E9
974	3789	90112	1.6839680486477196E8	4.367109388295704E9
2128	6949	90112	1.6812505581292143E8	4.361470566478791E9
2132	6967	90112	1.6785388268862805E8	4.355841877856092E9
2327	7393	90112	1.675832839080432E8	4.350223297594291E9
2509	7682	90112	1.673132578927931E8	4.344614800939101E9
2559	7774	90112	1.670438030699563E8	4.339016363214986E9
2697	8063	90112	1.6677491787204003E8	4.333427959824809E9
2775	8204	90112	1.665066007369582E8	4.3278495662495575E9
2805	8245	90112	1.6623885010800812E8	4.322281158048014E9
2822	8266	90112	1.6597166443384844E8	4.316722710856464E9
3826	9812	90112	1.6570504216847607E8	4.311174200388376E9
3829	9815	90112	1.654389817712045E8	4.305635602434112E9
5329	12338	90112	1.651734817066408E8	4.300106892860608E9
5838	13037	90112	1.6490854044466478E8	4.294588047611106E9
10922	20858	90112	1.6464415646040526E8	4.289079042704811E9
11451	21494	90112	1.6438032823421973E8	4.2835798542366304E9
1949	6621	89856	1.6411705425167158E8	4.278090458376856E9
2151	6996	89600	1.6385433300350863E8	4.272610831370873E9
4437	10912	89088	1.635921629856421E8	4.2671409495388784E9
11520	21582	89088	1.6333054269912443E8	4.2616807892755756E9
2612	7893	88832	1.6306947065012792E8	4.25623032704988E9
3303	9021	88576	1.628089453499241E8	4.2507895394046445E9
3415	9186	88576	1.6254896531486198E8	4.245358402956358E9
627	2683	88064	1.622895290663474E8	4.2399368943948708E9
7162	15180	88064	1.6203063513082165E8	4.2345249904830966E9
2607	7876	87808	1.6177228203974113E8	4.2291226680567355E9
3388	9145	87552	1.6151446832955593E8	4.2237299040239863E9
11732	21882	86912	1.6125719254168996E8	4.218346675365273E9
5184	12097	86784	1.6100045322252E8	4.21297295913296E9
1217	4662	86272	1.6074424892335498E8	4.207608732451066E9
1859	6412	86272	1.6048857820041633E8	4.2022539725150003E9
5258	12226	86272	1.6023343961481705E8	4.196908656591276E9
2350	7459	86016	1.5997883173254216E8	4.1915727620172405E9
2482	7649	86016	1.5972475312442803E8	4.186246266200795E9
3288	8992	86016	1.5947120236614287E8	4.180929146620128E9
3324	9051	86016	1.5921817803816694E8	4.1756213808234463E9
3431	9208	86016	1.589656787257724E8	4.1703229464286976E9
3740	9695	86016	1.5871370301900405E8	4.1650338211233077E9
4057	10171	86016	1.584622495126595E8	4.159753982663907E9
4176	10396	86016	1.5821131680626947E8	4.154483408876067E9
5115	11990	86016	1.5796090350407946E8	4.1492220776540465E9
1726	6104	85760	1.577110082150289E8	4.1439699669605007E9
4637	11252	85760	1.5746162955273333E8	4.138727054826245E9
5204	12127	85760	1.5721276613546464E8	4.1334933193499856E9
979	3807	85248	1.5696441658613202E8	4.1282687386980505E9
10041	19632	85248	1.5671657953226373E8	4.1230532911041465E9
1747	6163	84992	1.564692536059869E8	4.1178469548690786E9
2269	7263	84992	1.5622243744401047E8	4.1126497083605194E9
2489	7657	84992	1.5597612968760544E8	4.107461530012737E9
1547	5583	84756	1.5573032898258668E8	4.102282398326345E9
1100	4264	84736	1.554850339792941E8	4.0971122918680434E9
1902	6507	84736	1.5524024333257514E8	4.091951189270384E9
1702	6058	84224	1.5499595570176542E8	4.0867990692314963E9
2059	6821	84224	1.547521697506716E8	4.0816559105148597E9
6343	13791	84224	1.5450888414755207E8	4.0765216919490356E9
8530	17232	84224	1.542660975651001E8	4.0713963924274344E9
575	2526	83968	1.5402380868042517E8	4.0662799909080634E9
2649	7963	83968	1.5378201617503557E8	4.0611724664132824E9
3983	10049	83968	1.5354071873481998E8	4.056073798029556E9
199	747	83712	1.5329991505003062E8	4.050983964907219E9
1426	5377	83712	1.5305960381526488E8	4.0459029462602243E9
3902	9925	83712	1.5281978372944868E8	4.040830721365916E9
12139	22435	83712	1.5258045349581805E8	4.0357672695647707E9
2904	8391	83456	1.5234161182190245E8	4.030712570260175E9
4217	10481	83456	1.521032574195072E8	4.02566660291818E9
4633	11247	83456	1.5186538900469676E8	4.020629347067273E9
5785	12968	83456	1.51628005297777E8	4.0156007822981324E9
5854	13058	83456	1.513911050232784E8	4.010580888263394E9
1378	5050	83216	1.5115468690993944E8	4.005569644677425E9
2798	8233	83200	1.509187496906893E8	4.0005670313160906E9
3422	9194	83200	1.506832921026314E8	3.9955730280165157E9
4316	10678	83200	1.5044831288702652E8	3.990587614676864E9
603	2602	82944	1.5021381078927603E8	3.985610771256097E9
4639	11257	82944	1.4997978455890602E8	3.980642477773764E9
884	3554	82688	1.4974623294954973E8	3.9756827143097525E9
1539	5568	82688	1.495131547189324E8	3.970731461004084E9
2008	6728	82688	1.492805486288539E8	3.9657886980566745E9
7650	15861	82688	1.490484134451734E8	3.960854405727118E9
9806	19254	82688	1.4881674793779233E8	3.955928564334458E9
10615	20485	82688	1.4858555088063896E8	3.9510111542569666E9
1939	6595	82432	1.4835482105165216E8	3.9461021559319315E9
2003	6721	82432	1.4812455723276561E8	3.9412015498554254E9
2014	6736	82432	1.478947582098915E8	3.93630931658209E9
2743	8146	82432	1.476654227729055E8	3.931425436724926E9
5616	12741	82432	1.4743654971563047E8	3.9265498909550657E9
5851	13054	82432	1.472081378358207E8	3.9216826600015545E9
434	1887	82176	1.4698018593514708E8	3.916823724651152E9
457	1965	82176	1.4675269281918094E8	3.9119730657481027E9
1242	4696	82176	1.465256572973789E8	3.9071306641939273E9
1868	6435	82176	1.4629907818306762E8	3.9022965009472136E9
3085	8691	82176	1.460729542934282E8	3.8974705570234E9
4190	10431	82176	1.4584728444948137E8	3.8926528134945693E9
13005	24602	82176	1.4562206747607216E8	3.887843251489237E9
1496	5499	81920	1.4539730220185494E8	3.883041852192147E9
2007	6726	81920	1.4517298745927814E8	3.8782485968440523E9
2806	8246	81920	1.4494912208456963E8	3.873463466741523E9
2825	8272	81920	1.4472570491772202E8	3.8686864432367334E9
3039	8615	81920	1.4450273480247733E8	3.863917507737255E9
3247	8927	81920	1.442802105863128E8	3.8591566417058573E9
3364	9106	81920	1.440581311204261E8	3.8544038266603026E9
3529	9365	81920	1.4383649525972044E8	3.8496590441731415E9
3599	9487	81920	1.4361530186279067E8	3.844922275871517E9
4220	10487	81920	1.4339454979190844E8	3.840193503436966E9
4353	10738	81920	1.4317423791300747E8	3.8354727086051993E9
4658	11286	81920	1.429543650956702E8	3.830759873165934E9
5481	12551	81920	1.4273493021311268E8	3.8260549789626737E9
5931	13156	81920	1.4251593214217097E8	3.8213580078925214E9
6810	14553	81920	1.4229736976328656E8	3.8166689419059772E9
8474	17135	81920	1.4207924196049255E8	3.811987763006746E9
8814	17681	81920	1.4186154762139976E8	3.807314453251545E9
9579	18881	81920	1.4164428563718286E8	3.8026489947499113E9
12574	23013	81920	1.4142745490256596E8	3.797991369664001E9
7102	15084	81664	1.4121105431580976E8	3.7933415602084103E9
11381	21413	81664	1.4099508277869678E8	3.788699548649967E9
2653	7973	81152	1.4077953919651887E8	3.784065317307565E9
1265	4736	80896	1.4056442247806218E8	3.779438848551947E9
3756	9716	80896	1.403497315355949E8	3.774820124805536E9
10362	20124	80896	1.401354652848533E8	3.770209128542242E9
278	1299	80640	1.39921622645028E8	3.7656058422872725E9
4194	10437	80640	1.3970820253875124E8	3.76101024861695E9
10769	20676	80640	1.3949520389208326E8	3.75642233015853E9
2546	7752	80384	1.392826256344988E8	3.7518420695900035E9
4819	11550	80384	1.390704666988743E8	3.7472694496399226E9
2670	8007	80128	1.3885872602147484E8	3.742704453087226E9
6334	13778	80128	1.386474025419408E8	3.738147062761038E9
2903	8390	79872	1.3843649520327517E8	3.7335972615405035E9
7323	15435	79872	1.382260029518304E8	3.7290550323546014E9
5515	12597	79616	1.3801592473729536E8	3.724520358181958E9
633	2698	79360	1.3780625951268318E8	3.719993222050686E9
1897	6496	79360	1.3759700623431757E8	3.7154736070381837E9
2645	7956	79360	1.3738816386182114E8	3.71096149627098E9
5169	12076	79360	1.3717973135810173E8	3.706456872924538E9
1701	6057	79104	1.3697170768934068E8	3.701959720223095E9
6326	13768	78848	1.3676409182497972E8	3.6974700214394765E9
8908	17828	78848	1.3655688273770896E8	3.6929877598949304E9
12300	22653	78336	1.36350079403454E8	3.688512918958945E9
846	3428	78080	1.36143680801364E8	3.6840454820490828E9
3813	9797	78080	1.35937685913799E8	3.679585432630803E9
4009	10094	78080	1.357320937263181E8	3.6751327542172985E9
4643	11264	78080	1.3552690322766694E8	3.6706874303693185E9
4821	11554	78080	1.3532211340976548E8	3.666249444694995E9
8262	16761	78080	1.351177232676963E8	3.661818780849683E9
10288	20012	78080	1.3491373179969227E8	3.657395422535787E9
1487	5483	77824	1.3471013800712472E8	3.6529793535025954E9
2553	7764	77824	1.3450694089449143E8	3.6485705575461106E9
5026	11859	77824	1.3430413946940464E8	3.644169018508881E9
6644	14297	77824	1.3410173274257974E8	3.639774720279847E9
8329	16875	77824	1.3389971972782299E8	3.635387646794163E9
8553	17277	77824	1.336980994420198E8	3.631007782033035E9
8644	17431	77824	1.3349687090512355E8	3.626635110023566E9
11764	21922	77824	1.3329603314014345E8	3.6222696148385844E9
952	3734	77568	1.3309558517313336E8	3.6179112805964828E9
2376	7498	77568	1.3289552603318019E8	3.613560091461065E9
1831	6367	77312	1.3269585475239235E8	3.6092160316413746E9
4940	11736	77312	1.324965703658884E8	3.604879085391539E9
5796	12980	77312	1.3229767191178581E8	3.6005492370106134E9
6146	13476	77312	1.3209915843118945E8	3.596226470842416E9
2685	8043	77184	1.3190102896818064E8	3.591910771275376E9
832	3386	77088	1.3170328256980546E8	3.5876021227423687E9
2897	8379	77056	1.3150591828606445E8	3.583300509720572E9
8255	16753	77056	1.3130893516990036E8	3.5790059167312913E9
5742	12910	76544	1.3111233227718836E8	3.5747183283398266E9
559	2505	76288	1.3091610866672388E8	3.5704377291552954E9
1365	4997	76288	1.3072026340021247E8	3.566164103830495E9
1432	5385	76288	1.3052479554225844E8	3.561897437061741E9
3650	9557	76288	1.3032970416035447E8	3.5576377135887184E9
5287	12277	76288	1.3013498832487014E8	3.553384918194327E9
7404	15540	76288	1.2994064710904188E8	3.5491390357045317E9
1574	5624	76032	1.2974667958896174E8	3.54490005098821E9
4237	10532	76032	1.2955308484356691E8	3.5406679489570045E9
4333	10701	76032	1.2935986195462897E8	3.536442714565164E9
5418	12471	76032	1.2916701000674394E8	3.5322243328094153E9
1161	4528	75776	1.2897452808732076E8	3.528012788728789E9
3472	9273	75776	1.2878241528657135E8	3.523808067404488E9
5246	12188	75776	1.285906706975007E8	3.5196101539597445E9
6619	14259	75776	1.283992934158953E8	3.5154190335596538E9
8776	17622	75776	1.2820828254031369E8	3.5112346914110475E9
9574	18872	75776	1.280176371720759E8	3.507057112762338E9
1509	5517	75520	1.2782735641525327E8	3.5028862829033813E9
2538	7735	75520	1.2763743937665811E8	3.498722187165324E9
4614	11215	75520	1.2744788516583371E8	3.4945648109204674E9
10260	19977	75520	1.2725869289504395E8	3.4904141395821176E9
4689	11340	75353	1.2706986167926358E8	3.486270158604453E9
2528	7716	75264	1.2688139063616793E8	3.4821328534823723E9
3156	8795	75264	1.2669327888612305E8	3.4780022097513585E9
4265	10586	75264	1.2650552555217585E8	3.473878212987342E9
2545	7751	75008	1.2631812976004393E8	3.4697608488065534E9
11977	22216	75008	1.2613109063810606E8	3.4656501028653893E9
99	201	74752	1.2594440731739186E8	3.461545960860265E9
804	3328	74752	1.2575807893157294E8	3.4574484085274954E9
1131	4387	74752	1.2557210461695197E8	3.4533574316431293E9
2769	8196	74752	1.2538648351245426E8	3.4492730160228453E9
3120	8741	74752	1.2520121475961691E8	3.445195147521781E9
3714	9656	74752	1.2501629750258021E8	3.4411238120344257E9
4509	11030	74752	1.2483173088807751E8	3.4370589954944696E9
5328	12337	74752	1.2464751406542589E8	3.4330006838746734E9
6971	14828	74752	1.244636461865166E8	3.4289488631867294E9
1153	4493	74496	1.2428012640580587E8	3.424903519481141E9
3511	9334	74496	1.2409695388030504E8	3.42086463884707E9
4191	10434	74496	1.2391412776957174E8	3.416832207412221E9
4969	11775	74496	1.237316472357002E8	3.4128062113427E9
5170	12077	74496	1.2354951144331226E8	3.408786636842887E9
9896	19406	74496	1.2336771955954778E8	3.4047734701553025E9
654	2818	74240	1.2318627075405589E8	3.40076669756048E9
1461	5427	74240	1.2300516419898537E8	3.396766305376829E9
1573	5623	74240	1.2282439906897607E8	3.3927722799605207E9
1784	6262	74240	1.2264397454114914E8	3.388784607705336E9
2853	8323	74240	1.2246388979509883E8	3.384803275042563E9
2910	8400	74240	1.2228414401288278E8	3.3808282684408517E9
5411	12457	74240	1.2210473637901351E8	3.3768595744060903E9
366	1698	73984	1.2192566608044916E8	3.3728971794812813E9
811	3340	73984	1.2174693230658476E8	3.368941070246412E9
1495	5498	73984	1.2156853424924366E8	3.364991233318332E9
1515	5523	73984	1.213904711026684E8	3.3610476553506317E9
2190	7068	73984	1.2121274206351183E8	3.3571103230335035E9
3215	8881	73984	1.2103534633082859E8	3.3531792230936275E9
3648	9555	73984	1.2085828310606672E8	3.349254342294057E9
3969	10022	73984	1.2068155159305835E8	3.345335667434074E9
5192	12111	73984	1.2050515099801154E8	3.3414231853490834E9
5753	12926	73984	1.203290805295015E8	3.3375168829104815E9
6199	13567	73984	1.2015333939846222E8	3.333616747025542E9
7138	15141	73984	1.1997792681817769E8	3.3297227646372848E9
8243	16733	73984	1.1980284200427389E8	3.325834922724369E9
10779	20686	73984	1.196280841747097E8	3.321953208300958E9
1044	4006	73728	1.1945365254976901E8	3.318077608416608E9
1430	5381	73728	1.1927954635205235E8	3.3142081101561494E9
1452	5415	73728	1.1910576480646838E8	3.3103447006395683E9
1486	5482	73728	1.1893230714022516E8	3.3064873670218744E9
1791	6298	73728	1.1875917258282302E8	3.3026360964930086E9
1978	6690	73728	1.1858636036604531E8	3.2987908762777023E9
2061	6828	73728	1.1841386972395064E8	3.2949516936353726E9
2064	6834	73728	1.1824169989286476E8	3.291118535860006E9
2334	7410	73728	1.1806985011137214E8	3.2872913902800336E9
2448	7604	73728	1.1789831962030819E8	3.2834702442582235E9
2859	8333	73728	1.1772710766275108E8	3.2796550851915646E9
2896	8377	73728	1.1755621348401408E8	3.2758459005111585E9
3015	8573	73728	1.1738563633163655E8	3.2720426776820817E9
3055	8640	73728	1.1721537545537736E8	3.268245404203304E9
3673	9599	73728	1.1704543010720585E8	3.264454067607549E9
3832	9818	73728	1.1687579954129468E8	3.260668655461201E9
3949	9999	73728	1.1670648301401149E8	3.2568891553641763E9
4140	10318	73728	1.1653747978391138E8	3.253115554949821E9
4624	11232	73728	1.1636878911172904E8	3.2493478418848004E9
5052	11897	73728	1.1620041026037098E8	3.245586003868983E9
5393	12430	73728	1.160323424949077E8	3.241830028635329E9
5692	12844	73728	1.1586458508256629E8	3.2380799039497867E9
5797	12981	73728	1.1569713729272267E8	3.234335617611183E9
5861	13066	73728	1.1552999839689364E8	3.230597157451102E9
5940	13169	73728	1.1536316766872962E8	3.22686451133379E9
6056	13326	73728	1.1519664438400735E8	3.223137667156045E9
7733	15988	73728	1.1503042782062154E8	3.219416612847096E9
8603	17366	73728	1.148645172585783E8	3.215701336368519E9
10663	20542	73728	1.1469891197998713E8	3.2119918257141075E9
11208	21207	73728	1.1453361126905328E8	3.208288068909772E9
11754	21910	73728	1.143686144120712E8	3.2045900540134454E9
68	104	73472	1.1420392069741617E8	3.200897769114961E9
1094	4243	73472	1.1403952941553792E8	3.1972112023359623E9
2392	7522	73472	1.1387543985895225E8	3.1935303418297787E9
6707	14390	73472	1.1371165132223482E8	3.1898551757813435E9
481	2033	73216	1.1354816310201314E8	3.186185692407073E9
1614	5691	73216	1.1338497449695964E8	3.182521879954769E9
2749	8159	72960	1.1322208480778454E8	3.178863726703517E9
8935	17864	72897	1.1305949333722875E8	3.175211220963582E9
1302	4795	72704	1.1289719939005628E8	3.171564351076303E9
1714	6074	72704	1.127352022730476E8	3.1679231054139924E9
2742	8143	72704	1.1257350129499237E8	3.1642874723798366E9
7236	15302	72704	1.1241209576668273E8	3.160657440407798E9
2602	7866	72256	1.1225098500090557E8	3.1570329979624996E9
1596	5664	72192	1.120901683124363E8	3.153414133539142E9
642	2712	71936	1.119296450180315E8	3.149800835663394E9
2114	6913	71936	1.1176941443642202E8	3.1461930928912916E9
6213	13592	71936	1.116094758883063E8	3.1425908938091493E9
7324	15436	71936	1.1144982869634312E8	3.1389942270334425E9
9766	19194	71936	1.1129047218514502E8	3.1354030812107267E9
1343	4860	71680	1.1113140568127161E8	3.1318174450175343E9
2336	7417	71680	1.1097262851322249E8	3.1282373071602697E9
2537	7734	71680	1.1081414001143047E8	3.1246626563751187E9
2587	7838	71680	1.1065593950825536E8	3.121093481427954E9
3758	9718	71680	1.1049802633797656E8	3.1175297711142316E9
3944	9993	71680	1.1034039983678687E8	3.1139715142588964E9
5303	12302	71680	1.101830593427857E8	3.110418699716289E9
5639	12769	71680	1.1002600419597228E8	3.106871316370047E9
8395	17003	71680	1.0986923373823957E8	3.103329353133018E9
8478	17147	71680	1.0971274731336696E8	3.099792798947148E9
8997	17947	71680	1.095565442670145E8	3.096261642783407E9
12203	22520	71680	1.094006239467157E8	3.092735873641679E9
14175	26292	71680	1.0924498570187157E8	3.089215480550678E9
145	509	71168	1.0908962888374388E8	3.0857004525678496E9
1777	6250	71168	1.0893455284544869E8	3.0821907787792797E9
2592	7849	71168	1.0877975694195013E8	3.078686448299601E9
5254	12217	71168	1.0862524053005418E8	3.075187450271909E9
6878	14677	71168	1.0847100296840167E8	3.071693773867653E9
1406	5105	70912	1.0831704361746244E8	3.0682054082865562E9
1681	5972	70912	1.081633618395293E8	3.0647223427565312E9
4798	11520	70912	1.0800995699871106E8	3.0612445665335727E9
7073	15026	70912	1.0785682846092671E8	3.057772068901677E9
12490	22908	70912	1.0770397559389892E8	3.054304839172746E9
1474	5465	70656	1.0755139776714854E8	3.0508428666865134E9
2067	6844	70656	1.0739909435198739E8	3.04738614081043E9
6589	14201	70656	1.072470647215129E8	3.043934650939595E9
9195	18250	70656	1.0709530825060149E8	3.040488386496657E9
9580	18882	70656	1.0694382431590298E8	3.037047336931732E9
11529	21595	70656	1.0679261229583406E8	3.0336114917223115E9
15	20	70400	1.0664167157057224E8	3.030180840373169E9
390	1757	70400	1.0649100152205035E8	3.0267553724162893E9
1121	4324	70400	1.0634060153394988E8	3.0233350774107633E9
2106	6900	70400	1.0619047099169545E8	3.0199199449427137E9
2548	7754	70400	1.0604060928244847E8	3.0165099646251993E9
4379	10792	70400	1.0589101579510173E8	3.0131051260981393E9
823	3364	70144	1.0574168992027287E8	3.0097054190282135E9
1549	5587	70144	1.0559263105029917E8	3.0063108331087966E9
4146	10329	70144	1.0544383857923104E8	3.0029213580598536E9
6121	13433	70144	1.0529531190282667E8	2.9995369836278653E9
9874	19367	69952	1.0514705041854595E8	2.996157699585742E9
926	3659	69888	1.049990535255447E8	2.992783495732739E9
3899	9918	69888	1.0485132062466905E8	2.9894143618943725E9
4120	10276	69888	1.0470385111844969E8	2.9860502879223394E9
4151	10343	69888	1.0455664441109593E8	2.98269126369443E9
13146	24775	69888	1.044096999084901E8	2.979337279114442E9
904	3597	69672	1.0426301701818211E8	2.97598832411211E9
358	1664	69632	1.041165951493834E8	2.9726443886430106E9
828	3379	69632	1.0397043371296169E8	2.9693054626884885E9
985	3816	69632	1.0382453212143514E8	2.9659715362555723E9
1079	4195	69632	1.0367888978896663E8	2.9626425993768873E9
1458	5422	69632	1.0353350613135861E8	2.959318642110587E9
1524	5550	69632	1.0338838056604739E8	2.955999654540264E9
2002	6720	69632	1.0324351251209746E8	2.952685626774872E9
2406	7540	69632	1.0309890139019594E8	2.94937654894864E9
3728	9676	69632	1.029545466226476E8	2.946072411221004E9
4306	10662	69632	1.0281044763336886E8	2.942773203776519E9
4974	11784	69632	1.0266660384788263E8	2.9394789168247795E9
6820	14571	69632	1.025230146933129E8	2.9361895406003475E9
7511	15687	69632	1.023796795983792E8	2.9329050653626657E9
7512	15688	69632	1.0223659799339136E8	2.9296254813959846E9
8808	17673	69632	1.0209376931024417E8	2.9263507790092826E9
8859	17751	69632	1.0195119298241213E8	2.9230809485361924E9
9083	18082	69632	1.0180886844494376E8	2.9198159803349137E9
10623	20495	69632	1.016667951344568E8	2.9165558647881455E9
10852	20775	69632	1.0152497248913266E8	2.913300592303006E9
10896	20825	69632	1.0138339994871135E8	2.9100501533109574E9
10931	20868	69632	1.0124207695448616E8	2.906804538267728E9
12367	22742	69632	1.0110100294929847E8	2.9035637376532354E9
12457	22853	69632	1.0096017737753247E8	2.9003277419715123E9
13155	24785	69632	1.0081959968511012E8	2.8970965417506304E9
2459	7623	69384	1.0067926931948622E8	2.893870127542629E9
1508	5516	69376	1.0053918572964294E8	2.8906484899234376E9
2236	7178	69376	1.003993483660846E8	2.8874316194927907E9
4804	11528	69376	1.0025975668083335E8	2.884219506874179E9
9137	18157	69376	1.0012041012742321E8	2.8810121427147484E9
9335	18497	69376	9.998130816089562E7	2.877809517685244E9
10056	19654	69376	9.984245023779416E7	2.8746116224799285E9
12325	22691	69184	9.970383581615953E7	2.871418447816507E9
830	3381	69120	9.956546435552497E7	2.868229984436068E9
1840	6382	69120	9.942733531691068E7	2.865046223102993E9
1881	6468	69120	9.928944816281937E7	2.8618671546048946E9
2463	7629	69120	9.915180235723105E7	2.858692769752542E9
4106	10242	69120	9.901439736559834E7	2.8555230593797884E9
9916	19441	69120	9.887723265484151E7	2.8523580143435035E9
10839	20760	69120	9.874030769334354E7	2.8491976255234947E9
11727	21874	69120	9.860362195094529E7	2.8460418838224425E9
11981	22221	69120	9.846717489894083E7	2.8428907801658287E9
43	63	68864	9.833096601007245E7	2.839744305501861E9
663	2833	68864	9.819499475852598E7	2.8366024508014097E9
810	3339	68864	9.805926061992599E7	2.833465207057935E9
1776	6248	68864	9.792376307133089E7	2.830332565287412E9
5222	12150	68864	9.778850159122866E7	2.8272045165282736E9
324	1499	68608	9.765347565953146E7	2.8240810518413267E9
871	3495	68608	9.751868475757162E7	2.8209621623096957E9
1069	4158	68608	9.738412836809634E7	2.8178478390387435E9
1693	6034	68608	9.724980597526354E7	2.8147380731560116E9
1737	6130	68608	9.711571706463689E7	2.8116328558111467E9
2430	7574	68608	9.698186112318148E7	2.808532178175838E9
2519	7699	68608	9.684823763925873E7	2.805436031443738E9
4334	10702	68608	9.671484610262243E7	2.80234440683041E9
4786	11499	68608	9.658168600441363E7	2.7992572955732503E9
5545	12643	68608	9.64487568371564E7	2.796174688931425E9
7503	15675	68608	9.631605809475325E7	2.793096578185806E9
8525	17227	68608	9.618358927248056E7	2.7900229546388984E9
10764	20671	68608	9.60513498669839E7	2.786953809614777E9
12522	22950	68608	9.591933937627397E7	2.783889134459023E9
670	2846	68353	9.578755729972182E7	2.7808289205386543E9
262	1248	68352	9.565600313805448E7	2.7777731592420645E9
623	2659	68352	9.552467639335056E7	2.774721841978951E9
3809	9792	68352	9.539357656903574E7	2.771674960180257E9
4449	10933	68352	9.52627031698786E7	2.7686325052981024E9
5008	11837	68352	9.513205570198587E7	2.76559446880572E9
8188	16643	68352	9.500163367279837E7	2.762560842197389E9
9666	19030	68352	9.487143659108669E7	2.7595316169883804E9
1191	4605	68224	9.47414639669467E7	2.756506784714883E9
29	37	68096	9.46117153117951E7	2.7534863369339385E9
171	638	68096	9.44821901383656E7	2.75047026522339E9
1029	3952	68096	9.435288796070407E7	2.7474585611818066E9
1413	5180	68096	9.422380829416488E7	2.744451216428429E9
1593	5661	68096	9.409495065540591E7	2.7414482226030984E9
3802	9782	68096	9.396631456238508E7	2.7384495713662033E9
4539	11086	68096	9.383789953435566E7	2.735455254398611E9
5260	12229	68096	9.370970509186214E7	2.7324652634016056E9
5879	13092	68096	9.358173075673637E7	2.7294795900968347E9
6102	13401	68096	9.345397605209287E7	2.7264982262262335E9
6127	13443	68096	9.3326440502325E7	2.723521163551974E9
6817	14566	68096	9.319912363310075E7	2.7205483938564E9
7129	15125	68096	9.307202497135888E7	2.7175799089419723E9
7196	15243	68096	9.294514404530422E7	2.714615700631195E9
8526	17228	68096	9.281848038440412E7	2.7116557607665668E9
13473	25215	68096	9.269203351938428E7	2.708700081210519E9
14358	26554	68096	9.256580298222443E7	2.70574865384535E9
852	3449	67968	9.24397883061546E7	2.702801470573169E9
385	1747	67840	9.231398902565095E7	2.6998585233158402E9
1015	3918	67840	9.21884046764316E7	2.6969198040149126E9
1128	4373	67840	9.206303479545303E7	2.693985304631573E9
1193	4609	67840	9.193787892090575E7	2.6910550171465807E9
2766	8193	67840	9.18129365922105E7	2.6881289335602093E9
4359	10753	67840	9.168820735001437E7	2.685207045892189E9
6646	14299	67840	9.15636907361864E7	2.682289346181645E9
7358	15486	67840	9.143938629381444E7	2.679375826487047E9
10174	19842	67840	9.131529356720048E7	2.6764664788861427E9
11899	22110	67840	9.119141210185733E7	2.673561295475907E9
12108	22390	67840	9.10677414445044E7	2.6706602683724794E9
12752	23256	67840	9.094428114306384E7	2.6677633897111077E9
12794	23309	67840	9.082103074665709E7	2.6648706516460953E9
14185	26305	67840	9.069798980560054E7	2.661982046350741E9
349	1637	67584	9.057515787140189E7	2.6590975660172772E9
700	2928	67584	9.045253449675645E7	2.6562172028568225E9
907	3605	67584	9.033011923554339E7	2.653340949099322E9
1262	4730	67584	9.020791164282168E7	2.650468796993488E9
1456	5420	67584	9.008591127482666E7	2.6476007388067503E9
1633	5730	67584	8.996411768896599E7	2.644736766825192E9
2814	8255	67584	8.984253044381621E7	2.641876873353505E9
2889	8370	67584	8.972114909911883E7	2.639021050714926E9
4667	11302	67584	8.959997321577652E7	2.63616929125118E9
4729	11407	67584	8.947900235584973E7	2.6333215873224354E9
5063	11911	67584	8.935823608255294E7	2.630477931307243E9
10618	20488	67584	8.923767396025068E7	2.6276383156024795E9
11714	21856	67584	8.911731555445425E7	2.624802732623296E9
12560	22996	67584	8.899716043181777E7	2.621971174803061E9
330	1527	67368	8.88772081601351E7	2.6191436345933185E9
131	293	67328	8.875745830833548E7	2.6163201044637136E9
1199	4623	67328	8.86379104464804E7	2.613500576901955E9
1996	6714	67328	8.851856414576007E7	2.6106850444137588E9
2208	7114	67328	8.839941897848958E7	2.6078734995227885E9
2949	8460	67328	8.828047451810548E7	2.6050659347706094E9
4559	11123	67328	8.816173033916232E7	2.6022623427166343E9
6513	14072	67328	8.804318601732895E7	2.599462715938068E9
7137	15139	67328	8.792484112938504E7	2.596667047029855E9
9617	18946	67328	8.780669525321771E7	2.593875328604632E9
12052	22315	67328	8.768874796781808E7	2.5910875532926745E9
12117	22408	67328	8.757099885327727E7	2.5883037137418346E9
4741	11423	67200	8.74534474907837E7	2.585523802617509E9
128	288	67072	8.733609346261917E7	2.5827478126025686E9
640	2710	67072	8.721893635215536E7	2.5799757363973155E9
865	3481	67072	8.710197574385078E7	2.577207566719437E9
927	3661	67072	8.69852112232469E7	2.5744432963039403E9
1929	6569	67072	8.686864237696527E7	2.571682917903118E9
2238	7183	67072	8.675226879270358E7	2.5689264242864842E9
4233	10517	67072	8.66360900592327E7	2.5661738082407336E9
4866	11623	67072	8.652010576639324E7	2.5634250625696874E9
5111	11985	67072	8.640431550509185E7	2.560680180094237E9
5153	12052	67072	8.628871886729845E7	2.5579391536523085E9
9221	18298	67072	8.617331544604248E7	2.555201976098799E9
9670	19038	67072	8.60581048354096E7	2.552468640305534E9
12492	22910	67072	8.594308663053879E7	2.549739139161218E9
121	270	66816	8.582826042761853E7	2.547013465571383E9
495	2055	66816	8.571362582388392E7	2.544291612458341E9
615	2641	66816	8.559918241761307E7	2.5415735727611322E9
765	3260	66816	8.548492980812424E7	2.538859339435481E9
1107	4274	66816	8.537086759577236E7	2.5361489054537463E9
1186	4595	66816	8.525699538194568E7	2.5334422638048673E9
1189	4601	66816	8.514331276906289E7	2.5307394074943237E9
1512	5520	66816	8.50298193605696E7	2.5280403295440836E9
1719	6083	66816	8.49165147609354E7	2.525345022992555E9
1746	6161	66816	8.480339857565042E7	2.522653480894538E9
2093	6879	66816	8.469047041122235E7	2.51996569632118E9
2119	6933	66816	8.457772987517333E7	2.517281662359927E9
2153	7004	66816	8.446517657603653E7	2.5146013721144743E9
4196	10441	66816	8.435281012335323E7	2.511924818704722E9
4602	11193	66816	8.424063012766963E7	2.509251995266726E9
6225	13611	66816	8.412863620053384E7	2.5065828949526553E9
6997	14882	66816	8.401682795449248E7	2.5039175109307384E9
8150	16581	66816	8.390520500308806E7	2.5012558363852262E9
8550	17273	66816	8.379376696085544E7	2.498597864516338E9
9919	19446	66816	8.368251344331905E7	2.4959435885402174E9
11473	21520	66816	8.357144406698966E7	2.493293001688888E9
11583	21680	66816	8.346055844936158E7	2.4906460972102094E9
11661	21787	66816	8.334985620890906E7	2.488002868367821E9
11885	22093	66816	8.32393369650842E7	2.485363308441115E9
12061	22328	66816	8.312900033831307E7	2.4827274107251754E9
3630	9530	66592	8.301884594999298E7	2.4800951685307345E9
5	7	66560	8.290887342248979E7	2.477466575184139E9
200	760	66560	8.279908237913445E7	2.4748416240272894E9
245	1205	66560	8.268947244422044E7	2.4722203084176126E9
758	3248	66560	8.258004324300054E7	2.4696026217280016E9
855	3454	66560	8.247079440168391E7	2.4669885573467793E9
931	3671	66560	8.236172554743344E7	2.464378108677656E9
1011	3911	66560	8.225283630836233E7	2.461771269139677E9
1169	4547	66560	8.214412631353173E7	2.45916803216719E9
1595	5663	66560	8.203559519294722E7	2.4565683912097893E9
1675	5957	66560	8.192724257755648E7	2.4539723397322807E9
3413	9183	66560	8.181906809924613E7	2.4513798712146373E9
3510	9329	66560	8.171107139083879E7	2.4487909791519504E9
3559	9419	66560	8.160325208609039E7	2.446205657054393E9
3593	9475	66560	8.149560981968726E7	2.4436238984471736E9
3600	9488	66560	8.138814422724323E7	2.4410456968704934E9
3642	9547	66560	8.12808549452969E7	2.4384710458795047E9
3922	9959	66560	8.117374161130863E7	2.4358999390442657E9
4208	10464	66560	8.106680386365798E7	2.4333323699497027E9
4257	10569	66560	8.096004134164056E7	2.4307683321955595E9
4660	11290	66560	8.085345368546575E7	2.428207819396368E9
4779	11489	66560	8.074704053625338E7	2.425650825181393E9
4902	11680	66560	8.064080153603132E7	2.423097343194601E9
5119	11995	66560	8.053473632773261E7	2.4205473670946107E9
5133	12018	66560	8.042884455519246E7	2.4180008905546527E9
5429	12486	66560	8.032312586314604E7	2.415457907262535E9
5450	12510	66560	8.02175798972252E7	2.412918410920592E9
6278	13684	66560	8.01122063039561E7	2.410382395245649E9
6338	13783	66560	8.000700473075646E7	2.407849853968982E9
6982	14852	66560	7.990197482593255E7	2.4053207808362713E9
8174	16624	66560	7.979711623867686E7	2.402795169607567E9
8211	16681	66560	7.96924286190654E7	2.400273014057246E9
8240	16730	66560	7.958791161805457E7	2.3977543079739666E9
9987	19540	66560	7.948356488747919E7	2.3952390451606407E9
11282	21296	66560	7.937938808004913E7	2.392727219434376E9
12436	22830	66560	7.927538084934735E7	2.390218824626454E9
13970	25997	66560	7.91715428498266E7	2.3877138545822754E9
13997	26032	66560	7.90678737368074E7	2.3852123031613317E9
55	83	66432	7.896437316647492E7	2.382714164237157E9
261	1242	66380	7.88610407958767E7	2.380219431697293E9
6471	13998	66312	7.875787628291978E7	2.3777280994432454E9
6	8	66304	7.86548792863685E7	2.3752401613904533E9
76	131	66304	7.855204946584153E7	2.3727556114682417E9
337	1562	66304	7.844938648180936E7	2.370274443619782E9
347	1600	66304	7.834688999559206E7	2.3677966518020625E9
422	1851	66304	7.824455966935626E7	2.3653222299858384E9
437	1897	66304	7.814239516611302E7	2.3628511721556025E9
453	1940	66304	7.804039614971484E7	2.3603834723095355E9
475	2012	66304	7.793856228485371E7	2.3579191244594846E9
563	2511	66304	7.783689323705806E7	2.355458122630907E9
735	3152	66304	7.773538867269053E7	2.353000460862844E9
822	3363	66304	7.763404825894539E7	2.3505461332078786E9
971	3776	66304	7.753287166384614E7	2.348095133732098E9
1563	5609	66304	7.743185855624278E7	2.345647456515055E9
1673	5939	66304	7.733100860580972E7	2.343203095649735E9
2035	6772	66304	7.723032148304291E7	2.34076204524251E9
2340	7424	66304	7.712979685925756E7	2.3383242994131074E9
2477	7643	66304	7.702943440658596E7	2.3358898522945776E9
2617	7905	66304	7.69292337979744E7	2.3334586980332413E9
3631	9532	66304	7.682919470718151E7	2.331030830788673E9
3854	9845	66304	7.67293168087751E7	2.3286062447336426E9
4205	10457	66304	7.66295997781303E7	2.326184934054097E9
4657	11283	66304	7.653004329142682E7	2.323766892949112E9
4933	11726	66304	7.643064702564682E7	2.321352115630862E9
5047	11892	66304	7.63314106585723E7	2.318940596324582E9
5145	12037	66304	7.623233386878265E7	2.316532329268525E9
6305	13734	66304	7.613341633565265E7	2.314127308713938E9
6352	13806	66304	7.60346577393498E7	2.3117255289250183E9
6666	14328	66304	7.593605776083192E7	2.309326984178876E9
6824	14579	66304	7.583761608184513E7	2.306931668765504E9
8838	17716	66304	7.573933238492115E7	2.3045395769877377E9
9115	18127	66304	7.564120635337517E7	2.302150703161223E9
11592	21693	66304	7.554323767130338E7	2.299765041614376E9
11743	21896	66304	7.544542602358104E7	2.2973825866883574E9
11771	21933	66304	7.534777109585951E7	2.2950033327370214E9
11859	22063	66304	7.525027257456455E7	2.292627274126897E9
14014	26058	66304	7.51529301468938E7	2.2902544052371445E9
14571	26921	66304	7.505574350081444E7	2.287884720459522E9
2603	7867	66176	7.495871232506089E7	2.285518214198348E9
572	2523	66080	7.486183630913287E7	2.2831548808704753E9
32	43	66048	7.476511514329265E7	2.280794714905246E9
66	102	66048	7.466854851856321E7	2.2784377107444654E9
120	268	66048	7.457213612672573E7	2.2760838628423615E9
216	800	66048	7.447587766031748E7	2.273733165665555E9
306	1467	66048	7.43797728126296E7	2.2713856136930246E9
309	1472	66048	7.428382127770482E7	2.2690412014160714E9
315	1482	66048	7.41880227503353E7	2.2666999233382874E9
344	1591	66048	7.409237692606032E7	2.2643617739755187E9
388	1754	66048	7.399688350116423E7	2.2620267478558345E9
461	1975	66048	7.390154217267416E7	2.2596948395194926E9
653	2771	66048	7.380635263835792E7	2.2573660435189085E9
722	3110	66048	7.371131459672166E7	2.255040354418616E9
806	3330	66048	7.361642774700792E7	2.252717766795241E9
900	3592	66048	7.35216917891933E7	2.2503982752374625E9
970	3769	66048	7.342710642398639E7	2.248081874345985E9
1024	3944	66048	7.333267135282564E7	2.245768558733504E9
1026	3949	66048	7.323838627787712E7	2.243458323024669E9
1047	4017	66048	7.31442509020325E7	2.2411511618560567E9
1155	4500	66048	7.305026492890683E7	2.238847069876135E9
1177	4566	66048	7.295642806283654E7	2.236546041745232E9
1813	6342	66048	7.286274000887726E7	2.2342480721355042E9
2051	6800	66048	7.27692004728017E7	2.231953155730903E9
2179	7050	66048	7.267580916109753E7	2.229661287227141E9
2343	7435	66048	7.258256578096557E7	2.2273724613316674E9
2576	7809	66048	7.248947004031713E7	2.2250866727636228E9
2705	8076	66048	7.239652164777264E7	2.2228039162538247E9
2734	8132	66048	7.230372031265898E7	2.2205241865447183E9
2762	8188	66048	7.221106574500787E7	2.21824747839036E9
2823	8267	66048	7.211855765555345E7	2.2159737865563717E9
2933	8435	66048	7.202619575573051E7	2.213703105819922E9
3556	9411	66048	7.19339797576724E7	2.2114354309696913E9
3971	10028	66048	7.18419093742089E7	2.209170756805834E9
4357	10746	66048	7.174998431886412E7	2.2069090781399517E9
4655	11279	66048	7.165820430585486E7	2.2046503897950706E9
4960	11764	66048	7.156656905008824E7	2.202394686605598E9
5168	12075	66048	7.14750782671597E7	2.2001419634172935E9
5179	12090	66048	7.138373167335133E7	2.197892215087248E9
5662	12804	66048	7.129252898562945E7	2.195645436483841E9
5859	13064	66048	7.1201469921643E7	2.193401622486719E9
5910	13128	66048	7.111055419972137E7	2.1911607679867606E9
6296	13718	66048	7.10197815388724E7	2.188922867886048E9
6424	13918	66048	7.092915165878054E7	2.1866879170978336E9
6426	13920	66048	7.083866427980487E7	2.1844559105465164E9
6653	14306	66048	7.074831912297697E7	2.1822268431676035E9
6683	14351	66048	7.065811590999936E7	2.1800007099076905E9
6970	14827	66048	7.056805436324312E7	2.17777750572442E9
7771	16036	66048	7.047813420574631E7	2.175557225586463E9
7808	16079	66048	7.038835516121182E7	2.173339864473481E9
8237	16726	66048	7.029871695400555E7	2.1711254173760996E9
8259	16758	66048	7.020921930915456E7	2.168913879295881E9
8398	17011	66048	7.011986195234504E7	2.166705245245292E9
8617	17389	66048	7.003064460992041E7	2.1644995102476735E9
9274	18365	66048	6.994156700887978E7	2.1622966693372207E9
9664	19024	66048	6.985262887687528E7	2.1600967175589347E9
9908	19428	66048	6.976382994221121E7	2.1578996499686184E9
10141	19788	66048	6.967516993384124E7	2.155705461632826E9
10168	19836	66048	6.958664858136712E7	2.1535141476288457E9
11882	22089	66048	6.949826561503662E7	2.151325703044671E9
12592	23039	66048	6.941002076574168E7	2.149140122978965E9
12901	23448	66048	6.932191376501657E7	2.14695740254104E9
14285	26451	66048	6.923394434503616E7	2.1447775368508253E9
14409	26644	66048	6.914611223861387E7	2.1426005210388374E9
328	1519	65920	6.905841717920004E7	2.1404263502461553E9
13858	25844	65856	6.897085890087993E7	2.1382550196243887E9
3616	9509	65824	6.888343713837211E7	2.1360865243356528E9
280	1303	65808	6.879615162702657E7	2.1339208595525413E9
19	24	65804	6.870900210282269E7	2.131758020458092E9
1285	4767	65800	6.862198830236788E7	2.1295980022457683E9
5939	13167	65800	6.853510996289551E7	2.1274408001194274E9
3	4	65792	6.844836682226294E7	2.1252864092932847E9
16	21	65792	6.836175861895025E7	2.1231348249919016E9
110	227	65792	6.827528509205797E7	2.1209860424501464E9
167	619	65792	6.81889459813058E7	2.1188400569131749E9
206	775	65792	6.810274102703023E7	2.1166968636363919E9
228	839	65792	6.801666997018339E7	2.1145564578854377E9
310	1474	65792	6.793073255233096E7	2.1124188349361525E9
311	1475	65792	6.78449285156504E7	2.110283990074548E9
312	1476	65792	6.775925760292947E7	2.108151918596789E9
320	1489	65792	6.767371955756435E7	2.1060226158091598E9
329	1521	65792	6.758831412355764E7	2.1038960770280352E9
380	1739	65792	6.750304104551734E7	2.1017722975798647E9
397	1776	65792	6.741790006865436E7	2.0996512728011339E9
417	1841	65792	6.733289093878122E7	2.0975329980383432E9
476	2013	65792	6.724801340231037E7	2.0954174686479836E9
482	2035	65792	6.716326720625235E7	2.0933046799965067E9
533	2236	65792	6.707865209821422E7	2.0911946274603019E9
565	2513	65792	6.699416782639754E7	2.0890873064256618E9
579	2534	65792	6.6909814139597245E7	2.08698271228877E9
598	2588	65792	6.682559078719964E7	2.0848808404556649E9
662	2831	65792	6.674149751918057E7	2.0827816863422146E9
665	2837	65792	6.66575340861041E7	2.080685245374094E9
667	2841	65792	6.6573700239120714E7	2.0785915129867601E9
744	3221	65792	6.648999572996553E7	2.0765004846254196E9
767	3262	65792	6.64064203109569E7	2.074412155745012E9
799	3323	65792	6.632297373499463E7	2.0723265218101802E9
839	3401	65792	6.623965575555832E7	2.0702435782952416E9
849	3446	65792	6.615646612670567E7	2.0681633206841667E9
863	3475	65792	6.607340460307114E7	2.0660857444705555E9
867	3488	65792	6.599047093986399E7	2.0640108451576076E9
940	3700	65792	6.590766489286693E7	2.0619386182581017E9
980	3810	65792	6.582498621843425E7	2.0598690592943652E9
992	3839	65792	6.574243467349057E7	2.0578021637982566E9
1065	4145	65792	6.566001001552876E7	2.05573792731113E9
1083	4201	65792	6.557771200260875E7	2.053676345383822E9
1095	4246	65792	6.549554039335589E7	2.0516174135766206E9
1112	4286	65792	6.5413494946959235E7	2.0495611274592423E9
1130	4385	65792	6.533157542316981E7	2.0475074826108017E9
1141	4441	65792	6.5249781582299456E7	2.045456474619797E9
1149	4469	65792	6.516811318521905E7	2.0434080990840812E9
1195	4616	65792	6.5086569993356824E7	2.041362351610834E9
1417	5264	65792	6.500515176869692E7	2.0393192278165407E9
1479	5470	65792	6.4923858273777954E7	2.037278723326973E9
1518	5535	65792	6.48426892716912E7	2.0352408337771535E9
1597	5665	65792	6.476164452607932E7	2.0332055548113422E9
1616	5693	65792	6.468072380113461E7	2.0311728820830069E9
1678	5961	65792	6.459992686159759E7	2.0291428112548008E9
1685	5977	65792	6.451925347275547E7	2.02711533799854E9
1691	6025	65792	6.443870340044056E7	2.025090457995176E9
1699	6042	65792	6.435827641102885E7	2.0230681669347777E9
1708	6066	65792	6.427797227143839E7	2.0210484605165021E9
1727	6106	65792	6.419779074912784E7	2.019031334448573E9
1804	6319	65792	6.411773161209493E7	2.0170167844482582E9
1855	6406	65792	6.403779462887504E7	2.015004806241847E9
1889	6482	65792	6.39579795685397E7	2.012995395564625E9
2084	6867	65792	6.3878286200695015E7	2.0109885481608527E9
2102	6895	65792	6.379871429548013E7	2.0089842597837358E9
2116	6922	65792	6.371926362356599E7	2.0069825261954129E9
2358	7472	65792	6.3639933956153646E7	2.004983343166925E9
2399	7531	65792	6.356072506497291E7	2.0029867064781947E9
2421	7564	65792	6.348163672228082E7	2.0009926119180033E9
2437	7582	65792	6.340266870086021E7	1.999001055283967E9
2558	7773	65792	6.332382077401826E7	1.9970120323825157E9
2827	8278	65792	6.324509271558494E7	1.9950255390288677E9
2925	8422	65792	6.316648429991181E7	1.9930415710470119E9
3271	8966	65792	6.308799530187031E7	1.9910601242696795E9
3399	9159	65792	6.300962549685052E7	1.9890811945383263E9
3460	9252	65792	6.2931374660759665E7	1.9871047777031095E9
4127	10294	65792	6.28532425700206E7	1.9851308696228604E9
4345	10725	65792	6.277522900157046E7	1.9831594661650677E9
4597	11188	65792	6.269733373285928E7	1.9811905632058532E9
4642	11261	65792	6.261955654184863E7	1.9792241566299534E9
4698	11355	65792	6.254189720700999E7	1.9772602423306892E9
4782	11494	65792	6.246435550732352E7	1.975298816209951E9
4977	11790	65792	6.238693122227663E7	1.9733398741781738E9
5024	11857	65792	6.2309624131862625E7	1.9713834121543183E9
5066	11916	65792	6.223243401657917E7	1.9694294260658438E9
5117	11993	65792	6.215536065742706E7	1.967477911848691E9
5121	11998	65792	6.2078403835908815E7	1.9655288654472606E9
5387	12422	65792	6.2001563334027156E7	1.9635822828143866E9
6086	13373	65792	6.192483893428378E7	1.961638159911319E9
6135	13462	65792	6.184823041967802E7	1.959696492707703E9
6239	13628	65792	6.1771737573705345E7	1.9577572771815565E9
6539	14115	65792	6.169536018035619E7	1.955820509319248E9
6603	14223	65792	6.161909802411427E7	1.953886185115473E9
7013	14912	65792	6.154295088995565E7	1.9519543005732388E9
7132	15130	65792	6.146691856334705E7	1.9500248517038386E9
7759	16022	65792	6.1391000830244675E7	1.948097834526831E9
7937	16247	65792	6.131519747709299E7	1.9461732450700243E9
8336	16889	65792	6.123950829082299E7	1.9442510793694446E9
8459	17112	65792	6.116393305885131E7	1.9423313334693263E9
8469	17130	65792	6.108847156907861E7	1.9404140034220831E9
8985	17932	65792	6.1013123609888494E7	1.9384990852882957E9
9734	19142	65792	6.0937888970145896E7	1.9365865751366796E9
9875	19372	65792	6.086276743919605E7	1.9346764690440764E9
9893	19400	65792	6.0787758806862906E7	1.9327687630954216E9
10209	19899	65792	6.071286286344825E7	1.930863453383738E9
10318	20060	65792	6.063807939972988E7	1.9289605360101013E9
10368	20130	65792	6.056340820696068E7	1.9270600070836275E9
10601	20469	65792	6.048884907686714E7	1.9251618627214499E9
11149	21137	65792	6.041440180164829E7	1.9232660990487034E9
11364	21393	65792	6.034006617397411E7	1.921372712198497E9
11780	21948	65792	6.026584198698454E7	1.9194816983118997E9
11991	22233	65792	6.019172903428797E7	1.9175930535379162E9
11996	22238	65792	6.011772710996017E7	1.9157067740334713E9
12151	22453	65792	6.004383600854286E7	1.9138228559633856E9
12252	22594	65792	5.9970055525042504E7	1.9119412955003564E9
12419	22809	65792	5.9896385454929106E7	1.910062088824941E9
13331	25021	65792	5.982282559413499E7	1.9081852321255357E9
13341	25031	65792	5.97493757390533E7	1.9063107215983531E9
13713	25640	65792	5.967603568653699E7	1.9044385534474032E9
14395	26611	65792	5.960280523389761E7	1.9025687238844795E9
14413	26649	65792	5.952968417890388E7	1.900701229129132E9
14588	26953	65792	5.945667231978051E7	1.8988360654086514E9
298	1456	65664	5.938376945520709E7	1.8969732289580474E9
345	1597	65664	5.93109753843168E7	1.8951127160200365E9
8771	17616	65664	5.923828990669503E7	1.8932545228450098E9
116	257	65568	5.916571282237846E7	1.8913986456910276E9
353	1655	65568	5.909324393185349E7	1.889545080823788E9
7598	15799	65568	5.90208830360555E7	1.8876938245166204E9
8	11	65536	5.894862993636699E7	1.8858448730504513E9
37	49	65536	5.887648443461708E7	1.8839982227138011E9
44	64	65536	5.880444633307985E7	1.882153869802754E9
46	70	65536	5.873251543447318E7	1.8803118106209407E9
52	77	65536	5.866069154195777E7	1.8784720414795253E9
62	98	65536	5.858897445913576E7	1.8766345586971798E9
87	160	65536	5.8517363990049645E7	1.8747993586000695E9
89	167	65536	5.8445859939181015E7	1.8729664375218332E9
151	545	65536	5.837446211144957E7	1.8711357918035653E9
158	565	65536	5.830317031221163E7	1.8693074177937949E9
203	765	65536	5.823198434725912E7	1.8674813118484664E9
207	776	65536	5.816090402281851E7	1.8656574703309271E9
214	794	65536	5.808992914554964E7	1.8638358896119058E9
234	1113	65536	5.801905952254423E7	1.8620165660694883E9
236	1117	65536	5.7948294961325146E7	1.8601994960891094E9
237	1120	65536	5.787763526984508E7	1.8583846760635283E9
238	1124	65536	5.780708025648529E7	1.8565721023928092E9
242	1161	65536	5.773662973005473E7	1.8547617714843116E9
244	1201	65536	5.76662834997885E7	1.85295367975266E9
246	1206	65536	5.759604137534722E7	1.8511478236197374E9
252	1224	65536	5.7525903166815355E7	1.8493441995146575E9
273	1280	65536	5.7455868684700534E7	1.8475428038737547E9
282	1311	65536	5.738593773993218E7	1.8457436331405618E9
286	1317	65536	5.73161101438605E7	1.843946683765795E9
293	1351	65536	5.724638570825512E7	1.842151952207329E9
294	1451	65536	5.717676424530446E7	1.8403594349301937E9
299	1458	65536	5.710724556761409E7	1.8385691284065394E9
303	1463	65536	5.7037829488205925E7	1.836781029115631E9
305	1466	65536	5.696851582051698E7	1.8349951335438251E9
308	1471	65536	5.689930437839849E7	1.8332114381845574E9
316	1483	65536	5.6830194976114534E7	1.8314299395383203E9
317	1484	65536	5.676118742834107E7	1.8296506341126451E9
321	1491	65536	5.669228155016482E7	1.8278735184220896E9
322	1494	65536	5.6623477157082185E7	1.8260985889882162E9
326	1505	65536	5.655477406499822E7	1.8243258423395765E9
331	1528	65536	5.648617209022544E7	1.822555275011696E9
333	1533	65536	5.6417671049482845E7	1.8207868835470529E9
338	1563	65536	5.634927075989467E7	1.819020664495062E9
348	1602	65536	5.62809710389897E7	1.8172566144120636E9
354	1657	65536	5.621277170469965E7	1.8154947298612957E9
368	1704	65536	5.614467257535854E7	1.8137350074128857E9
371	1712	65536	5.607667346970144E7	1.8119774436438305E9
374	1720	65536	5.600877420686354E7	1.8102220351379817E9
392	1760	65536	5.594097460637877E7	1.8084687784860208E9
399	1781	65536	5.587327448817937E7	1.8067176702854586E9
406	1797	65536	5.580567367259397E7	1.8049687071405962E9
412	1831	65536	5.57381719803475E7	1.8032218856625323E9
413	1832	65536	5.567076923255938E7	1.801477202469129E9
429	1878	65536	5.560346525074277E7	1.7997346541849983E9
450	1932	65536	5.553625985680372E7	1.7979942374414954E9
451	1935	65536	5.546915287303989E7	1.7962559488766918E9
452	1938	65536	5.54021441221394E7	1.7945197851353598E9
458	1967	65536	5.533523342718026E7	1.7927857428689637E9
471	2003	65536	5.52684206116289E7	1.791053818735635E9
474	2011	65536	5.520170549933942E7	1.7893240094001615E9
479	2024	65536	5.5135087914552376E7	1.7875963115339673E9
480	2025	65536	5.506856768189392E7	1.785870721815099E9
483	2036	65536	5.500214462637476E7	1.7841472369282098E9
491	2049	65536	5.493581857338913E7	1.7824258535645437E9
496	2060	65536	5.4869589348713696E7	1.7807065684219153E9
497	2072	65536	5.480345677850668E7	1.778989378204698E9
511	2146	65536	5.473742068930693E7	1.7772742796238105E9
531	2202	65536	5.467148090803259E7	1.775561269396691E9
534	2259	65536	5.460563726198053E7	1.773850344247293E9
536	2274	65536	5.453988957882508E7	1.7721415009060614E9
550	2494	65536	5.447423768661711E7	1.7704347361099205E9
552	2496	65536	5.4408681413783126E7	1.768730046602259E9
561	2508	65536	5.434322058912407E7	1.767027429132907E9
578	2532	65536	5.427785504181469E7	1.7653268804581337E9
581	2546	65536	5.421258460140224E7	1.7636283973406184E9
582	2547	65536	5.414740909780556E7	1.7619319765494406E9
593	2575	65536	5.408232836131443E7	1.7602376148600698E9
599	2592	65536	5.40173422225882E7	1.7585453090543406E9
600	2594	65536	5.395245051265495E7	1.7568550559204419E9
614	2640	65536	5.388765306291062E7	1.7551668522529013E9
634	2701	65536	5.3822949705118045E7	1.7534806948525717E9
636	2705	65536	5.3758340271405816E7	1.7517965805266097E9
639	2708	65536	5.36938245942676E7	1.7501145060884688E9
664	2834	65536	5.362940250656103E7	1.7484344683578787E9
668	2842	65536	5.35650738415068E7	1.746756464160832E9
669	2843	65536	5.350083843268758E7	1.7450804903295658E9
682	2875	65536	5.343669611404741E7	1.7434065437025542E9
685	2894	65536	5.337264671989044E7	1.741734621124485E9
691	2904	65536	5.3308690084880054E7	1.7400647194462483E9
726	3130	65536	5.32448260440382E7	1.7383968355249245E9
731	3141	65536	5.318105443274403E7	1.7367309662237623E9
734	3147	65536	5.311737508673339E7	1.735067108412172E9
743	3219	65536	5.305378784209765E7	1.733405258965705E9
795	3314	65536	5.299029253528279E7	1.7317454147660396E9
866	3484	65536	5.2926889003088675E7	1.7300875727009704E9
876	3506	65536	5.28635770826679E7	1.728431729664389E9
877	3512	65536	5.280035661152496E7	1.7267778825562687E9
880	3548	65536	5.27372274275155E7	1.7251260282826571E9
882	3550	65536	5.267418936884516E7	1.7234761637556539E9
894	3582	65536	5.26112422740688E7	1.7218282858933983E9
899	3591	65536	5.2548385982089706E7	1.7201823916200595E9
903	3596	65536	5.2485620332158394E7	1.7185384778658137E9
915	3621	65536	5.242294516387202E7	1.7168965415668368E9
920	3634	65536	5.236036031717327E7	1.7152565796652858E9
937	3681	65536	5.2297865632349744E7	1.7136185891092908E9
943	3705	65536	5.223546095003261E7	1.7119825668529284E9
960	3748	65536	5.2173146111196235E7	1.710348509856223E9
963	3754	65536	5.211092095715692E7	1.7087164150851195E9
968	3766	65536	5.204878532957221E7	1.707086279511476E9
986	3820	65536	5.1986739070440084E7	1.7054581001130514E9
995	3846	65536	5.192478202209779E7	1.7038318738734841E9
1017	3923	65536	5.186291402722125E7	1.702207597782284E9
1022	3935	65536	5.180113492882406E7	1.7005852688348153E9
1070	4179	65536	5.1739444570256725E7	1.6989648840322857E9
1077	4191	65536	5.167784279520562E7	1.6973464403817284E9
1086	4211	65536	5.161632944769236E7	1.6957299348959932E9
1114	4302	65536	5.155490437207278E7	1.6941153645937283E9
1184	4587	65536	5.1493567413036026E7	1.6925027264993677E9
1190	4604	65536	5.1432318415603906E7	1.6908920176431181E9
1220	4665	65536	5.137115722512998E7	1.6892832350609481E9
1222	4669	65536	5.131008368729849E7	1.6876763757945673E9
1303	4796	65536	5.124909764812385E7	1.6860714368914194E9
1383	5058	65536	5.11881989539495E7	1.684468415404664E9
1419	5307	65536	5.112738745144738E7	1.682867308393169E9
1448	5407	65536	5.106666298761674E7	1.6812681129214883E9
1478	5469	65536	5.100602540978351E7	1.679670826059855E9
1611	5686	65536	5.094547456559963E7	1.6780754448841698E9
1615	5692	65536	5.088501030304178E7	1.676481966475979E9
1623	5707	65536	5.082463247041091E7	1.6748903879224682E9
1626	5718	65536	5.076434091633136E7	1.6733007063164468E9
1641	5743	65536	5.0704135489749864E7	1.6717129187563353E9
1668	5855	65536	5.064401603993496E7	1.6701270223461509E9
1688	5982	65536	5.058398241647599E7	1.668543014195496E9
1690	6020	65536	5.052403446928241E7	1.6669608914195428E9
1696	6039	65536	5.0464172048582874E7	1.6653806511390228E9
1700	6056	65536	5.040439500492443E7	1.663802290480209E9
1710	6068	65536	5.0344703189171925E7	1.6622258065749123E9
1729	6112	65536	5.028509645250681E7	1.6606511965604553E9
1769	6231	65536	5.02255746464267E7	1.6590784575796711E9
1779	6254	65536	5.016613762274433E7	1.6575075867808824E9
1810	6334	65536	5.0106785233586945E7	1.6559385813178942E9
1812	6341	65536	5.004751733139537E7	1.6543714383499782E9
1830	6366	65536	4.9988333768923216E7	1.6528061550418582E9
1836	6377	65536	4.992923439923624E7	1.6512427285637028E9
1888	6481	65536	4.987021907571132E7	1.6496811560911052E9
1905	6510	65536	4.981128765203579E7	1.6481214348050756E9
1909	6522	65536	4.975243998220674E7	1.646563561892028E9
1916	6537	65536	4.969367592053022E7	1.6450075345437694E9
1993	6711	65536	4.9634995321620144E7	1.643453349957478E9
2012	6734	65536	4.957639804039802E7	1.6419010053357038E9
2019	6744	65536	4.951788393209171E7	1.640350497886345E9
2038	6775	65536	4.945945285223504E7	1.638801824822643E9
2042	6784	65536	4.940110465666668E7	1.6372549833631637E9
2052	6802	65536	4.93428392015297E7	1.6357099707317922E9
2056	6810	65536	4.9284656343270496E7	1.6341667841577113E9
2095	6882	65536	4.9226555938638285E7	1.632625420875398E9
2096	6883	65536	4.916853784468426E7	1.6310858781246068E9
2130	6958	65536	4.911060191876067E7	1.629548153150356E9
2177	7047	65536	4.905274801852038E7	1.6280122432029207E9
2239	7184	65536	4.899497600191574E7	1.6264781455378118E9
2247	7202	65536	4.8937285727198154E7	1.6249458574157736E9
2259	7238	65536	4.8879677052917205E7	1.6234153761027663E9
2265	7256	65536	4.882214983791985E7	1.6218866988699539E9
2283	7297	65536	4.87647039413498E7	1.6203598229936936E9
2285	7301	65536	4.870733922264655E7	1.618834745755521E9
2294	7317	65536	4.865005554154501E7	1.617311464442144E9
2298	7325	65536	4.859285275807436E7	1.615789976345422E9
2299	7328	65536	4.853573073255758E7	1.6142702787623627E9
2313	7355	65536	4.847868932561066E7	1.612752368995105E9
2314	7358	65536	4.8421728398141794E7	1.6112362443509078E9
2316	7362	65536	4.836484781135068E7	1.609721902142138E9
2326	7386	65536	4.8308047426727846E7	1.6082093396862614E9
2369	7486	65536	4.825132710605386E7	1.6066985543058267E9
2468	7634	65536	4.819468671139859E7	1.6051895433284545E9
2552	7762	65536	4.8138126105120614E7	1.6036823040868323E9
2573	7800	65536	4.808164514986637E7	1.6021768339186928E9
2659	7985	65536	4.802524370856943E7	1.600673130166807E9
2748	8158	65536	4.796892164444984E7	1.5991711901789722E9
2763	8190	65536	4.791267882101341E7	1.5976710113080032E9
2784	8217	65536	4.785651510205099E7	1.5961725909117143E9
2838	8303	65536	4.7800430351637684E7	1.594675926352913E9
2954	8466	65536	4.7744424434132345E7	1.5931810149993875E9
2979	8512	65536	4.7688497214176625E7	1.5916878542238936E9
2987	8522	65536	4.76326485566944E7	1.5901964414041445E9
2998	8546	65536	4.757687832689107E7	1.5887067739227984E9
3073	8677	65536	4.752118639025287E7	1.5872188491674495E9
3092	8702	65536	4.746557261254605E7	1.5857326645306125E9
3100	8715	65536	4.741003685981634E7	1.5842482174097147E9
3114	8733	65536	4.735457899838821E7	1.5827655052070854E9
3202	8862	65536	4.729919889486406E7	1.5812845253299394E9
3207	8867	65536	4.724389641612372E7	1.579805275190372E9
3274	8970	65536	4.718867142932361E7	1.5783277522053435E9
3320	9042	65536	4.7133523801896155E7	1.5768519537966704E9
3331	9065	65536	4.7078453401549004E7	1.5753778773910124E9
3354	9095	65536	4.702346009626447E7	1.573905520419864E9
3369	9112	65536	4.69685437542987E7	1.5724348803195388E9
3465	9264	65536	4.69137042441812E7	1.5709659545311646E9
3473	9274	65536	4.68589414347139E7	1.569498740500666E9
3486	9292	65536	4.680425519497068E7	1.5680332356787574E9
3501	9317	65536	4.674964539429669E7	1.566569437520933E9
3524	9355	65536	4.669511190230757E7	1.5651073434874513E9
3525	9357	65536	4.664065458888882E7	1.5636469510433278E9
3530	9366	65536	4.658627332419521E7	1.5621882576583235E9
3531	9367	65536	4.6531967978650026E7	1.5607312608069332E9
3566	9432	65536	4.6477738422944434E7	1.559275957968375E9
3567	9433	65536	4.642358452803685E7	1.55782234662658E9
3578	9452	65536	4.6369506165152244E7	1.5563704242701812E9
3601	9489	65536	4.631550320578152E7	1.5549201883925028E9
3668	9591	65536	4.626157552168082E7	1.5534716364915493E9
3669	9593	65536	4.620772298487085E7	1.5520247660699942E9
3682	9610	65536	4.6153945467636324E7	1.550579574635171E9
3708	9649	65536	4.6100242842525266E7	1.5491360596990616E9
3719	9661	65536	4.6046614982348315E7	1.547694218778286E9
3779	9753	65536	4.599306176017817E7	1.5462540493940911E9
3812	9796	65536	4.593958304934883E7	1.5448155490723403E9
3876	9877	65536	4.588617872345508E7	1.5433787153435042E9
3938	9983	65536	4.583284865635179E7	1.5419435457426484E9
3943	9991	65536	4.577959272215321E7	1.5405100378094234E9
3946	9995	65536	4.5726410795232534E7	1.5390781890880575E9
3962	10014	65536	4.567330275022098E7	1.5376479971273394E9
3984	10052	65536	4.562026846200742E7	1.536219459480615E9
3987	10056	65536	4.556730780573761E7	1.5347925737057729E9
4077	10197	65536	4.551442065681358E7	1.5333673373652353E9
4109	10250	65536	4.5461606890893035E7	1.5319437480259483E9
4145	10326	65536	4.5408866383888684E7	1.5305218032593691E9
4161	10357	65536	4.5356199011967696E7	1.5291015006414604E9
4165	10364	65536	4.5303604651551016E7	1.5276828377526758E9
4180	10405	65536	4.525108317931273E7	1.5262658121779518E9
4186	10420	65536	4.519863447217946E7	1.5248504215066957E9
4187	10421	65536	4.514625840732986E7	1.5234366633327804E9
4201	10448	65536	4.509395486219376E7	1.5220245352545264E9
4227	10499	65536	4.504172371445183E7	1.5206140348746996E9
4228	10506	65536	4.498956484203478E7	1.5192051598004975E9
4245	10545	65536	4.4937478123122774E7	1.5177979076435375E9
4252	10561	65536	4.4885463436144896E7	1.51639227601985E9
4254	10564	65536	4.483352065977852E7	1.5149882625498695E9
4262	10583	65536	4.478164967294862E7	1.5135858648584185E9
4301	10655	65536	4.472985035482735E7	1.5121850805747063E9
4309	10666	65536	4.467812258483319E7	1.5107859073323102E9
4361	10755	65536	4.4626466242630556E7	1.5093883427691722E9
4411	10849	65536	4.457488120812918E7	1.5079923845275877E9
4431	10890	65536	4.452336736148339E7	1.5065980302541926E9
4433	10899	65536	4.447192458309163E7	1.5052052775999582E9
4468	10966	65536	4.4420552753595814E7	1.5038141242201772E9
4470	10968	65536	4.436925175388078E7	1.502424567774457E9
4488	10995	65536	4.4318021465073645E7	1.5010366059267094E9
4517	11050	65536	4.426686176854325E7	1.499650236345139E9
4519	11052	65536	4.421577254589964E7	1.4982654567022367E9
4535	11078	65536	4.416475367899326E7	1.4968822646747665E9
4538	11085	65536	4.411380504991467E7	1.495500657943759E9
4540	11087	65536	4.406292654099378E7	1.4941206341945014E9
4545	11094	65536	4.401211803479923E7	1.4927421911165252E9
4551	11106	65536	4.3961379414138E7	1.4913653264035997E9
4554	11111	65536	4.391071056205468E7	1.4899900377537231E9
4564	11131	65536	4.386011136183092E7	1.4886163228691084E9
4590	11176	65536	4.3809581696984895E7	1.4872441794561791E9
4591	11177	65536	4.375912145127075E7	1.4858736052255573E9
4606	11198	65536	4.370873050867796E7	1.484504597892054E9
4608	11205	65536	4.365840875343081E7	1.483137155174662E9
4623	11231	65536	4.3608156069987826E7	1.4817712747965431E9
4662	11293	65536	4.355797234304123E7	1.480406954485023E9
4677	11318	65536	4.350785745751629E7	1.4790441919715765E9
4722	11390	65536	4.345781129857089E7	1.4776829849918253E9
4735	11417	65536	4.340783375159484E7	1.4763233312855213E9
4742	11424	65536	4.3357924702209435E7	1.4749652285965438E9
4757	11452	65536	4.33080840362668E7	1.4736086746728861E9
4805	11529	65536	4.325831163984943E7	1.4722536672666488E9
4810	11534	65536	4.320860739926948E7	1.470900204134027E9
4816	11546	65536	4.3158971201068446E7	1.4695482830353076E9
4881	11648	65536	4.31094029320164E7	1.468197901734854E9
4889	11659	65536	4.3059902479111575E7	1.4668490580010996E9
4904	11685	65536	4.301046972957969E7	1.4655017496065383E9
4906	11687	65536	4.296110457087361E7	1.464155974327718E9
4910	11694	65536	4.291180689067259E7	1.4628117299452267E9
4922	11712	65536	4.286257657688182E7	1.4614690142436874E9
4935	11731	65536	4.281341351763191E7	1.4601278250117486E9
4967	11773	65536	4.276431760127828E7	1.458788160042072E9
4988	11808	65536	4.271528871640076E7	1.457450017131331E9
5030	11866	65536	4.266632675180285E7	1.4561133940801923E9
5032	11870	65536	4.261743159651135E7	1.4547782886933155E9
5075	11930	65536	4.256860313977574E7	1.4534446987793376E9
5081	11939	65536	4.2519841271067716E7	1.4521126221508708E9
5090	11956	65536	4.24711458800806E7	1.4507820566244872E9
5096	11964	65536	4.242251685672881E7	1.4494530000207138E9
5104	11975	65536	4.237395409114738E7	1.4481254501640236E9
5125	12005	65536	4.232545747369137E7	1.4467994048828251E9
5130	12013	65536	4.227702689493549E7	1.4454748620094573E9
5141	12031	65536	4.22286622456733E7	1.4441518193801749E9
5236	12173	65536	4.218036341691698E7	1.442830274835146E9
5310	12311	65536	4.2132130299896635E7	1.4415102262184393E9
5317	12321	65536	4.20839627860598E7	1.440191671378017E9
5322	12331	65536	4.203586076707103E7	1.4388746081657276E9
5336	12349	65536	4.19878241348112E7	1.4375590344372935E9
5366	12392	65536	4.193985278137716E7	1.4362449480523071E9
5388	12423	65536	4.189194659908113E7	1.4349323468742187E9
5451	12511	65536	4.184410548045021E7	1.4336212287703295E9
5539	12633	65536	4.17963293182259E7	1.4323115916117835E9
5585	12701	65536	4.1748618005363494E7	1.4310034332735577E9
5635	12765	65536	4.170097143503168E7	1.4296967516344547E9
5665	12809	65536	4.165338950061201E7	1.4283915445770943E9
5696	12849	65536	4.160587209569835E7	1.4270878099879048E9
5755	12928	65536	4.155841911409648E7	1.4257855457571163E9
5841	13040	65536	4.151103044982337E7	1.4244847497787478E9
5858	13063	65536	4.146370599710699E7	1.423185419950604E9
5923	13145	65536	4.1416445650385536E7	1.421887554174264E9
6014	13266	65536	4.1369249304307096E7	1.420591150355075E9
6028	13283	65536	4.132211685372908E7	1.4192962064021413E9
6040	13303	65536	4.127504819371778E7	1.41800272022832E9
6061	13336	65536	4.12280432195478E7	1.416710689750208E9
6089	13376	65536	4.118110182670165E7	1.415420112888138E9
6117	13429	65536	4.113422391086917E7	1.4141309875661688E9
6144	13474	65536	4.108740936794714E7	1.4128433117120764E9
6156	13498	65536	4.104065809403867E7	1.4115570832573466E9
6217	13598	65536	4.0993969985452816E7	1.4102723001371665E9
6293	13708	65536	4.0947344938704036E7	1.4089889602904174E9
6295	13717	65536	4.090078285051175E7	1.4077070616596658E9
6434	13940	65536	4.0854283617799826E7	1.4064266021911557E9
6478	14014	65536	4.080784713769609E7	1.4051475798348007E9
6489	14032	65536	4.0761473307531886E7	1.4038699925441754E9
6500	14048	65536	4.071516202484154E7	1.4025938382765076E9
6542	14121	65536	4.066891318736196E7	1.4013191149926722E9
6566	14166	65536	4.062272669303207E7	1.4000458206571798E9
6573	14177	65536	4.0576602439992435E7	1.3987739532381716E9
6620	14260	65536	4.053054032658466E7	1.3975035107074103E9
6681	14349	65536	4.048454025135103E7	1.3962344910402725E9
6692	14364	65536	4.0438602113034E7	1.3949668922157407E9
6700	14373	65536	4.039272581057573E7	1.3937007122163959E9
6732	14433	65536	4.034691124311761E7	1.392435949028409E9
6767	14486	65536	4.030115830999973E7	1.3911726006415334E9
6839	14607	65536	4.025546691076059E7	1.3899106650490992E9
6845	14621	65536	4.0209836945136435E7	1.3886501402480004E9
6863	14649	65536	4.016426831306094E7	1.3873910242386935E9
6894	14702	65536	4.01187609146646E7	1.3861333150251834E9
6913	14733	65536	4.0073314650274456E7	1.3848770106150215E9
6931	14762	65536	4.00279294204135E7	1.3836221090192955E9
6966	14822	65536	3.998260512580019E7	1.382368608252618E9
7002	14890	65536	3.9937341667348176E7	1.3811165063331285E9
7049	14981	65536	3.9892138946165614E7	1.3798658012824743E9
7054	14988	65536	3.984699686355489E7	1.3786164911258118E9
7096	15071	65536	3.980191532101203E7	1.3773685738917935E9
7103	15086	65536	3.9756894220226415E7	1.376122047612565E9
7123	15117	65536	3.9711933463080145E7	1.3748769103237529E9
7125	15119	65536	3.966703295164773E7	1.3736331600644603E9
7156	15166	65536	3.962219258819551E7	1.372390794877257E9
7191	15236	65536	3.9577412275181405E7	1.3711498128081758E9
7213	15269	65536	3.95326919152542E7	1.3699102119067E9
7229	15291	65536	3.948803141125339E7	1.3686719902257607E9
7255	15337	65536	3.944343066620852E7	1.3674351458217266E9
7261	15345	65536	3.93988895833388E7	1.3661996767543957E9
7350	15474	65536	3.9354408066052765E7	1.3649655810869927E9
7360	15488	65536	3.9309986017947644E7	1.363732856886155E9
7368	15496	65536	3.9265623342809126E7	1.362501502221931E9
7445	15601	65536	3.9221319944610775E7	1.3612715151677697E9
7449	15605	65536	3.9177075727513626E7	1.3600428938005145E9
7464	15625	65536	3.9132890595865846E7	1.3588156362003958E9
7491	15661	65536	3.908876445420211E7	1.3575897404510221E9
7546	15733	65536	3.90446972072434E7	1.3563652046393774E9
7664	15888	65536	3.9000688759896345E7	1.3551420268558066E9
7681	15912	65536	3.895673901725296E7	1.3539202051940157E9
7684	15916	65536	3.891284788459016E7	1.3526997377510602E9
7685	15917	65536	3.886901526736928E7	1.3514806226273391E9
7700	15942	65536	3.8825241071235776E7	1.3502628579265885E9
7734	15989	65536	3.878152520201859E7	1.3490464417558715E9
7736	15991	65536	3.873786756573001E7	1.3478313722255766E9
7816	16088	65536	3.869426806856495E7	1.3466176474494038E9
7863	16153	65536	3.865072661690076E7	1.345405265544363E9
8017	16355	65536	3.860724311729667E7	1.344194224630765E9
8071	16435	65536	3.856381747649341E7	1.342984522832213E9
8080	16461	65536	3.852044960141283E7	1.3417761582755983E9
8101	16498	65536	3.847713939915742E7	1.3405691290910912E9
8103	16502	65536	3.84338867770099E7	1.3393634334121346E9
8154	16595	65536	3.8390691642432846E7	1.3381590693754375E9
8200	16669	65536	3.834755390306823E7	1.3369560351209664E9
8208	16677	65536	3.8304473466737084E7	1.335754328791942E9
8230	16710	65536	3.8261450241439E7	1.3345539485348282E9
8264	16763	65536	3.821848413535168E7	1.3333548924993262E9
8277	16793	65536	3.817557505683073E7	1.33215715883837E9
8284	16802	65536	3.813272291440901E7	1.3309607457081172E9
8426	17052	65536	3.8089927616796404E7	1.329765651267942E9
8451	17094	65536	3.804718907287929E7	1.3285718736804295E9
8482	17152	65536	3.800450719172024E7	1.3273794111113691E9
8488	17162	65536	3.7961881882557504E7	1.3261882617297459E9
8581	17324	65536	3.791931305480472E7	1.324998423707736E9
8582	17328	65536	3.7876800618050426E7	1.3238098952206986E9
8591	17343	65536	3.783434448205769E7	1.322622674447169E9
8592	17347	65536	3.779194455676374E7	1.3214367595688531E9
8620	17395	65536	3.774960075227952E7	1.3202521487706199E9
8696	17510	65536	3.770731297888926E7	1.3190688402404926E9
8698	17512	65536	3.766508114705016E7	1.317886832169646E9
8706	17523	65536	3.7622905167392E7	1.3167061227523992E9
8798	17654	65536	3.758078495071662E7	1.3155267101862044E9
8801	17658	65536	3.7538720407997705E7	1.3143485926716466E9
8817	17686	65536	3.7496711450380236E7	1.313171768412432E9
8829	17701	65536	3.745475798918013E7	1.3119962356153831E9
8858	17750	65536	3.7412859935883984E7	1.3108219924904344E9
8865	17759	65536	3.737101720214846E7	1.3096490372506218E9
8941	17870	65536	3.732922969980008E7	1.3084773681120777E9
8942	17871	65536	3.728749734083481E7	1.307306983294027E9
8994	17944	65536	3.724582003741754E7	1.3061378810187762E9
8996	17946	65536	3.720419770188188E7	1.3049700595117095E9
8999	17949	65536	3.716263024672964E7	1.3038035170012822E9
9005	17956	65536	3.7121117584630564E7	1.3026382517190151E9
9009	17960	65536	3.707965962842178E7	1.301474261899483E9
9073	18069	65536	3.703825629110763E7	1.3003115457803168E9
9082	18081	65536	3.699690748585909E7	1.2991501016021883E9
9085	18087	65536	3.6955613126013525E7	1.2979899276088102E9
9109	18118	65536	3.691437312507427E7	1.2968310220469267E9
9113	18124	65536	3.6873187396710224E7	1.2956733831663077E9
9131	18148	65536	3.683205585475552E7	1.2945170092197425E9
9154	18182	65536	3.67909784132091E7	1.2933618984630334E9
9223	18300	65536	3.67499549862344E7	1.2922080491549895E9
9276	18370	65536	3.6708985488158934E7	1.2910554595574205E9
9306	18454	65536	3.66680698334739E7	1.2899041279351294E9
9310	18461	65536	3.66272079368339E7	1.2887540525559084E9
9336	18500	65536	3.658639971305644E7	1.2876052316905296E9
9346	18515	65536	3.6545645077121705E7	1.2864576636127424E9
9355	18528	65536	3.650494394417204E7	1.2853113465992627E9
9392	18593	65536	3.646429622951171E7	1.284166278929772E9
9434	18663	65536	3.642370184860647E7	1.2830224588869064E9
9461	18704	65536	3.6383160717083186E7	1.281879884756253E9
9469	18713	65536	3.6342672750729546E7	1.2807385548263445E9
9475	18722	65536	3.630223786549361E7	1.2795984673886502E9
9518	18791	65536	3.6261855977483466E7	1.2784596207375712E9
9543	18829	65536	3.622152700296691E7	1.2773220131704354E9
9556	18844	65536	3.6181250858371094E7	1.2761856429874911E9
9709	19106	65536	3.614102746028204E7	1.2750505084918978E9
9772	19200	65536	3.6100856725444466E7	1.2739166079897254E9
9784	19217	65536	3.606073857076126E7	1.2727839397899423E9
9787	19224	65536	3.602067291329326E7	1.271652502204415E9
9788	19226	65536	3.5980659670258805E7	1.270522293547899E9
9817	19273	65536	3.594069875903342E7	1.269393312138032E9
9879	19380	65536	3.5900790097149424E7	1.2682655562953293E9
9912	19433	65536	3.5860933602295645E7	1.2671390243431783E9
9935	19464	65536	3.5821129192317E7	1.2660137146078317E9
9983	19533	65536	3.578137678521421E7	1.2648896254184017E9
10034	19620	65536	3.574167629914334E7	1.2637667551068525E9
10069	19678	65536	3.570202765241559E7	1.2626451020079985E9
10075	19688	65536	3.566243076349682E7	1.2615246644594934E9
10105	19739	65536	3.5622885551007316E7	1.260405440801828E9
10143	19794	65536	3.558339193372136E7	1.2592874293783228E9
10190	19869	65536	3.554394983056687E7	1.2581706285351214E9
10343	20092	65536	3.5504559160625145E7	1.2570550366211867E9
10351	20105	65536	3.546521984313046E7	1.2559406519882932E9
10364	20126	65536	3.5425931797469735E7	1.2548274729910219E9
10375	20137	65536	3.538669494318218E7	1.2537154979867547E9
10409	20191	65536	3.5347509199958935E7	1.2526047253356674E9
10488	20311	65536	3.5308374487642854E7	1.2514951534007268E9
10519	20361	65536	3.526929072622795E7	1.2503867805476804E9
10534	20379	65536	3.5230257835859224E7	1.249279605145055E9
10585	20452	65536	3.519127573683234E7	1.248173625564149E9
10609	20478	65536	3.515234434959317E7	1.2470688401790266E9
10678	20561	65536	3.511346359473747E7	1.245965247366511E9
10719	20617	65536	3.507463339301067E7	1.2448628455061822E9
10732	20633	65536	3.503585366530745E7	1.2437616329803681E9
10980	20928	65536	3.4997124332671344E7	1.2426616081741388E9
11009	20962	65536	3.495844531629458E7	1.2415627694753046E9
11024	20981	65536	3.491981653751757E7	1.2404651152744045E9
11076	21050	65536	3.488123791782868E7	1.2393686439647062E9
11101	21079	65536	3.484270937886388E7	1.2382733539421968E9
11126	21111	65536	3.480423084240643E7	1.2371792436055796E9
11273	21286	65536	3.476580223038647E7	1.2360863113562655E9
11283	21297	65536	3.4727423464880854E7	1.2349945555983715E9
11312	21331	65536	3.468909446811263E7	1.233903974738711E9
11460	21506	65536	3.465081516245085E7	1.2328145671867917E9
11503	21558	65536	3.461258547041019E7	1.2317263313548071E9
11541	21612	65536	3.457440531465069E7	1.2306392656576338E9
11571	21652	65536	3.4536274617977306E7	1.2295533685128238E9
11595	21701	65536	3.44981933033397E7	1.2284686383405993E9
11663	21789	65536	3.4460161293831885E7	1.227385073563849E9
11670	21799	65536	3.4422178512691885E7	1.2263026726081204E9
11782	21951	65536	3.438424488330143E7	1.2252214339016151E9
11801	21984	65536	3.4346360329185665E7	1.2241413558751845E9
11907	22122	65536	3.430852477401274E7	1.2230624369623222E9
11928	22149	65536	3.427073814159363E7	1.2219846755991611E9
11951	22178	65536	3.42330003558817E7	1.2209080702244656E9
11980	22220	65536	3.4195311340972416E7	1.219832619279627E9
11986	22226	65536	3.4157671021103114E7	1.2187583212086604E9
12003	22245	65536	3.412007932065256E7	1.217685174458195E9
12077	22347	65536	3.4082536164140716E7	1.2166131774774723E9
12095	22373	65536	3.404504147622841E7	1.2155423287183394E9
12122	22413	65536	3.400759518171699E7	1.2144726266352432E9
12189	22500	65536	3.39701972055481E7	1.2134040696852264E9
12204	22523	65536	3.3932847472803295E7	1.2123366563279219E9
12245	22586	65536	3.389554590870369E7	1.2112703850255456E9
12251	22593	65536	3.385829243860981E7	1.210205254242894E9
12258	22601	65536	3.382108698802112E7	1.2091412624473372E9
12286	22636	65536	3.378392948257581E7	1.2080784081088133E9
12293	22644	65536	3.3746819848050416E7	1.2070166896998246E9
12327	22693	65536	3.370975801035964E7	1.205956105695432E9
12334	22703	65536	3.367274389555589E7	1.2048966545732484E9
12439	22834	65536	3.36357774298291E7	1.2038383348134356E9
12451	22847	65536	3.359885853950635E7	1.2027811448986976E9
12458	22854	65536	3.356198715105161E7	1.2017250833142757E9
12466	22864	65536	3.35251631910654E7	1.2006701485479429E9
12475	22877	65536	3.348838658628453E7	1.199616339090001E9
12499	22920	65536	3.3451657263581764E7	1.1985636534332726E9
12534	22968	65536	3.341497514996557E7	1.1975120900730977E9
12598	23047	65536	3.337834017257975E7	1.196461647507328E9
12599	23048	65536	3.3341752258703176E7	1.1954123242363214E9
12625	23084	65536	3.330521133574953E7	1.1943641187629383E9
12679	23151	65536	3.326871733126698E7	1.1933170295925348E9
12727	23217	65536	3.3232270172937836E7	1.1922710552329588E9
12736	23235	65536	3.3195869788578335E7	1.1912261941945448E9
12741	23240	65536	3.3159516106138296E7	1.1901824449901085E9
12772	23282	65536	3.312320905370088E7	1.189139806134942E9
12790	23305	65536	3.308694855948219E7	1.1880982761468084E9
12849	23377	65536	3.3050734551831096E7	1.1870578535459373E9
12872	23410	65536	3.3014566959228925E7	1.1860185368550203E9
12898	23444	65536	3.297844571028909E7	1.1849803245992045E9
12922	23480	65536	3.294237073375686E7	1.1839432153060882E9
13033	24635	65536	3.2906341958509106E7	1.1829072075057175E9
13142	24771	65536	3.287035931355393E7	1.1818722997305782E9
13351	25041	65536	3.2834422728030458E7	1.1808384905155945E9
13447	25171	65536	3.2798532131208476E7	1.1798057783981204E9
13468	25201	65536	3.2762687452488218E7	1.1787741619179378E9
13493	25242	65536	3.2726888621400017E7	1.17774363961725E9
13690	25609	65536	3.269113556760409E7	1.176714210040678E9
13709	25635	65536	3.26554282208902E7	1.175685871735254E9
13732	25667	65536	3.261976651117736E7	1.1746586232504168E9
13778	25730	65536	3.258415036851361E7	1.1736324631380095E9
13847	25829	65536	3.254857972307573E7	1.1726073899522717E9
13950	25971	65536	3.251305450516886E7	1.1715834022498353E9
14006	26046	65536	3.2477574645226352E7	1.1705604985897198E9
14013	26057	65536	3.244214007380944E7	1.1695386775333297E9
14083	26155	65536	3.2406750721606914E7	1.1685179376444457E9
14135	26229	65536	3.2371406519434936E7	1.1674982774892235E9
14180	26298	65536	3.233610739823664E7	1.1664796956361864E9
14203	26335	65536	3.2300853289082002E7	1.1654621906562226E9
14292	26462	65536	3.2265644123167418E7	1.1644457611225781E9
14308	26485	65536	3.223047983181556E7	1.1634304056108553E9
14355	26551	65536	3.219536034647499E7	1.1624161226990056E9
14360	26557	65536	3.2160285598719973E7	1.1614029109673245E9
14363	26562	65536	3.2125255520250164E7	1.1603907689984496E9
14517	26820	65536	3.2090270042890318E7	1.1593796953773527E9
14657	27710	65536	3.2055329098590072E7	1.158369688691338E9
14729	27782	65536	3.2020432619423594E7	1.1573607475300336E9
14807	27860	65536	3.198558053758942E7	1.1563528704853923E9
14817	27870	65536	3.1950772785410058E7	1.1553460561516812E9
14832	27885	65536	3.1916009295331877E7	1.1543403031254826E9
14833	27886	65536	3.1881289999924667E7	1.153335610005684E9
14834	27887	65536	3.18466148318815E7	1.1523319753934772E9
14835	27888	65536	3.1811983724018406E7	1.151329397892353E9
14836	27889	65536	3.1777396609274074E7	1.1503278761080942E9
14837	27890	65536	3.1742853420709714E7	1.1493274086487758E9
14838	27891	65536	3.170835409150866E7	1.1483279941247559E9
14839	27892	65536	3.1673898554976113E7	1.147329631148672E9
14840	27893	65536	3.1639486744539015E7	1.1463323183354397E9
14841	27894	65536	3.1605118593745615E7	1.1453360543022442E9
14842	27895	65536	3.1570794036265314E7	1.144340837668537E9
14843	27896	65536	3.153651300588836E7	1.1433466670560331E9
14844	27897	65536	3.1502275436525583E7	1.1423535410887034E9
14845	27898	65536	3.1468081262208205E7	1.1413614583927739E9
14846	27899	65536	3.1433930417087447E7	1.1403704175967171E9
14847	27900	65536	3.139982283543442E7	1.1393804173312514E9
14848	27901	65536	3.136575845163976E7	1.138391456229334E9
14849	27902	65536	3.1331737200213425E7	1.1374035329261587E9
14850	27903	65536	3.129775901578437E7	1.1364166460591466E9
14851	27904	65536	3.126382383310043E7	1.13543079426795E9
14852	27905	65536	3.1229931587027885E7	1.1344459761944392E9
14853	27906	65536	3.119608221255136E7	1.1334621904827046E9
14854	27907	65536	3.1162275644773457E7	1.132479435779048E9
14855	27908	65536	3.1128511818914566E7	1.1314977107319808E9
14856	27909	65536	3.109479067031262E7	1.1305170139922187E9
14857	27910	65536	3.1061112134422783E7	1.1295373442126775E9
14858	27911	65536	3.1027476146817267E7	1.128558700048468E9
14859	27912	65536	3.0993882643185005E7	1.1275810801568937E9
14860	27913	65536	3.0960331559331473E7	1.126604483197443E9
14861	27914	65536	3.0926822831178416E7	1.1256289078317893E9
14862	27915	65536	3.089335639476358E7	1.1246543527237823E9
14863	27916	65536	3.085993218624045E7	1.1236808165394464E9
14864	27917	65536	3.0826550141878054E7	1.122708297946976E9
14865	27918	65536	3.0793210198060706E7	1.1217367956167305E9
14866	27919	65536	3.0759912291287735E7	1.1207663082212317E9
14868	27921	65536	3.0726656358173203E7	1.1197968344351559E9
14869	27922	65536	3.0693442335445747E7	1.1188283729353337E9
14870	27923	65536	3.0660270159948274E7	1.1178609224007442E9
14871	27924	65536	3.062713976863775E7	1.1168944815125096E9
14872	27925	65536	3.059405109858494E7	1.1159290489538937E9
14875	27928	65536	3.056100408697409E7	1.1149646234102926E9
14876	27929	65536	3.0527998671102863E7	1.1140012035692382E9
14878	27931	65536	3.0495034788381934E7	1.1130387881203864E9
14879	27932	65536	3.0462112376334798E7	1.1120773757555175E9
14880	27933	65536	3.042923137259758E7	1.1111169651685312E9
14882	27935	65536	3.0396391714918718E7	1.1101575550554407E9
14883	27936	65536	3.036359334115878E7	1.1091991441143708E9
14884	27937	65536	3.033083618929018E7	1.1082417310455518E9
14885	27938	65536	3.0298120197396994E7	1.1072853145513175E9
14886	27939	65536	3.026544530367465E7	1.1063298933360982E9
14887	27940	65536	3.0232811446429767E7	1.1053754661064203E9
14889	27942	65536	3.020021856407987E7	1.1044220315708983E9
14890	27943	65536	3.0167666595153168E7	1.1034695884402335E9
14891	27944	65536	3.013515547828833E7	1.1025181354272087E9
14892	27945	65536	3.010268515223422E7	1.1015676712466846E9
14893	27946	65536	3.0070255555849668E7	1.1006181946155946E9
14894	27947	65536	3.0037866628103286E7	1.0996697042529426E9
14895	27948	65536	3.000551830807318E7	1.0987221988797977E9
14896	27949	65536	2.997321053494673E7	1.09777567721929E9
14897	27950	65536	2.9940943248020373E7	1.0968301379966075E9
14898	27951	65536	2.9908716386699364E7	1.0958855799389915E9
14899	27952	65536	2.9876529890497543E7	1.0949420017757325E9
14900	27953	65536	2.984438369903709E7	1.0939994022381659E9
14901	27954	65536	2.98122777520483E7	1.0930577800596685E9
14902	27955	65536	2.9780211989369415E7	1.0921171339756556E9
14903	27956	65536	2.9748186350946322E7	1.091177462723575E9
14904	27957	65536	2.9716200776832316E7	1.0902387650429037E9
14905	27958	65536	2.968425520718796E7	1.089301039675145E9
14906	27959	65536	2.965234958228074E7	1.0883642853638215E9
14907	27960	65536	2.9620483842484955E7	1.0874285008544765E9
14908	27961	65536	2.958865792828141E7	1.086493684894664E9
14909	27962	65536	2.955687178025722E7	1.08555983623395E9
14910	27963	65536	2.9525125339105614E7	1.084626953623905E9
14911	27964	65536	2.9493418545625616E7	1.083695035818101E9
14912	27965	65536	2.946175134072194E7	1.0827640815721085E9
14913	27966	65536	2.9430123665404722E7	1.081834089643493E9
14914	27967	65536	2.9398535460789233E7	1.0809050587918084E9
14915	27968	65536	2.9366986668095782E7	1.0799769877785964E9
14916	27969	65536	2.933547722864937E7	1.0790498753673804E9
14919	27972	65536	2.9304007083879545E7	1.0781237203236625E9
14920	27973	65536	2.9272576175320152E7	1.0771985214149194E9
14921	27974	65536	2.9241184444609154E7	1.076274277410599E9
14922	27975	65536	2.9209831833488356E7	1.0753509870821168E9
14923	27976	65536	2.917851828380321E7	1.0744286492028506E9
14924	27977	65536	2.914724373750262E7	1.0735072625481383E9
14925	27978	65536	2.911600813663866E7	1.0725868258952726E9
14926	27979	65536	2.908481142336645E7	1.071667338023499E9
14928	27981	65536	2.9053653539943874E7	1.0707487977140115E9
14949	28002	65536	2.902253442873137E7	1.0698312037499473E9
14951	28004	65536	2.899145403219173E7	1.0689145549163843E9
14952	28005	65536	2.8960412292889886E7	1.0679988500003382E9
14953	28006	65536	2.8929409153492674E7	1.0670840877907566E9
14956	28009	65536	2.889844455676864E7	1.0661702670785162E9
14957	28010	65536	2.8867518445587847E7	1.0652573866564213E9
14958	28011	65536	2.8836630762921613E7	1.0643454453191961E9
14959	28012	65536	2.8805781451842308E7	1.0634344418634832E9
14960	28013	65536	2.877497045552319E7	1.0625243750878404E9
14961	28014	65536	2.874419771723815E7	1.0616152437927358E9
14966	28019	65536	2.87134631803615E7	1.0607070467805443E9
14968	28021	65536	2.8682766788367808E7	1.0597997828555449E9
14969	28022	65536	2.865210848483161E7	1.058893450823916E9
14970	28023	65536	2.8621488213427264E7	1.0579880494937308E9
14971	28024	65536	2.8590905917928744E7	1.0570835776749572E9
14972	28025	65536	2.856036154220939E7	1.0561800341794502E9
14973	28026	65536	2.852985503024172E7	1.0552774178209502E9
14974	28027	65536	2.8499386326097224E7	1.0543757274150789E9
14975	28028	65536	2.8468955373946175E7	1.0534749617793367E9
14976	28029	65536	2.843856211805739E7	1.0525751197330972E9
14986	28039	65536	2.8408206502798054E7	1.0516762000976062E9
14987	28040	65536	2.837788847263347E7	1.0507782016959738E9
14988	28041	65536	2.834760797212691E7	1.0498811233531759E9
14989	28042	65536	2.8317364945939384E7	1.0489849638960477E9
14990	28043	65536	2.828715933882943E7	1.0480897221532804E9
14991	28044	65536	2.8256991095652945E7	1.0471953969554182E9
14993	28046	65536	2.82268601613629E7	1.046301987134854E9
14994	28047	65536	2.819676648100924E7	1.0454094915258263E9
14995	28048	65536	2.816670999973862E7	1.0445179089644167E9
14996	28049	65536	2.8136690662794255E7	1.0436272382885449E9
14997	28050	65536	2.8106708415515605E7	1.0427374783379647E9
14998	28051	65536	2.807676320333835E7	1.0418486279542627E9
14999	28052	65536	2.8046854971793994E7	1.040960685980852E9
15000	28053	65536	2.801698366650985E7	1.0400736512629716E9
15001	28054	65536	2.7987149233208705E7	1.039187522647681E9
15005	28058	65536	2.7957351617708724E7	1.0383022989838576E9
15006	28059	65536	2.7927590765923135E7	1.0374179791221918E9
15007	28060	65536	2.7897866623860154E7	1.036534561915186E9
15009	28062	65536	2.786817913762271E7	1.0356520462171484E9
15010	28063	65536	2.7838528253408264E7	1.0347704308841916E9
15011	28064	65536	2.780891391750865E7	1.0338897147742286E9
15020	28073	65536	2.77793360763098E7	1.033009896746968E9
15021	28074	65536	2.774979467629164E7	1.0321309756639135E9
15022	28075	65536	2.7720289664027836E7	1.0312529503883569E9
15023	28076	65536	2.7690820986185644E7	1.0303758197853785E9
15024	28077	65536	2.7661388589525655E7	1.0294995827218403E9
15025	28078	65536	2.7631992420901638E7	1.0286242380663836E9
15026	28079	65536	2.760263242726038E7	1.0277497846894277E9
15027	28080	65536	2.7573308555641454E7	1.0268762214631643E9
15210	28263	65536	2.7544020753176983E7	1.026003547261553E9
15443	28496	65536	2.751476896709155E7	1.0251317609603214E9
15483	28536	65536	2.7485553144701965E7	1.0242608614369603E9
15496	28549	65536	2.7456373233417023E7	1.0233908475707182E9
15563	28616	65536	2.742722918073737E7	1.0225217182426004E9
15564	28617	65536	2.739812093425533E7	1.0216534723353662E9
15663	28716	65536	2.736904844165467E7	1.020786108733523E9
15666	28719	65536	2.7340011650710393E7	1.0199196263233243E9
11558	21637	65408	2.7311010509288657E7	1.0190540239927682E9
2328	7395	65280	2.728204496534644E7	1.0181893006315895E9
4197	10442	65280	2.725311496693147E7	1.0173254551312613E9
14192	26321	65280	2.722422046218199E7	1.0164624863849891E9
1341	4854	65024	2.7195361399326585E7	1.0156003932877083E9
10222	19925	65024	2.716653772668397E7	1.0147391747360798E9
1234	4686	64768	2.7137749392662827E7	1.0138788296284881E9
7926	16232	64512	2.7108996345761664E7	1.0130193568650385E9
1862	6428	64256	2.7080278534568522E7	1.0121607553475517E9
5126	12006	64256	2.7051595907760873E7	1.011303023979562E9
3848	9837	64000	2.70229484141054E7	1.0104461616663128E9
15698	65071	64000	2.6994336002457872E7	1.0095901673147563E9
14449	26706	63744	2.6965758621762913E7	1.008735039833548E9
2162	7017	63488	2.6937216221053757E7	1.0078807781330415E9
7104	15087	63488	2.6908708749452204E7	1.0070273811252902E9
1919	6541	63232	2.688023615616836E7	1.0061748477240407E9
3095	8705	62976	2.6851798390500445E7	1.0053231768447299E9
2205	7106	62720	2.682339540183464E7	1.0044723674044825E9
3598	9486	62720	2.6795027139644906E7	1.0036224183221081E9
1102	4266	62464	2.676669355349279E7	1.0027733285180972E9
1705	6062	62464	2.6738394593027234E7	1.0019250969146174E9
1767	6222	62464	2.6710130207984466E7	1.0010777224355136E9
2560	7776	62464	2.6681900348187737E7	1.0002312040063002E9
7455	15611	62464	2.6653704963547155E7	9.993855405541604E8
1610	5681	61952	2.6625544004059598E7	9.985407310079448E8
606	2609	61696	2.659741741980838E7	9.976967742981639E8
4195	10439	61696	2.6569325160963207E7	9.96853669356988E8
4471	10970	61696	2.654126717778E7	9.960114151182454E8
5946	13177	61696	2.6513243420600586E7	9.951700105174143E8
1235	4688	61440	2.6485253839852694E7	9.943294544916261E8
5367	12394	61440	2.6457298386049625E7	9.934897459796554E8
12017	22269	61440	2.6429377009790186E7	9.926508839219228E8
13477	25222	61440	2.6401489661758516E7	9.918128672604896E8
8531	17233	61184	2.6373636292723797E7	9.909756949390532E8
3410	9177	60928	2.6345816853540193E7	9.901393659029459E8
1440	5394	60672	2.6318031295146685E7	9.893038790991321E8
1618	5697	60672	2.62902795685668E7	9.884692334762039E8
12105	22385	60160	2.6262561624908503E7	9.876354279843783E8
2618	7908	59904	2.6234877415364046E7	9.868024615754949E8
6694	14367	59136	2.620722689120976E7	9.859703332030134E8
3140	8767	58880	2.6179610003805857E7	9.851390418220074E8
3765	9729	58624	2.6152026704596333E7	9.843085863891654E8
1851	6400	58368	2.6124476945108745E7	9.834789658627855E8
10632	20506	58368	2.6096960676954076E7	9.826501792027731E8
2830	8289	58112	2.6069477851826478E7	9.818222253706363E8
2887	8366	58112	2.6042028421503264E7	9.809951033294864E8
2915	8406	58112	2.6014612337844595E7	9.80168812044032E8
12080	22351	58112	2.5987229552793346E7	9.793433504805757E8
1370	5009	57856	2.5959880018374994E7	9.785187176070133E8
5520	12605	57856	2.593256368669737E7	9.776949123928293E8
6922	14745	57792	2.5905280509950567E7	9.768719338090947E8
748	3233	57600	2.5878030440406747E7	9.76049780828464E8
1459	5424	57600	2.585081343041992E7	9.75228452425171E8
2610	7891	57600	2.5823629432425868E7	9.744079475750273E8
2696	8062	57600	2.579647839894191E7	9.735882652554194E8
9715	19115	57600	2.5769360282566782E7	9.727694044453042E8
1091	4231	57344	2.5742275035980448E7	9.71951364125208E8
1293	4781	57344	2.5715222611943945E7	9.711341432772224E8
1510	5518	57344	2.5688202963299222E7	9.703177408850017E8
1648	5760	57344	2.5661216042968947E7	9.695021559337597E8
2010	6731	57344	2.5634261803956375E7	9.686873874102674E8
2017	6740	57344	2.5607340199345194E7	9.678734343028493E8
2086	6871	57344	2.5580451182299368E7	9.670602956013831E8
2386	7514	57344	2.5553594706062872E7	9.662479702972906E8
2957	8470	57344	2.55267707239597E7	9.654364573835431E8
3188	8840	57344	2.5499979189393546E7	9.646257558546516E8
5769	12946	57344	2.547322005584777E7	9.638158647066684E8
6864	14650	57344	2.544649327688515E7	9.630067829371815E8
7393	15527	57344	2.541979880614777E7	9.621985095453137E8
8876	17773	57344	2.5393136597356793E7	9.613910435317175E8
9468	18712	57344	2.5366506604312416E7	9.605843838985747E8
905	3599	57120	2.5339908780893628E7	9.597785296495929E8
3426	9198	57088	2.531334308105802E7	9.589734797900004E8
831	3385	56832	2.5286809458841756E7	9.58169233326547E8
7462	15623	56832	2.526030786835929E7	9.573657892674998E8
10215	19916	56320	2.523383826380325E7	9.565631466226376E8
1740	6137	56064	2.5207400599444292E7	9.557613044032528E8
2288	7309	56064	2.5180994829630945E7	9.549602616221453E8
2568	7788	56064	2.5154620908789437E7	9.541600172936208E8
15667	64512	56064	2.512827879142355E7	9.533605704334885E8
1118	4314	55296	2.5101968432114467E7	9.525619200590569E8
1160	4519	55040	2.5075689785520602E7	9.517640651891328E8
790	3305	54784	2.5049442806377493E7	9.509670048440177E8
5062	11908	54784	2.5023227449497517E7	9.501707380455033E8
8291	16810	54784	2.4997043669769946E7	9.49375263816873E8
9947	19483	54784	2.497089142216058E7	9.485805811828942E8
1198	4622	54528	2.494477066171175E7	9.477866891698198E8
1449	5408	54016	2.491868134354208E7	9.469935868053827E8
2323	7381	54016	2.489262342284634E7	9.462012731187938E8
2967	8493	54016	2.486659685489534E7	9.454097471407399E8
1080	4197	53771	2.4840601595035728E7	9.446190079033799E8
1834	6372	53760	2.4814637598689903E7	9.438290544403447E8
4342	10719	53760	2.4788704821355768E7	9.430398857867304E8
8529	17231	53504	2.476280321860664E7	9.422515009790977E8
1375	5042	53248	2.473693274609112E7	9.414638990554708E8
2028	6761	53248	2.47110933595329E7	9.406770790553328E8
2140	6981	53248	2.4685285014730617E7	9.398910400196218E8
2510	7683	53248	2.4659507667557716E7	9.39105780990732E8
3221	8893	53248	2.46337612739623E7	9.38321301012507E8
3443	9225	53248	2.4608045789966978E7	9.375375991302396E8
3736	9689	53248	2.4582361171668712E7	9.367546743906692E8
11320	21341	53248	2.45567073752387E7	9.35972525841978E8
13213	24863	53248	2.4531084356922172E7	9.351911525337883E8
580	2544	52992	2.450549207303827E7	9.344105535171605E8
1244	4702	52736	2.4479930479979936E7	9.336307278445916E8
3386	9142	52480	2.4454399534213692E7	9.328516745700096E8
6106	13407	52480	2.442889919227957E7	9.320733927487736E8
5201	12124	52224	2.44034294107909E7	9.312958814376694E8
3619	9513	51968	2.437799014643423E7	9.305191396949091E8
1103	4267	51712	2.4352581355969097E7	9.297431665801252E8
6920	14743	51456	2.4327202996227965E7	9.289679611543711E8
9962	19498	51456	2.4301855024116043E7	9.281935224801172E8
1631	5727	50944	2.4276537396611113E7	9.274198496212474E8
2372	7491	50944	2.425125007076343E7	9.266469416430585E8
3206	8866	50944	2.42259930036956E7	9.258747976122562E8
4956	11755	50944	2.420076615260232E7	9.251034165969527E8
1289	4775	50688	2.4175569474750407E7	9.243327976666656E8
1721	6091	50688	2.4150402927478485E7	9.235629398923119E8
2279	7288	50432	2.412526646819694E7	9.227938423462092E8
2282	7296	50432	2.4100160054387797E7	9.220255041020718E8
6276	13680	50432	2.4075083643604513E7	9.212579242350073E8
1239	4693	50176	2.4050037193471827E7	9.204911018215142E8
769	3267	49920	2.4025020661685694E7	9.197250359394809E8
1278	4759	49920	2.4000034006013103E7	9.189597256681821E8
2068	6846	49920	2.397507718429193E7	9.181951700882758E8
3108	8724	49920	2.3950150154430777E7	9.17431368281801E8
7690	15924	49920	2.3925252874408893E7	9.16668319332176E8
585	2552	49664	2.3900385302276004E7	9.15906022324196E8
1085	4208	49664	2.3875547396152142E7	9.151444763440291E8
1653	5772	49664	2.385073911422756E7	9.143836804792147E8
8775	17621	49664	2.3825960414762553E7	9.136236338186613E8
12241	22573	49664	2.3801211256087326E7	9.128643354526435E8
2757	8175	49408	2.3776491596601892E7	9.121057844728E8
3338	9072	49408	2.37518013947759E7	9.113479799721313E8
3911	9939	49408	2.372714060914848E7	9.105909210449951E8
982	3813	49152	2.3702509198328167E7	9.098346067871077E8
1442	5396	49152	2.367790712099268E7	9.090790362955372E8
1990	6706	49152	2.3653334335888896E7	9.083242086687058E8
2075	6855	49152	2.3628790801832583E7	9.075701230063815E8
2906	8394	49152	2.360427647770838E7	9.068167784096817E8
3097	8709	49152	2.3579791322469614E7	9.06064173981067E8
3141	8771	49152	2.3555335295138154E7	9.0531230882434E8
3398	9158	49152	2.353090835480425E7	9.045611820446414E8
3428	9200	49152	2.350651046062649E7	9.038107927484504E8
3496	9310	49152	2.3482141571831606E7	9.030611400435798E8
3518	9345	49152	2.3457801647714302E7	9.023122230391749E8
4130	10297	49152	2.3433490647637192E7	9.015640408457099E8
5631	12761	49152	2.3409208531030655E7	9.008165925749875E8
6670	14336	49152	2.338495525739266E7	9.000698773401343E8
7304	15411	49152	2.3360730786288664E7	8.993238942555996E8
7719	15970	49152	2.3336535077351462E7	8.985786424371525E8
8274	16787	49152	2.33123680902811E7	8.978341210018808E8
9981	19530	49152	2.328822978484469E7	8.970903290681868E8
10499	20330	49152	2.3264120120876282E7	8.963472657557857E8
10877	20804	49152	2.3240039058276758E7	8.95604930185703E8
11461	21508	49152	2.321598655701373E7	8.94863321480274E8
5959	13193	48896	2.3191962577121314E7	8.941224387631382E8
4377	10789	48640	2.3167967078700103E7	8.933822811592396E8
1182	4581	48128	2.3144000021916967E7	8.926428477948228E8
3172	8820	48128	2.3120061367004946E7	8.919041377974313E8
3512	9335	47896	2.3096151074263133E7	8.911661502959056E8
756	3245	47872	2.3072269104056526E7	8.904288844203798E8
5278	12263	47872	2.304841541681591E7	8.896923393022797E8
1104	4268	47616	2.3024589973037746E7	8.889565140743221E8
10156	19817	47616	2.3000792733283974E7	8.882214078705088E8
3253	8938	47360	2.2977023658181977E7	8.874870198261282E8
3633	9534	47104	2.295328270842439E7	8.867533490777504E8
11531	21599	47104	2.2929569844768997E7	8.860203947632262E8
8295	16814	46848	2.2905885028038595E7	8.85288156021684E8
921	3638	46592	2.2882228219120882E7	8.845566319935287E8
4970	11778	46592	2.2858599378968295E7	8.838258218204373E8
5472	12541	46336	2.2834998468597956E7	8.8309572464536E8
7116	15105	46336	2.281142544909142E7	8.82366339612513E8
2565	7784	46080	2.278788028159471E7	8.816376658673812E8
2658	7984	46080	2.2764362927318078E7	8.80909702556714E8
6622	14263	46080	2.2740873347535886E7	8.801824488285213E8
2374	7496	45824	2.2717411503586527E7	8.794559038320737E8
4680	11325	45568	2.2693977356872283E7	8.78730066717899E8
10862	20787	45568	2.267057086885921E7	8.780049366377811E8
4955	11754	45312	2.2647192001076963E7	8.77280512744756E8
6096	13389	45312	2.262384071511875E7	8.76556794193111E8
7565	15758	45312	2.2600516972641144E7	8.758337801383815E8
886	3557	45120	2.2577220735363994E7	8.751114697373501E8
892	3575	45056	2.2553951965070292E7	8.743898621480424E8
1042	4004	45056	2.253071062360606E7	8.736689565297275E8
3523	9354	45056	2.2507496672880214E7	8.729487520429122E8
3674	9600	45056	2.2484310074864425E7	8.722292478493419E8
5600	12721	45056	2.246115079159305E7	8.715104431119974E8
8877	17774	45056	2.2438018785162985E7	8.707923369950926E8
10906	20838	45056	2.24149140177335E7	8.700749286640711E8
1958	6648	44800	2.2391836451526187E7	8.693582172856066E8
5069	11919	44544	2.2368786048824817E7	8.68642202027599E8
1290	4776	44288	2.2345762771975167E7	8.679268820591712E8
1561	5606	44288	2.2322766583384994E7	8.672122565506701E8
3452	9238	44032	2.229979744552385E7	8.664983246736618E8
4037	10134	44032	2.2276855320922974E7	8.657850856009297E8
8245	16735	44032	2.2253940172175173E7	8.650725385064735E8
8527	17229	44032	2.2231051961934686E7	8.643606825655054E8
2083	6866	43776	2.220819065291715E7	8.636495169544506E8
2434	7579	43776	2.2185356207899358E7	8.629390408509418E8
4806	11530	43520	2.216254858971921E7	8.622292534338189E8
1101	4265	43264	2.2139767761275604E7	8.615201538831279E8
1941	6598	43264	2.21170136855283E7	8.608117413801166E8
2455	7616	43264	2.209428632549778E7	8.601040151072333E8
2357	7470	43008	2.2071585644265164E7	8.593969742481246E8
1989	6705	42752	2.204891160497209E7	8.586906179876345E8
8500	17184	42752	2.202626417082058E7	8.579849455118006E8
3716	9658	42496	2.2003643305072915E7	8.572799560078517E8
4138	10316	42496	2.198104897105159E7	8.565756486642083E8
4213	10474	42496	2.1958481132139087E7	8.558720226704776E8
6502	14051	42496	2.1935939751777835E7	8.55169077217453E8
989	3833	42240	2.191342479347008E7	8.54466811497111E8
1119	4319	41984	2.1890936220777787E7	8.53765224702611E8
1533	5561	41984	2.1868473997322466E7	8.530643160282903E8
1592	5656	41984	2.184603808678512E7	8.523640846696649E8
3093	8703	41984	2.1823628452906117E7	8.516645298234259E8
8540	17252	41984	2.180124505948501E7	8.509656506874366E8
1268	4740	41728	2.177888787038057E7	8.502674464607337E8
1961	6656	41728	2.175655684951048E7	8.495699163435202E8
2073	6853	41728	2.1734251960851386E7	8.488730595371678E8
3890	9903	41728	2.171197316843873E7	8.481768752442142E8
2820	8264	41600	2.1689720436366573E7	8.474813626683577E8
1374	5033	41472	2.1667493728787605E7	8.4678652101446E8
1436	5389	41472	2.164529300991288E7	8.460923494885387E8
1782	6260	41472	2.162311824401184E7	8.453988472977703E8
4438	10913	41472	2.1600969395412195E7	8.447060136504864E8
4946	11742	41472	2.157884642849967E7	8.440138477561696E8
5435	12493	41472	2.1556749307718072E7	8.433223488254552E8
5485	12560	41472	2.1534677997569058E7	8.426315160701253E8
5567	12676	41472	2.151263246261206E7	8.419413487031095E8
7384	15517	41472	2.1490612667464234E7	8.412518459384831E8
10074	19686	41472	2.146861857680023E7	8.405630069914622E8
5014	11845	41344	2.1446650155352175E7	8.398748310784047E8
8774	17620	41264	2.1424707367909547E7	8.391873174168069E8
1602	5671	41216	2.1402790179319013E7	8.385004652253009E8
2729	8120	41216	2.138089855448441E7	8.378142737236551E8
4577	11154	41216	2.135903245836656E7	8.371287421327693E8
5175	12083	41216	2.133719185598318E7	8.364438696746742E8
5844	13045	41216	2.1315376712408785E7	8.357596555725292E8
6249	13645	41216	2.1293586992774602E7	8.350760990506208E8
9548	18834	41216	2.127182266226837E7	8.343931993343592E8
10850	20773	41216	2.125008368613439E7	8.337109556502788E8
1559	5604	40960	2.122837002967323E7	8.330293672260333E8
1577	5628	40960	2.120668165824178E7	8.323484332903968E8
1797	6306	40960	2.118501853725305E7	8.316681530732588E8
2041	6779	40960	2.1163380632176057E7	8.309885258056239E8
2081	6863	40960	2.1141767908535827E7	8.303095507196113E8
2108	6903	40960	2.1120180331913143E7	8.296312270484488E8
2241	7192	40960	2.1098617867944542E7	8.289535540264753E8
2381	7506	40960	2.1077080482322168E7	8.282765308891355E8
2858	8331	40960	2.1055568140793648E7	8.276001568729793E8
2873	8350	40960	2.1034080809162077E7	8.269244312156619E8
3088	8696	40960	2.1012618453285765E7	8.26249353155937E8
3272	8967	40960	2.099118103907827E7	8.255749219336591E8
3276	8972	40960	2.0969768532508224E7	8.249011367897806E8
3347	9085	40960	2.0948380899599217E7	8.242279969663485E8
3514	9340	40960	2.0927018106429763E7	8.235555017065045E8
3537	9374	40960	2.090568011913313E7	8.228836502544816E8
3678	9605	40960	2.0884366903897226E7	8.222124418556023E8
3853	9844	40960	2.0863078426964547E7	8.215418757562767E8
4388	10806	40960	2.084181465463208E7	8.208719512040032E8
4572	11147	40960	2.0820575553251125E7	8.202026674473615E8
5283	12270	40960	2.079936108922727E7	8.195340237360158E8
5330	12339	40960	2.0778171229020238E7	8.188660193207093E8
5340	12353	40960	2.075700593914381E7	8.181986534532646E8
5371	12399	40960	2.0735865186165728E7	8.175319253865807E8
5657	12793	40960	2.0714748936707538E7	8.168658343746305E8
6212	13591	40960	2.0693657157444607E7	8.162003796724622E8
7329	15444	40960	2.0672589815105863E7	8.155355605361923E8
7390	15524	40960	2.0651546876473818E7	8.148713762230083E8
7722	15974	40960	2.0630528308384426E7	8.142078259911641E8
8674	17477	40960	2.060953407772694E7	8.135449090999788E8
8760	17594	40960	2.0588564151443932E7	8.128826248098373E8
10460	20266	40960	2.056761849653103E7	8.122209723821839E8
764	3257	40704	2.054669708003692E7	8.115599510795234E8
2021	6746	40704	2.0525799869063262E7	8.108995601654198E8
3608	9498	40704	2.050492683076451E7	8.10239798904492E8
9305	18447	40704	2.048407793234788E7	8.095806665624142E8
1663	5794	40448	2.0463253141073216E7	8.089221624059131E8
4827	11563	40448	2.0442452424252898E7	8.082642857027656E8
8789	17642	40448	2.042167574925176E7	8.076070357217988E8
1630	5726	40192	2.0400923083486974E7	8.069504117328862E8
1877	6459	40192	2.0380194394427918E7	8.062944130069457E8
6637	14288	39936	2.035948964959617E7	8.056390388159407E8
7647	15857	39936	2.0338808816565312E7	8.04984288432875E8
7186	15227	39680	2.031815186296091E7	8.043301611317935E8
2663	7993	39424	2.0297518756460328E7	8.036766561877775E8
2999	8548	39424	2.0276909464792743E7	8.030237728769464E8
3587	9466	39424	2.0256323955738936E7	8.023715104764528E8
2815	8256	39168	2.0235762197131272E7	8.017198682644836E8
6218	13601	39168	2.021522415685357E7	8.01068845520255E8
8848	17737	39168	2.0194709802841004E7	8.00418441524013E8
6153	13493	38912	2.017421910308005E7	7.997686555570323E8
2682	8025	38656	2.015375202560833E7	7.991194869016123E8
4879	11646	38656	2.013330853851451E7	7.984709348410751E8
5312	12313	38528	2.0112888609938312E7	7.978229986597674E8
4761	11458	37888	2.009249220807026E7	7.971756776430539E8
5337	12350	37888	2.007211930115174E7	7.965289710773205E8
60	90	37632	2.005176985747477E7	7.958828782499672E8
1110	4279	37632	2.0031443845381983E7	7.952373984494106E8
4398	10823	37632	2.0011141233266547E7	7.945925309650811E8
5392	12429	37376	1.999086198957202E7	7.939482750874202E8
8948	17877	37376	1.9970606082792252E7	7.933046301078792E8
6030	13285	37248	1.9950373481471337E7	7.926615953189174E8
1873	6451	37120	1.993016415420349E7	7.920191700140009E8
1963	6661	37120	1.9909978069632947E7	7.913773534876003E8
939	3699	36864	1.98898151964539E7	7.907361450351892E8
1257	4723	36864	1.9869675503410395E7	7.900955439532434E8
1792	6300	36864	1.9849558959296193E7	7.894555495392363E8
1796	6304	36864	1.982946553295474E7	7.88816161091641E8
1828	6364	36864	1.9809395193279054E7	7.881773779099256E8
2113	6912	36864	1.9789347909211595E7	7.875391992945527E8
2678	8017	36864	1.9769323649744242E7	7.869016245469782E8
3773	9740	36864	1.9749322383918144E7	7.862646529696488E8
3948	9998	36864	1.9729344080823634E7	7.856282838659998E8
4024	10113	36864	1.970938870960019E7	7.849925165404556E8
5015	11846	36864	1.968945623943626E7	7.843573502984246E8
8827	17698	36864	1.966954663956925E7	7.837227844463012E8
8918	17839	36864	1.964965987928536E7	7.830888182914611E8
12531	22963	36864	1.962979592791956E7	7.824554511422615E8
3509	9328	36608	1.960995475485547E7	7.818226823080391E8
5209	12133	36608	1.9590136329525255E7	7.811905110991075E8
473	2008	36352	1.957034062140954E7	7.805589368267562E8
4281	10609	36096	1.955056760003734E7	7.79927958803249E8
4903	11683	36096	1.953081723498597E7	7.792975763418225E8
5540	12634	36096	1.9511089495880928E7	7.786677887566838E8
2192	7078	35840	1.9491384352395818E7	7.780385953630096E8
3451	9237	35840	1.9471701774252262E7	7.774099954769434E8
4336	10704	35840	1.9452041731219847E7	7.767819884155959E8
7500	15671	35840	1.9432404193115946E7	7.761545734970407E8
7563	15756	35840	1.9412789129805718E7	7.755277500403149E8
9614	18942	35840	1.939319651120199E7	7.749015173654164E8
10838	20759	35840	1.9373626307265125E7	7.742758747933019E8
6693	14366	35328	1.935407848800302E7	7.736508216458864E8
5723	12885	35200	1.933455302347093E7	7.730263572460408E8
893	3578	35072	1.9315049883771475E7	7.724024809175911E8
2563	7782	35072	1.9295569039054435E7	7.717791919853148E8
3134	8760	35072	1.927611045951675E7	7.711564897749413E8
3377	9127	35072	1.925667411540242E7	7.7053437361315E8
8797	17653	35072	1.9237259977002393E7	7.699128428275676E8
935	3679	34816	1.9217868014654506E7	7.692918967467678E8
999	3855	34816	1.9198498198743362E7	7.686715347002686E8
1116	4307	34816	1.917915049970027E7	7.680517560185312E8
3972	10029	34816	1.9159824888003156E7	7.674325600329583E8
4808	11532	34816	1.914052133417647E7	7.668139460758926E8
4992	11814	34816	1.912123980879113E7	7.661959134806161E8
7601	15802	34816	1.910198028246435E7	7.655784615813454E8
8544	17263	34816	1.9082742725859694E7	7.649615897132351E8
12210	22529	34816	1.906352710968683E7	7.643452972123708E8
1519	5536	34560	1.9044333404701594E7	7.637295834157718E8
2104	6897	34434	1.9025161581705786E7	7.631144476613873E8
1994	6712	34304	1.900601161154716E7	7.62499889288095E8
3373	9119	34304	1.8986883465119313E7	7.618859076357007E8
4266	10587	34304	1.896777711336159E7	7.612725020449351E8
1670	5872	34048	1.8948692527259022E7	7.606596718574536E8
1722	6095	34048	1.892962967784224E7	7.600474164158342E8
5466	12530	34048	1.891058853618735E7	7.594357350635754E8
889	3566	33792	1.8891569073415913E7	7.588246271450957E8
975	3790	33792	1.8872571260694824E7	7.582140920057317E8
1540	5569	33792	1.885359506923622E7	7.576041289917355E8
3034	8608	33792	1.8834640470297433E7	7.569947374502754E8
3546	9391	33792	1.8815707435180858E7	7.563859167294314E8
3607	9497	33792	1.8796795935233906E7	7.557776661781963E8
3892	9905	33792	1.8777905941848937E7	7.551699851464732E8
4384	10799	33792	1.8759037426463112E7	7.54562872985073E8
8777	17623	33792	1.8740190360558376E7	7.539563290457143E8
254	1227	33536	1.8721364715661358E7	7.533503526810219E8
1344	4862	33536	1.8702560463343233E7	7.527449432445229E8
1829	6365	33536	1.8683777575219754E7	7.521401000906489E8
2794	8227	33536	1.866501602295108E7	7.515358225747321E8
3419	9191	33536	1.8646275778241683E7	7.509321100530028E8
4350	10733	33536	1.8627556812840357E7	7.503289618825912E8
4571	11146	33536	1.860885909854005E7	7.497263774215229E8
7821	16095	33536	1.8590182607177828E7	7.491243560287192E8
11014	20968	33536	1.8571527310634773E7	7.485228970639939E8
12066	22335	33348	1.855289318083592E7	7.479219998880537E8
408	1800	33280	1.8534280189750165E7	7.473216638624954E8
1345	4922	33280	1.851568830939018E7	7.467218883498048E8
1376	5048	33280	1.8497117511812348E7	7.461226727133552E8
1570	5620	33280	1.847856776911668E7	7.455240163174063E8
3187	8839	33280	1.846003905344671E7	7.449259185271016E8
5302	12301	33280	1.8441531336989462E7	7.443283787084688E8
5612	12735	33280	1.8423044591975313E7	7.437313962284154E8
7548	15735	33280	1.8404578790677957E7	7.431349704547302E8
13201	24845	33280	1.838613390541434E7	7.425391007560809E8
546	2457	33028	1.8367709908544526E7	7.419437865020118E8
656	2820	33024	1.834930677247163E7	7.413490270629423E8
759	3249	33024	1.83309244696418E7	7.407548218101671E8
1274	4749	33024	1.8312562972544067E7	7.401611701158531E8
1348	4927	33024	1.829422225371028E7	7.395680713530378E8
1545	5578	33024	1.827590228571509E7	7.389755248956304E8
3232	8907	33024	1.8257603041175768E7	7.383835301184063E8
3332	9066	33024	1.823932449275222E7	7.377920863970094E8
4928	11720	33024	1.8221066613146856E7	7.37201193107948E8
5893	13110	33024	1.820282937510453E7	7.36610849628595E8
6263	13666	33024	1.8184612751412474E7	7.360210553371859E8
6308	13739	33024	1.8166416714900207E7	7.354318096128175E8
7266	15358	33024	1.814824123843942E7	7.348431118354452E8
7391	15525	33024	1.813008629494398E7	7.342549613858837E8
7423	15569	33024	1.8111951857369818E7	7.336673576458046E8
7849	16133	33024	1.8093837898714807E7	7.330802999977343E8
8215	16685	33024	1.807574439201875E7	7.324937878250533E8
13193	24835	33024	1.8057671310363278E7	7.31907820511995E8
13486	25233	33024	1.8039618626871765E7	7.313223974436436E8
1256	4721	32768	1.802158631470927E7	7.307375180059332E8
1339	4847	32768	1.8003574347082432E7	7.301531815856457E8
1351	4943	32768	1.7985582697239455E7	7.295693875704108E8
1377	5049	32768	1.7967611338469956E7	7.289861353487031E8
1546	5579	32768	1.7949660244104933E7	7.284034243098409E8
1709	6067	32768	1.7931729387516707E7	7.278212538439863E8
1733	6125	32768	1.7913818742118783E7	7.27239623342141E8
1739	6133	32768	1.7895928281365845E7	7.266585321961479E8
1959	6650	32768	1.7878057978753652E7	7.260779797986883E8
2074	6854	32768	1.7860207807818957E7	7.2549796554328E8
2531	7722	32768	1.784237774213942E7	7.249184888242766E8
2726	8115	32768	1.78245677553336E7	7.243395490368667E8
2826	8277	32768	1.780677782106076E7	7.237611455770699E8
3024	8586	32768	1.7789007913020954E7	7.2318327784174E8
3113	8732	32768	1.7771258004954796E7	7.226059452285588E8
3116	8736	32768	1.7753528070643496E7	7.22029147136038E8
3148	8782	32768	1.773581808390872E7	7.21452882963516E8
3297	9010	32768	1.7718128018612586E7	7.208771521111583E8
3358	9099	32768	1.7700457848657496E7	7.203019539799536E8
3520	9351	32768	1.7682807547986157E7	7.19727287971715E8
3731	9683	32768	1.766517709058143E7	7.191531534890766E8
4013	10098	32768	1.7647566450466342E7	7.185795499354943E8
4155	10348	32768	1.7629975601703934E7	7.180064767152425E8
4184	10412	32768	1.761240451839723E7	7.174339332334133E8
4185	10417	32768	1.7594853174689133E7	7.168619188959149E8
5323	12332	32768	1.7577321544762425E7	7.162904331094724E8
5495	12573	32768	1.7559809602839593E7	7.157194752816224E8
5592	12709	32768	1.7542317323182832E7	7.151490448207154E8
5721	12882	32768	1.7524844680093966E7	7.145791411359127E8
5729	12893	32768	1.7507391647914343E7	7.140097636371856E8
6020	13273	32768	1.7489958201024797E7	7.134409117353135E8
6031	13286	32768	1.7472544313845534E7	7.128725848418828E8
6258	13661	32768	1.7455149960836127E7	7.123047823692861E8
6260	13663	32768	1.743777511649538E7	7.117375037307199E8
6267	13671	32768	1.74204197553613E7	7.111707483401846E8
6268	13672	32768	1.7403083852011014E7	7.106045156124817E8
6269	13673	32768	1.7385767381060667E7	7.10038804963213E8
6270	13674	32768	1.7368470317165416E7	7.0947361580878E8
6271	13675	32768	1.7351192635019314E7	7.08908947566382E8
6282	13693	32768	1.7333934309355244E7	7.083447996540148E8
6689	14361	32768	1.7316695314944852E7	7.07781171490469E8
7373	15501	32768	1.7299475626598515E7	7.072180624953299E8
7456	15612	32768	1.7282275219165187E7	7.066554720889742E8
7487	15656	32768	1.7265094067532413E7	7.060933996925708E8
7499	15670	32768	1.724793214662622E7	7.055318447280785E8
7595	15796	32768	1.7230789431411058E7	7.049708066182443E8
8060	16415	32768	1.7213665896889724E7	7.044102847866035E8
8250	16746	32768	1.71965615181033E7	7.038502786574764E8
8498	17176	32768	1.717947627013109E7	7.03290787655969E8
8692	17504	32768	1.716241012809051E7	7.0273181120797E8
8905	17824	32768	1.714536306713709E7	7.021733487401512E8
10683	20569	32768	1.712833506246437E7	7.01615399679965E8
10703	20597	32768	1.7111326089303795E7	7.010579634556432E8
12544	22978	32768	1.7094336122924715E7	7.005010394961963E8
13109	24731	32768	1.7077365138634264E7	6.999446272314113E8
13647	25490	32768	1.706041311177733E7	6.993887260918524E8
14619	27672	32768	1.704348001773647E7	6.988333355088569E8
14654	27707	32768	1.7026565831931826E7	6.982784549145365E8
14917	27970	32768	1.7009670529821094E7	6.977240837417742E8
15018	28071	32768	1.6992794086899415E7	6.971702214242238E8
15384	28437	32768	1.6975936478699364E7	6.966168673963093E8
15391	28444	32768	1.695909768079082E7	6.96064021093222E8
15495	28548	32768	1.6942277668780945E7	6.95511681950921E8
15595	28648	32768	1.6925476418314096E7	6.949598494061308E8
15598	28651	32768	1.6908693905071773E7	6.944085228963404E8
15694	65058	32768	1.6891930104772527E7	6.938577018598018E8
1363	4993	32512	1.687518499317193E7	6.933073857355293E8
1960	6653	32256	1.685845854606248E7	6.927575739632981E8
6203	13576	32256	1.6841750739273544E7	6.922082659836423E8
11674	21804	32256	1.682506154867129E7	6.916594612378547E8
1305	4800	32000	1.680839095015866E7	6.911111591679859E8
1514	5522	32000	1.6791738919675194E7	6.905633592168399E8
2445	7599	31744	1.6775105433197128E7	6.900160608279784E8
3069	8672	31744	1.6758490466737185E7	6.894692634457139E8
8685	17495	31744	1.674189399634458E7	6.889229665151122E8
4083	10207	31488	1.6725315998104934E7	6.883771694819894E8
6919	14742	31488	1.670875644814022E7	6.878318717929118E8
977	3801	30976	1.6692215322608724E7	6.872870728951943E8
1084	4203	30976	1.6675692597704895E7	6.86742772236898E8
1582	5639	30976	1.665918824965939E7	6.86198969266831E8
1948	6620	30976	1.6642702254738912E7	6.856556634345456E8
5240	12179	30976	1.662623458924622E7	6.851128541903379E8
391	1759	30784	1.6609785229520014E7	6.845705409852461E8
2423	7567	30720	1.6593354151934931E7	6.840287232710503E8
3328	9060	30720	1.6576941332901387E7	6.834874005002695E8
6290	13703	30720	1.656054674886561E7	6.829465721261624E8
6377	13845	30720	1.654417037630952E7	6.824062376027244E8
8155	16596	30720	1.6527812191750677E7	6.818663963846878E8
1050	4043	30464	1.6511472171742242E7	6.813270479275202E8
1214	4658	30464	1.6495150292872882E7	6.80788191687423E8
1935	6582	30208	1.6478846531766696E7	6.802498271213294E8
5354	12371	30208	1.6462560865083208E7	6.797119536869057E8
7142	15146	30208	1.644629326951727E7	6.791745708425484E8
9959	19495	30208	1.643004372179898E7	6.78637678047382E8
3002	8553	29952	1.641381219869365E7	6.781012747612597E8
6419	13911	29952	1.6397598677001735E7	6.775653604447621E8
8224	16699	29952	1.6381403133558765E7	6.770299345591946E8
1613	5690	29696	1.6365225545235299E7	6.764949965665879E8
7347	15470	29696	1.6349065888936853E7	6.759605459296956E8
8377	16967	29696	1.6332924141603814E7	6.754265821119934E8
8809	17675	29696	1.631680028021142E7	6.748931045776778E8
704	3043	29440	1.630069428176969E7	6.74360112791666E8
4550	11103	29440	1.6284606123323321E7	6.738276062195927E8
5288	12281	29440	1.626853578195168E7	6.732955843278109E8
8064	16422	29440	1.6252483234768728E7	6.727640465833899E8
761	3253	29184	1.6236448458922917E7	6.722329924541132E8
1127	4372	29184	1.6220431431597214E7	6.717024214084803E8
1706	6064	29184	1.620443213000895E7	6.711723329157014E8
2000	6718	29184	1.6188450531409824E7	6.706427264457E8
5270	12251	29184	1.6172486613085793E7	6.70113601469109E8
6442	13951	29184	1.615654035235706E7	6.69584957457272E8
8679	17486	29184	1.6140611726577966E7	6.690567938822392E8
14127	26219	29184	1.6124700713136999E7	6.685291102167702E8
2322	7380	29096	1.6108807289456628E7	6.680019059343282E8
1503	5509	28928	1.6092931432993352E7	6.67475180509083E8
2498	7668	28928	1.6077073121237567E7	6.669489334159073E8
2901	8387	28928	1.6061232331713546E7	6.664231641303767E8
6291	13704	28928	1.6045409041979356E7	6.658978721287682E8
8683	17490	28928	1.6029603229626805E7	6.65373056888059E8
9015	17968	28928	1.60138148722814E7	6.648487178859259E8
1150	4470	28672	1.5998043947602257E7	6.643248546007433E8
1295	4783	28672	1.5982290433282062E7	6.638014665115827E8
1554	5597	28672	1.596655430704701E7	6.632785530982116E8
1580	5631	28672	1.5950835546656745E7	6.627561138410922E8
1816	6349	28672	1.59351341299043E7	6.622341482213802E8
1954	6638	28672	1.5919450034616038E7	6.617126557209239E8
2394	7524	28672	1.59037832386516E7	6.611916358222631E8
2855	8327	28672	1.588813371990382E7	6.606710880086272E8
4426	10881	28672	1.5872501456298709E7	6.601510117639356E8
5711	12871	28672	1.5856886425795373E7	6.596314065727955E8
6697	14370	28672	1.5841288606385946E7	6.591122719205008E8
7380	15512	28672	1.5825707976095563E7	6.585936072930318E8
7509	15685	28672	1.5810144512982251E7	6.580754121770525E8
7626	15834	28672	1.5794598195136938E7	6.575576860599118E8
9644	18990	28672	1.5779069000683336E7	6.570404284296404E8
10826	20746	28672	1.5763556907777922E7	6.56523638774951E8
11160	21155	28672	1.5748061894609861E7	6.560073165852357E8
11483	21531	28672	1.5732583939400958E7	6.554914613505675E8
12438	22833	28672	1.5717123020405585E7	6.549760725616957E8
3592	9474	28416	1.570167911591065E7	6.544611497100482E8
4427	10882	28416	1.5686252204235516E7	6.539466922877278E8
7182	15218	28416	1.5670842263731984E7	6.53432699787514E8
2237	7181	28160	1.5655449272784159E7	6.52919171702858E8
5358	12375	28160	1.5640073209808486E7	6.524061075278853E8
6911	14730	28160	1.5624714053253619E7	6.518935067573926E8
12954	23520	28160	1.5609371781600416E7	6.513813688868474E8
4661	11292	27904	1.5594046373361845E7	6.508696934123863E8
6222	13607	27904	1.5578737807082955E7	6.503584798308152E8
6987	14861	27904	1.5563446061340807E7	6.49847727639607E8
1236	4689	27796	1.5548171114744417E7	6.493374363369005E8
2715	8092	27648	1.5532912945934717E7	6.48827605421501E8
8084	16467	27648	1.5517671533584485E7	6.483182343928775E8
8184	16637	27648	1.5502446856398264E7	6.478093227511615E8
9909	19429	27648	1.5487238893112361E7	6.473008699971472E8
12495	22914	27648	1.5472047622494772E7	6.467928756322906E8
1296	4786	27392	1.5456873023345094E7	6.462853391587068E8
2223	7151	27392	1.5441715074494503E7	6.457782600791698E8
5306	12306	27392	1.5426573754805706E7	6.452716378971121E8
6068	13345	27392	1.5411449043172855E7	6.44765472116623E8
6921	14744	27392	1.5396340918521509E7	6.442597622424474E8
7357	15485	27392	1.5381249359808594E7	6.437545077799852E8
9470	18714	27392	1.5366174346022317E7	6.432497082352897E8
9851	19332	27392	1.5351115856182154E7	6.42745363115068E8
9961	19497	27392	1.5336073869338728E7	6.42241471926677E8
5107	11979	27136	1.5321048364573834E7	6.41738034178126E8
6107	13408	27136	1.5306039321000338E7	6.412350493780732E8
8360	16928	27136	1.529104671776211E7	6.40732517035825E8
1051	4045	26880	1.527607053403404E7	6.402304366613363E8
1143	4452	26880	1.5261110749021892E7	6.397288077652078E8
3831	9817	26880	1.5246167341962319E7	6.39227629858686E8
3300	9013	26624	1.5231240292122772E7	6.387269024536614E8
3675	9601	26624	1.5216329578801492E7	6.382266250626693E8
3895	9910	26624	1.5201435181327375E7	6.377267971988852E8
4017	10103	26624	1.5186557079060016E7	6.372274183761282E8
4030	10125	26624	1.5171695251389591E7	6.367284881088569E8
4615	11216	26624	1.5156849677736813E7	6.362300059121689E8
4718	11386	26624	1.5142020337552903E7	6.357319713018011E8
7964	16283	26624	1.5127207210319513E7	6.352343837941269E8
15699	65072	26624	1.5112410275548676E7	6.347372429061561E8
85	157	26368	1.5097629512782793E7	6.342405481555349E8
3825	9811	26368	1.508286490159451E7	6.337442990605426E8
3839	9826	26368	1.5068116421586718E7	6.332484951400924E8
8091	16482	26368	1.5053384052392486E7	6.327531359137299E8
8786	17637	26368	1.5038667773675015E7	6.32258220901632E8
1557	5602	26112	1.5023967565127574E7	6.317637496246059E8
1660	5784	26112	1.5009283406473452E7	6.31269721604088E8
3694	9625	26112	1.499461527746592E7	6.307761363621435E8
4287	10620	26112	1.4979963157888144E7	6.302829934214644E8
9739	19152	26112	1.4965327027553177E7	6.297902923053693E8
2828	8285	25856	1.4950706866303882E7	6.292980325378025E8
3786	9761	25856	1.4936102654012894E7	6.288062136433327E8
4079	10199	25856	1.4921514370582532E7	6.283148351471509E8
4327	10692	25856	1.4906941995944807E7	6.278238965750722E8
4561	11127	25856	1.4892385510061339E7	6.273333974535321E8
7444	15600	25856	1.4877844892923286E7	6.26843337309587E8
10817	20734	25856	1.4863320124551317E7	6.26353715670912E8
11544	21617	25856	1.4848811184995584E7	6.258645320658022E8
1636	5736	25600	1.4834318054335626E7	6.253757860231693E8
1837	6379	25600	1.4819840712680336E7	6.248874770725414E8
4672	11311	25600	1.4805379140167924E7	6.243996047440628E8
5385	12419	25600	1.4790933316965839E7	6.239121685684918E8
10558	20412	25600	1.4776503223270753E7	6.23425168077201E8
10742	20646	25600	1.4762088839308485E7	6.229386028021755E8
12074	22343	25600	1.4747690145333953E7	6.224524722760122E8
221	813	25344	1.4733307121631147E7	6.219667760319186E8
1066	4148	25344	1.4718939748513024E7	6.214815136037117E8
1523	5546	25344	1.4704588006321555E7	6.209966845258187E8
3199	8859	25344	1.4690251875427552E7	6.205122883332732E8
3389	9146	25344	1.4675931336230729E7	6.200283245617163E8
4370	10778	25344	1.4661626369159598E7	6.19544792747396E8
8354	16921	25344	1.4647336954671394E7	6.190616924271636E8
9815	19271	25344	1.4633063073252102E7	6.18579023138476E8
10758	20663	25344	1.4618804705416352E7	6.180967844193928E8
573	2524	25088	1.4604561831707366E7	6.176149758085755E8
762	3254	25088	1.4590334432696946E7	6.171335968452873E8
942	3704	25088	1.4576122488985391E7	6.166526470693915E8
1901	6506	25088	1.4561925981201489E7	6.161721260213516E8
1908	6521	25088	1.4547744890002392E7	6.156920332422277E8
1925	6561	25088	1.4533579196073662E7	6.152123682736793E8
2230	7169	25088	1.4519428880129153E7	6.147331306579614E8
2698	8065	25088	1.4505293922911014E7	6.142543199379258E8
2768	8195	25088	1.4491174305189567E7	6.13775935657017E8
3089	8697	25088	1.4477070007763349E7	6.132979773592757E8
3189	8841	25088	1.4462981011459E7	6.128204445893337E8
6406	13884	25088	1.4448907297131246E7	6.123433368924159E8
6772	14492	25088	1.4434848845662814E7	6.11866653814337E8
1825	6359	24832	1.442080563796443E7	6.113903949015025E8
1887	6479	24832	1.4406777654974768E7	6.109145597009081E8
1957	6646	24832	1.4392764877660342E7	6.104391477601352E8
2037	6774	24832	1.437876728701555E7	6.099641586273553E8
2071	6850	24832	1.4364784864062548E7	6.094895918513248E8
2183	7057	24832	1.4350817589851227E7	6.090154469813852E8
2301	7333	24832	1.4336865445459202E7	6.085417235674642E8
2419	7560	24832	1.4322928411991697E7	6.080684211600714E8
2583	7829	24832	1.4309006470581582E7	6.075955393103008E8
3194	8851	24832	1.4295099602389226E7	6.07123077569827E8
3589	9470	24832	1.4281207788602559E7	6.066510354909065E8
3637	9541	24832	1.4267331010436911E7	6.061794126263748E8
5641	12772	24832	1.4253469249135077E7	6.057082085296482E8
6473	14000	24832	1.4239622485967183E7	6.052374227547193E8
6678	14345	24832	1.422579070223069E7	6.047670548561596E8
6796	14535	24832	1.4211973879250308E7	6.042971043891157E8
8866	17761	24832	1.419817199837802E7	6.038275709093117E8
11196	21195	24832	1.4184385040992934E7	6.033584539730443E8
11720	21864	24832	1.4170612988501327E7	6.028897531371852E8
3754	9714	24704	1.4156855822336541E7	6.024214679591784E8
671	2847	24576	1.4143113523958988E7	6.019535979970409E8
1181	4574	24576	1.412938607485603E7	6.01486142809359E8
1260	4728	24576	1.4115673456542037E7	6.010191019552913E8
1467	5434	24576	1.410197565055822E7	6.00552474994564E8
1505	5512	24576	1.4088292638472691E7	6.000862614874729E8
1506	5513	24576	1.4074624401880369E7	5.99620460994881E8
1526	5552	24576	1.4060970922402918E7	5.991550730782176E8
1884	6472	24576	1.4047332181688739E7	5.986900972994784E8
1895	6493	24576	1.4033708161412911E7	5.982255332212237E8
2273	7270	24576	1.4020098843277143E7	5.977613804065783E8
2310	7349	24576	1.400650420900972E7	5.972976384192296E8
2488	7656	24576	1.3992924240365485E7	5.968343068234279E8
2556	7770	24576	1.3979358919125747E7	5.963713851839842E8
2669	8002	24576	1.3965808227098297E7	5.959088730662708E8
2707	8081	24576	1.395227214611731E7	5.954467700362194E8
2725	8114	24576	1.3938750658043345E7	5.949850756603208E8
2829	8286	24576	1.392524374476325E7	5.945237895056231E8
2841	8307	24576	1.391175138819017E7	5.940629111397326E8
2844	8311	24576	1.3898273570263466E7	5.936024401308109E8
2885	8364	24576	1.3884810272948673E7	5.931423760475755E8
2890	8371	24576	1.3871361478237476E7	5.926827184592981E8
2959	8473	24576	1.385792716814767E7	5.922234669358048E8
3009	8563	24576	1.3844507324723057E7	5.917646210474734E8
3021	8582	24576	1.3831101930033501E7	5.913061803652349E8
3027	8593	24576	1.3817710966174785E7	5.908481444605707E8
3059	8648	24576	1.3804334415268643E7	5.903905129055129E8
3213	8879	24576	1.379097225946265E7	5.899332852726424E8
3310	9031	24576	1.3777624480930237E7	5.89476461135089E8
3336	9070	24576	1.3764291061870623E7	5.89020040066531E8
3367	9110	24576	1.3750971984508762E7	5.885640216411921E8
3381	9133	24576	1.3737667231095316E7	5.881084054338435E8
3385	9141	24576	1.3724376783906594E7	5.876531910198005E8
3479	9283	24576	1.3711100625244532E7	5.871983779749237E8
3686	9614	24576	1.3697838737436641E7	5.86743965875617E8
4081	10204	24576	1.368459110283594E7	5.862899542988263E8
4164	10363	24576	1.3671357703820944E7	5.858363428220401E8
4397	10821	24576	1.3658138522795621E7	5.853831310232878E8
4406	10843	24576	1.3644933542189334E7	5.849303184811391E8
4410	10848	24576	1.363174274445678E7	5.844779047747023E8
4453	10938	24576	1.3618566112078007E7	5.840258894836259E8
4603	11194	24576	1.36054036275583E7	5.83574272188094E8
4648	11271	24576	1.3592255273428202E7	5.831230524688294E8
4759	11454	24576	1.3579121032243434E7	5.826722299070903E8
4983	11796	24576	1.3566000886584844E7	5.822218040846697E8
5131	12015	24576	1.35528948190584E7	5.817717745838956E8
5279	12264	24576	1.3539802812295128E7	5.813221409876294E8
5297	12296	24576	1.3526724848951066E7	5.808729028792653E8
5365	12390	24576	1.3513660911707237E7	5.804240598427299E8
5422	12476	24576	1.3500610983269596E7	5.799756114624802E8
5541	12635	24576	1.3487575046368986E7	5.795275573235043E8
5555	12657	24576	1.3474553083761092E7	5.79079897011319E8
5675	12824	24576	1.346154507822642E7	5.786326301119705E8
5724	12886	24576	1.3448551012570241E7	5.781857562120326E8
5747	12917	24576	1.343557086962256E7	5.777392748986064E8
5756	12929	24576	1.3422604632238049E7	5.772931857593191E8
5766	12942	24576	1.340965228329604E7	5.768474883823239E8
5845	13046	24576	1.3396713805700444E7	5.764021823562977E8
5874	13086	24576	1.338378918237975E7	5.759572672704422E8
5895	13112	24576	1.3370878396286983E7	5.755127427144823E8
5905	13123	24576	1.3357981430399595E7	5.750686082786638E8
5941	13170	24576	1.3345098267719517E7	5.746248635537553E8
6992	14868	24576	1.3332228891273076E7	5.741815081310463E8
7057	14992	24576	1.3319373284110935E7	5.737385416023451E8
7385	15518	24576	1.3306531429308087E7	5.732959635599799E8
7566	15759	24576	1.3293703309963785E7	5.72853773596797E8
7673	15897	24576	1.328088890920154E7	5.724119713061602E8
7774	16040	24576	1.3268088210169015E7	5.719705562819498E8
7786	16054	24576	1.325530119603808E7	5.715295281185627E8
7908	16207	24576	1.3242527850004667E7	5.710888864109101E8
8022	16360	24576	1.3229768155288806E7	5.706486307544181E8
8710	17527	24576	1.3217022095134571E7	5.702087607450271E8
8902	17820	24576	1.3204289652809985E7	5.697692759791883E8
9057	18042	24576	1.3191570811607083E7	5.693301760538676E8
9102	18109	24576	1.3178865554841753E7	5.688914605665395E8
10296	20021	24576	1.3166173865853788E7	5.684531291151907E8
10559	20413	24576	1.3153495728006812E7	5.680151812983173E8
10582	20448	24576	1.3140831124688232E7	5.67577616714924E8
10731	20632	24576	1.3128180039309211E7	5.671404349645234E8
10767	20674	24576	1.3115542455304634E7	5.667036356471364E8
11052	21021	24576	1.3102918356133042E7	5.662672183632898E8
11140	21127	24576	1.3090307725276634E7	5.658311827140164E8
11226	21229	24576	1.3077710546241188E7	5.653955283008542E8
11293	21309	24576	1.3065126802556032E7	5.649602547258451E8
12704	23184	24576	1.3052556477774033E7	5.64525361591535E8
13025	24626	24576	1.3039999555471523E7	5.640908485009726E8
2501	7671	24320	1.3027456019248268E7	5.636567150577083E8
8915	17836	24320	1.3014925852727434E7	5.632229608657935E8
9883	19384	24320	1.3002409039555557E7	5.627895855297806E8
950	3728	24064	1.2989905563402496E7	5.623565886547219E8
1589	5651	24064	1.297741540796138E7	5.61923969846168E8
8718	17536	24064	1.2964938556948595E7	5.614917287101685E8
13329	25019	24064	1.2952474994103733E7	5.610598648532698E8
2258	7235	23808	1.2940024703189539E7	5.60628377882515E8
6180	13536	23808	1.292758766799191E7	5.60197267405444E8
9410	18618	23808	1.2915163872319806E7	5.597665330300906E8
981	3811	23552	1.2902753300005265E7	5.593361743649842E8
1053	4057	23552	1.2890355934903322E7	5.589061910191475E8
2473	7639	23552	1.287797176089201E7	5.584765826020962E8
2871	8346	23552	1.2865600761872264E7	5.580473487238379E8
6963	14818	23552	1.285324292176795E7	5.576184889948719E8
843	3409	23296	1.2840898224525798E7	5.57190003026189E8
2235	7177	23296	1.2828566654115329E7	5.567618904292684E8
5093	11960	23296	1.2816248194528885E7	5.563341508160799E8
6051	13319	23296	1.2803942829781542E7	5.559067837990812E8
6192	13555	23296	1.2791650543911086E7	5.55479788991218E8
9338	18503	23296	1.2779371320977977E7	5.550531660059228E8
4727	11403	23040	1.2767105145065328E7	5.54626914457115E8
8524	17226	23040	1.2754852000278816E7	5.542010339591985E8
9795	19239	23040	1.2742611870746711E7	5.53775524127063E8
11692	21826	23040	1.2730384740619803E7	5.533503845760823E8
1516	5532	22784	1.2718170594071345E7	5.529256149221127E8
4968	11774	22784	1.2705969415297069E7	5.525012147814943E8
5239	12178	22784	1.2693781188515097E7	5.520771837710481E8
5775	12956	22784	1.268160589796594E7	5.516535215080765E8
6445	13954	22784	1.2669443527912445E7	5.512302276103634E8
8056	16406	22784	1.2657294062639756E7	5.508073016961709E8
10256	19973	22784	1.2645157486455306E7	5.503847433842419E8
12994	24587	22784	1.2633033783688705E7	5.499625522937956E8
5433	12491	22532	1.2620922938691799E7	5.495407280445299E8
3177	8825	22528	1.2608824935838588E7	5.491192702566203E8
3908	9931	22528	1.2596739759525161E7	5.486981785507168E8
5242	12181	22528	1.2584667394169718E7	5.482774525479461E8
5261	12231	22528	1.2572607824212492E7	5.478570918699092E8
5791	12975	22528	1.256056103411573E7	5.474370961386809E8
6130	13446	22528	1.254852700836364E7	5.470174649768097E8
6195	13560	22528	1.2536505731462386E7	5.465981980073165E8
7523	15703	22528	1.2524497187940015E7	5.461792948536938E8
7555	15744	22528	1.2512501362346454E7	5.45760755139906E8
8881	17778	22528	1.2500518239253448E7	5.453425784903872E8
9826	19290	22528	1.2488547803254552E7	5.44924764530042E8
631	2693	22272	1.2476590038965045E7	5.445073128842429E8
2342	7431	22272	1.2464644931021975E7	5.440902231788327E8
5591	12708	22272	1.245271246408403E7	5.436734950401196E8
6341	13789	22272	1.2440792622831568E7	5.432571280948802E8
12295	22646	22272	1.2428885391966581E7	5.428411219703573E8
3639	9543	22016	1.2416990756212598E7	5.424254762942585E8
4853	11604	22016	1.240510870031473E7	5.420101906947569E8
5498	12576	22016	1.2393239209039574E7	5.415952648004894E8
6257	13659	22016	1.2381382267175214E7	5.411806982405568E8
8631	17409	22016	1.2369537859531157E7	5.407664906445222E8
2220	7138	21760	1.2357705970938329E7	5.403526416424112E8
6087	13374	21760	1.2345886586249016E7	5.399391508647106E8
7032	14952	21760	1.233407969033683E7	5.395260179423674E8
8973	17916	21760	1.2322285268096693E7	5.391132425067898E8
672	2848	21504	1.2310503304444792E7	5.387008241898444E8
1814	6344	21504	1.2298733784318512E7	5.382887626238563E8
3843	9831	21504	1.2286976692676483E7	5.378770574416096E8
4709	11371	21504	1.2275232014498442E7	5.374657082763447E8
9527	18809	21504	1.2263499734785283E7	5.370547147617588E8
9639	18984	21504	1.2251779838558985E7	5.366440765320056E8
990	3836	21248	1.2240072310862565E7	5.3623379322169334E8
1093	4239	21248	1.2228377136760073E7	5.3582386446588457E8
1513	5521	21248	1.2216694301336557E7	5.354142899000972E8
3264	8954	21248	1.2205023789697988E7	5.3500506916030043E8
4780	11491	21248	1.219336558697128E7	5.345962018829174E8
8001	16334	21248	1.2181719678304214E7	5.3418768770482236E8
9236	18319	21248	1.2170086048865438E7	5.3377952626334137E8
11481	21529	21248	1.2158464683844399E7	5.3337171719625014E8
1408	5108	20992	1.2146855568451336E7	5.329642601417751E8
2149	6994	20992	1.2135258687917223E7	5.325571547385912E8
2594	7851	20992	1.2123674027493764E7	5.3215040062582225E8
3149	8784	20992	1.211210157245333E7	5.317439974430397E8
3594	9476	20992	1.2100541308088947E7	5.313379448302625E8
3873	9872	20992	1.2088993219714243E7	5.309322424279555E8
4690	11342	20992	1.2077457292663427E7	5.305268898770298E8
5208	12131	20992	1.2065933512291275E7	5.301218868188421E8
5410	12455	20992	1.205442186397305E7	5.2971723289519286E8
7075	15034	20992	1.2042922333104488E7	5.2931292774832636E8
9624	18964	20992	1.2031434905101797E7	5.289089710209309E8
12659	23126	20992	1.2019959565401565E7	5.285053623561362E8
1049	4042	20736	1.2008496299460808E7	5.281021013975154E8
1227	4675	20736	1.1997045092756832E7	5.276991877890815E8
1744	6144	20736	1.1985605930787275E7	5.2729662117528814E8
1984	6697	20736	1.197417879907008E7	5.268944012010301E8
2127	6948	20736	1.1962763683143405E7	5.2649252751164025E8
2345	7441	20736	1.1951360568565628E7	5.260909997528903E8
2629	7927	20736	1.1939969440915316E7	5.256898175709904E8
3211	8876	20736	1.1928590285791181E7	5.252889806125877E8
4566	11136	20736	1.1917223088812042E7	5.248884885247657E8
4592	11178	20736	1.1905867835616812E7	5.244883409550445E8
5253	12207	20736	1.1894524511864444E7	5.240885375513794E8
6060	13333	20736	1.1883193103233917E7	5.236890779621603E8
6255	13657	20736	1.1871873595424198E7	5.232899618362117E8
6736	14437	20736	1.1860565974154186E7	5.2289118882279044E8
6918	14741	20736	1.1849270225162718E7	5.224927585715873E8
8233	16713	20736	1.183798633420852E7	5.220946707327251E8
8376	16966	20736	1.182671428707016E7	5.2169692495675725E8
10249	19963	20736	1.1815454069546046E7	5.212995208946694E8
13756	25698	20736	1.1804205667454358E7	5.2090245819787633E8
645	2716	20480	1.1792969066633062E7	5.2050573651822346E8
742	3218	20480	1.1781744252939815E7	5.20109355507984E8
951	3733	20480	1.1770531212252E7	5.1971331481986064E8
1074	4187	20480	1.1759329930466665E7	5.1931761410698354E8
1271	4745	20480	1.1748140393500455E7	5.189222530229093E8
1280	4761	20480	1.1736962587289652E7	5.185272312216219E8
1848	6392	20480	1.1725796497790078E7	5.1813254835753006E8
2018	6743	20480	1.1714642110977123E7	5.1773820408546937E8
2032	6768	20480	1.1703499412845643E7	5.17344198060698E8
2249	7207	20480	1.1692368389410011E7	5.169505299389002E8
2275	7272	20480	1.1681249026704E7	5.165571993761815E8
2353	7465	20480	1.1670141310780823E7	5.161642060290717E8
2502	7672	20480	1.1659045227713061E7	5.1577154955452216E8
2680	8022	20480	1.1647960763592642E7	5.1537922960990536E8
2745	8149	20480	1.1636887904530805E7	5.1498724585301495E8
2808	8248	20480	1.1625826636658099E7	5.145955979420652E8
2912	8402	20480	1.1614776946124293E7	5.142042855356892E8
3054	8638	20480	1.1603738819098398E7	5.138133082929395E8
3080	8685	20480	1.1592712241768636E7	5.1342266587328744E8
3302	9019	20480	1.158169720034234E7	5.1303235793662107E8
3343	9080	20480	1.1570693681046026E7	5.126423841432466E8
3391	9150	20480	1.1559701670125285E7	5.1225274415388656E8
3438	9216	20480	1.1548721153844768E7	5.118634376296788E8
3456	9244	20480	1.1537752118488181E7	5.114744642321771E8
3497	9313	20480	1.1526794550358238E7	5.1108582362334996E8
3787	9762	20480	1.1515848435776621E7	5.1069751546557987E8
3808	9790	20480	1.1504913761083953E7	5.103095394216625E8
3861	9853	20480	1.1493990512639789E7	5.099218951548069E8
4724	11396	20480	1.148307867682256E7	5.095345823286342E8
5144	12036	20480	1.147217824002956E7	5.0914760060717744E8
5319	12324	20480	1.1461289188676884E7	5.087609496548799E8
5832	13028	20480	1.145041150919946E7	5.083746291365967E8
6077	13364	20480	1.1439545188050942E7	5.0798863871759146E8
6531	14103	20480	1.1428690211703746E7	5.0760297806353813E8
7419	15563	20480	1.1417846566648971E7	5.072176468405187E8
7430	15580	20480	1.1407014239396412E7	5.0683264471502376E8
7517	15695	20480	1.1396193216474498E7	5.0644797135395104E8
7683	15915	20480	1.1385383484430263E7	5.0606362642460513E8
7777	16044	20480	1.1374585029829329E7	5.056796095946968E8
8119	16527	20480	1.1363797839255884E7	5.0529592053234327E8
8628	17403	20480	1.135302189931264E7	5.04912558906066E8
8630	17408	20480	1.1342257196620781E7	5.0452952438479125E8
8646	17433	20480	1.1331503717819978E7	5.0414681663784933E8
8716	17534	20480	1.132076144956834E7	5.037644353349741E8
9138	18158	20480	1.1310030378542366E7	5.033823801463014E8
9208	18267	20480	1.1299310491436949E7	5.030006507423703E8
9642	18988	20480	1.1288601774965305E7	5.026192467941203E8
10013	19588	20480	1.1277904215859002E7	5.02238167972893E8
10912	20847	20480	1.1267217800867854E7	5.018574139504291E8
11508	21565	20480	1.1256542516759984E7	5.014769843988708E8
11694	21828	20480	1.1245878350321705E7	5.010968789907581E8
12054	22318	20480	1.1235225288357547E7	5.007170973990304E8
14398	26623	20480	1.1224583317690209E7	5.003376392970248E8
2278	7284	20224	1.1213952425160535E7	4.999585043584759E8
2639	7944	20224	1.1203332597627476E7	4.995796922575156E8
2719	8105	20224	1.1192723821968086E7	4.992012026686723E8
6386	13855	20224	1.118212608507745E7	4.9882303526686907E8
11237	21242	20224	1.1171539373868693E7	4.9844518972742516E8
12612	23068	20224	1.1160963675272942E7	4.980676657260544E8
12671	23140	20000	1.1150398976239296E7	4.9769046293886435E8
800	3324	19968	1.1139845263734767E7	4.9731358104235566E8
2264	7254	19968	1.112930252474432E7	4.96937019713423E8
2439	7586	19968	1.1118770746270778E7	4.9656077862935233E8
5019	11850	19968	1.1108249915334819E7	4.9618485746782166E8
5717	12878	19968	1.1097740018974954E7	4.958092559069002E8
6789	14517	19968	1.10872410442475E7	4.954339736250484E8
9755	19181	19968	1.1076752978226531E7	4.9505901030111563E8
13121	24745	19968	1.1066275808003861E7	4.9468436561434126E8
994	3845	19712	1.1055809520689039E7	4.9431003924435437E8
1439	5392	19712	1.1045354103409266E7	4.9393603087117094E8
2444	7598	19712	1.1034909543309418E7	4.935623401751954E8
5021	11853	19712	1.1024475827552017E7	4.931889668372202E8
6874	14669	19712	1.1014052943317154E7	4.928159105384233E8
11936	22158	19712	1.1003640877802504E7	4.9244317096036905E8
12028	22284	19712	1.0993239618223302E7	4.9207074778500795E8
13710	25636	19712	1.0982849151812274E7	4.916986406946748E8
1209	4650	19456	1.0972469465819657E7	4.9132684937208915E8
1434	5387	19456	1.0962100547513135E7	4.909553735003544E8
3481	9285	19456	1.0951742384177836E7	4.9058421276295745E8
4668	11303	19456	1.0941394963116286E7	4.902133668437676E8
4674	11315	19456	1.0931058271648385E7	4.8984283542703617E8
5105	11976	19456	1.0920732297111407E7	4.894726181973974E8
5264	12235	19456	1.091041702685991E7	4.891027148398649E8
5608	12731	19456	1.0900112448265793E7	4.8873312503983444E8
6466	13990	19456	1.088981854871818E7	4.883638484830806E8
10247	19961	19456	1.0879535315623468E7	4.87994884855758E8
11416	21455	19456	1.086926273640525E7	4.876262338444002E8
11463	21510	19456	1.0859000798504312E7	4.872578951359192E8
11682	21814	19456	1.084874948937859E7	4.868898684176041E8
1041	4001	19200	1.0838508796503166E7	4.865221533771223E8
1407	5107	19200	1.0828278707370207E7	4.861547497025169E8
3622	9519	19200	1.0818059209488984E7	4.857876570822086E8
4123	10282	19200	1.0807850290385788E7	4.85420875204992E8
5011	11841	19200	1.0797651937603954E7	4.850544037600381E8
5241	12180	19200	1.0787464138703816E7	4.846882424368925E8
13376	25074	19200	1.0777286881262654E7	4.843223909254736E8
1332	4833	18944	1.0767120152874704E7	4.839568489160742E8
4769	11473	18944	1.0756963941151131E7	4.8359161609936035E8
6342	13790	18944	1.0746818233719977E7	4.8322669216637015E8
8282	16800	18944	1.0736683018226134E7	4.8286207680851305E8
8523	17225	18944	1.0726558282331346E7	4.824977697175706E8
1123	4358	18688	1.0716444013714166E7	4.8213377058569497E8
1999	6717	18688	1.070634020006992E7	4.8177007910540813E8
2486	7654	18688	1.069624682911069E7	4.8140669496960235E8
2708	8082	18688	1.0686163888565307E7	4.8104361787153935E8
4137	10314	18688	1.0676091366179278E7	4.8068084750484854E8
4160	10355	18688	1.066602924971481E7	4.803183835635287E8
5016	11847	18688	1.0655977526950736E7	4.79956225741945E8
7479	15648	18688	1.0645936185682528E7	4.795943737348304E8
10393	20161	18688	1.0635905213722268E7	4.792328272372847E8
12412	22801	18688	1.0625884598898577E7	4.7887158594477296E8
1018	3925	18432	1.061587432905665E7	4.7851064955312645E8
1342	4855	18432	1.0605874392058192E7	4.7815001775854105E8
1575	5626	18432	1.0595884775781393E7	4.777896902575772E8
3147	8781	18432	1.0585905468120938E7	4.7742966674715966E8
3329	9063	18432	1.057593645698791E7	4.770699469245756E8
3618	9512	18432	1.0565977730309842E7	4.7671053048747617E8
4126	10292	18432	1.055602927603065E7	4.763514171338746E8
4700	11357	18432	1.0546091082110602E7	4.759926065621456E8
5758	12931	18432	1.0536163136526324E7	4.756340984710258E8
5878	13091	18432	1.0526245427270724E7	4.752758925596119E8
7045	14975	18432	1.0516337942353034E7	4.749179885273619E8
7181	15217	18432	1.0506440669798713E7	4.745603860740926E8
7723	15975	18432	1.0496553597649481E7	4.742030848999811E8
8176	16626	18432	1.0486676713963257E7	4.738460847055623E8
8805	17668	18432	1.0476810006814148E7	4.7348938519173014E8
9004	17955	18432	1.046695346429242E7	4.7313298605973595E8
9726	19130	18432	1.0457107074504456E7	4.727768870111878E8
364	1692	18176	1.0447270825572772E7	4.724210877480512E8
1139	4434	18176	1.0437444705635957E7	4.7206558797264796E8
1794	6302	18176	1.042762870284866E7	4.7171038738765514E8
2325	7385	18176	1.0417822805381559E7	4.7135548569610506E8
2535	7727	18176	1.0408027001421342E7	4.7100088260138494E8
2582	7828	18176	1.0398241279170679E7	4.70646577807236E8
2861	8335	18176	1.0388465626848197E7	4.702925710177533E8
3541	9381	18176	1.0378700032688454E7	4.699388619373848E8
3930	9971	18176	1.0368944484941917E7	4.695854502709313E8
5963	13197	18176	1.0359198971874936E7	4.6923233572354597E8
6541	14117	18176	1.0349463481769731E7	4.6887951800073385E8
7010	14904	18176	1.0339738002924316E7	4.685269968083498E8
7074	15031	18176	1.033002252365256E7	4.68174771852601E8
7993	16320	18176	1.0320317032284092E7	4.678228428400443E8
10166	19834	18176	1.0310621517164283E7	4.6747120947758496E8
1310	4805	18048	1.0300935966654282E7	4.671198714724797E8
1765	6220	17920	1.0291260369130902E7	4.667688285323319E8
2373	7492	17920	1.0281594712986667E7	4.664180803650941E8
2471	7637	17920	1.0271938986629752E7	4.660676266790665E8
2706	8077	17920	1.0262293178483976E7	4.657174671828962E8
3193	8849	17920	1.025265727698876E7	4.653676015855771E8
3405	9167	17920	1.0243031270599108E7	4.650180295964492E8
5041	11882	17920	1.0233415147785597E7	4.646687509251984E8
5357	12374	17920	1.0223808897034332E7	4.6431976528185546E8
5781	12964	17920	1.0214212506846953E7	4.6397107237679666E8
5960	13194	17920	1.0204625965740561E7	4.636226719207417E8
6675	14342	17920	1.0195049262247749E7	4.632745636247546E8
6783	14506	17920	1.0185482384916523E7	4.629267472002419E8
7098	15076	17920	1.0175925322310328E7	4.6257922235895365E8
7341	15464	17920	1.0166378063007997E7	4.62231988812982E8
9165	18200	17920	1.0156840595603732E7	4.6188504627476084E8
10872	20797	17920	1.014731290870707E7	4.61538394457065E8
12512	22936	17920	1.013779499094289E7	4.61192033073011E8
61	93	17760	1.0128286830951344E7	4.6084596183605486E8
1273	4748	17664	1.0118788417387884E7	4.6050018045999306E8
1433	5386	17664	1.0109299738923188E7	4.6015468865896124E8
1662	5789	17664	1.0099820784243176E7	4.5980948614743406E8
1915	6535	17664	1.0090351542048957E7	4.5946457264022416E8
2991	8529	17664	1.0080892001056824E7	4.591199478524824E8
3058	8643	17664	1.0071442149998242E7	4.587756114996978E8
3394	9154	17664	1.0062001977619773E7	4.584315632976951E8
4649	11272	17664	1.005257147268312E7	4.580878029626368E8
4799	11521	17664	1.0043150623965051E7	4.577443302110204E8
4800	11522	17664	1.0033739420257406E7	4.5740114475967985E8
4859	11610	17664	1.0024337850367045E7	4.570582463257832E8
5609	12732	17664	1.0014945903115867E7	4.5671563462683415E8
6332	13776	17664	1.000556356734074E7	4.5637330938066995E8
9553	18840	17664	9996190.831893513	4.560312703054616E8
11593	21694	17664	9986827.68564097	4.5568951711971337E8
596	2586	17408	9977474.117464824	4.553480495422621E8
808	3335	17408	9968130.116261687	4.550068672922774E8
1657	5779	17408	9958795.670943042	4.5466597008926034E8
1659	5783	17408	9949470.770435216	4.5432535765304285E8
1731	6123	17408	9940155.403679376	4.539850297037885E8
1992	6710	17408	9930849.559631493	4.5364498596199095E8
2027	6760	17408	9921553.227262307	4.533052261484734E8
2547	7753	17408	9912266.395557346	4.5296574998438936E8
2874	8351	17408	9902989.053516852	4.526265571912206E8
3208	8869	17408	9893721.190155784	4.5228764749077755E8
3433	9211	17408	9884462.7945038	4.5194902060519916E8
4051	10163	17408	9875213.855605222	4.516106762569514E8
4323	10687	17408	9865974.362519018	4.512726141688279E8
4419	10865	17408	9856744.304318773	4.509348340639483E8
4465	10962	17408	9847523.670092687	4.505973356657593E8
4932	11724	17408	9838312.448943535	4.502601186980331E8
5544	12638	17408	9829110.629988624	4.4992318288486654E8
6615	14249	17408	9819918.202359838	4.495865279506827E8
6761	14472	17408	9810735.155203523	4.4925015362022734E8
8146	16572	17408	9801561.477680545	4.489140596185716E8
11832	22026	17408	9792397.158966225	4.4857824567110926E8
763	3255	17152	9783242.18825033	4.482427115035576E8
1625	5716	17152	9774096.554737054	4.4790745684195656E8
2182	7055	17152	9764960.247644968	4.475724814126675E8
2735	8133	17152	9755833.256207049	4.4723778494237435E8
4521	11054	17152	9746715.569670597	4.469033671580815E8
4663	11296	17152	9737607.177297274	4.465692277871146E8
4666	11300	17152	9728508.06836303	4.4623536655711937E8
4843	11589	17152	9719418.232158111	4.459017831960616E8
5386	12420	17152	9710337.657987034	4.455684774322265E8
5739	12907	17152	9701266.33516856	4.4523544899421823E8
7701	15943	17152	9692204.253035646	4.4490269761095893E8
8653	17447	17152	9683151.400935493	4.4457022301169E8
9014	17966	17152	9674107.768229445	4.4423802492596954E8
9957	19493	17152	9665073.344293019	4.4390610308367294E8
11039	21003	17152	9656048.11851586	4.435744572149928E8
12669	23138	17152	9647032.08030172	4.4324308705043733E8
1081	4198	16896	9638025.219068468	4.429119923208318E8
1398	5081	16896	9629027.524248002	4.425811727573152E8
1453	5416	16896	9620038.985286307	4.422506280913432E8
1469	5436	16896	9611059.591643369	4.41920358054685E8
1988	6703	16896	9602089.332793187	4.4159036237942404E8
2070	6849	16896	9593128.198223738	4.412606407979576E8
2895	8376	16896	9584176.177436976	4.409311930429963E8
3770	9737	16896	9575233.259948766	4.4060201884756297E8
3846	9835	16896	9566299.435288921	4.402731179449936E8
3883	9889	16896	9557374.693001136	4.399444900689357E8
4268	10589	16896	9548459.02264299	4.3961613495334816E8
4891	11664	16896	9539552.413785903	4.392880523325008E8
5002	11830	16896	9530654.85601514	4.389602419409746E8
5138	12026	16896	9521766.33892978	4.3863270351366055E8
5364	12386	16896	9512886.852142675	4.3830543678575855E8
5530	12620	16896	9504016.385280471	4.3797844149277925E8
5571	12680	16896	9495154.927983552	4.376517173705413E8
6215	13595	16896	9486302.469906019	4.3732526415517145E8
6262	13665	16896	9477459.000715692	4.3699908158310556E8
6722	14416	16896	9468624.51009408	4.3667316939108634E8
7604	15805	16896	9459798.987736333	4.363475273161635E8
9357	18530	16896	9450982.423351284	4.360221550956944E8
9796	19241	16896	9442174.806661343	4.3569705246734154E8
8854	17746	16864	9433376.12740256	4.3537221916907436E8
247	1207	16640	9424586.375324547	4.350476549391672E8
249	1215	16640	9415805.540190483	4.347233595161997E8
1098	4259	16640	9407033.611777067	4.343993326390554E8
1717	6078	16640	9398270.579874555	4.340755740469234E8
1728	6109	16640	9389516.434286658	4.33752083479295E8
1918	6540	16640	9380771.164830597	4.334288606759661E8
2557	7772	16640	9372034.761337033	4.331059053770349E8
2765	8192	16640	9363307.213650074	4.327832173229024E8
2824	8271	16640	9354588.511627233	4.324607962542713E8
2911	8401	16640	9345878.645139419	4.321386419121462E8
2924	8421	16640	9337177.604070922	4.3181675403783303E8
2996	8542	16640	9328485.378319386	4.314951323729385E8
3011	8565	16640	9319801.95779579	4.311737766593699E8
3170	8816	16640	9311127.332424415	4.308526866393339E8
3281	8982	16640	9302461.492142845	4.3053186205533737E8
3495	9308	16640	9293804.426901935	4.3021130265018594E8
3966	10019	16640	9285156.126665797	4.2989100816698474E8
4117	10271	16640	9276516.581411764	4.2957097834913594E8
4386	10801	16640	9267885.781130394	4.2925121294034094E8
5482	12552	16640	9259263.71582543	4.2893171168459785E8
6038	13301	16640	9250650.375513788	4.286124743262023E8
6259	13662	16640	9242045.750225542	4.282935006097464E8
6279	13685	16640	9233449.830003882	4.2797479028011835E8
6546	14129	16640	9224862.60490513	4.2765634308250266E8
6594	14209	16640	9216284.064998683	4.2733815876237893E8
7077	15036	16640	9207714.200367015	4.270202370655219E8
7199	15247	16640	9199153.001105664	4.267025777380012E8
7327	15440	16640	9190600.457323192	4.2638518052618074E8
7434	15585	16640	9182056.559141163	4.260680451767175E8
8496	17173	16640	9173521.29669414	4.257511714365626E8
8651	17444	16640	9164994.660129678	4.254345590529603E8
8681	17488	16640	9156476.639608247	4.251182077734466E8
8933	17862	16640	9147967.225303296	4.248021173458508E8
9126	18140	16640	9139466.407401146	4.2448628751829326E8
9697	19086	16640	9130974.176101036	4.2417071803918594E8
9830	19296	16640	9122490.521615079	4.2385540865723187E8
10552	20404	16640	9114015.434168236	4.235403591214249E8
10818	20735	16640	9105548.903998297	4.232255691810483E8
10919	20855	16640	9097090.921355883	4.22911038585676E8
12363	22736	16640	9088641.4765044	4.2259676708517075E8
125	279	16384	9080200.55972005	4.2228275442968506E8
149	539	16384	9071768.161291767	4.219690003696591E8
574	2525	16384	9063344.271521233	4.216555046558216E8
601	2595	16384	9054928.880722864	4.2134226703918964E8
666	2839	16384	9046521.97922376	4.2102928727106696E8
749	3235	16384	9038123.557363696	4.207165651030446E8
750	3238	16384	9029733.605495129	4.204041002870005E8
803	3327	16384	9021352.113983138	4.2009189257509816E8
1175	4562	16384	9012979.073205443	4.197799417197877E8
1241	4695	16384	9004614.473552354	4.194682474738043E8
1247	4709	16384	8996258.305426769	4.191568095901679E8
1269	4741	16384	8987910.559244158	4.188456278221837E8
1281	4762	16384	8979571.225432532	4.185347019234409E8
1457	5421	16384	8971240.294432431	4.1822403164781255E8
1477	5468	16384	8962917.756696902	4.1791361674945486E8
1612	5689	16384	8954603.602691488	4.176034569828079E8
1787	6287	16384	8946297.822894203	4.1729355210259396E8
1821	6355	16384	8938000.4077955	4.169839018638176E8
1870	6437	16384	8929711.34789828	4.166745060217655E8
1920	6543	16384	8921430.633717852	4.163653643320057E8
1943	6601	16384	8913158.255781924	4.1605647655038774E8
1981	6694	16384	8904894.20463058	4.1574784243304163E8
1983	6696	16384	8896638.470816266	4.1543946173637813E8
1987	6702	16384	8888391.044903757	4.151313342170874E8
2030	6764	16384	8880151.917470159	4.148234596321398E8
2031	6767	16384	8871921.07910488	4.1451583773878473E8
2141	6982	16384	8863698.520409605	4.1420846829455036E8
2166	7023	16384	8855484.2319983	4.139013510572437E8
2193	7080	16384	8847278.204497153	4.1359448578494906E8
2344	7438	16384	8839080.42854461	4.1328787223602957E8
2363	7478	16384	8830890.8947913	4.129815101691247E8
2380	7503	16384	8822709.593900057	4.126753993431514E8
2384	7511	16384	8814536.5165459	4.123695395173033E8
2385	7513	16384	8806371.653415978	4.120639304510499E8
2393	7523	16384	8798214.995209593	4.117585719041367E8
2409	7544	16384	8790066.532638166	4.1145346363658464E8
2503	7673	16384	8781926.256425204	4.1114860540868944E8
2505	7676	16384	8773794.157306315	4.108439969810221E8
2524	7710	16384	8765670.226029158	4.105396381144275E8
2527	7715	16384	8757554.453353444	4.102355285700248E8
2590	7845	16384	8749446.830050908	4.099316681092062E8
2593	7850	16384	8741347.346905295	4.096280564936376E8
2605	7869	16384	8733255.99471234	4.093246934852574E8
2619	7909	16384	8725172.764279753	4.090215788462767E8
2646	7958	16384	8717097.646427214	4.0871871233917886E8
2684	8039	16384	8709030.63198631	4.0841609372671837E8
2699	8068	16384	8700971.711800573	4.081137227719216E8
2776	8206	16384	8692920.87672542	4.0781159923808545E8
2782	8212	16384	8684878.117628166	4.075097228887777E8
2799	8234	16384	8676843.425387986	4.0720809348783636E8
2801	8237	16384	8668816.790895896	4.069067107993693E8
2802	8239	16384	8660798.205054758	4.066055745877539E8
2803	8240	16384	8652787.658779234	4.063046846176366E8
2807	8247	16384	8644785.142995778	4.0600404065393245E8
2813	8254	16384	8636790.648642639	4.057036424618254E8
2819	8263	16384	8628804.166669812	4.0540348980676705E8
2836	8299	16384	8620825.68803903	4.0510358245447654E8
2879	8358	16384	8612855.203723766	4.0480392017094094E8
2905	8393	16384	8604892.704709182	4.045045027224134E8
2941	8445	16384	8596938.181992143	4.042053298754145E8
3023	8585	16384	8588991.62658118	4.039064013967304E8
3037	8613	16384	8581053.029496485	4.0360771705341375E8
3041	8617	16384	8573122.381769875	4.0330927661278206E8
3044	8622	16384	8565199.67444479	4.030110798424181E8
3050	8633	16384	8557284.89857628	4.0271312651016974E8
3053	8636	16384	8549378.045230972	4.0241541638414925E8
3101	8716	16384	8541479.105487058	4.021179492327325E8
3123	8745	16384	8533588.070434298	4.0182072482455975E8
3124	8747	16384	8525704.931173962	4.01523742928534E8
3145	8778	16384	8517829.67881885	4.0122700331382155E8
3175	8823	16384	8509962.30449325	4.009305057498511E8
3184	8833	16384	8502102.799332948	4.006342500063143E8
3224	8896	16384	8494251.15448517	4.003382358531635E8
3236	8912	16384	8486407.36110861	4.000424630606137E8
3265	8955	16384	8478571.41037339	3.9974693139914083E8
3278	8975	16384	8470743.293461027	3.994516406394814E8
3280	8980	16384	8462923.001564452	3.9915659055263263E8
3341	9076	16384	8455110.525887966	3.988617809098519E8
3360	9102	16384	8447305.85764724	3.985672114826566E8
3390	9148	16384	8439508.988069285	3.982728820428231E8
3393	9152	16384	8431719.908392433	3.979787923623872E8
3403	9165	16384	8423938.60986634	3.976849422136434E8
3416	9187	16384	8416165.083751952	3.973913313691446E8
3424	9196	16384	8408399.32132148	3.970979596017015E8
3535	9371	16384	8400641.313858418	3.9680482668438303E8
3538	9378	16384	8392891.052657483	3.9651193239051497E8
3687	9615	16384	8385148.529024634	3.962192764936804E8
3780	9754	16384	8377413.734277039	3.9592685876771927E8
3891	9904	16384	8369686.659743043	3.9563467898672694E8
3913	9943	16384	8361967.296762193	3.9534273692505574E8
3950	10000	16384	8354255.636685178	3.950510323573132E8
3960	10012	16384	8346551.670873844	3.9475956505836236E8
3973	10030	16384	8338855.390701144	3.944683348033204E8
4035	10131	16384	8331166.787551169	3.941773413675603E8
4048	10160	16384	8323485.852819084	3.938865845267085E8
4172	10386	16384	8315812.577911144	3.935960640566455E8
4222	10489	16384	8308146.954244651	3.933057797335053E8
4312	10670	16384	8300488.973247969	3.9301573133367544E8
4349	10732	16384	8292838.626360476	3.9272591863379586E8
4404	10839	16384	8285195.905032571	3.9243634141075945E8
4421	10875	16384	8277560.800725656	3.921469994417114E8
4547	11097	16384	8269933.30491208	3.918578925040479E8
4579	11156	16384	8262313.409075202	3.9156902037541807E8
4631	11242	16384	8254701.104709288	3.912803828337207E8
4837	11579	16384	8247096.383319564	3.9099197965710676E8
4872	11633	16384	8239499.236422147	3.907038106239767E8
5017	11848	16384	8231909.655544061	3.9041587551298183E8
5025	11858	16384	8224327.6322232215	3.901281741030228E8
5112	11986	16384	8216753.158008396	3.898407061732502E8
5142	12033	16384	8209186.224459218	3.8955347150306374E8
5232	12167	16384	8201626.82314613	3.892664698721113E8
5307	12308	16384	8194074.945650425	3.889797010602906E8
5339	12352	16384	8186530.583564169	3.8869316484774595E8
5347	12361	16384	8178993.728490223	3.8840686101487046E8
5381	12414	16384	8171464.372042228	3.8812078934230465E8
5389	12424	16384	8163942.505844574	3.878349496109362E8
5452	12512	16384	8156428.12153238	3.875493416018993E8
5458	12519	16384	8148921.210751487	3.872639650965748E8
5477	12547	16384	8141421.765158465	3.8697881987659013E8
5483	12558	16384	8133929.776420547	3.8669390572381794E8
5550	12651	16384	8126445.2362156585	3.86409222420377E8
5574	12684	16384	8118968.136232372	3.861247697486305E8
5617	12742	16384	8111498.468169913	3.858405474911874E8
5666	12810	16384	8104036.223738127	3.8555655543090034E8
5683	12832	16384	8096581.394657476	3.8527279335086673E8
5732	12897	16384	8089133.972659019	3.8498926103442794E8
5770	12948	16384	8081693.949484395	3.847059582651685E8
5833	13030	16384	8074261.316885799	3.844228848269161E8
5856	13061	16384	8066836.066625983	3.841400405037417E8
5904	13122	16384	8059418.190478248	3.83857425079959E8
5921	13143	16384	8052007.680226375	3.8357503834012306E8
5979	13222	16384	8044604.527664685	3.832928800690318E8
6011	13263	16384	8037208.724597966	3.830109500517244E8
6019	13272	16384	8029820.262841489	3.827292480734814E8
6264	13667	16384	8022439.134220972	3.8244777391982406E8
6265	13669	16384	8015065.330572575	3.8216652737651443E8
6551	14135	16384	8007698.843742886	3.818855082295549E8
6574	14178	16384	8000339.665588911	3.8160471626518804E8
6676	14343	16384	7992987.787978034	3.813241512698957E8
6738	14441	16384	7985643.20278804	3.810438130303995E8
6804	14546	16384	7978305.901907051	3.807637013336595E8
7117	15107	16384	7970975.877233567	3.8048381596687555E8
7294	15397	16384	7963653.120676407	3.8020415671748495E8
7305	15412	16384	7956337.624154699	3.799247233731629E8
7335	15456	16384	7949029.3795978995	3.796455157218236E8
7344	15467	16384	7941728.37894573	3.793665335516174E8
7371	15499	16384	7934434.614148201	3.790877766509326E8
7372	15500	16384	7927148.077165566	3.788092448083938E8
7389	15523	16384	7919868.7599683385	3.785309378128626E8
7459	15617	16384	7912596.654537254	3.782528554534365E8
7564	15757	16384	7905331.752863253	3.779749975194489E8
7602	15803	16384	7898074.046947486	3.776973638004688E8
7711	15959	16384	7890823.52880127	3.7741995408630025E8
7731	15986	16384	7883580.190446112	3.7714276816698265E8
7740	15997	16384	7876344.023913662	3.768658058327898E8
7750	16012	16384	7869115.021245702	3.765890668742298E8
7762	16025	16384	7861893.174494145	3.763125510820446E8
7822	16097	16384	7854678.475721005	3.7603625824720997E8
7825	16102	16384	7847470.916998406	3.7576018816093534E8
7837	16117	16384	7840270.490408534	3.754843406146629E8
7907	16206	16384	7833077.188043644	3.7520871540006745E8
7965	16285	16384	7825891.002006052	3.749333123090568E8
7991	16318	16384	7818711.924408089	3.746581311337702E8
8026	16365	16384	7811539.947372116	3.7438317166657925E8
8051	16401	16384	7804375.06303051	3.741084337000871E8
8092	16484	16384	7797217.26352562	3.738339170271276E8
8114	16518	16384	7790066.541009785	3.735596214407662E8
8727	17552	16384	7782922.887645297	3.732855467342985E8
8820	17691	16384	7775786.295604397	3.730116927012504E8
8936	17865	16384	7768656.757069263	3.727380591353781E8
8986	17935	16384	7761534.264231986	3.7246464583066714E8
9044	18028	16384	7754418.809294563	3.7219145258133286E8
9133	18150	16384	7747310.384468877	3.719184791818191E8
9201	18258	16384	7740208.981976694	3.716457254267993E8
9371	18556	16384	7733114.594049631	3.7137319111117464E8
9577	18876	16384	7726027.212929155	3.71100876030075E8
9601	18915	16384	7718946.8308665585	3.708287799788576E8
9660	19016	16384	7711873.440122957	3.7055690275310755E8
9756	19182	16384	7704807.032969273	3.702852441486374E8
9782	19213	16384	7697747.601686208	3.700138039614866E8
10398	20172	16384	7690695.138564242	3.69742581987921E8
10468	20284	16384	7683649.635903605	3.694715780244327E8
10722	20621	16384	7676611.086014303	3.692007918677409E8
10974	20920	16384	7669579.481216028	3.6893022331478906E8
11068	21040	16384	7662554.8138382295	3.6865987216274744E8
11265	21275	16384	7655537.076220039	3.6838973820901084E8
11342	21366	16384	7648526.260710284	3.68119821251199E8
11363	21392	16384	7641522.359667459	3.6785012108715624E8
11494	21545	16384	7634525.365459728	3.6758063751495135E8
11620	21735	16384	7627535.270464904	3.6731137033287704E8
11702	21840	16384	7620552.067070423	3.6704231933944976E8
11721	21865	16384	7613575.747673336	3.667734843334089E8
12104	22384	16384	7606606.304680322	3.665048651137179E8
12167	22472	16384	7599643.7305076225	3.662364614795621E8
12379	22759	16384	7592688.017581079	3.6596827323035E8
12395	22781	16384	7585739.158336073	3.657003001657118E8
12410	22799	16384	7578797.145217553	3.654325420855002E8
12503	22925	16384	7571861.970679998	3.651649987897891E8
12511	22935	16384	7564933.627187403	3.648976700788738E8
12672	23141	16384	7558012.107213277	3.6463055575327116E8
12780	23292	16384	7551097.403240618	3.643636556137182E8
12925	23483	16384	7544189.507761906	3.6409696946117276E8
13171	24806	16384	7537288.413279082	3.6383049709681255E8
13276	24949	16384	7530394.112303544	3.635642383220356E8
13397	25100	16384	7523506.597356133	3.6329819293845946E8
13440	25161	16384	7516625.860967103	3.630323607479209E8
13636	25472	16384	7509751.895676135	3.6276674155247563E8
13849	25832	16384	7502884.694032282	3.6250133515439814E8
14024	26071	16384	7496024.248594007	3.622361413561817E8
14059	26118	16384	7489170.55192913	3.619711599605373E8
14640	27693	16384	7482323.596614834	3.6170639077039427E8
14660	27713	16384	7475483.375237646	3.614418335888995E8
14697	27750	16384	7468649.880393401	3.611774882194164E8
14786	27839	16384	7461823.104687282	3.609133544655266E8
14788	27841	16384	7455003.040733754	3.6064943213102764E8
14927	27980	16384	7448189.681156579	3.60385721019934E8
15222	28275	16384	7441383.018588794	3.601222209364762E8
15271	28324	16384	7434583.0456726905	3.5985893168510026E8
15338	28391	16384	7427789.755059819	3.595958530704684E8
15390	28443	16384	7421003.139410965	3.5933298489745826E8
15498	28551	16384	7414223.191396121	3.5907032697116154E8
15542	28595	16384	7407449.903694512	3.5880787909688604E8
15566	28619	16384	7400683.268994533	3.5854564108015275E8
15573	28626	16384	7393923.279993787	3.582836127266982E8
15602	28655	16384	7387169.9293990275	3.580217938424718E8
15603	28656	16384	7380423.209926167	3.57760184233637E8
15628	28681	16384	7373683.11430026	3.574987837065705E8
844	3420	16128	7366949.635255499	3.572375920678624E8
3197	8856	16128	7360222.765535184	3.5697660912431544E8
3887	9899	16128	7353502.4978917185	3.5671583468294466E8
3941	9989	16128	7346788.825086593	3.564552685509775E8
4321	10685	16128	7340081.739890386	3.5619491053585374E8
5040	11881	16128	7333381.235082725	3.5593476044522417E8
5214	12139	16128	7326687.303452296	3.556748180869517E8
5488	12564	16128	7319999.937796829	3.554150832691101E8
7101	15083	16128	7313319.130923059	3.551555557999837E8
11645	21766	16128	7306644.875646747	3.548962354880678E8
14119	26204	16128	7299977.164792657	3.546371221420684E8
589	2561	15872	7293315.991194518	3.543782155709005E8
2686	8046	15872	7286661.34769505	3.5411951558368975E8
3879	9881	15872	7280013.227145931	3.538610219897712E8
4855	11606	15872	7273371.622407772	3.536027345986887E8
6985	14858	15872	7266736.526350126	3.5334465322019535E8
7348	15471	15872	7260107.931851469	3.5308677766425294E8
7846	16130	15872	7253485.83179919	3.528291077410318E8
8723	17547	15872	7246870.21908956	3.5257164326091015E8
13968	25994	15872	7240261.086627736	3.5231438403447396E8
1835	6373	15616	7233658.427327753	3.5205732987251735E8
4280	10608	15616	7227062.234112489	3.518004805860411E8
4392	10813	15616	7220472.49991369	3.51543835986254E8
4880	11647	15616	7213889.217671898	3.512873958845702E8
8966	17906	15616	7207312.380336509	3.510311600926119E8
10566	20428	15616	7200741.980865695	3.507751284222063E8
12860	23393	15616	7194178.01222645	3.505193006853876E8
12868	23404	15616	7187620.467394521	3.502636766943949E8
1986	6700	15360	7181069.339354449	3.5000825626167345E8
2644	7955	15360	7174524.621099509	3.4975303919987315E8
4250	10557	15360	7167986.305631728	3.494980253218488E8
4552	11107	15360	7161454.385961869	3.492432144406604E8
4620	11227	15360	7154928.855109408	3.4898860636957216E8
6861	14647	15360	7148409.706102517	3.487342009220517E8
9101	18108	15360	7141896.931978073	3.4847999791177124E8
9364	18545	15360	7135390.525781638	3.482259971526068E8
9662	19019	15360	7128890.480567425	3.479721984586369E8
9771	19199	15360	7122396.789398311	3.477186016441435E8
9958	19494	15360	7115909.445345825	3.474652065236119E8
12717	23205	15360	7109428.441490112	3.47212012911729E8
705	3058	15104	7102953.770919946	3.469590206233848E8
1914	6534	15104	7096485.426732698	3.467062294736705E8
3751	9708	15104	7090023.402034346	3.464536392778799E8
4269	10592	15104	7083567.689939428	3.462012498515075E8
4515	11047	15104	7077118.283571082	3.459490610102499E8
5424	12480	15104	7070675.176060972	3.456970725700038E8
6081	13368	15104	7064238.360549325	3.454452843468672E8
6283	13694	15104	7057807.830184896	3.4519369615713835E8
9031	17988	15104	7051383.578124956	3.4494230781731546E8
13699	25620	15104	7044965.597535292	3.446911191440971E8
2202	7098	14848	7038553.881590181	3.4444012995438135E8
3296	9008	14848	7032148.4234723905	3.441893400652658E8
4481	10984	14848	7025749.216373146	3.439387492940466E8
4679	11320	14848	7019356.253492151	3.4368835745821977E8
4753	11447	14848	7012969.528037542	3.434381643754793E8
5080	11938	14848	7006589.033225892	3.4318816986371756E8
5099	11967	14848	7000214.762282204	3.429383737410254E8
5955	13189	14848	6993846.708439894	3.4268877582569146E8
6786	14511	14848	6987484.864940769	3.424393759362019E8
7619	15825	14848	6981129.225035025	3.4219017389124006E8
8310	16835	14848	6974779.781981236	3.419411695096867E8
8648	17439	14848	6968436.52904634	3.416923626106193E8
8970	17913	14848	6962099.45950563	3.414437530133123E8
9559	18847	14848	6955768.566642724	3.411953405372356E8
11919	22136	14848	6949443.843749593	3.409471250020564E8
14171	26286	14848	6943125.284126493	3.406991062276366E8
423	1852	14592	6936812.881082007	3.4045128403403425E8
1347	4926	14592	6930506.627932999	3.4020365824150276E8
1385	5061	14592	6924206.5180046195	3.399562286704905E8
3998	10077	14592	6917912.544630291	3.3970899514164096E8
4526	11062	14592	6911624.701151682	3.3946195747579193E8
7272	15366	14592	6905342.980918705	3.3921511549397516E8
8139	16559	14592	6899067.377289521	3.389684690174173E8
10103	19737	14592	6892797.883630499	3.387220178675384E8
14436	26688	14592	6886534.493316225	3.384757618659521E8
1923	6553	14432	6880277.19972948	3.382297008344653E8
1854	6405	14336	6874025.996261234	3.379838345950784E8
1893	6488	14336	6867780.876310626	3.3773816296998405E8
2121	6938	14336	6861541.833284968	3.37492685781568E8
2628	7926	14336	6855308.860599709	3.3724740285240775E8
2783	8216	14336	6849081.951678457	3.370023140052738E8
3231	8905	14336	6842861.099952939	3.367574190631279E8
3837	9823	14336	6836646.298862991	3.3651271784912306E8
3851	9842	14336	6830437.541856566	3.362682101866043E8
4251	10560	14336	6824234.822389713	3.360238958991077E8
4682	11329	14336	6818038.133926553	3.357797748103599E8
4965	11769	14336	6811847.469939289	3.3553584674427855E8
5036	11877	14336	6805662.823908171	3.35292111524971E8
5384	12418	14336	6799484.189321505	3.350485689767354E8
5885	13101	14336	6793311.559675631	3.348052189240594E8
6432	13937	14336	6787144.928474921	3.345620611916206E8
8137	16557	14336	6780984.289231759	3.343190956042861E8
8650	17443	14336	6774829.635466518	3.340763219871114E8
8956	17887	14336	6768680.9607075825	3.338337401653418E8
9036	17993	14336	6762538.2584913075	3.3359134996441096E8
9694	19082	14336	6756401.522362008	3.333491512099406E8
9714	19114	14336	6750270.745871978	3.331071437277414E8
12581	23024	14336	6744145.9225814305	3.3286532734381115E8
12889	23432	14336	6738027.046058538	3.326237018843361E8
510	2140	14080	6731914.109879387	3.3238226717568964E8
658	2824	14080	6725807.107627962	3.321410230444319E8
732	3144	14080	6719706.03289618	3.318999693173112E8
1371	5015	14080	6713610.879283826	3.3165910582126176E8
5722	12883	14080	6707521.640398557	3.3141843238340396E8
6643	14296	14080	6701438.309855929	3.3117794883104575E8
7415	15555	14080	6695360.881279317	3.309376549916798E8
9026	17982	14080	6689289.348299968	3.3069755069298524E8
9938	19473	14080	6683223.70455695	3.304576357628267E8
12339	22709	14080	6677163.943697163	3.3021791002925396E8
65	101	13824	6671110.059375313	3.299783733205021E8
1380	5054	13824	6665062.045253915	3.297390254649912E8
1790	6296	13824	6659019.895003266	3.2949986629132557E8
2039	6776	13824	6652983.602301447	3.292608956282941E8
3970	10024	13824	6646953.160834307	3.2902211330487E8
4716	11383	13824	6640928.564295449	3.2878351915020996E8
4801	11524	13824	6634909.806386222	3.2854511299365443E8
5050	11895	13824	6628896.88081572	3.283068946647279E8
6272	13676	13824	6622889.781300753	3.280688639931375E8
6688	14359	13824	6616888.50156584	3.2783102080877334E8
7252	15331	13824	6610893.035343218	3.275933649417085E8
9016	17970	13824	6604903.376372805	3.273558962221986E8
8952	17881	13696	6598919.5184022	3.2711861448068136E8
591	2571	13568	6592941.45518668	3.2688151954777676E8
2271	7268	13568	6586969.18048917	3.2664461125428617E8
2562	7781	13568	6581002.688080254	3.26407889431193E8
2989	8527	13568	6575041.971738154	3.26171353909662E8
3032	8605	13568	6569087.025248707	3.259350045210387E8
3761	9723	13568	6563137.842405379	3.256988410968498E8
4536	11081	13568	6557194.417009242	3.2546286346880287E8
4878	11643	13568	6551256.742868952	3.252270714687851E8
6189	13549	13568	6545324.813800758	3.249914649288648E8
8076	16445	13568	6539398.6236284785	3.247560436812896E8
8368	16945	13568	6533478.166183506	3.2452080755848753E8
9421	18638	13568	6527563.435304769	3.242857563930655E8
9633	18977	13568	6521654.424838752	3.240508900178102E8
9956	19492	13568	6515751.12863946	3.2381620826568705E8
11018	20974	13568	6509853.540568422	3.2358171096984017E8
12496	22915	13568	6503961.654494679	3.233473979635928E8
12527	22958	13568	6498075.464294774	3.231132690804465E8
13108	24730	13568	6492194.963852741	3.2287932415408075E8
14153	26256	13568	6486320.147060074	3.226455630183525E8
14499	26793	13568	6480451.007815757	3.224119855072974E8
2072	6851	13312	6474587.5400262205	3.2217859145512795E8
2129	6954	13312	6468729.737605347	3.219453806962341E8
2414	7552	13312	6462877.5944744535	3.2171235306518286E8
2821	8265	13312	6457031.104562283	3.2147950839671785E8
3004	8555	13312	6451190.261804987	3.212468465257593E8
3245	8925	13312	6445355.060146144	3.210143672874043E8
3896	9911	13312	6439525.493536694	3.2078207051692504E8
4170	10381	13312	6433701.555935	3.205499560497709E8
4293	10632	13312	6427883.241306773	3.20318023721566E8
4337	10705	13312	6422070.543625091	3.200862733681102E8
4352	10736	13312	6416263.456870395	3.1985470482537866E8
5171	12078	13312	6410461.975030468	3.196233179295219E8
5412	12464	13312	6404666.092100412	3.1939211251686436E8
6392	13864	13312	6398875.80208267	3.191610884239059E8
6393	13865	13312	6393091.098986989	3.189302454873205E8
6600	14217	13312	6387311.97683042	3.186995835439561E8
7198	15246	13312	6381538.429637307	3.1846910243083483E8
7629	15837	13312	6375770.45143927	3.182388019851522E8
8048	16397	13312	6370008.03627521	3.1800868204427755E8
8270	16776	13312	6364251.178191285	3.177787424457533E8
8891	17803	13312	6358499.871240898	3.175489830272947E8
9192	18239	13312	6352754.109484708	3.173194036267904E8
10167	19835	13312	6347013.886990597	3.170900040823013E8
11030	20990	13312	6341279.197833657	3.168607842320604E8
14040	26091	13312	6335550.036096219	3.1663174391447353E8
1938	6594	13056	6329826.395867793	3.164028829681182E8
2145	6988	13056	6324108.271245076	3.161742012317432E8
2252	7219	13056	6318395.656331968	3.159456985442697E8
2351	7460	13056	6312688.54523952	3.157173747447894E8
2356	7469	13056	6306986.932085956	3.154892296725657E8
2572	7796	13056	6301290.810996645	3.152612631670324E8
2756	8174	13056	6295600.176104095	3.1503347506779426E8
3090	8698	13056	6289915.021547949	3.148058652146264E8
4314	10674	13056	6284235.341474975	3.145784334474742E8
4772	11478	13056	6278561.130039036	3.143511796064527E8
5290	12284	13056	6272892.381401124	3.1412410353184754E8
6129	13445	13056	6267229.08972929	3.138972050641132E8
6292	13706	13056	6261571.249198696	3.1367048404387397E8
6518	14080	13056	6255918.853991552	3.1344394031192315E8
9136	18156	13056	6250271.898297144	3.132175737092229E8
10743	20647	13056	6244630.376311806	3.129913840769043E8
11705	21844	13056	6238994.282238908	3.127653712562667E8
1645	5754	12800	6233363.610288862	3.125395350887781E8
1805	6320	12800	6227738.354679106	3.123138754160747E8
2087	6873	12800	6222118.509634071	3.1208839207995987E8
2780	8210	12800	6216504.069385208	3.118630849224053E8
3417	9188	12800	6210895.02817096	3.1163795378555024E8
3457	9247	12800	6205291.38023675	3.1141299851170075E8
3507	9326	12800	6199693.119834972	3.1118821894333035E8
4043	10145	12800	6194100.241224988	3.109636149230789E8
4425	10880	12800	6188512.738673115	3.107391862937534E8
4920	11709	12800	6182930.606452611	3.10514932898327E8
6003	13254	12800	6177353.838843675	3.102908545799392E8
6162	13506	12800	6171782.430133425	3.100669511818953E8
6214	13593	12800	6166216.374615898	3.0984322254766667E8
6484	14024	12800	6160655.666592047	3.096196685208904E8
8508	17200	12800	6155100.3003697	3.0939628894536835E8
8626	17401	12800	6149550.270263596	3.0917308366506827E8
11615	21730	12800	6144005.570595334	3.089500525241223E8
13278	24951	12800	6138466.195693386	3.087271953668276E8
1482	5474	12544	6132932.139893084	3.085045120376459E8
1493	5495	12544	6127403.397536618	3.082820023812035E8
1591	5655	12544	6121879.962972999	3.0805966624229026E8
1867	6434	12544	6116361.830558081	3.0783750346586055E8
1911	6528	12544	6110848.99465454	3.0761551389703226E8
2270	7265	12544	6105341.4496318465	3.073936973810866E8
2679	8018	12544	6099839.189866301	3.071720537634687E8
2753	8166	12544	6094342.209740975	3.0695058288978636E8
2767	8194	12544	6088850.503645725	3.067292846058101E8
2778	8208	12544	6083364.065977181	3.065081587574735E8
3470	9271	12544	6077882.891138751	3.062872051908729E8
3965	10018	12544	6072406.973540583	3.060664237522664E8
4019	10105	12544	6066936.307599575	3.058458142880746E8
4394	10818	12544	6061470.887739361	3.056253766448797E8
4459	10950	12544	6056010.708390304	3.054051106694259E8
5815	13006	12544	6050555.763989484	3.051850162086189E8
5864	13069	12544	6045106.04898068	3.049650931095251E8
6048	13315	12544	6039661.557814389	3.047453412193729E8
6524	14090	12544	6034222.284947784	3.045257603855513E8
7113	15100	12544	6028788.224844716	3.043063504556093E8
8701	17515	12544	6023359.371975714	3.040871112772574E8
8712	17529	12544	6017935.720817977	3.03868042698366E8
8955	17885	12544	6012517.265855336	3.036491445669652E8
9807	19256	12544	6007104.001578288	3.03430416731246E8
9954	19490	12544	6001695.922483943	3.0321185903955775E8
11495	21547	12544	5996293.023076058	3.0299347134041053E8
11589	21687	12544	5990895.297864994	3.0277525348247313E8
81	145	12288	5985502.74136771	3.025572053145733E8
102	206	12288	5980115.348107791	3.0233932668569833E8
202	764	12288	5974733.1126153795	3.021216174449934E8
902	3594	12288	5969356.029427222	3.019040774417629E8
1146	4459	12288	5963984.093086617	3.016867065254692E8
1248	4711	12288	5958617.298143445	3.014695045457328E8
1264	4733	12288	5953255.639154118	3.0125247135233223E8
1808	6331	12288	5947899.110681608	3.0103560679520375E8
1962	6658	12288	5942547.707295412	3.0081891072444093E8
1967	6665	12288	5937201.42357156	3.0060238299029505E8
2029	6762	12288	5931860.25409259	3.003860234431741E8
2222	7148	12288	5926524.1934475545	3.001698319336433E8
2277	7280	12288	5921193.236232	2.9995380831242454E8
2402	7534	12288	5915867.377047973	2.9973795243039644E8
2441	7590	12288	5910546.610503988	2.995222641385936E8
2461	7626	12288	5905230.931215035	2.99306743288207E8
2586	7835	12288	5899920.333802574	2.990913897305837E8
2632	7930	12288	5894614.812894509	2.9887620331722635E8
2736	8134	12288	5889314.363125203	2.986611838997935E8
2811	8251	12288	5884018.97913544	2.984463313300985E8
2922	8415	12288	5878728.655572443	2.982316454601107E8
2955	8468	12288	5873443.387089846	2.980171261419536E8
2986	8520	12288	5868163.1683477005	2.9780277322790635E8
3248	8928	12288	5862887.994012455	2.9758858657040215E8
3292	9003	12288	5857617.858756947	2.973745660220286E8
3379	9129	12288	5852352.757260403	2.971607114355279E8
3414	9184	12288	5847092.684208425	2.9694702266379625E8
3521	9352	12288	5841837.634292975	2.9673349955988336E8
3534	9370	12288	5836587.602212382	2.965201419769932E8
3685	9613	12288	5831342.582671313	2.9630694976848257E8
3783	9758	12288	5826102.570380784	2.960939227878621E8
3885	9892	12288	5820867.560058139	2.958810608887954E8
3951	10001	12288	5815637.546427039	2.956683639250984E8
3954	10004	12288	5810412.524217471	2.9545583175074077E8
3974	10031	12288	5805192.488165714	2.9524346421984386E8
4200	10447	12288	5799977.433014356	2.9503126118668187E8
4211	10469	12288	5794767.353512264	2.94819222505681E8
4270	10594	12288	5789562.244414584	2.946073480314191E8
4320	10683	12288	5784362.100482747	2.9439563761862665E8
4401	10835	12288	5779166.916484426	2.9418409112218475E8
4499	11012	12288	5773976.687193559	2.9397270839712644E8
4510	11036	12288	5768791.407390333	2.93761489298636E8
4518	11051	12288	5763611.071861163	2.9355043368204856E8
4807	11531	12288	5758435.675398693	2.9333954140285015E8
4861	11615	12288	5753265.212801791	2.931288123166774E8
4984	11802	12288	5748099.6788755385	2.929182462793178E8
5163	12067	12288	5742939.068431206	2.927078431467084E8
5296	12295	12288	5737783.376286278	2.9249760277493733E8
5333	12346	12288	5732632.5972644035	2.9228752502024174E8
5353	12369	12288	5727486.726195426	2.920776097390089E8
5513	12595	12288	5722345.757915345	2.918678567877756E8
5543	12637	12288	5717209.687266337	2.916582660232283E8
5597	12716	12288	5712078.509096709	2.914488373022021E8
5898	13115	12288	5706952.218260925	2.912395704816813E8
5993	13238	12288	5701830.809619579	2.9103046541879916E8
6410	13890	12288	5696714.278039403	2.908215219708378E8
6511	14065	12288	5691602.618393229	2.906127399952269E8
6550	14134	12288	5686495.825560014	2.9040411934954554E8
6743	14446	12288	5681393.894424809	2.9019565989152014E8
7034	14955	12288	5676296.819878758	2.89987361479025E8
7340	15463	12288	5671204.596819102	2.897792239700829E8
7375	15503	12288	5666117.220149136	2.89571247222863E8
7686	15919	12288	5661034.684778249	2.89363431095683E8
7702	15945	12288	5655956.985621876	2.891557754470071E8
7728	15982	12288	5650884.117601504	2.889482801354464E8
7776	16043	12288	5645816.075644666	2.8874094501975936E8
8099	16496	12288	5640752.854684938	2.8853376995885074E8
8170	16617	12288	5635694.449661903	2.8832675481177145E8
8371	16949	12288	5630640.855521188	2.881198994377195E8
8597	17356	12288	5625592.067214415	2.8791320369603837E8
8641	17427	12288	5620548.079699213	2.877066674462174E8
8691	17503	12288	5615508.887939207	2.875002905478922E8
8705	17520	12288	5610474.486904009	2.8729407286084354E8
8800	17657	12288	5605444.8715691995	2.8708801424499744E8
8842	17727	12288	5600420.036916346	2.8688211456042564E8
8990	17939	12288	5595399.977932966	2.8667637366734457E8
8995	17945	12288	5590384.689612531	2.8647079142611533E8
9006	17957	12288	5585374.16695447	2.8626536769724435E8
9010	17961	12288	5580368.404964132	2.860601023413817E8
9099	18106	12288	5575367.398652813	2.858549952193227E8
9122	18136	12288	5570371.143037716	2.8565004619200575E8
9224	18301	12288	5565379.633141971	2.8544525512051433E8
9764	19192	12288	5560392.863994602	2.8524062186607474E8
10268	19990	12288	5555410.830630537	2.8503614629005754E8
10344	20094	12288	5550433.528090599	2.848318282539766E8
10453	20257	12288	5545460.951421478	2.846276676194887E8
10841	20762	12288	5540493.095675749	2.844236642483943E8
10967	20912	12288	5535529.955911843	2.8421981800263596E8
11138	21125	12288	5530571.527194067	2.840161287443001E8
11501	21554	12288	5525617.804592555	2.8381259633561456E8
11522	21586	12288	5520668.783183304	2.8360922063895047E8
11610	21724	12288	5515724.458048125	2.8340600151682055E8
12129	22423	12288	5510784.824274671	2.8320293883187985E8
13567	25360	12288	5505849.876956403	2.830000324469252E8
403	1789	12032	5500919.611192603	2.8279728222489554E8
1786	6280	12032	5495994.022088335	2.825946880288703E8
2293	7315	12032	5491073.10475449	2.8239224972207165E8
3764	9727	12032	5486156.854307712	2.821899671678618E8
3806	9788	12032	5481245.265870441	2.819878402297444E8
4525	11061	12032	5476338.33457089	2.81785868771364E8
5251	12202	12032	5471436.05554303	2.8158405265650576E8
8926	17854	12032	5466538.423926588	2.8138239174909526E8
12310	22667	12032	5461645.434867041	2.811808859131987E8
736	3208	11776	5456757.083515601	2.809795350130218E8
1965	6663	11776	5451873.365029219	2.807783389129109E8
2371	7489	11776	5446994.274570564	2.805772974773519E8
2920	8412	11776	5442119.807308021	2.8037641057097E8
3112	8731	11776	5437249.958415694	2.8017567805853057E8
3494	9307	11776	5432384.723073382	2.7997509980493796E8
3823	9809	11776	5427524.09646657	2.7977467567523515E8
4934	11727	11776	5422668.07378644	2.795744055346049E8
8288	16807	11776	5417816.650229849	2.793742892483683E8
9583	18886	11776	5412969.820999323	2.7917432668198526E8
9704	19093	11776	5408127.581303048	2.789745177010536E8
9950	19486	11776	5403289.926354877	2.787748621713105E8
2195	7087	11520	5398456.851374296	2.785753599586303E8
2485	7652	11520	5393628.351586438	2.783760109290256E8
3082	8687	11520	5388804.422222068	2.781768149486468E8
3252	8937	11520	5383985.058517575	2.779777718837819E8
3490	9303	11520	5379170.255714969	2.777788816008565E8
4041	10139	11520	5374360.009061865	2.775801439664333E8
4085	10212	11520	5369554.313811482	2.7738155884721214E8
4625	11233	11520	5364753.165222625	2.7718312611002964E8
4665	11299	11520	5359956.558559706	2.769848456218598E8
6429	13932	11520	5355164.489092699	2.767867172498124E8
9629	18972	11520	5350376.952097155	2.765887408611344E8
10857	20781	11520	5345593.942854188	2.7639091632320845E8
12664	23131	11520	5340815.456650475	2.761932435035539E8
12955	23522	11520	5336041.488778237	2.759957222698257E8
521	2165	11264	5331272.034535238	2.7579835248981464E8
1099	4261	11264	5326507.089224775	2.756011340314471E8
1713	6073	11264	5321746.648155676	2.75404066762785E8
2091	6877	11264	5316990.7066422915	2.7520715055202574E8
2180	7053	11264	5312239.260004472	2.750103852675014E8
2297	7324	11264	5307492.303567582	2.7481377077767926E8
2466	7632	11264	5302749.832662484	2.7461730695116156E8
2964	8482	11264	5298011.842625531	2.744209936566852E8
3076	8680	11264	5293278.328798549	2.74224830763121E8
3710	9651	11264	5288549.286528854	2.740288181394749E8
4214	10475	11264	5283824.711169215	2.7383295565488636E8
4595	11183	11264	5279104.598077876	2.736372431786292E8
4930	11722	11264	5274388.9426185265	2.734416805801111E8
5132	12016	11264	5269677.740160301	2.73246267728873E8
5883	13099	11264	5264970.986077778	2.730510044945899E8
6714	14402	11264	5260268.675750962	2.7285589074706966E8
7794	16063	11264	5255570.8045652835	2.726609263562536E8
8875	17772	11264	5250877.367911592	2.72466111192216E8
9143	18170	11264	5246188.361186143	2.72271445125164E8
10297	20023	11264	5241503.779790597	2.720769280254373E8
10478	20299	11264	5236823.619132005	2.718825597635083E8
11758	21915	11264	5232147.874622817	2.7168834020998216E8
13349	25039	11264	5227476.541680854	2.7149426923559564E8
1741	6139	11008	5222809.6157293115	2.7130034671121776E8
2522	7705	11008	5218147.092196754	2.7110657250784963E8
2737	8137	11008	5213488.966517101	2.709129464966238E8
3251	8934	11008	5208835.234129625	2.7071946854880464E8
3881	9885	11008	5204185.890478952	2.70526138535788E8
4297	10650	11008	5199540.931015033	2.703329563291008E8
4325	10689	11008	5194900.351193152	2.701399218004011E8
5586	12703	11008	5190264.146473927	2.699470348214781E8
5649	12782	11008	5185632.3123232825	2.697542952642518E8
6253	13651	11008	5181004.844212449	2.695617030007726E8
6362	13819	11008	5176381.737617964	2.693692579032213E8
6416	13904	11008	5171762.9880216615	2.6917695984390944E8
6548	14131	11008	5167148.590910667	2.689848086952787E8
6948	14793	11008	5162538.541777374	2.687928043299004E8
8375	16960	11008	5157932.836119461	2.686009466204758E8
9164	18199	11008	5153331.469439862	2.6840923543983606E8
9538	18822	11008	5148734.437246788	2.682176706609419E8
9868	19361	11008	5144141.735053687	2.6802625215688333E8
774	3277	10752	5139553.358379261	2.6783497980087954E8
2656	7980	10752	5134969.3027474405	2.676438534662787E8
2664	7994	10752	5130389.563687404	2.674528730265584E8
2812	8253	10752	5125814.13673354	2.6726203835532445E8
3649	9556	10752	5121243.017425456	2.6707134932631123E8
4121	10277	10752	5116676.201307981	2.6688080581338224E8
4317	10679	10752	5112113.683931141	2.6669040769052872E8
4355	10741	10752	5107555.460850148	2.6650015483187E8
4847	11595	10752	5103001.527625429	2.6631004711165395E8
4966	11770	10752	5098451.879822571	2.661200844042558E8
5274	12258	10752	5093906.513012347	2.659302665841787E8
5344	12358	10752	5089365.422770698	2.657405935260532E8
5349	12363	10752	5084828.604678728	2.655510651046373E8
5439	12497	10752	5080296.054322694	2.6536168119481623E8
5594	12713	10752	5075767.767294001	2.6517244167160222E8
6631	14275	10752	5071243.739189199	2.6498334641013458E8
7065	15011	10752	5066723.965609972	2.647943952856794E8
7870	16160	10752	5062208.442163132	2.6460558817362925E8
8403	17017	10752	5057697.1644606115	2.6441692494950324E8
8467	17127	10752	5053190.12811946	2.642284054889469E8
9456	18695	10752	5048687.3287618235	2.640400296677316E8
9910	19430	10752	5044188.762014965	2.6385179736175513E8
10462	20272	10752	5039694.423511226	2.636637084470408E8
10572	20435	10752	5035204.308888052	2.6347576279973802E8
11083	21057	10752	5030718.413787953	2.6328796029612142E8
11890	22099	10752	5026236.733858527	2.6310030081259143E8
13733	25668	10752	5021759.264752422	2.629127842256732E8
13954	25977	10752	5017286.002127362	2.6272541041201735E8
14123	26210	10752	5012816.941646116	2.6253817924839944E8
1460	5425	10496	5008352.078976504	2.623510906117199E8
1622	5705	10496	5003891.409791388	2.6216414437900388E8
1763	6210	10496	4999434.929768649	2.6197734042740056E8
2049	6798	10496	4994982.634591212	2.6179067863418406E8
2094	6880	10496	4990534.519947016	2.6160415887675256E8
2137	6977	10496	4986090.581529008	2.614177810326281E8
2418	7559	10496	4981650.815035156	2.612315449794571E8
2585	7833	10496	4977215.216168408	2.6104545059500918E8
2796	8229	10496	4972783.780636722	2.608594977571781E8
2992	8530	10496	4968356.5041530365	2.6067368634398073E8
4818	11549	10496	4963933.382435271	2.6048801623355767E8
5865	13071	10496	4959514.411206318	2.6030248730417225E8
7554	15743	10496	4955099.586194036	2.6011709943421116E8
8242	16732	10496	4950688.903131248	2.599318525021839E8
8788	17640	10496	4946282.357755728	2.597467463867227E8
9437	18666	10496	4941879.945810197	2.5956178096658248E8
9789	19229	10496	4937481.663042319	2.5937695612064055E8
10728	20629	10496	4933087.505204687	2.591922717278963E8
11437	21478	10496	4928697.468054833	2.5900772766747195E8
13703	25625	10496	4924311.547355195	2.5882332381861088E8
14589	26956	10496	4919929.738873139	2.5863906006067902E8
164	594	10240	4915552.038380927	2.584549362731635E8
770	3268	10240	4911178.441655739	2.5827095233567375E8
1333	4834	10240	4906808.944479636	2.5808710812793994E8
2287	7306	10240	4902443.542639572	2.5790340352981386E8
2309	7346	10240	4898082.2319273865	2.577198384212684E8
2454	7613	10240	4893725.008139788	2.5753641268239745E8
2596	7855	10240	4889371.867078362	2.5735312619341576E8
3026	8592	10240	4885022.804549551	2.5716997883465877E8
3279	8978	10240	4880677.816364659	2.5698697048658267E8
3290	8999	10240	4876336.898339835	2.568041010297638E8
3875	9875	10240	4872000.046296081	2.5662137034489918E8
4619	11223	10240	4867667.256059224	2.5643877831280553E8
5013	11844	10240	4863338.523459929	2.562563248144199E8
5427	12483	10240	4859013.844333684	2.5607400973079902E8
5502	12581	10240	4854693.214520798	2.558918329431195E8
5812	13003	10240	4850376.629866384	2.5570979433267727E8
6039	13302	10240	4846064.086220376	2.555278937808882E8
6233	13620	10240	4841755.579437486	2.553461311692867E8
6344	13792	10240	4837451.105377239	2.5516450637952724E8
6423	13917	10240	4833150.659903933	2.5498301929338247E8
6486	14026	10240	4828854.238886654	2.548016697927445E8
6872	14667	10240	4824561.838199253	2.5462045775962362E8
7003	14891	10240	4820273.453720366	2.5443938307614955E8
7276	15372	10240	4815989.081333365	2.5425844562456942E8
7475	15641	10240	4811708.716926397	2.5407764528724945E8
7545	15732	10240	4807432.356392356	2.5389698194667378E8
7829	16106	10240	4803159.995628865	2.537164554854445E8
8365	16941	10240	4798891.630538304	2.535360657862818E8
8605	17370	10240	4794627.257027764	2.5335581273202327E8
8815	17682	10240	4790366.871009069	2.5317569620562446E8
8834	17707	10240	4786110.468398762	2.5299571609015828E8
8855	17747	10240	4781858.045118091	2.5281587226881483E8
8878	17775	10240	4777609.597093014	2.5263616462490165E8
8992	17941	10240	4773365.1202541925	2.5245659304184324E8
9043	18026	10240	4769124.610536971	2.52277157403181E8
9975	19517	10240	4764888.063881383	2.520978575925728E8
10329	20074	10240	4760655.47623215	2.5191869349379376E8
10604	20473	10240	4756426.8435386615	2.5173966499073526E8
10942	20880	10240	4752202.161754975	2.5156077196740475E8
11122	21107	10240	4747981.4268398145	2.513820143079263E8
11178	21175	10240	4743764.634756555	2.5120339189653978E8
12178	22485	10240	4739551.781473221	2.510249046176012E8
14430	26674	10240	4735342.862962492	2.5084655235558248E8
169	635	9984	4731137.875201673	2.5066833499507096E8
1058	4129	9984	4726936.814172701	2.5049025242076954E8
1063	4142	9984	4722739.6758621475	2.503123045174969E8
1395	5075	9984	4718546.456261193	2.5013449117018655E8
1800	6311	9984	4714357.151365642	2.4995681226388738E8
2209	7118	9984	4710171.757175897	2.4977926768376318E8
2457	7621	9984	4705990.269696966	2.4960185731509253E8
2483	7650	9984	4701812.684938455	2.494245810432691E8
2883	8362	9984	4697638.998914557	2.4924743875380084E8
3077	8681	9984	4693469.207644041	2.4907043033231E8
3269	8961	9984	4689303.307150265	2.4889355566453362E8
3583	9459	9984	4685141.293461156	2.4871681463632268E8
3734	9686	9984	4680983.1626092	2.4854020713364217E8
4115	10266	9984	4676828.910631445	2.4836373304257107E8
4817	11548	9984	4672678.533569496	2.4818739224930212E8
4912	11696	9984	4668532.0274695	2.480111846401417E8
5377	12407	9984	4664389.3883821545	2.4783511010151002E8
5906	13124	9984	4660250.612362678	2.4765916851994002E8
5944	13174	9984	4656115.69547083	2.4748335978207847E8
5999	13249	9984	4651984.633770892	2.4730768377468508E8
9426	18649	9984	4647857.423331663	2.471321403846326E8
9949	19485	9984	4643734.060226451	2.469567294989065E8
9955	19491	9984	4639614.540533066	2.4678145100460488E8
12086	22363	9984	4635498.860333831	2.4660630478893885E8
13032	24633	9984	4631387.015715551	2.4643129073923153E8
13897	25899	9984	4627279.002769528	2.4625640874291873E8
389	1755	9728	4623174.817591539	2.4608165868754813E8
946	3718	9728	4619074.456281843	2.4590704046077976E8
1039	3998	9728	4614977.914945167	2.457325539503854E8
1124	4364	9728	4610885.189690704	2.455581990442487E8
1585	5642	9728	4606796.276632103	2.453839756303648E8
1932	6576	9728	4602711.171887475	2.4520988359684077E8
2303	7336	9728	4598629.871579365	2.4503592283189467E8
2306	7341	9728	4594552.371834774	2.448620932238561E8
2346	7453	9728	4590478.668785126	2.4468839466116568E8
4290	10629	9728	4586408.758566286	2.4451482703237525E8
4416	10859	9728	4582342.637318532	2.4434139022614706E8
4644	11267	9728	4578280.301186576	2.4416808413125476E8
5378	12409	9728	4574221.746319523	2.4399490863658202E8
5379	12412	9728	4570166.968870905	2.4382186363112357E8
5403	12445	9728	4566115.964998635	2.436489490039838E8
5420	12473	9728	4562068.730865043	2.4347616464437816E8
5471	12540	9728	4558025.262636832	2.4330351044163164E8
5531	12621	9728	4553985.556485097	2.431309862851794E8
5810	12997	9728	4549949.608585309	2.429585920645664E8
5849	13052	9728	4545917.415117314	2.4278632766944748E8
6034	13289	9728	4541888.972265324	2.4261419298958683E8
6108	13409	9728	4537864.276217905	2.4244218791485816E8
6316	13752	9728	4533843.323167993	2.422703123352447E8
6499	14046	9728	4529826.1093128575	2.420985661408385E8
6533	14107	9728	4525812.63085413	2.419269492218414E8
6559	14150	9728	4521802.88399777	2.4175546146856362E8
6577	14182	9728	4517796.864954063	2.4158410277142403E8
6813	14558	9728	4513794.569937642	2.414128730209509E8
6976	14835	9728	4509795.995167446	2.4124177210778072E8
7211	15267	9728	4505801.1368667325	2.4107079992265815E8
7308	15415	9728	4501809.991263071	2.4089995635643643E8
7603	15804	9728	4497822.554588345	2.4072924130007735E8
8074	16441	9728	4493838.823078719	2.4055865464465E8
8122	16532	9728	4489858.792974659	2.403881962813318E8
8446	17086	9728	4485882.460520931	2.4021786610140836E8
8793	17646	9728	4481909.821966567	2.400476639962724E8
9096	18101	9728	4477940.873564887	2.3987758985742444E8
9582	18885	9728	4473975.611573476	2.3970764357647258E8
9951	19487	9728	4470014.03225419	2.3953782504513198E8
9953	19489	9728	4466056.13187314	2.3936813415522504E8
9971	19513	9728	4462101.906700693	2.3919857079868132E8
10248	19962	9728	4458151.353011475	2.3902913486753747E8
10262	19982	9728	4454204.467084341	2.3885982625393653E8
10434	20228	9728	4450261.245202396	2.3869064485012865E8
10513	20352	9728	4446321.68365297	2.385215905484703E8
10593	20460	9728	4442385.778727624	2.3835266324142438E8
11350	21375	9728	4438453.526722144	2.3818386282156035E8
11737	21889	9728	4434524.9239365235	2.3801518918155354E8
1	2	9472	4430599.966674983	2.3784664221418583E8
1006	3899	9472	4426678.651245928	2.3767822181234446E8
2033	6769	9472	4422760.973961976	2.375099278690227E8
2057	6813	9472	4418846.931139944	2.3734176027731994E8
2147	6992	9472	4414936.519100824	2.3717371893044052E8
2167	7024	9472	4411029.734169805	2.3700580372169462E8
2544	7745	9472	4407126.572676248	2.368380145444978E8
2641	7949	9472	4403227.030953689	2.3667035129237056E8
2660	7990	9472	4399331.105339831	2.3650281385893875E8
2860	8334	9472	4395438.792176532	2.3633540213793278E8
2927	8425	9472	4391550.087809821	2.361681160231884E8
3018	8579	9472	4387664.98858987	2.3600095540864596E8
3318	9039	9472	4383783.490870999	2.3583392018835032E8
3724	9667	9472	4379905.591011665	2.3566701025645056E8
3737	9691	9472	4376031.285374466	2.3550022550720066E8
4267	10588	9472	4372160.57032613	2.3533356583495855E8
4362	10756	9472	4368293.442237504	2.3516703113418624E8
4372	10782	9472	4364429.897483556	2.3500062129944977E8
4565	11134	9472	4360569.932443371	2.348343362254191E8
5257	12225	9472	4356713.543500145	2.3466817580686802E8
5341	12355	9472	4352860.72704117	2.345021399386738E8
6660	14317	9472	4349011.479457846	2.3433622851581743E8
6801	14543	9472	4345165.797145653	2.34170441433383E8
6905	14717	9472	4341323.676504169	2.3400477858655807E8
7497	15667	9472	4337485.113937052	2.3383923987063348E8
8106	16506	9472	4333650.105852036	2.336738251810029E8
8572	17307	9472	4329818.648660925	2.3350853441316283E8
8961	17894	9472	4325990.738779592	2.3334336746271288E8
9744	19158	9472	4322166.37262797	2.3317832422535503E8
10061	19662	9472	4318345.546630056	2.3301340459689426E8
11961	22190	9472	4314528.257213883	2.3284860847323757E8
12212	22531	9472	4310714.50081154	2.3268393575039428E8
12533	22967	9472	4306904.273859155	2.3251938632447627E8
14547	26871	9472	4303097.572796887	2.3235496009169713E8
540	2380	9216	4299294.394068931	2.3219065694837272E8
755	3244	9216	4295494.734123505	2.320264767909206E8
983	3814	9216	4291698.589412845	2.318624195158601E8
1008	3901	9216	4287905.956393202	2.316984850198122E8
1060	4133	9216	4284116.831524837	2.3153467319949925E8
1238	4692	9216	4280331.211272013	2.3137098395174512E8
1497	5500	9216	4276549.092102997	2.312074171734749E8
1738	6132	9216	4272770.470490047	2.3104397276171494E8
1780	6255	9216	4268995.342909403	2.3088065061359227E8
1997	6715	9216	4265223.705841305	2.3071745062633538E8
2185	7062	9216	4261455.555769956	2.3055437269727302E8
2417	7558	9216	4257690.889183538	2.3039141672383496E8
2517	7694	9216	4253929.702574205	2.3022858260355154E8
2647	7961	9216	4250171.992438068	2.3006587023405337E8
2810	8250	9216	4246417.755275197	2.2990327951307142E8
2818	8262	9216	4242666.987589622	2.2974081033843708E8
2898	8382	9216	4238919.685889312	2.2957846260808158E8
2939	8442	9216	4235175.846686185	2.2941623622003645E8
2963	8481	9216	4231435.466496092	2.2925413107243276E8
3262	8952	9216	4227698.541838824	2.2909214706350163E8
3345	9083	9216	4223965.069238087	2.2893028409157342E8
3450	9236	9216	4220235.045221525	2.287685420550786E8
3844	9833	9216	4216508.4663206935	2.2860692085254675E8
3874	9873	9216	4212785.329071053	2.2844542038260648E8
4108	10248	9216	4209065.630011983	2.2828404054398602E8
4393	10815	9216	4205349.3656867575	2.2812278123551244E8
4708	11370	9216	4201636.532642556	2.2796164235611197E8
4888	11658	9216	4197927.1274304455	2.2780062380480963E8
4915	11699	9216	4194221.1466053743	2.2763972548072872E8
5072	11926	9216	4190518.586726189	2.2747894728309187E8
5103	11971	9216	4186819.4443556056	2.2731828911121988E8
5207	12130	9216	4183123.716060206	2.2715775086453176E8
5294	12292	9216	4179431.3984104497	2.269973324425451E8
5361	12379	9216	4175742.487980654	2.2683703374487543E8
5376	12406	9216	4172056.981348998	2.2667685467123654E8
5804	12991	9216	4168374.8750975095	2.2651679512143996E8
5850	13053	9216	4164696.1658120705	2.2635685499539536E8
6097	13390	9216	4161020.850082399	2.2619703419310984E8
6105	13406	9216	4157348.9245020514	2.2603733261468798E8
6333	13777	9216	4153680.3856684268	2.2587775016033235E8
6418	13910	9216	4150015.230182742	2.2571828673034248E8
7072	15024	9216	4146353.454650038	2.2555894222511515E8
7081	15044	9216	4142695.055679184	2.2539971654514468E8
7278	15374	9216	4139040.029882851	2.2524060959102196E8
7363	15491	9216	4135388.3738775286	2.2508162126343527E8
7742	16000	9216	4131740.0842835084	2.2492275146316954E8
7817	16091	9216	4128095.1577248713	2.2476400009110606E8
8404	17018	9216	4124453.590829504	2.2460536704822323E8
8406	17020	9216	4120815.38022908	2.244468522355957E8
8832	17705	9216	4117180.522559054	2.2428845555439457E8
8954	17884	9216	4113549.014458663	2.2413017690588716E8
9012	17963	9216	4109920.852570922	2.2397201619143713E8
10207	19893	9216	4106296.0335426084	2.2381397331250378E8
10358	20116	9216	4102674.5540242684	2.2365604817064276E8
10876	20803	9216	4099056.410670214	2.2349824066750532E8
10894	20823	9216	4095441.6001385027	2.2334055070483848E8
10975	20921	9216	4091830.1190909543	2.2318297818448505E8
11219	21221	9216	4088221.964193125	2.2302552300838307E8
11621	21737	9216	4084617.1321143224	2.2286818507856628E8
12087	22364	9216	4081015.619527576	2.2271096429716325E8
12817	23339	9216	4077417.4231096604	2.2255386056639805E8
13929	25945	9216	4073822.539541073	2.2239687378858986E8
13940	25957	9216	4070230.9655060354	2.2224000386615282E8
64	100	8960	4066642.6976924837	2.220832507015957E8
766	3261	8960	4063057.732792063	2.21926614197522E8
797	3319	8960	4059476.0675001354	2.2177009425663012E8
1330	4831	8960	4055897.698515765	2.2161369078171292E8
1353	4963	8960	4052322.6225417065	2.214574036756574E8
1428	5379	8960	4048750.836284422	2.2130123284144542E8
1793	6301	8960	4045182.3364540455	2.211451781821523E8
2172	7036	8960	4041617.119764414	2.2098923960094815E8
2178	7049	8960	4038055.18293303	2.208334170010966E8
2408	7543	8960	4034496.5226810803	2.2067771028595543E8
2438	7584	8960	4030941.135733416	2.20522119358976E8
2478	7644	8960	4027389.0188185605	2.2036664412370354E8
3173	8821	8960	4023840.168668694	2.2021128448377675E8
3411	9179	8960	4020294.5820196536	2.200560403429277E8
3459	9251	8960	4016752.2556109284	2.1990091160498175E8
3768	9732	8960	4013213.1861856584	2.197458981738579E8
4008	10093	8960	4009677.370490623	2.1959099995356786E8
4061	10176	8960	4006144.80527624	2.1943621684821653E8
4216	10479	8960	4002615.487296559	2.1928154876200166E8
4569	11144	8960	3999089.413309261	2.19126995599214E8
5097	11965	8960	3995566.580075654	2.1897255726423684E8
5160	12062	8960	3992046.9843606595	2.188182336615461E8
5334	12347	8960	3988530.622932814	2.1866402469571015E8
5335	12348	8960	3985017.4925642754	2.185099302713901E8
5444	12502	8960	3981507.590030789	2.1835595029333872E8
5525	12612	8960	3978000.9121117205	2.182020846664016E8
5652	12788	8960	3974497.4555900167	2.1804833329551592E8
5664	12808	8960	3970997.2172522293	2.1789469608571124E8
5720	12881	8960	3967500.1938884915	2.1774117294210878E8
5877	13090	8960	3964006.3822925184	2.1758776376992154E8
5900	13118	8960	3960515.779261603	2.1743446847445408E8
6414	13901	8960	3957028.3815966193	2.172812869611028E8
6852	14633	8960	3953544.1861020033	2.1712821913535526E8
6854	14636	8960	3950063.1895857565	2.1697526490279046E8
7699	15939	8960	3946585.388859452	2.16822424169079E8
8073	16440	8960	3943110.7807382015	2.1666969683998197E8
8096	16491	8960	3939639.3620406794	2.1651708282135203E8
8604	17369	8960	3936171.129589107	2.1636458201913252E8
8665	17463	8960	3932706.080209238	2.1621219433935755E8
8882	17779	8960	3929244.2107303794	2.1605991968815234E8
8967	17909	8960	3925785.5179853626	2.1590775797173244E8
8979	17925	8960	3922329.998810544	2.1575570909640378E8
9098	18103	8960	3918877.6500458186	2.1560377296856323E8
9231	18310	8960	3915428.4685345874	2.1545194949469742E8
9762	19190	8960	3911982.451123777	2.1530023858138362E8
10040	19631	8960	3908539.5946638137	2.1514864013528883E8
10246	19960	8960	3905099.8960086466	2.1499715406317058E8
10335	20082	8960	3901663.35201571	2.1484578027187565E8
11362	21391	8960	3898229.959545953	2.1469451866834134E8
8161	16603	8768	3894799.7154638055	2.1454336915959406E8
90	173	8704	3891372.616637188	2.1439233165275007E8
192	706	8704	3887948.659937517	2.142414060550154E8
896	3584	8704	3884527.842239675	2.1409059227368498E8
1180	4570	8704	3881110.160422028	2.1393989021614334E8
1270	4744	8704	3877695.6113664135	2.1378929978986427E8
1361	4986	8704	3874284.191958134	2.1363882090241054E8
1530	5557	8704	3870875.8990859548	2.1348845346143383E8
1643	5750	8704	3867470.7296420997	2.133381973746748E8
1789	6295	8704	3864068.68052225	2.1318805254996312E8
1955	6639	8704	3860669.7486255355	2.1303801889521697E8
1970	6668	8704	3857273.930854524	2.1288809631844288E8
2046	6790	8704	3853881.2241152357	2.1273828472773647E8
2090	6876	8704	3850491.625317121	2.1258858403128123E8
2191	7071	8704	3847105.1313730665	2.1243899413734937E8
2396	7526	8704	3843721.7391993776	2.122895149543008E8
2460	7624	8704	3840341.4457157967	2.1214014639058396E8
2529	7719	8704	3836964.2478454746	2.1199088835473514E8
2738	8138	8704	3833590.142514985	2.1184174075537854E8
2839	8304	8704	3830219.12665431	2.1169270350122628E8
2892	8373	8704	3826851.197196833	2.1154377650107783E8
2916	8408	8704	3823486.351079347	2.1139495966382062E8
2945	8450	8704	3820124.585242039	2.1124625289842954E8
3056	8641	8704	3816765.896628494	2.110976561139668E8
3153	8788	8704	3813410.2821856807	2.1094916921958196E8
3257	8943	8704	3810057.738863956	2.108007921245117E8
3286	8990	8704	3806708.2636170555	2.1065252473807985E8
3309	9030	8704	3803361.8534020963	2.1050436696969742E8
3334	9068	8704	3800018.5051795626	2.1035631872886208E8
3357	9098	8704	3796678.215913309	2.1020837992515853E8
3445	9229	8704	3793340.9825705537	2.10060550468258E8
3453	9240	8704	3790006.8021218814	2.099128302679188E8
3821	9807	8704	3786675.671541216	2.0976521923398495E8
3888	9900	8704	3783347.5878058514	2.0961771727638778E8
3918	9954	8704	3780022.547896416	2.094703243051443E8
3975	10032	8704	3776700.5487968842	2.093230402303581E8
4028	10118	8704	3773381.5874945717	2.0917586496221876E8
4111	10257	8704	3770065.660980127	2.0902879841100198E8
4166	10367	8704	3766752.7662475253	2.0888184048706925E8
4243	10538	8704	3763442.90029408	2.0873499110086837E8
5110	11984	8704	3760136.0601204094	2.0858825016293222E8
5345	12359	8704	3756832.24273046	2.0844161758387977E8
5469	12536	8704	3753531.445131496	2.0829509327441564E8
5538	12632	8704	3750233.6643340797	2.081486771453295E8
5691	12843	8704	3746938.8973520836	2.080023691074966E8
5765	12941	8704	3743647.141202687	2.0785616907187766E8
5847	13049	8704	3740358.3929063585	2.0771007694951823E8
5876	13089	8704	3737072.6494868626	2.0756409265154922E8
5903	13121	8704	3733789.9079712545	2.0741821608918634E8
5968	13205	8704	3730510.1653898694	2.0727244717373025E8
6361	13818	8704	3727233.4187763287	2.0712678581656644E8
6598	14213	8704	3723959.6651675296	2.0698123192916518E8
6640	14292	8704	3720688.901603634	2.0683578542308107E8
6682	14350	8704	3717421.1251280825	2.0669044620995346E8
6713	14398	8704	3714156.3327875733	2.065452142015061E8
6726	14420	8704	3710894.521632065	2.0640008930954683E8
6734	14435	8704	3707635.688714776	2.0625507144596797E8
6928	14755	8704	3704379.8310921732	2.0611016052274597E8
6969	14825	8704	3701126.945823978	2.0596535645194128E8
7779	16047	8704	3697877.029973145	2.058206591456982E8
7913	16214	8704	3694630.0806058715	2.0567606851624465E8
8121	16531	8704	3691386.0947916033	2.0553158447589314E8
8248	16740	8704	3688145.0696029984	2.0538720693703887E8
8528	17230	8704	3684907.0021159537	2.0524293581216112E8
8795	17648	8704	3681671.8894095914	2.050987710138227E8
8802	17660	8704	3678439.7285662447	2.0495471245466942E8
8812	17678	8704	3675210.5166714718	2.0481076004743084E8
8893	17805	8704	3671984.250814039	2.046669137049195E8
8969	17911	8704	3668760.9280859143	2.0452317334003088E8
8974	17917	8704	3665540.545582275	2.0437953886574358E8
9052	18037	8704	3662323.100401502	2.0423601019511944E8
9282	18379	8704	3659108.589645163	2.0409258724130264E8
9616	18945	8704	3655897.010418021	2.0394926991752028E8
10304	20036	8704	3652688.359828031	2.0380605813708228E8
10627	20500	8704	3649482.6349863214	2.0366295181338075E8
10836	20757	8704	3646279.833007212	2.035199508598906E8
11062	21032	8704	3643079.95100819	2.033770551901689E8
11406	21444	8704	3639882.9861099175	2.0323426471785507E8
11426	21466	8704	3636688.9354362264	2.0309157935667083E8
11781	21949	8704	3633497.796114106	2.0294899902041954E8
11880	22087	8704	3630309.565273711	2.02806523622987E8
12181	22489	8704	3627124.240048352	2.026641530783408E8
12349	22721	8704	3623941.817574487	2.0252188730053028E8
12567	23005	8704	3620762.29499173	2.0237972620368665E8
13118	24742	8704	3617585.6694428325	2.0223766970202258E8
13604	25415	8704	3614411.938073686	2.0209571770983222E8
13791	25749	8704	3611241.0980333257	2.0195387014149156E8
9354	18526	8576	3608073.1464739097	2.0181212691145745E8
5704	12859	8480	3604908.080550732	2.016704879342684E8
11599	21708	8480	3601745.8974222085	2.0152895312454385E8
100	202	8448	3598586.594249874	2.0138752239698437E8
269	1260	8448	3595430.168198381	2.0124619566637158E8
760	3252	8448	3592276.616435503	2.0110497284756824E8
793	3312	8448	3589125.936132111	2.0096385385551745E8
932	3672	8448	3585978.1244621864	2.008228386052433E8
1204	4641	8448	3582833.1786028114	2.006819270118506E8
1319	4817	8448	3579691.0957341716	2.0054111899052462E8
1362	4991	8448	3576551.8730395315	2.0040041445653078E8
1468	5435	8448	3573415.5077052666	2.0025981332521564E8
1470	5459	8448	3570281.9969208185	2.0011931551200518E8
1535	5563	8448	3567151.337878722	1.9997892093240607E8
1551	5593	8448	3564023.527774586	1.998386295020049E8
1833	6371	8448	3560898.563807101	1.9969844113646853E8
1882	6469	8448	3557776.443178018	1.9955835575154334E8
1931	6571	8448	3554657.1630921625	1.9941837326305583E8
2026	6758	8448	3551540.7207574225	1.992784935869123E8
2063	6831	8448	3548427.1133847404	1.9913871663909838E8
2088	6874	8448	3545316.3381881183	1.9899904233567956E8
2098	6886	8448	3542208.39238461	1.988594705928007E8
2111	6909	8448	3539103.273194315	1.9872000132668605E8
2312	7351	8448	3536000.977840379	1.9858063445363918E8
2335	7411	8448	3532901.503548992	1.9844136989004308E8
2436	7581	8448	3529804.84754937	1.9830220755235943E8
2574	7806	8448	3526711.0070737726	1.9816314735712928E8
2789	8222	8448	3523619.9793574787	1.980241892209724E8
2878	8357	8448	3520531.7616388076	1.9788533306058794E8
2908	8396	8448	3517446.351159082	1.9774657879275313E8
2944	8449	8448	3514363.7451626565	1.9760792633432436E8
2970	8499	8448	3511283.9408968957	1.9746937560223663E8
3028	8594	8448	3508206.9356121686	1.9733092651350302E8
3066	8665	8448	3505132.7265618583	1.9719257898521546E8
3099	8711	8448	3502061.31100235	1.9705433293454412E8
3125	8749	8448	3498992.6861930257	1.9691618827873746E8
3133	8758	8448	3495926.8493962674	1.967781449351221E8
3159	8799	8448	3492863.7978774407	1.9664020282110247E8
3163	8805	8448	3489803.5289049074	1.9650236185416147E8
3168	8814	8448	3486746.0397500116	1.9636462195185962E8
3191	8844	8448	3483691.3276870763	1.962269830318353E8
3204	8864	8448	3480639.3899934026	1.9608944501180455E8
3226	8899	8448	3477590.2239492666	1.9595200780956134E8
3241	8920	8448	3474543.8268379117	1.9581467134297693E8
3243	8922	8448	3471500.1959455484	1.9567743553000015E8
3246	8926	8448	3468459.3285613507	1.955403002886573E8
3270	8965	8448	3465421.221977451	1.954032655370519E8
3333	9067	8448	3462385.8734889347	1.9526633119336474E8
3339	9073	8448	3459353.280393843	1.9512949717585376E8
3396	9156	8448	3456323.439993158	1.9499276340285382E8
3418	9189	8448	3453296.3495908105	1.9485612979277676E8
3437	9215	8448	3450272.006493677	1.947195962641118E8
3441	9222	8448	3447250.4080115603	1.945831627354242E8
3487	9299	8448	3444231.5514572044	1.944468291253565E8
3488	9300	8448	3441215.4341462804	1.9431059535262758E8
3536	9372	8448	3438202.0533973863	1.9417446133603314E8
3643	9548	8448	3435191.406532038	1.9403842699444482E8
3644	9549	8448	3432183.4908746774	1.9390249224681127E8
3657	9572	8448	3429178.3037526566	1.93766657012157E8
3662	9581	8448	3426175.8424962405	1.936309212095828E8
3712	9653	8448	3423176.1044386053	1.9349528475826585E8
3795	9775	8448	3420179.0869158288	1.9335974757745916E8
3870	9868	8448	3417184.7872668873	1.9322430958649155E8
3909	9934	8448	3414193.2028336646	1.930889707047682E8
3923	9962	8448	3411204.330960919	1.9295373085176927E8
4168	10377	8448	3408218.1689963224	1.9281858994705158E8
4278	10604	8448	3405234.714290415	1.9268354791024682E8
4308	10665	8448	3402253.9641966303	1.9254860466106266E8
4448	10930	8448	3399275.916071281	1.9241376011928222E8
4452	10937	8448	3396300.5672735437	1.922790142047634E8
4504	11020	8448	3393327.9151654863	1.9214436683744028E8
4596	11185	8448	3390357.957112032	1.9200981793732154E8
4803	11527	8448	3387390.6904809764	1.9187536742449126E8
4892	11666	8448	3384426.1126429704	1.917410152191083E8
4975	11787	8448	3381464.2209715294	1.9160676124140674E8
5143	12034	8448	3378505.012843023	1.9147260541169554E8
5250	12198	8448	3375548.485636671	1.913385476503583E8
5289	12282	8448	3372594.6367345373	1.9120458787785333E8
5369	12396	8448	3369643.463521537	1.9107072601471373E8
5394	12431	8448	3366694.9633854204	1.9093696198154694E8
5413	12465	8448	3363749.133716781	1.9080329569903526E8
5414	12466	8448	3360805.9719090387	1.9066972708793476E8
5417	12470	8448	3357865.475358453	1.9053625606907642E8
5457	12518	8448	3354927.6414640998	1.90402882563365E8
5582	12695	8448	3351992.46762789	1.9026960649177986E8
5601	12722	8448	3349059.9512545415	1.901364277753738E8
5605	12727	8448	3346130.089751603	1.9000334633527422E8
5695	12847	8448	3343202.880529427	1.8987036209268212E8
5718	12879	8448	3340278.321001174	1.8973747496887213E8
5736	12902	8448	3337356.40858282	1.8960468488519314E8
5888	13104	8448	3334437.1406931384	1.8947199176306725E8
5914	13132	8448	3331520.514753696	1.8933939552399018E8
5970	13207	8448	3328606.5281888675	1.892068960895314E8
5984	13228	8448	3325695.1784258117	1.8907449338133356E8
6078	13365	8448	3322786.4628944783	1.8894218732111266E8
6437	13944	8448	3319880.3790276046	1.888099778306581E8
6438	13945	8448	3316976.9242607118	1.886778648318325E8
6561	14155	8448	3314076.0960320905	1.8854584824657112E8
6582	14188	8448	3311177.8917828156	1.8841392799688274E8
6597	14212	8448	3308282.308956733	1.8828210400484887E8
6733	14434	8448	3305389.3450004556	1.881503761926239E8
6875	14671	8448	3302498.997363361	1.8801874448243496E8
6926	14750	8448	3299611.26349759	1.8788720879658192E8
6930	14758	8448	3296726.1408580416	1.877557690574372E8
7230	15293	8448	3293843.626902369	1.8762442518744585E8
7369	15497	8448	3290963.7190909777	1.8749317710912523E8
7410	15546	8448	3288086.4148870236	1.873620247450653E8
7483	15652	8448	3285211.7117564026	1.872309680179281E8
7534	15720	8448	3282339.607167759	1.8710000685044804E8
7864	16154	8448	3279470.098592469	1.869691411654315E8
7893	16186	8448	3276603.183504651	1.8683837088575727E8
7955	16272	8448	3273738.859381144	1.8670769593437555E8
8231	16711	8448	3270877.1237015272	1.86577116234309E8
8239	16729	8448	3268017.9739481	1.8644663170865193E8
8390	16992	8448	3265161.407605877	1.8631624228057003E8
8441	17079	8448	3262307.4221626036	1.8618594787330133E8
8502	17192	8448	3259456.015108732	1.8605574841015497E8
8539	17250	8448	3256607.1839374285	1.859256438145118E8
8766	17605	8448	3253760.926144565	1.8579563400982392E8
8922	17844	8448	3250917.239228721	1.8566571891961494E8
8981	17927	8448	3248076.120691175	1.8553589846747962E8
8982	17929	8448	3245237.5680359136	1.854061725770843E8
9731	19138	8448	3242401.578769604	1.8527654117216587E8
9811	19261	8448	3239568.150401615	1.8514700417653266E8
9895	19405	8448	3236737.2804440036	1.850175615140639E8
9952	19488	8448	3233908.9664115077	1.848882131087096E8
10021	19602	8448	3231083.20582155	1.8475895888449073E8
10313	20050	8448	3228259.9961942355	1.84629798765499E8
10378	20141	8448	3225439.335052334	1.8450073267589647E8
10445	20248	8448	3222621.219921299	1.843717605399162E8
10446	20249	8448	3219805.648329248	1.8424288228186154E8
10479	20300	8448	3216992.617806964	1.8411409782610625E8
10545	20394	8448	3214182.125887894	1.8398540709709463E8
10845	20766	8448	3211374.170108144	1.8385681001934102E8
10867	20792	8448	3208568.7480064738	1.837283065174301E8
11229	21232	8448	3205765.8571243007	1.8359989651601666E8
11272	21285	8448	3202965.4950056863	1.834715799398255E8
11334	21358	8448	3200167.659197341	1.8334335671365136E8
11399	21435	8448	3197372.3472486204	1.8321522676235902E8
11679	21810	8448	3194579.556711516	1.8308719001088297E8
11942	22166	8448	3191789.285140659	1.8295924638422742E8
12510	22934	8448	3189001.5300933113	1.8283139580746624E8
12549	22984	8448	3186216.2891293713	1.8270363820574316E8
12926	23484	8448	3183433.5598113555	1.8257597350427097E8
13131	24757	8448	3180653.3397044074	1.8244840162833208E8
13223	24875	8448	3177875.626376299	1.8232092250327864E8
13254	24922	8448	3175100.4173974106	1.821935360545316E8
13269	24940	8448	3172327.710340739	1.820662422075813E8
14210	26346	8448	3169557.502781894	1.819390408879873E8
14523	26831	8448	3166789.7922990904	1.8181193202137792E8
3186	8838	8224	3164024.5764731537	1.81684915533451E8
201	763	8192	3161261.8528875033	1.8155799134997275E8
213	793	8192	3158501.619128164	1.8143115939677864E8
275	1292	8192	3155743.872783754	1.8130441959977275E8
361	1678	8192	3152988.6114454777	1.811777718849276E8
411	1830	8192	3150235.83270714	1.8105121617828485E8
779	3293	8192	3147485.53416512	1.809247524059542E8
929	3663	8192	3144737.7134183887	1.8079838049411413E8
930	3670	8192	3141992.368068495	1.8067210036901155E8
1108	4276	8192	3139249.4957195567	1.805459119569613E8
1115	4306	8192	3136509.0939782714	1.8041981518434677E8
1133	4393	8192	3133771.160453912	1.802938099776197E8
1207	4647	8192	3131035.692758309	1.8016789626329955E8
1225	4672	8192	3128302.688505862	1.8004207396797395E8
1232	4683	8192	3125572.145313529	1.7991634301829854E8
1254	4719	8192	3122844.0608008304	1.797907033409968E8
1301	4791	8192	3120118.4325898387	1.7966515486286014E8
1308	4803	8192	3117395.2583051724	1.7953969751074728E8
1350	4941	8192	3114674.5355740082	1.794143312115851E8
1354	4965	8192	3111956.262026063	1.7928905589236778E8
1357	4977	8192	3109240.4352936	1.791638714801572E8
1390	5068	8192	3106527.053011416	1.7903877790208247E8
1399	5087	8192	3103816.1128168455	1.789137750853401E8
1441	5395	8192	3101107.6123497635	1.787888629571942E8
1443	5397	8192	3098401.5492525636	1.786640414449756E8
1455	5419	8192	3095697.921170177	1.785393104760828E8
1466	5433	8192	3092996.7257500505	1.7841466997798085E8
1472	5463	8192	3090297.960642158	1.782901198782023E8
1473	5464	8192	3087601.6234989855	1.7816566010434613E8
1483	5479	8192	3084907.7119755424	1.7804129058407873E8
1501	5504	8192	3082216.223729344	1.7791701124513298E8
1502	5505	8192	3079527.1564204125	1.777928220153083E8
1517	5533	8192	3076840.5077112783	1.7766872282247102E8
1520	5537	8192	3074156.275266977	1.77544713594554E8
1527	5553	8192	3071474.456755042	1.7742079425955662E8
1531	5558	8192	3068795.0498455046	1.7729696474554464E8
1537	5565	8192	3066118.052210884	1.7717322498064998E8
1538	5567	8192	3063443.4615262	1.770495748930713E8
1543	5573	8192	3060771.275468951	1.7692601441107303E8
1544	5577	8192	3058101.4917191267	1.7680254346298608E8
1567	5616	8192	3055434.1079591922	1.7667916197720706E8
1576	5627	8192	3052769.1218740935	1.765558698821988E8
1578	5629	8192	3050106.5311512602	1.7643266710649037E8
1579	5630	8192	3047446.3334805844	1.7630955357867616E8
1601	5670	8192	3044788.526554428	1.7618652922741646E8
1640	5742	8192	3042133.1080676275	1.7606359398143756E8
1651	5767	8192	3039480.0757174813	1.759407477695313E8
1655	5774	8192	3036829.427203739	1.7581799052055475E8
1773	6239	8192	3034181.1602286175	1.7569532216343084E8
1865	6432	8192	3031535.2724967888	1.7557274262714794E8
1876	6458	8192	3028891.7617153726	1.754502518407596E8
1892	6487	8192	3026250.6255939393	1.7532784973338482E8
1896	6495	8192	3023611.8618445047	1.752055362342076E8
1930	6570	8192	3020975.4681815277	1.7508331127247733E8
1945	6612	8192	3018341.44232191	1.7496117477750844E8
1964	6662	8192	3015709.7819849914	1.7483912667868045E8
1971	6671	8192	3013080.4848925364	1.7471716690543738E8
1972	6673	8192	3010453.548768751	1.745952953872887E8
1985	6699	8192	3007828.9713402665	1.744735120538084E8
1991	6709	8192	3005206.7503361367	1.7435181683463505E8
2006	6725	8192	3002586.8834878434	1.7423020965947232E8
2023	6752	8192	2999969.368529284	1.7410869045808807E8
2036	6773	8192	2997354.203196776	1.73987259160315E8
2045	6788	8192	2994741.385229045	1.738659156960499E8
2048	6794	8192	2992130.9123672354	1.7374465999525434E8
2058	6820	8192	2989522.7823548918	1.7362349198795387E8
2066	6840	8192	2986916.992937969	1.7350241160423857E8
2076	6856	8192	2984313.541864823	1.7338141877426246E8
2077	6857	8192	2981712.426886211	1.7326051342824396E8
2078	6858	8192	2979113.645755282	1.7313969549646524E8
2080	6862	8192	2976517.196227582	1.730189649092726E8
2085	6868	8192	2973923.0760610485	1.7289832159707624E8
2101	6894	8192	2971331.2830160023	1.7277776549035004E8
2103	6896	8192	2968741.8148551537	1.726572965196319E8
2107	6901	8192	2966154.6693435973	1.725369146155234E8
2109	6905	8192	2963569.8442487977	1.724166197086894E8
2124	6943	8192	2960987.3373406073	1.7229641172985882E8
2136	6976	8192	2958407.146391243	1.721762906098237E8
2164	7020	8192	2955829.269175299	1.7205625627943975E8
2170	7030	8192	2953253.703469731	1.7193630866962582E8
2221	7146	8192	2950680.4470538637	1.718164477113642E8
2227	7158	8192	2948109.4977093865	1.7169667333570045E8
2240	7185	8192	2945540.853220343	1.7157698547374317E8
2256	7233	8192	2942974.5113731385	1.714573840566642E8
2257	7234	8192	2940410.4699565247	1.713378690156981E8
2295	7321	8192	2937848.726761615	1.7121844028214288E8
2311	7350	8192	2935289.279581858	1.7109909778735882E8
2317	7365	8192	2932732.1262130574	1.709798414627695E8
2338	7420	8192	2930177.2644533543	1.7086067123986098E8
2370	7487	8192	2927624.6921032346	1.7074158705018234E8
2390	7519	8192	2925074.406965517	1.7062258882534498E8
2391	7521	8192	2922526.4068453526	1.7050367649702284E8
2395	7525	8192	2919980.6895502335	1.7038484999695274E8
2440	7589	8192	2917437.252889965	1.7026610925693327E8
2470	7636	8192	2914896.094676691	1.7014745420882595E8
2472	7638	8192	2912357.2127248705	1.7002888478455415E8
2474	7640	8192	2909820.6048512906	1.6991040091610402E8
2487	7655	8192	2907286.268875049	1.6979200253552338E8
2490	7658	8192	2904754.2026175577	1.696736895749221E8
2491	7659	8192	2902224.4039025474	1.6955546196647257E8
2494	7663	8192	2899696.8705560486	1.6943731964240846E8
2495	7664	8192	2897171.6004064083	1.693192625350261E8
2511	7685	8192	2894648.591284267	1.6920129057668287E8
2512	7686	8192	2892127.8410225753	1.6908340369979852E8
2514	7688	8192	2889609.347456576	1.6896560183685422E8
2515	7690	8192	2887093.1084238063	1.6884788492039263E8
2554	7766	8192	2884579.1217640974	1.6873025288301814E8
2575	7807	8192	2882067.385319578	1.6861270565739685E8
2578	7811	8192	2879557.896934652	1.684952431762559E8
2579	7823	8192	2877050.654456011	1.6837786537238386E8
2580	7825	8192	2874545.6557326373	1.68260572178631E8
2597	7856	8192	2872042.8986157803	1.6814336352790833E8
2615	7902	8192	2869542.3809589697	1.680262393531882E8
2633	7931	8192	2867044.100618011	1.6790919958750412E8
2636	7938	8192	2864548.0554509787	1.6779224416395062E8
2666	7997	8192	2862054.2433182164	1.6767537301568326E8
2667	8000	8192	2859562.6620823303	1.6755858607591826E8
2693	8059	8192	2857073.3096081936	1.6744188327793306E8
2700	8069	8192	2854586.183762934	1.6732526455506548E8
2716	8100	8192	2852101.2824159437	1.6720872984071448E8
2740	8141	8192	2849618.6034388645	1.6709227906833938E8
2741	8142	8192	2847138.1447055894	1.669759121714601E8
2770	8197	8192	2844659.9040922606	1.6685962908365703E8
2773	8201	8192	2842183.879477272	1.667434297385713E8
2777	8207	8192	2839710.0687412573	1.6662731406990418E8
2781	8211	8192	2837238.469767092	1.6651128201141742E8
2790	8223	8192	2834769.0804398926	1.66395333496933E8
2791	8224	8192	2832301.898647002	1.6627946846033278E8
2793	8226	8192	2829836.9222780117	1.661636868355594E8
2804	8241	8192	2827374.1492247297	1.6604798855661494E8
2809	8249	8192	2824913.577381201	1.659323735575619E8
2816	8257	8192	2822455.2046436905	1.6581684177252254E8
2817	8258	8192	2819999.028910691	1.657013931356792E8
2831	8290	8192	2817545.048082908	1.6558602758127365E8
2833	8293	8192	2815093.2600632706	1.6547074504360777E8
2834	8296	8192	2812643.6627569213	1.653555454570431E8
2843	8310	8192	2810196.2540712133	1.6524042875600067E8
2845	8313	8192	2807751.031915709	1.6512539487496117E8
2847	8317	8192	2805307.9942021775	1.6501044374846464E8
2851	8321	8192	2802867.1388445944	1.6489557531111076E8
2856	8329	8192	2800428.463759138	1.6478078949755868E8
2868	8343	8192	2797991.9668641766	1.6466608624252635E8
2870	8345	8192	2795557.6460802853	1.6455146548079148E8
2876	8354	8192	2793125.4993302305	1.64436927147191E8
2893	8374	8192	2790695.5245389626	1.6432247117662036E8
2894	8375	8192	2788267.719633634	1.6420809750403497E8
2907	8395	8192	2785842.0825435654	1.640938060644482E8
2917	8409	8192	2783418.61120028	1.6397959679293343E8
2919	8411	8192	2780997.3035374666	1.638654696246221E8
2921	8413	8192	2778578.1574909976	1.637514244947048E8
2936	8439	8192	2776161.1709989235	1.636374613384309E8
2940	8443	8192	2773746.342001468	1.6352358009110853E8
2948	8457	8192	2771333.668441015	1.634097806881039E8
2965	8486	8192	2768923.1482621315	1.6329606306484267E8
2968	8495	8192	2766514.779411539	1.6318242715680826E8
2969	8497	8192	2764108.5598381287	1.6306887289954305E8
2974	8507	8192	2761704.487492942	1.629554002286472E8
2977	8510	8192	2759302.560329189	1.6284200907977983E8
2978	8511	8192	2756902.7763022264	1.6272869938865787E8
2982	8515	8192	2754505.1333695697	1.626154710910567E8
2985	8519	8192	2752109.6294908826	1.625023241228098E8
2993	8533	8192	2749716.2626279737	1.623892584198086E8
2994	8534	8192	2747325.030744796	1.6227627391800255E8
2997	8544	8192	2744935.9318074523	1.6216337055339932E8
3005	8557	8192	2742548.963784173	1.6205054826206395E8
3006	8559	8192	2740164.1246453384	1.6193780698011994E8
3008	8562	8192	2737781.412363457	1.618251466437482E8
3010	8564	8192	2735400.8249131637	1.6171256718918708E8
3014	8570	8192	2733022.3602712387	1.6160006855273333E8
3016	8575	8192	2730646.016416571	1.6148765067074037E8
3019	8580	8192	2728271.7913301894	1.6137531347961992E8
3025	8591	8192	2725899.6829952397	1.6126305691584098E8
3029	8595	8192	2723529.6893969835	1.611508809159296E8
3033	8607	8192	2721161.8085228004	1.610387854164693E8
3040	8616	8192	2718796.038362192	1.609267703541013E8
3043	8620	8192	2716432.3769067605	1.6081483566552344E8
3046	8626	8192	2714070.82215023	1.6070298128749126E8
3047	8629	8192	2711711.372088423	1.6059120715681705E8
3052	8635	8192	2709354.024719268	1.6047951321037024E8
3060	8657	8192	2706998.778042797	1.6036789938507718E8
3062	8660	8192	2704645.6300611473	1.6025636561792153E8
3063	8661	8192	2702294.57877854	1.6014491184594312E8
3064	8663	8192	2699945.622201301	1.6003353800623912E8
3068	8669	8192	2697598.7583378474	1.5992224403596324E8
3071	8675	8192	2695253.9851986854	1.5981102987232605E8
3079	8684	8192	2692911.3007964063	1.596998954525945E8
3081	8686	8192	2690570.703145687	1.5958884071409214E8
3083	8689	8192	2688232.1902632895	1.5947786559419924E8
3084	8690	8192	2685895.760168051	1.5936697003035226E8
3098	8710	8192	2683561.4108808925	1.5925615396004423E8
3105	8721	8192	2681229.140424806	1.5914541732082453E8
3106	8722	8192	2678898.9468248556	1.5903476005029857E8
3110	8728	8192	2676570.8281081766	1.589241820861282E8
3119	8740	8192	2674244.782303973	1.588136833660313E8
3122	8744	8192	2671920.8074435145	1.5870326382778198E8
3127	8752	8192	2669598.9015601273	1.5859292340921006E8
3128	8753	8192	2667279.062689207	1.584826620482017E8
3130	8755	8192	2664961.2888682	1.5837247968269876E8
3131	8756	8192	2662645.5781366145	1.5826237625069913E8
3132	8757	8192	2660331.9285360086	1.5815235169025633E8
3151	8786	8192	2658020.3381099897	1.5804240593947965E8
3152	8787	8192	2655710.804904214	1.5793253893653408E8
3157	8797	8192	2653403.326966388	1.5782275061964032E8
3160	8801	8192	2651097.902346257	1.5771304092707455E8
3165	8808	8192	2648794.52909561	1.5760340979716852E8
3166	8812	8192	2646493.2052682717	1.5749385716830924E8
3167	8813	8192	2644193.928920106	1.5738438297893932E8
3171	8818	8192	2641896.698109008	1.5727498716755658E8
3174	8822	8192	2639601.510894906	1.5716566967271414E8
3176	8824	8192	2637308.3653397616	1.5705643043302056E8
3180	8828	8192	2635017.2595075523	1.56947269387139E8
3181	8829	8192	2632728.191464291	1.5683818647378835E8
3182	8830	8192	2630441.159278007	1.5672918163174218E8
3183	8831	8192	2628156.161018752	1.5662025479982919E8
3185	8836	8192	2625873.194758589	1.5651140591693276E8
3190	8843	8192	2623592.2585716066	1.5640263492199165E8
3192	8846	8192	2621313.3505338933	1.562939417539988E8
3196	8855	8192	2619036.468723556	1.5618532635200238E8
3198	8858	8192	2616761.611220707	1.5607678865510502E8
3203	8863	8192	2614488.776107464	1.5596832860246408E8
3205	8865	8192	2612217.961467949	1.5585994613329157E8
3209	8871	8192	2609949.165388285	1.5575164118685395E8
3217	8884	8192	2607682.385956591	1.5564341370247212E8
3227	8901	8192	2605417.621262981	1.5553526361952135E8
3228	8902	8192	2603154.869399568	1.5542719087743145E8
3230	8904	8192	2600894.128460452	1.5531919541568637E8
3234	8910	8192	2598635.3965417207	1.5521127717382428E8
3235	8911	8192	2596378.6717414577	1.551034360914379E8
3237	8913	8192	2594123.9521597154	1.5499567210817337E8
3242	8921	8192	2591871.235898544	1.548879851637317E8
3256	8942	8192	2589620.5210619625	1.5478037519786727E8
3259	8946	8192	2587371.8057559747	1.5467284215038896E8
3285	8989	8192	2585125.0880885515	1.5456538596115896E8
3289	8997	8192	2582880.3661696464	1.5445800657009396E8
3293	9004	8192	2580637.638111173	1.543507039171639E8
3295	9007	8192	2578396.9020270216	1.542434779423928E8
3298	9011	8192	2576158.1560330437	1.541363285858582E8
3299	9012	8192	2573921.3982470534	1.540292557876912E8
3306	9024	8192	2571686.626788832	1.5392225948807675E8
3308	9026	8192	2569453.839780115	1.5381533962725312E8
3311	9032	8192	2567223.0353445914	1.5370849614551184E8
3315	9036	8192	2564994.2116079135	1.5360172898319826E8
3316	9037	8192	2562767.3666976783	1.5349503808071083E8
3317	9038	8192	2560542.498743433	1.5338842337850115E8
3319	9041	8192	2558319.60587668	1.5328188481707454E8
3322	9045	8192	2556098.686230857	1.53175422336989E8
3340	9075	8192	2553879.7379413494	1.5306903587885588E8
3342	9079	8192	2551662.759145485	1.5296272538333958E8
3344	9081	8192	2549447.7479825243	1.5285649079115745E8
3349	9088	8192	2547234.7025936698	1.5275033204307994E8
3353	9093	8192	2545023.6211220566	1.5264424907993028E8
3356	9097	8192	2542814.5017127492	1.5253824184258455E8
3362	9104	8192	2540607.3425127403	1.5243231027197158E8
3365	9107	8192	2538402.141670956	1.5232645430907318E8
3366	9108	8192	2536198.897338243	1.5222067389492363E8
3368	9111	8192	2533997.6076673716	1.5211496897060993E8
3374	9120	8192	2531798.270813029	1.5200933947727144E8
3382	9135	8192	2529600.8849318232	1.5190378535610026E8
3384	9137	8192	2527405.448182283	1.5179830654834107E8
3392	9151	8192	2525211.958724843	1.5169290299529067E8
3401	9161	8192	2523020.4147218545	1.5158757463829845E8
3404	9166	8192	2520830.8143375763	1.5148232141876596E8
3406	9170	8192	2518643.1557381693	1.5137714327814686E8
3408	9173	8192	2516457.437091709	1.512720401579474E8
3423	9195	8192	2514273.656568168	1.5116701199972573E8
3425	9197	8192	2512091.8123394167	1.5106205874509203E8
3429	9202	8192	2509911.902579226	1.5095718033570847E8
3432	9209	8192	2507733.9254632685	1.5085237671328965E8
3442	9224	8192	2505557.8791690995	1.5074764781960148E8
3447	9231	8192	2503383.7618761775	1.5064299359646228E8
3464	9262	8192	2501211.5717658377	1.5053841398574165E8
3474	9275	8192	2499041.3070213124	1.504339089293614E8
3499	9315	8192	2496872.9658277137	1.503294783692948E8
3504	9322	8192	2494706.54637204	1.502251222475669E8
3505	9323	8192	2492542.046843167	1.5012084050625432E8
3526	9358	8192	2490379.465431852	1.5001663308748528E8
3533	9369	8192	2488218.800330721	1.499124999334392E8
3540	9380	8192	2486060.0497342865	1.4980844098634753E8
3575	9444	8192	2483903.2118389173	1.497044561884923E8
3577	9448	8192	2481748.284842869	1.496005454822078E8
3579	9455	8192	2479595.2669462496	1.4949670880987886E8
3585	9462	8192	2477444.1563510415	1.4939294611394194E8
3597	9484	8192	2475294.951261083	1.4928925733688435E8
3612	9504	8192	2473147.649882083	1.4918564242124498E8
3672	9597	8192	2471002.2504216004	1.4908210130961338E8
3679	9607	8192	2468858.7510890504	1.4897863394463018E8
3680	9608	8192	2466717.1500957143	1.488752402689874E8
3689	9618	8192	2464577.4456547108	1.487719202254273E8
3692	9622	8192	2462439.635981018	1.486686737567435E8
3713	9654	8192	2460303.7192914607	1.4856550080578032E8
3718	9660	8192	2458169.6938047055	1.4846240131543273E8
3726	9671	8192	2456037.557741265	1.483593752286463E8
3742	9697	8192	2453907.3093234967	1.4825642248841766E8
3763	9726	8192	2451778.9467755915	1.4815354303779364E8
3775	9744	8192	2449652.468323582	1.4805073681987175E8
3798	9778	8192	2447527.872195335	1.4794800377780014E8
3800	9780	8192	2445405.1566205486	1.4784534385477707E8
3817	9802	8192	2443284.319830755	1.477427569940516E8
3830	9816	8192	2441165.360059311	1.4764024313892278E8
3835	9821	8192	2439048.2755414024	1.4753780223274004E8
3836	9822	8192	2436933.064514043	1.4743543421890327E8
3842	9830	8192	2434819.725216059	1.473331390408621E8
3845	9834	8192	2432708.255888108	1.4723091664211679E8
3893	9906	8192	2430598.6547726584	1.4712876696621725E8
3919	9956	8192	2428490.9201140017	1.470266899567638E8
3940	9988	8192	2426385.0501582334	1.4692468555740628E8
3947	9997	8192	2424281.0431532725	1.4682275371184507E8
3952	10002	8192	2422178.897348836	1.467208943638297E8
3953	10003	8192	2420078.610996457	1.4661910745716003E8
3959	10011	8192	2417980.1823494695	1.4651739293568555E8
3996	10075	8192	2415883.609663016	1.4641575074330547E8
3997	10076	8192	2413788.8911940358	1.463141808239687E8
4000	10081	8192	2411696.0252012713	1.4621268312167373E8
4001	10082	8192	2409605.009945256	1.4611125758046854E8
4011	10096	8192	2407515.843688327	1.4600990414445078E8
4014	10099	8192	2405428.5246946067	1.4590862275776744E8
4016	10101	8192	2403343.0512300143	1.4580741336461505E8
4020	10106	8192	2401259.4215622526	1.457062759092392E8
4021	10107	8192	2399177.6339608147	1.4560521033593518E8
4022	10109	8192	2397097.686696981	1.4550421658904746E8
4036	10133	8192	2395019.5780438087	1.4540329461296943E8
4050	10162	8192	2392943.3062761393	1.4530244435214397E8
4069	10186	8192	2390868.8696705936	1.4520166575106293E8
4090	10220	8192	2388796.2665055646	1.451009587542671E8
4152	10344	8192	2386725.4950612253	1.4500032330634657E8
4158	10352	8192	2384656.553619518	1.4489975935194018E8
4163	10362	8192	2382589.440464155	1.4479926683573562E8
4255	10565	8192	2380524.153880619	1.4469884570246968E8
4286	10618	8192	2378460.69215616	1.445984958969278E8
4315	10676	8192	2376399.0535797854	1.4449821736394402E8
4324	10688	8192	2374339.2364422735	1.4439801004840145E8
4332	10700	8192	2372281.239036158	1.4429787389523157E8
4346	10726	8192	2370225.0596557325	1.441978088494146E8
4368	10768	8192	2368170.6965970476	1.4409781485597935E8
4407	10844	8192	2366118.148157903	1.4399789186000293E8
4409	10847	8192	2364067.4126378573	1.438980398066112E8
4414	10856	8192	2362018.4883382143	1.4379825864097816E8
4440	10916	8192	2359971.3735620272	1.4369854830832624E8
4489	10996	8192	2357926.066614098	1.435989087539264E8
4503	11018	8192	2355882.5658009667	1.434993399230975E8
4531	11069	8192	2353840.8694309215	1.4339984176120684E8
4537	11084	8192	2351800.9758139886	1.4330041421366993E8
4556	11115	8192	2349762.8832619307	1.4320105722595024E8
4669	11304	8192	2347726.5900882496	1.4310177074355942E8
4676	11317	8192	2345692.094608173	1.4300255471205682E8
4692	11344	8192	2343659.3951386744	1.4290340907705033E8
4730	11409	8192	2341628.4899984426	1.4280433378419513E8
4737	11419	8192	2339599.377507906	1.4270532877919474E8
4762	11459	8192	2337572.0559892133	1.426063940078003E8
4765	11468	8192	2335546.523766239	1.4250752941581076E8
4791	11510	8192	2333522.779164578	1.4240873494907266E8
4794	11515	8192	2331500.820511547	1.4231001055348042E8
4882	11650	8192	2329480.646136181	1.42211356174976E8
4886	11656	8192	2327462.2543692286	1.4211277175954878E8
4893	11668	8192	2325445.6435431554	1.4201425725323588E8
4894	11669	8192	2323430.811992136	1.4191581260212174E8
4896	11672	8192	2321417.7580520622	1.4181743775233847E8
4908	11690	8192	2319406.480060525	1.4171913265006527E8
4913	11697	8192	2317396.9763568267	1.4162089724152875E8
4943	11739	8192	2315389.245281972	1.415227314730028E8
4953	11752	8192	2313383.2851786716	1.4142463529080877E8
4971	11779	8192	2311379.0943913343	1.4132660864131495E8
4973	11781	8192	2309376.671266063	1.4122865147093666E8
5022	11854	8192	2307376.014150664	1.411307637261366E8
5043	11888	8192	2305377.121394637	1.4103294535342443E8
5068	11918	8192	2303379.991349167	1.4093519629935655E8
5070	11921	8192	2301384.6223671427	1.408375165105368E8
5094	11961	8192	2299391.01280313	1.4073990593361545E8
5095	11963	8192	2297399.161013385	1.4064236451528978E8
5137	12024	8192	2295409.065355851	1.4054489220230404E8
5139	12028	8192	2293420.724190152	1.4044748894144893E8
5158	12059	8192	2291434.1358775953	1.4035015467956212E8
5176	12084	8192	2289449.298781163	1.4025288936352775E8
5206	12129	8192	2287466.211265516	1.4015569294027662E8
5215	12140	8192	2285484.8716969946	1.400585653567862E8
5217	12142	8192	2283505.2784436094	1.399615065600805E8
5292	12288	8192	2281527.4298750376	1.398645164972297E8
5295	12294	8192	2279551.324362635	1.3976759511535072E8
5298	12297	8192	2277576.9602794163	1.3967074236160663E8
5299	12298	8192	2275604.336000071	1.3957395818320715E8
5300	12299	8192	2273633.44990094	1.3947724252740774E8
5304	12304	8192	2271664.30036004	1.3938059534151074E8
5305	12305	8192	2269696.885757034	1.392840165728641E8
5308	12309	8192	2267731.204473256	1.3918750616886234E8
5313	12314	8192	2265767.254891686	1.3909106407694578E8
5314	12316	8192	2263805.0353969624	1.3899469024460086E8
5316	12320	8192	2261844.5443753777	1.3889838461936027E8
5320	12329	8192	2259885.780214868	1.3880214714880213E8
5321	12330	8192	2257928.741305027	1.38705977780551E8
5324	12333	8192	2255973.4260370913	1.3860987646227708E8
5326	12335	8192	2254019.832803936	1.3851384314169616E8
5331	12340	8192	2252067.9600000884	1.3841787776657012E8
5332	12345	8192	2250117.8060217146	1.3832198028470653E8
5346	12360	8192	2248169.369266614	1.382261506439584E8
5348	12362	8192	2246222.648134233	1.3813038879222474E8
5356	12373	8192	2244277.641025642	1.3803469467744958E8
5360	12378	8192	2242334.346343555	1.3793906824762306E8
5362	12380	8192	2240392.762492311	1.3784350945078042E8
5368	12395	8192	2238452.887877882	1.3774801823500258E8
5373	12401	8192	2236514.7209078693	1.3765259454841575E8
5375	12404	8192	2234578.259991494	1.3755723833919144E8
5383	12416	8192	2232643.503539608	1.3746194955554646E8
5395	12434	8192	2230710.449964683	1.373667281457431E8
5397	12437	8192	2228779.097680809	1.372715740580885E8
5399	12440	8192	2226849.4451037007	1.3717648724093536E8
5405	12447	8192	2224921.4906506827	1.3708146764268115E8
5407	12449	8192	2222995.2327407	1.3698651521176866E8
5408	12450	8192	2221070.669794306	1.3689162989668554E8
5409	12452	8192	2219147.800233666	1.3679681164596435E8
5415	12468	8192	2217226.6224825615	1.3670206040818304E8
5419	12472	8192	2215307.134966371	1.3660737613196388E8
5421	12474	8192	2213389.3361120895	1.3651275876597443E8
5425	12481	8192	2211473.2243483043	1.3641820825892663E8
5426	12482	8192	2209558.7981052147	1.3632372455957752E8
5428	12485	8192	2207646.055814617	1.362293076167288E8
5430	12487	8192	2205734.995909905	1.3613495737922677E8
5434	12492	8192	2203825.61682607	1.360406737959623E8
5438	12496	8192	2201917.9169996968	1.3594645681587088E8
5441	12499	8192	2200011.894868965	1.3585230638793254E8
5445	12504	8192	2198107.5488736406	1.3575822246117166E8
5448	12508	8192	2196204.8774550892	1.3566420498465744E8
5454	12514	8192	2194303.8790562516	1.3557025390750295E8
5455	12515	8192	2192404.5521216653	1.354763691788661E8
5460	12521	8192	2190506.8950974443	1.353825507479488E8
5462	12524	8192	2188610.9064312847	1.3528879856399715E8
5470	12539	8192	2186716.5845724707	1.3519511257630184E8
5474	12543	8192	2184823.927971853	1.351014927341973E8
5478	12548	8192	2182932.935081871	1.3500793898706245E8
5480	12550	8192	2181043.604356531	1.3491445128432003E8
5487	12563	8192	2179155.9342514165	1.34821029575437E8
5489	12565	8192	2177269.923223681	1.347276738099242E8
5490	12566	8192	2175385.569732045	1.3463438393733636E8
5492	12569	8192	2173502.8722368013	1.3454115990727225E8
5493	12570	8192	2171621.829199806	1.3444800166937444E8
5494	12571	8192	2169742.4390844796	1.343549091733293E8
5496	12574	8192	2167864.7003558064	1.3426188236886704E8
5497	12575	8192	2165988.611480328	1.3416892120576143E8
5499	12577	8192	2164114.170926152	1.3407602563383028E8
5501	12579	8192	2162241.377162933	1.3398319560293448E8
5511	12593	8192	2160370.2286618906	1.3389043106297907E8
5512	12594	8192	2158500.72389579	1.3379773196391225E8
5517	12599	8192	2156632.8613389544	1.3370509825572596E8
5522	12609	8192	2154766.639467253	1.3361252988845545E8
5524	12611	8192	2152902.0567581067	1.3352002681217957E8
5527	12616	8192	2151039.111690478	1.3342758897702023E8
5532	12622	8192	2149177.802744877	1.3333521633314294E8
5533	12623	8192	2147318.128403362	1.3324290883075657E8
5534	12624	8192	2145460.087149522	1.3315066642011292E8
5535	12625	8192	2143603.677468494	1.3305848905150728E8
5537	12630	8192	2141748.8978469493	1.329663766752779E8
5546	12644	8192	2139895.746773094	1.328743292418062E8
5549	12650	8192	2138044.2227366725	1.3278234670151676E8
5552	12653	8192	2136194.324228956	1.3269042900487702E8
5556	12659	8192	2134346.049742755	1.3259857610239765E8
5558	12665	8192	2132499.3977723974	1.3250678794463181E8
5560	12667	8192	2130654.3668137514	1.3241506448217624E8
5561	12668	8192	2128810.9553641984	1.323234056656698E8
5564	12671	8192	2126969.1619226565	1.3223181144579484E8
5569	12678	8192	2125128.984989552	1.321402817732758E8
5570	12679	8192	2123290.4230668433	1.3204881659888045E8
5573	12683	8192	2121453.474658001	1.3195741587341887E8
5575	12685	8192	2119618.1382680135	1.3186607954774383E8
5577	12687	8192	2117784.412403389	1.3177480757275096E8
5581	12693	8192	2115952.295572143	1.3168359989937803E8
5588	12705	8192	2114121.786283806	1.3159245647860567E8
5593	12711	8192	2112292.8830494164	1.3150137726145661E8
5595	12714	8192	2110465.5843815254	1.3141036219899651E8
5598	12719	8192	2108639.8887941865	1.3131941124233295E8
5599	12720	8192	2106815.794802963	1.3122852434261616E8
5603	12724	8192	2104993.3009249144	1.3113770145103845E8
5607	12730	8192	2103172.4056786085	1.310469425188345E8
5614	12738	8192	2101353.1075841053	1.3095624749728103E8
5620	12745	8192	2099535.405162976	1.3086561633769737E8
5623	12750	8192	2097719.296938274	1.3077504899144447E8
5624	12751	8192	2095904.7814345553	1.3068454540992562E8
5629	12757	8192	2094091.8571778706	1.3059410554458626E8
5630	12759	8192	2092280.5226957547	1.3050372934691346E8
5632	12762	8192	2090470.776517236	1.3041341676843649E8
5634	12764	8192	2088662.617172835	1.303231677607267E8
5637	12767	8192	2086856.0431945524	1.3023298227539702E8
5638	12768	8192	2085051.053115875	1.3014286026410227E8
5643	12775	8192	2083247.6454717757	1.3005280167853919E8
5646	12778	8192	2081445.818798706	1.2996280647044623E8
5647	12779	8192	2079645.5716345983	1.2987287459160349E8
5654	12790	8192	2077846.9025188626	1.2978300599383277E8
5655	12791	8192	2076049.8099923825	1.2969320062899739E8
5656	12792	8192	2074254.2925975216	1.2960345844900244E8
5667	12813	8192	2072460.348878111	1.2951377940579438E8
5672	12820	8192	2070667.9773794594	1.294241634513614E8
5673	12821	8192	2068877.1766483397	1.2933461053773287E8
5674	12822	8192	2067087.9452329963	1.2924512061697981E8
5678	12827	8192	2065300.2816831372	1.2915569364121445E8
5681	12830	8192	2063514.1845499338	1.2906632956259027E8
5682	12831	8192	2061729.652386026	1.2897702833330232E8
5689	12840	8192	2059946.683745512	1.2888778990558673E8
5693	12845	8192	2058165.277183949	1.2879861423172092E8
5694	12846	8192	2056385.4312583515	1.2870950126402324E8
5697	12850	8192	2054607.144527198	1.286204509548537E8
5698	12853	8192	2052830.4155504091	1.2853146325661269E8
5699	12854	8192	2051055.242889371	1.284425381217423E8
5703	12858	8192	2049281.6251069144	1.2835367550272523E8
5710	12868	8192	2047509.5607673186	1.282648753520851E8
5731	12895	8192	2045739.0484363162	1.2817613762238674E8
5733	12898	8192	2043970.0866810868	1.280874622662358E8
5743	12912	8192	2042202.6740702488	1.2799884923627853E8
5746	12915	8192	2040436.8091738678	1.2791029848520212E8
5748	12918	8192	2038672.4905634536	1.278218099657347E8
5752	12925	8192	2036909.716811952	1.2773338363064486E8
5754	12927	8192	2035148.486493749	1.2764501943274194E8
5757	12930	8192	2033388.7981846686	1.2755671732487604E8
5759	12932	8192	2031630.6504619676	1.2746847725993764E8
5762	12935	8192	2029874.0419043365	1.2738029919085787E8
5767	12943	8192	2028118.9710919033	1.2729218307060859E8
5772	12951	8192	2026365.4366062193	1.272041288522018E8
5777	12958	8192	2024613.43703027	1.2711613648869023E8
5778	12960	8192	2022862.9709484626	1.270282059331666E8
5780	12963	8192	2021114.0369466336	1.2694033713876434E8
5784	12967	8192	2019366.6336120474	1.2685253005865729E8
5787	12970	8192	2017620.7595333816	1.2676478464605911E8
5788	12971	8192	2015876.4133007426	1.2667710085422415E8
5789	12973	8192	2014133.5935056505	1.2658947863644654E8
5792	12976	8192	2012392.2987410473	1.2650191794606099E8
5795	12979	8192	2010652.527601288	1.2641441873644194E8
5803	12990	8192	2008914.2786821448	1.2632698096100423E8
5807	12994	8192	2007177.5505807998	1.2623960457320249E8
5813	13004	8192	2005442.3418958494	1.261522895265315E8
5814	13005	8192	2003708.6512272984	1.260650357745259E8
5818	13009	8192	2001976.4771765557	1.2597784327076018E8
5819	13010	8192	2000245.8183464454	1.25890711968849E8
5820	13012	8192	1998516.6733411888	1.258036418224465E8
5822	13016	8192	1996789.040766416	1.2571663278524692E8
5829	13024	8192	1995062.9192291535	1.2562968481098396E8
5830	13025	8192	1993338.3073378317	1.2554279785343118E8
5836	13035	8192	1991615.203702279	1.2545597186640191E8
5837	13036	8192	1989893.6069337232	1.2536920680374914E8
5840	13039	8192	1988173.5156447827	1.2528250261936517E8
5842	13042	8192	1986454.9284494692	1.2519585926718193E8
5843	13043	8192	1984737.8439631981	1.2510927670117135E8
5852	13056	8192	1983022.2608027596	1.2502275487534413E8
5857	13062	8192	1981308.1775863457	1.2493629374375093E8
5868	13075	8192	1979595.5929335314	1.2484989326048166E8
5869	13078	8192	1977884.5054652751	1.2476355337966537E8
5870	13079	8192	1976174.9138039257	1.2467727405547087E8
5872	13082	8192	1974466.816573211	1.245910552421059E8
5875	13088	8192	1972760.2123982399	1.2450489689381747E8
5881	13095	8192	1971055.099905507	1.2441879896489212E8
5889	13105	8192	1969351.4777228774	1.2433276140965514E8
5896	13113	8192	1967649.344479598	1.2424678418247122E8
5899	13116	8192	1965948.6988062905	1.2416086723774405E8
5907	13125	8192	1964249.539334949	1.2407501052991636E8
5913	13131	8192	1962551.864698943	1.2398921401346998E8
5920	13142	8192	1960855.6735330052	1.2390347764292549E8
5932	13157	8192	1959160.9644732494	1.2381780137284277E8
5937	13165	8192	1957467.7361571456	1.2373218515782027E8
5938	13166	8192	1955775.9872235372	1.2364662895249547E8
5943	13173	8192	1954085.716312628	1.2356113271154459E8
5950	13182	8192	1952396.922065989	1.2347569638968273E8
5952	13186	8192	1950709.6031265494	1.2339031994166362E8
5962	13196	8192	1949023.758138598	1.2330500332227974E8
5964	13198	8192	1947339.3857477838	1.2321974648636217E8
5966	13201	8192	1945656.484601116	1.2313454938878092E8
5974	13212	8192	1943975.0533469503	1.2304941198444405E8
5977	13216	8192	1942295.0906350075	1.2296433422829875E8
5983	13226	8192	1940616.595116352	1.2287931607533033E8
5985	13230	8192	1938939.5654434026	1.2279435748056269E8
5988	13233	8192	1937264.0002699282	1.2270945839905822E8
5995	13243	8192	1935589.8982510443	1.2262461878591764E8
5997	13246	8192	1933917.2580432133	1.2253983859628005E8
5998	13248	8192	1932246.0783042451	1.224551177853231E8
6000	13250	8192	1930576.357693287	1.2237045630826221E8
6001	13251	8192	1928908.0948708337	1.2228585412035154E8
6004	13255	8192	1927241.2884987183	1.222013111768832E8
6006	13257	8192	1925575.9372401123	1.2211682743318759E8
6008	13259	8192	1923912.0397595253	1.2203240284463318E8
6010	13261	8192	1922249.5947228032	1.2194803736662653E8
6013	13265	8192	1920588.6007971254	1.2186373095461231E8
6015	13267	8192	1918929.0566510048	1.2177948356407322E8
6017	13269	8192	1917270.9609542864	1.2169529515052986E8
6018	13270	8192	1915614.3123781448	1.2161116566954091E8
6022	13276	8192	1913959.1095950813	1.2152709507670279E8
6026	13280	8192	1912305.3512789295	1.2144308332765004E8
6029	13284	8192	1910653.03610484	1.2135913037805463E8
6033	13288	8192	1909002.1627492977	1.212752361836269E8
6047	13313	8192	1907352.7298901007	1.2119140070011438E8
6054	13323	8192	1905704.7362063741	1.2110762388330263E8
6118	13430	8192	1904058.1803785604	1.2102390568901487E8
6149	13483	8192	1902413.0610884218	1.2094024607311194E8
6155	13495	8192	1900769.3770190368	1.2085664499149238E8
6175	13530	8192	1899127.1268547948	1.2077310240009196E8
6190	13551	8192	1897486.3092814095	1.206896182548846E8
6256	13658	8192	1895846.9229858925	1.2060619251188098E8
6301	13730	8192	1894208.966656581	1.2052282512712996E8
6311	13744	8192	1892572.4389831102	1.204395160567173E8
6451	13960	8192	1890937.3386564304	1.2035626525676644E8
6475	14007	8192	1889303.664368793	1.2027307268343796E8
6639	14291	8192	1887671.4148137593	1.2018993829292999E8
6669	14335	8192	1886040.5886861936	1.2010686204147787E8
6679	14346	8192	1884411.1846822565	1.2002384388535398E8
6698	14371	8192	1882783.2014994184	1.1994088378086822E8
6706	14384	8192	1881156.637836441	1.198579816843674E8
6765	14480	8192	1879531.4923933856	1.1977513755223548E8
6802	14544	8192	1877907.7638716174	1.1969235134089391E8
6840	14608	8192	1876285.4509737864	1.1960962300680071E8
6901	14710	8192	1874664.5524038398	1.1952695250645104E8
6939	14776	8192	1873045.0668670172	1.1944433979637718E8
6946	14791	8192	1871426.9930698504	1.1936178483314835E8
6959	14814	8192	1869810.329720159	1.1927928757337059E8
6995	14878	8192	1868195.0755270517	1.1919684797368701E8
6998	14884	8192	1866581.2292009168	1.191144659907771E8
7021	14927	8192	1864968.7894534376	1.1903214158135778E8
7029	14938	8192	1863357.7549975722	1.1894987470218214E8
7035	14956	8192	1861748.1245475698	1.1886766531004065E8
7063	15006	8192	1860139.8968189505	1.1878551336175987E8
7134	15136	8192	1858533.0705285196	1.1870341881420328E8
7148	15153	8192	1856927.6443943584	1.1862138162427106E8
7185	15226	8192	1855323.6171358265	1.1853940174889994E8
7250	15329	8192	1853720.987473556	1.184574791450631E8
7267	15360	8192	1852119.7541294522	1.1837561376977028E8
7270	15364	8192	1850519.9158266953	1.1829380558006778E8
7271	15365	8192	1848921.471289735	1.1821205453303833E8
7274	15368	8192	1847324.419244289	1.1813036058580098E8
7279	15377	8192	1845728.7584173428	1.1804872369551109E8
7282	15381	8192	1844134.4875371521	1.1796714381936069E8
7289	15388	8192	1842541.6053332344	1.1788562091457781E8
7290	15389	8192	1840950.1105363704	1.1780415493842682E8
7291	15393	8192	1839360.0018786057	1.1772274584820838E8
7292	15395	8192	1837771.2780932449	1.1764139360125929E8
7296	15399	8192	1836183.9379148537	1.1756009815495262E8
7302	15409	8192	1834597.980079254	1.1747885946669737E8
7310	15417	8192	1833013.403323524	1.1739767749393874E8
7311	15418	8192	1831430.2063860006	1.1731655219415805E8
7317	15426	8192	1829848.3880062709	1.1723548352487248E8
7318	15429	8192	1828267.9469251777	1.171544714436354E8
7320	15432	8192	1826688.8818848135	1.1707351590803601E8
7321	15433	8192	1825111.1916285194	1.169926168756994E8
7325	15437	8192	1823534.8749008868	1.1691177430428654E8
7328	15443	8192	1821959.9304477535	1.1683098815149437E8
7331	15446	8192	1820386.3570162046	1.167502583750556E8
7336	15457	8192	1818814.1533545633	1.1666958493273842E8
7339	15462	8192	1817243.3182124035	1.165889677823472E8
7345	15468	8192	1815673.85034054	1.1650840688172194E8
7346	15469	8192	1814105.7484910183	1.1642790218873788E8
7349	15472	8192	1812539.0114171316	1.1634745366130632E8
7359	15487	8192	1810973.6378734107	1.1626706125737414E8
7361	15489	8192	1809409.6266156193	1.1618672493492363E8
7362	15490	8192	1807846.9764007544	1.1610644465197262E8
7370	15498	8192	1806285.6859870509	1.1602622036657457E8
7374	15502	8192	1804725.754133972	1.159460520368183E8
7378	15509	8192	1803167.179602211	1.1586593962082791E8
7383	15516	8192	1801609.9611536954	1.157858830767633E8
7386	15519	8192	1800054.0975515756	1.1570588236281937E8
7395	15529	8192	1798499.5875602297	1.1562593743722643E8
7399	15533	8192	1796946.4299452608	1.1554604825825006E8
7401	15535	8192	1795394.6234735001	1.1546621478419134E8
7405	15541	8192	1793844.1669129939	1.1538643697338615E8
7408	15544	8192	1792295.0590330153	1.1530671478420593E8
7411	15548	8192	1790747.2986040544	1.1522704817505702E8
7413	15553	8192	1789200.88439782	1.1514743710438094E8
7414	15554	8192	1787655.815187238	1.1506788153065433E8
7421	15566	8192	1786112.089746453	1.1498838141238894E8
7429	15579	8192	1784569.706850821	1.1490893670813148E8
7432	15583	8192	1783028.66527691	1.1482954737646352E8
7433	15584	8192	1781488.9638025025	1.1475021337600175E8
7442	15597	8192	1779950.6012065904	1.1467093466539773E8
7446	15602	8192	1778413.5762693724	1.1459171120333771E8
7453	15609	8192	1776877.8877722593	1.1451254294854312E8
7454	15610	8192	1775343.5344978657	1.1443342985976994E8
7465	15626	8192	1773810.515230011	1.1435437189580901E8
7468	15630	8192	1772278.8287537196	1.1427536901548599E8
7470	15633	8192	1770748.473855216	1.14196421177661E8
7474	15640	8192	1769219.4493219282	1.141175283412291E8
7480	15649	8192	1767691.753942485	1.1403869046511996E8
7481	15650	8192	1766165.3865067083	1.1395990750829764E8
7482	15651	8192	1764640.345805625	1.138811794297611E8
7484	15653	8192	1763116.6306314482	1.1380250618854347E8
7485	15654	8192	1761594.2397775955	1.1372388774371271E8
7488	15658	8192	1760073.1720386718	1.1364532405437118E8
7492	15662	8192	1758553.4262104721	1.1356681507965541E8
7493	15663	8192	1757035.001089987	1.1348836077873665E8
7506	15682	8192	1755517.8954753971	1.1340996111082058E8
7507	15683	8192	1754002.108166061	1.133316160351467E8
7513	15689	8192	1752487.6379625387	1.1325332551098956E8
7515	15691	8192	1750974.4836665618	1.1317508949765731E8
7531	15715	8192	1749462.6440810566	1.1309690795449284E8
7532	15716	8192	1747952.1180101242	1.1301878084087282E8
7543	15729	8192	1746442.9042590524	1.129407081162085E8
7544	15731	8192	1744935.0016343049	1.1286268973994485E8
7549	15736	8192	1743428.4089435295	1.1278472567156138E8
7558	15747	8192	1741923.1249955455	1.127068158705713E8
7559	15748	8192	1740419.1486003522	1.1262896029652205E8
7567	15761	8192	1738916.4785691255	1.1255115890899517E8
7570	15765	8192	1737415.113714211	1.1247341166760594E8
7574	15769	8192	1735915.0528491265	1.1239571853200361E8
7576	15771	8192	1734416.2947885657	1.1231807946187162E8
7590	15790	8192	1732918.8383483875	1.1224049441692694E8
7591	15792	8192	1731422.6823456206	1.1216296335692056E8
7593	15794	8192	1729927.8255984627	1.1208548624163726E8
7617	15822	8192	1728434.266926276	1.120080630308956E8
7641	15851	8192	1726942.0051495829	1.1193069368454769E8
7654	15869	8192	1725451.0390900797	1.1185337816247977E8
7658	15874	8192	1723961.3675706172	1.1177611642461145E8
7660	15879	8192	1722472.9894152079	1.1169890843089603E8
7667	15891	8192	1720985.9034490224	1.1162175414132027E8
7669	15893	8192	1719500.1084983975	1.1154465351590501E8
7694	15933	8192	1718015.6033908147	1.1146760651470397E8
7696	15935	8192	1716532.3869549232	1.1139061309780501E8
7697	15937	8192	1715050.4580205188	1.1131367322532901E8
7705	15949	8192	1713569.8154185559	1.1123678685743064E8
7709	15957	8192	1712090.4579811343	1.1115995395429763E8
7714	15962	8192	1710612.3845415134	1.1108317447615154E8
7738	15994	8192	1709135.5939340924	1.1100644838324682E8
7749	16010	8192	1707660.084994426	1.1092977563587154E8
7754	16016	8192	1706185.8565592114	1.1085315619434695E8
7769	16034	8192	1704712.9074662966	1.1077659001902771E8
7772	16037	8192	1703241.2365546688	1.1070007707030149E8
7783	16051	8192	1701770.8426644588	1.1062361730858919E8
7785	16053	8192	1700301.7246369442	1.1054721069434507E8
7789	16057	8192	1698833.8813145384	1.1047085718805629E8
7795	16064	8192	1697367.3115407964	1.1039455675024323E8
7803	16073	8192	1695902.0141604089	1.1031830934145918E8
7805	16075	8192	1694437.988019208	1.1024211492229074E8
7806	16076	8192	1692975.2319641565	1.1016597345335722E8
7811	16082	8192	1691513.7448433568	1.1008988489531113E8
7826	16103	8192	1690053.5255060412	1.1001384920883784E8
7854	16141	8192	1688594.5728025718	1.0993786635465537E8
7872	16162	8192	1687136.8855844492	1.0986193629351519E8
7873	16163	8192	1685680.462704294	1.0978605898620097E8
7882	16174	8192	1684225.3030158612	1.0971023439352962E8
7896	16190	8192	1682771.4053740348	1.096344624763508E8
7902	16198	8192	1681318.7686348152	1.095587431955466E8
7904	16202	8192	1679867.3916553373	1.0948307651203218E8
7936	16246	8192	1678417.2732938542	1.0940746238675517E8
7948	16261	8192	1676968.4124097426	1.0933190078069597E8
7950	16265	8192	1675520.8078634995	1.0925639165486753E8
7952	16267	8192	1674074.4585167423	1.0918093497031547E8
7954	16271	8192	1672629.3632322045	1.0910553068811774E8
7958	16276	8192	1671185.520873743	1.090301787693853E8
7978	16301	8192	1669742.930306323	1.0895487917526105E8
7985	16309	8192	1668301.5903960296	1.0887963186692065E8
7988	16313	8192	1666861.5000100576	1.088044368055721E8
8000	16333	8192	1665422.6580167194	1.0872929395245597E8
8005	16338	8192	1663985.063285435	1.08654203268845E8
8007	16340	8192	1662548.7146867337	1.0857916471604432E8
8050	16399	8192	1661113.6110922555	1.085041782553914E8
8052	16402	8192	1659679.751374747	1.0842924384825596E8
8053	16403	8192	1658247.1344080619	1.0835436145604005E8
8065	16423	8192	1656815.7590671594	1.082795310401779E8
8069	16428	8192	1655385.6242280994	1.0820475256213571E8
8104	16503	8192	1653956.7287680467	1.0813002598341209E8
8111	16515	8192	1652529.0715652707	1.080553512655378E8
8117	16524	8192	1651102.651499135	1.0798072837007543E8
8241	16731	8192	1649677.467450108	1.0790615725861993E8
8316	16846	8192	1648253.5182997505	1.0783163789279802E8
8346	16904	8192	1646830.8029307276	1.077571702342687E8
8350	16911	8192	1645409.3202267906	1.0768275424472256E8
8559	17287	8192	1643989.0690727914	1.0760838988588244E8
8574	17310	8192	1642570.0483546727	1.0753407711950292E8
8575	17311	8192	1641152.2569594714	1.074598159073706E8
8645	17432	8192	1639735.6937753141	1.0738560621130389E8
8673	17474	8192	1638320.3576914151	1.0731144799315284E8
8703	17518	8192	1636906.247598079	1.0723734121479951E8
8707	17524	8192	1635493.3623866965	1.0716328583815753E8
8708	17525	8192	1634081.7009497448	1.0708928182517235E8
8711	17528	8192	1632671.2621807877	1.070153291378212E8
8714	17531	8192	1631262.0449744703	1.0694142773811278E8
8724	17548	8192	1629854.0482265197	1.068675775880875E8
8744	17577	8192	1628447.2708337475	1.0679377864981747E8
8764	17603	8192	1627041.711694044	1.0672003088540629E8
8792	17645	8192	1625637.3697063748	1.06646334256989E8
8811	17677	8192	1624234.2437707887	1.0657268872673227E8
8816	17685	8192	1622832.3327884085	1.064990942568343E8
8823	17694	8192	1621431.6356614344	1.064255508095247E8
8825	17696	8192	1620032.151293136	1.0635205834706429E8
8826	17697	8192	1618633.8785878597	1.0627861683174549E8
8841	17725	8192	1617236.8164510268	1.0620522622589223E8
8846	17733	8192	1615840.9637891233	1.0613188649185945E8
8850	17739	8192	1614446.3195097088	1.0605859759203358E8
8852	17743	8192	1613052.8825214095	1.0598535948883219E8
8880	17777	8192	1611660.6517339183	1.0591217214470416E8
8894	17809	8192	1610269.6260579966	1.0583903552212963E8
8924	17850	8192	1608879.8044054708	1.0576594958361995E8
8929	17857	8192	1607491.18568923	1.0569291429171747E8
8959	17891	8192	1606103.7688232227	1.0561992960899569E8
8987	17936	8192	1604717.552722465	1.0554699549805924E8
9000	17950	8192	1603332.5363030296	1.054741119215439E8
9001	17952	8192	1601948.7184820517	1.0540127884211643E8
9011	17962	8192	1600566.0981777194	1.0532849622247444E8
9024	17979	8192	1599184.6743092812	1.0525576402534667E8
9027	17983	8192	1597804.445797042	1.051830822134928E8
9035	17992	8192	1596425.411562358	1.0511045074970327E8
9039	18004	8192	1595047.570527643	1.0503786959679964E8
9050	18034	8192	1593670.9216163594	1.0496533871763411E8
9059	18044	8192	1592295.4637530243	1.0489285807508987E8
9068	18061	8192	1590921.1958632008	1.048204276320807E8
9072	18068	8192	1589548.1168735072	1.0474804735155147E8
9075	18071	8192	1588176.2257116027	1.0467571719647744E8
9090	18092	8192	1586805.5213061958	1.0460343712986471E8
9091	18094	8192	1585436.002587043	1.0453120711475016E8
9094	18099	8192	1584067.6684849423	1.044590271142012E8
9111	18121	8192	1582700.5179317354	1.0438689709131585E8
9120	18134	8192	1581334.549860307	1.043148170092228E8
9121	18135	8192	1579969.7632045813	1.0424278683108121E8
9129	18144	8192	1578606.1568995249	1.0417080652008082E8
9180	18222	8192	1577243.7298811413	1.0409887603944193E8
9187	18231	8192	1575882.4810864714	1.0402699535241516E8
9189	18234	8192	1574522.4094535937	1.0395516442228165E8
9193	18244	8192	1573163.5139216213	1.0388338321235307E8
9220	18297	8192	1571805.7934307018	1.0381165168597125E8
9287	18384	8192	1570449.246922018	1.0373996980650862E8
9299	18403	8192	1569093.87333778	1.0366833753736769E8
9390	18591	8192	1567739.6716212344	1.035967548419815E8
9458	18699	8192	1566386.6407166538	1.0352522168381324E8
9459	18701	8192	1565034.77956934	1.034537380263563E8
9484	18734	8192	1563684.0871256231	1.033823038331343E8
9563	18854	8192	1562334.5623328611	1.0331091906770118E8
9564	18858	8192	1560986.204139434	1.0323958369364086E8
9647	18999	8192	1559639.0114947483	1.0316829767456746E8
9675	19048	8192	1558292.9833492346	1.0309706097412525E8
9679	19057	8192	1556948.1186543428	1.0302587355598846E8
9701	19090	8192	1555604.416362546	1.0295473538386142E8
9740	19154	8192	1554261.8754273376	1.0288364642147855E8
9820	19281	8192	1552920.4948032245	1.0281260663260396E8
9825	19288	8192	1551580.2734457396	1.0274161598103213E8
9837	19308	8192	1550241.2103114245	1.0267067443058708E8
9838	19309	8192	1548903.3043578418	1.0259978194512303E8
9846	19326	8192	1547566.5545435683	1.0252893848852398E8
9856	19337	8192	1546230.959828188	1.0245814402470355E8
9876	19373	8192	1544896.519172304	1.0238739851760548E8
9993	19550	8192	1543563.231537527	1.0231670193120313E8
10022	19603	8192	1542231.0958864784	1.0224605422949967E8
10159	19822	8192	1540900.1111827884	1.021754553765279E8
10224	19927	8192	1539570.2763910948	1.0210490533635044E8
10234	19940	8192	1538241.590477043	1.0203440407305957E8
10337	20086	8192	1536914.0524072838	1.0196395155077714E8
10399	20175	8192	1535587.6611494727	1.018935477336547E8
10472	20290	8192	1534262.4156722685	1.018231925858733E8
10511	20350	8192	1532938.3149453287	1.0175288607164347E8
10528	20372	8192	1531615.3579393197	1.0168262815520556E8
10529	20374	8192	1530293.5436259047	1.0161241880082929E8
10611	20481	8192	1528972.87097774	1.0154225797281353E8
10613	20483	8192	1527653.3389684903	1.014721456354871E8
10614	20484	8192	1526334.9465728109	1.0140208175320797E8
10625	20498	8192	1525017.692766355	1.013320662903635E8
10633	20507	8192	1523701.5765257687	1.0126209921137045E8
10655	20532	8192	1522386.5968286954	1.0119218048067503E8
10667	20547	8192	1521072.7526537678	1.0112231006275246E8
10720	20618	8192	1519760.0429806123	1.0105248792210753E8
10725	20626	8192	1518448.4667898458	1.0098271402327418E8
10738	20640	8192	1517138.0230630725	1.009129883308155E8
10744	20648	8192	1515828.7107828897	1.0084331080932394E8
10762	20669	8192	1514520.528932875	1.0077368142342083E8
10770	20677	8192	1513213.4764976003	1.0070410013775699E8
10784	20693	8192	1511907.552462619	1.0063456691701223E8
10790	20702	8192	1510602.7558144669	1.0056508172589527E8
10795	20707	8192	1509299.0855406653	1.0049564452914408E8
10803	20718	8192	1507996.5406297173	1.0042625529152556E8
10820	20738	8192	1506695.120071107	1.0035691397783566E8
10824	20743	8192	1505394.8228552984	1.0028762055289938E8
10828	20748	8192	1504095.6479737335	1.0021837498157042E8
10863	20788	8192	1502797.5944188344	1.001491772287317E8
10864	20789	8192	1501500.6611839992	1.000800272592949E8
10878	20805	8192	1500204.847263599	1.0001092503820044E8
10884	20811	8192	1498910.1516529846	9.994187053041781E7
10938	20875	8192	1497616.5733484763	9.987286370094517E7
10956	20901	8192	1496324.1113473698	9.980390451480947E7
10971	20917	8192	1495032.7646479297	9.97349929370664E7
10976	20923	8192	1493742.5322493943	9.966612893280049E7
10983	20931	8192	1492453.4131519697	9.95973124671249E7
11027	20985	8192	1491165.4063568304	9.95285435051814E7
11033	20993	8192	1489878.510866118	9.945982201214048E7
11044	21012	8192	1488592.725682942	9.939114795320126E7
11049	21017	8192	1487308.0498113758	9.932252129359144E7
11067	21039	8192	1486024.482256458	9.925394199856721E7
11074	21048	8192	1484742.0220241908	9.918541003341348E7
11077	21051	8192	1483460.668121538	9.91169253634435E7
11080	21054	8192	1482180.419556424	9.904848795399904E7
11114	21099	8192	1480901.2753377343	9.898009777045035E7
11117	21102	8192	1479623.234475314	9.891175477819614E7
11124	21109	8192	1478346.295979966	9.88434589426635E7
11171	21167	8192	1477070.4588634502	9.877521022930793E7
11192	21191	8192	1475795.7221384817	9.870700860361317E7
11194	21193	8192	1474522.0848187332	9.863885403109147E7
11199	21198	8192	1473249.5459188276	9.85707464772831E7
11244	21250	8192	1471978.1044543441	9.850268590775691E7
11256	21264	8192	1470707.7594418146	9.843467228810987E7
11259	21267	8192	1469438.509898718	9.836670558396704E7
11378	21409	8192	1468170.3548434852	9.829878576098183E7
11382	21414	8192	1466903.2932954978	9.823091278483577E7
11403	21439	8192	1465637.3242750838	9.816308662123856E7
11412	21451	8192	1464372.4468035179	9.809530723592795E7
11432	21473	8192	1463108.6599030208	9.80275745946698E7
11455	21499	8192	1461845.962596758	9.795988866325799E7
11457	21501	8192	1460584.3539088394	9.78922494075145E7
11476	21523	8192	1459323.8328643187	9.782465679328933E7
11513	21571	8192	1458064.398489189	9.775711078646037E7
11524	21590	8192	1456806.0498103863	9.768961135293347E7
11588	21686	8192	1455548.7858557864	9.762215845864254E7
11628	21747	8192	1454292.6056542029	9.755475206954926E7
11664	21790	8192	1453037.5082353868	9.748739215164314E7
11726	21873	8192	1451783.4926300289	9.742007867094174E7
11745	21899	8192	1450530.557869752	9.735281159349021E7
11774	21936	8192	1449278.7029871175	9.728559088536167E7
11797	21980	8192	1448027.9270156166	9.72184165126569E7
11931	22152	8192	1446778.2289896773	9.715128844150448E7
12007	22250	8192	1445529.607944657	9.70842066380607E7
12015	22267	8192	1444282.0629168453	9.701717106850953E7
12021	22275	8192	1443035.592943461	9.695018169906263E7
12042	22302	8192	1441790.197062651	9.68832384959592E7
12044	22307	8192	1440545.8743134914	9.68163414254662E7
12068	22337	8192	1439302.6237359855	9.674949045387809E7
12132	22427	8192	1438060.4443710602	9.668268554751684E7
12220	22544	8192	1436819.335260571	9.661592667273216E7
12239	22570	8192	1435579.295447294	9.6549213795901E7
12320	22683	8192	1434340.3239749284	9.648254688342795E7
12321	22684	8192	1433102.419888099	9.641592590174508E7
12355	22727	8192	1431865.582232347	9.63493508173118E7
12361	22733	8192	1430629.810054137	9.6282821596615E7
12366	22740	8192	1429395.10240085	9.621633820616885E7
12390	22775	8192	1428161.458320787	9.6149900612515E7
12425	22818	8192	1426928.876863166	9.608350878222238E7
12442	22837	8192	1425697.3570781192	9.601716268188718E7
12498	22919	8192	1424466.8980166963	9.595086227813293E7
12535	22969	8192	1423237.4987308595	9.588460753761037E7
12553	22988	8192	1422009.158273485	9.581839842699747E7
12639	23100	8192	1420781.8756983604	9.57522349129994E7
12644	23106	8192	1419555.6500601852	9.568611696234857E7
12682	23155	8192	1418330.480414569	9.562004454180443E7
12753	23257	8192	1417106.3658180304	9.555401761815362E7
12911	23465	8192	1415883.3053279966	9.548803615820986E7
12964	23532	8192	1414661.2980028023	9.5422100128814E7
13010	24608	8192	1413440.342901688	9.535620949683385E7
13042	24646	8192	1412220.4390848004	9.529036422916427E7
13050	24654	8192	1411001.5856131907	9.52245642927272E7
13072	24687	8192	1409783.7815488111	9.515880965447138E7
13081	24698	8192	1408567.0259545206	9.50931002813727E7
13120	24744	8192	1407351.317894076	9.50274361404338E7
13122	24746	8192	1406136.6564321374	9.496181719868433E7
13125	24751	8192	1404923.0406342635	9.489624342318082E7
13127	24753	8192	1403710.4695669096	9.483071478100644E7
13138	24766	8192	1402498.9422974316	9.476523123927145E7
13153	24783	8192	1401288.4578940824	9.469979276511277E7
13163	24793	8192	1400079.0154260083	9.463439932569411E7
13205	24850	8192	1398870.6139632522	9.456905088820592E7
13250	24916	8192	1397663.2525767502	9.450374741986538E7
13255	24923	8192	1396456.9303383317	9.443848888791637E7
13322	25008	8192	1395251.6463207188	9.437327525962944E7
13418	25136	8192	1394047.399597523	9.430810650230175E7
13425	25144	8192	1392844.1892432484	9.42429825832572E7
13454	25180	8192	1391642.0143332856	9.417790346984611E7
13455	25181	8192	1390440.8739439147	9.41128691294455E7
13459	25187	8192	1389240.767152304	9.404787952945891E7
13464	25195	8192	1388041.693036506	9.398293463731633E7
13494	25244	8192	1386843.6506754607	9.391803442047437E7
13497	25248	8192	1385646.6391489909	9.385317884641598E7
13520	25276	8192	1384450.6575378042	9.378836788265066E7
13539	25308	8192	1383255.7049234912	9.372360149671435E7
13540	25309	8192	1382061.780388522	9.365887965616922E7
13541	25310	8192	1380868.883016249	9.3594202328604E7
13558	25347	8192	1379677.011890905	9.352956948163371E7
13577	25375	8192	1378486.1660976	9.346498108289962E7
13582	25386	8192	1377296.3447223231	9.340043710006942E7
13589	25394	8192	1376107.5468519405	9.333593750083698E7
13594	25400	8192	1374919.7715741924	9.327148225292246E7
13596	25405	8192	1373733.0179776978	9.320707132407224E7
13597	25406	8192	1372547.2851519466	9.314270468205892E7
13612	25424	8192	1371362.5721873036	9.307838229468125E7
13625	25446	8192	1370178.878175006	9.301410412976414E7
13632	25463	8192	1368996.2022071613	9.294987015515862E7
13634	25468	8192	1367814.5433767491	9.288568033874185E7
13638	25474	8192	1366633.9007776172	9.282153464841704E7
13658	25509	8192	1365454.2735044833	9.275743305211352E7
13661	25513	8192	1364275.6606529315	9.269337551778653E7
13662	25515	8192	1363098.0613194138	9.262936201341742E7
13688	25606	8192	1361921.474601248	9.256539250701348E7
13707	25632	8192	1360745.8995966157	9.250146696660797E7
13764	25712	8192	1359571.3354045642	9.243758536026008E7
13798	25757	8192	1358397.7811250042	9.237374765605494E7
13803	25766	8192	1357225.2358587058	9.230995382210349E7
13863	25852	8192	1356053.698707304	9.22462038265426E7
13864	25853	8192	1354883.168773292	9.218249763753499E7
14018	26062	8192	1353713.6451600236	9.21188352232691E7
14022	26068	8192	1352545.1269717105	9.205521655195929E7
14165	26276	8192	1351377.6133134223	9.199164159184556E7
14172	26288	8192	1350211.1032910855	9.192811031119372E7
14198	26329	8192	1349045.5960114829	9.186462267829533E7
14307	26483	8192	1347881.090582251	9.180117866146752E7
14350	26543	8192	1346717.5861118818	9.17377782290532E7
14473	26748	8192	1345555.0817097214	9.167442134942098E7
14477	26753	8192	1344393.5764859635	9.161110799096487E7
14580	26940	8192	1343233.0695516593	9.154783812210473E7
14612	27665	8192	1342073.5600187057	9.148461171128578E7
14613	27666	8192	1340915.0469998517	9.142142872697899E7
14615	27668	8192	1339757.5296086948	9.135828913768066E7
14616	27669	8192	1338601.0069596795	9.12951929119128E7
14617	27670	8192	1337445.4781680966	9.123214001822266E7
14636	27689	8192	1336290.942350086	9.116913042518324E7
14638	27691	8192	1335137.3986226278	9.110616410139264E7
14639	27692	8192	1333984.8461035516	9.104324101547468E7
14644	27697	8192	1332833.2839115262	9.098036113607834E7
14650	27703	8192	1331682.711166065	9.091752443187809E7
14651	27704	8192	1330533.1269875218	9.085473087157366E7
14652	27705	8192	1329384.5304970918	9.079198042389014E7
14658	27711	8192	1328236.9208168094	9.072927305757786E7
14661	27714	8192	1327090.2970695496	9.066660874141257E7
14706	27759	8192	1325944.658379023	9.060398744419506E7
14712	27765	8192	1324800.0038697778	9.054140913475141E7
14715	27768	8192	1323656.3326672001	9.0478873781933E7
14716	27769	8192	1322513.6438975097	9.041638135461625E7
14717	27770	8192	1321371.9366877612	9.03539318217028E7
14718	27771	8192	1320231.210165844	9.02915251521194E7
14778	27831	8192	1319091.4634604778	9.022916131481789E7
14781	27834	8192	1317952.695701217	9.016684027877527E7
14784	27837	8192	1316814.9060184443	9.010456201299345E7
14785	27838	8192	1315678.093543374	9.00423264864995E7
14787	27840	8192	1314542.2574080497	8.998013366834547E7
14789	27842	8192	1313407.3967453423	8.991798352760835E7
14792	27845	8192	1312273.5106889505	8.985587603339013E7
14809	27862	8192	1311140.5983734012	8.979381115481782E7
14873	27926	8192	1310008.6589340444	8.973178886104318E7
14874	27927	8192	1308877.691507057	8.966980912124303E7
14950	28003	8192	1307747.6952294395	8.960787190461896E7
15119	28172	8192	1306618.6692390135	8.954597718039742E7
15130	28183	8192	1305490.6126744256	8.948412491782972E7
15132	28185	8192	1304363.5246751427	8.9422315086192E7
15135	28188	8192	1303237.4043814521	8.93605476547851E7
15137	28190	8192	1302112.2509344604	8.929882259293465E7
15141	28194	8192	1300988.0634760938	8.923713986999103E7
15145	28198	8192	1299864.8411490964	8.917549945532937E7
15151	28204	8192	1298742.5830970288	8.911390131834944E7
15152	28205	8192	1297621.2884642677	8.905234542847562E7
15154	28207	8192	1296500.956396006	8.899083175515705E7
15215	28268	8192	1295381.586038251	8.892936026786745E7
15223	28276	8192	1294263.1765378213	8.886793093610503E7
15224	28277	8192	1293145.7270423528	8.880654372939278E7
15274	28327	8192	1292029.2367002883	8.874519861727802E7
15275	28328	8192	1290913.704660886	8.868389556933284E7
15328	28381	8192	1289799.130074212	8.862263455515362E7
15330	28383	8192	1288685.5120911424	8.856141554436137E7
15374	28427	8192	1287572.84986336	8.850023850660138E7
15393	28446	8192	1286461.14254336	8.843910341154368E7
15457	28510	8192	1285350.3892844394	8.837801022888245E7
15460	28513	8192	1284240.589240703	8.831695892833635E7
15470	28523	8192	1283131.7415670615	8.825594947964843E7
15481	28534	8192	1282023.8454192297	8.819498185258609E7
15482	28535	8192	1280916.8999537244	8.8134056016941E7
15497	28550	8192	1279810.9043278676	8.807317194252929E7
15532	28585	8192	1278705.8576997796	8.801232959919111E7
15571	28624	8192	1277601.7592283848	8.795152895679113E7
15572	28625	8192	1276498.608073406	8.789076998521811E7
15575	28628	8192	1275396.4033953662	8.783005265438507E7
15576	28629	8192	1274295.144355585	8.776937693422918E7
15578	28631	8192	1273194.8301161828	8.77087427947119E7
15579	28632	8192	1272095.4598400726	8.764815020581864E7
15580	28633	8192	1270997.0326909665	8.758759913755915E7
15581	28634	8192	1269899.5478333714	8.752708955996716E7
15584	28637	8192	1268803.004432586	8.746662144310045E7
15585	28638	8192	1267707.401654705	8.740619475704095E7
15586	28639	8192	1266612.7386666143	8.734580947189459E7
15587	28640	8192	1265519.0146359932	8.728546555779138E7
15589	28642	8192	1264426.228731308	8.722516298488511E7
15590	28643	8192	1263334.38012182	8.716490172335383E7
15591	28644	8192	1262243.4679775764	8.710468174339932E7
15593	28646	8192	1261153.4914694142	8.704450301524737E7
15596	28649	8192	1260064.4497689572	8.69843655091477E7
15600	28653	8192	1258976.3420486175	8.69242691953739E7
15601	28654	8192	1257889.1674815915	8.686421404422334E7
15639	28692	8192	1256802.925241861	8.680420002601735E7
15662	28715	8192	1255717.6145041925	8.674422711110097E7
15695	65059	8192	1254633.2344441353	8.668429526984307E7
4712	11378	8000	1253549.7842380232	8.662440447263639E7
841	3405	7936	1252467.2630629698	8.656455468989724E7
1323	4821	7936	1251385.6700968705	8.650474589206582E7
1934	6580	7936	1250305.0045184018	8.644497804960598E7
2146	6989	7936	1249225.2655070175	8.638525113300522E7
2215	7131	7936	1248146.4522429525	8.632556511277476E7
2364	7479	7936	1247068.5639072163	8.626591995944938E7
2606	7871	7936	1245991.5996815988	8.620631564358759E7
2930	8431	7936	1244915.5587486636	8.614675213577141E7
3407	9172	7936	1243840.4402917507	8.608722940660651E7
4072	10189	7936	1242766.2434949744	8.602774742672206E7
4627	11237	7936	1241692.9675432234	8.596830616677083E7
4834	11574	7936	1240620.611622157	8.590890559742895E7
5149	12046	7936	1239549.1749182092	8.58495456893962E7
5262	12233	7936	1238478.656618584	8.579022641339579E7
5971	13208	7936	1237409.0559112558	8.573094774017435E7
6404	13880	7936	1236340.3719849712	8.567170964050202E7
6782	14505	7936	1235272.6040292406	8.561251208517216E7
7157	15169	7936	1234205.7512343463	8.555335504500167E7
7239	15305	7936	1233139.8127913368	8.549423849083075E7
7537	15723	7936	1232074.787892027	8.543516239352296E7
8662	17459	7936	1231010.675728998	8.537612672396518E7
9144	18171	7936	1229947.475495596	8.531713145306765E7
9277	18371	7936	1228885.1863859296	8.525817655176374E7
9745	19159	7936	1227823.8075948723	8.519926199101022E7
9864	19355	7936	1226763.3383180592	8.514038774178699E7
10591	20458	7936	1225703.777751888	8.508155377509719E7
14496	26785	7936	1224645.125093516	8.502276006196721E7
1521	5538	7808	1223587.3795408614	8.496400657344654E7
173	655	7680	1222530.5402926013	8.490529328060782E7
611	2631	7680	1221474.6065481717	8.484662015454684E7
2352	7462	7680	1220419.5775077676	8.47879871663826E7
2584	7832	7680	1219365.452372337	8.472939428725691E7
2625	7923	7680	1218312.230343588	8.467084148833492E7
2712	8087	7680	1217259.9106239819	8.46123287408047E7
3067	8668	7680	1216208.492416737	8.455385601587741E7
3219	8890	7680	1215157.9749258212	8.449542328478706E7
3483	9288	7680	1214108.3573559592	8.443703051879081E7
3544	9386	7680	1213059.638912626	8.437867768916866E7
3606	9494	7680	1212011.8188020487	8.432036476722364E7
4006	10088	7680	1210964.896231205	8.426209172428162E7
4248	10552	7680	1209918.8704078225	8.420385853169148E7
4457	10947	7680	1208873.740540377	8.414566516082478E7
5064	11913	7680	1207829.5058380943	8.408751158307612E7
6095	13388	7680	1206786.1655109457	8.402939776986282E7
6398	13871	7680	1205743.7187696507	8.397132369262508E7
6909	14727	7680	1204702.1648256748	8.391328932282588E7
7147	15152	7680	1203661.5028912278	8.385529463195094E7
8457	17110	7680	1202621.732179263	8.379733959150866E7
8640	17426	7680	1201582.8519034812	8.373942417303039E7
8883	17783	7680	1200544.861278322	8.368154834807001E7
8897	17813	7680	1199507.759518969	8.36237120882041E7
9219	18296	7680	1198471.5458413467	8.356591536503196E7
9526	18806	7680	1197436.2194621197	8.350815815017547E7
9918	19445	7680	1196401.7795986931	8.345044041527921E7
10387	20155	7680	1195368.2254692118	8.339276213201036E7
11723	21869	7680	1194335.5562925567	8.333512327205864E7
11873	22079	7680	1193303.7712883474	8.327752380713631E7
12404	22792	7680	1192272.8696769406	8.321996370897824E7
12804	23323	7680	1191242.8506794295	8.316244294934185E7
2484	7651	7424	1190213.7135176396	8.31049615000069E7
2863	8338	7424	1189185.4574141335	8.304751933277582E7
3550	9398	7424	1188158.0815922073	8.299011641947341E7
3711	9652	7424	1187131.5852758887	8.293275273194689E7
3834	9820	7424	1186105.9676899388	8.287542824206598E7
3849	9839	7424	1185081.2280598483	8.281814292172265E7
4363	10758	7424	1184057.3656118412	8.276089674283147E7
4628	11238	7424	1183034.379572869	8.27036896773292E7
4647	11270	7424	1182012.2691706128	8.264652169717495E7
6396	13868	7424	1180991.0336334826	8.258939277435021E7
6461	13984	7424	1179970.6721906166	8.253230288085878E7
6483	14022	7424	1178951.1840718787	8.247525198872669E7
6581	14187	7424	1177932.5685078579	8.241824007000215E7
6725	14419	7424	1176914.8247298703	8.236126709675576E7
6747	14453	7424	1175897.9519699574	8.230433304108031E7
7042	14967	7424	1174881.949460881	8.224743787509067E7
8323	16860	7424	1173866.8164361303	8.219058157092404E7
8738	17570	7424	1172852.552129913	8.213376410073963E7
8835	17709	7424	1171839.1557771608	8.20769854367189E7
9661	19018	7424	1170826.6266135243	8.202024555106533E7
9863	19354	7424	1169814.963875377	8.19635444160046E7
11525	21591	7424	1168804.166799808	8.190688200378433E7
11650	21772	7424	1167794.2346246296	8.185025828667444E7
13065	24675	7424	1166785.1665883665	8.179367323696655E7
3791	9769	7296	1165776.961930265	8.173712682697454E7
845	3421	7168	1164769.6198902857	8.168061902903423E7
1092	4237	7168	1163763.1397091046	8.162414981550336E7
1201	4634	7168	1162757.5206281147	8.156771915876172E7
1634	5731	7168	1161752.7618894193	8.151132703121091E7
1903	6508	7168	1160748.8627358386	8.145497340527453E7
2015	6737	7168	1159745.8224109053	8.139865825339817E7
2284	7298	7168	1158743.640158861	8.134238154804903E7
2854	8326	7168	1157742.3152246606	8.12861432617164E7
3478	9282	7168	1156741.8468539699	8.122994336691132E7
3625	9524	7168	1155742.2342931638	8.117378183616666E7
4147	10333	7168	1154743.4767893252	8.111765864203708E7
4259	10573	7168	1153745.5735902472	8.106157375709903E7
6062	13337	7168	1152748.5239444294	8.100552715395072E7
6103	13403	7168	1151752.3271010758	8.094951880521199E7
6142	13472	7168	1150756.9823101019	8.089354868352462E7
6312	13745	7168	1149762.4888221233	8.083761676155187E7
6554	14145	7168	1148768.8458884622	8.078172301197878E7
6794	14532	7168	1147776.0527611456	8.072586740751207E7
6853	14634	7168	1146784.1086929024	8.067004992088005E7
7210	15266	7168	1145793.0129371632	8.06142705248326E7
8185	16638	7168	1144802.7647480634	8.05585291921414E7
8246	16736	7168	1143813.3633804345	8.050282589559941E7
8275	16788	7168	1142824.8080898132	8.044716060802147E7
8401	17014	7168	1141837.098132432	8.039153330224366E7
8790	17643	7168	1140850.2327652243	8.033594395112385E7
9649	19001	7168	1139864.2112458209	8.02803925275412E7
9813	19265	7168	1138879.032832549	8.022487900439648E7
9827	19291	7168	1137894.6967844346	8.01694033546119E7
9941	19476	7168	1136911.202361197	8.011396555113105E7
10162	19830	7168	1135928.5488232528	8.005856556691904E7
10187	19863	7168	1134946.7354317126	8.000320337496231E7
10338	20087	7168	1133965.7614483791	7.99478789482687E7
10383	20147	7168	1132985.6261357493	7.989259225986741E7
11708	21847	7168	1132006.3287570141	7.98373432828091E7
11761	21919	7168	1131027.8685760528	7.978213199016555E7
12064	22333	7168	1130050.2448574381	7.972695835503002E7
12316	22676	7168	1129073.4568664317	7.967182235051702E7
13426	25145	7168	1128097.5038689852	7.961672394976224E7
13952	25973	7168	1127122.3851317381	7.956166312592275E7
357	1663	6912	1126148.0999220193	7.950663985217677E7
773	3274	6912	1125174.6475078436	7.945165410172372E7
874	3503	6912	1124202.0271579137	7.939670584778428E7
917	3626	6912	1123230.2381416182	7.934179506360032E7
1156	4509	6912	1122259.2797290282	7.928692172243468E7
1619	5702	6912	1121289.1511909037	7.923208579757158E7
1940	6596	6912	1120319.8517986853	7.91772872623162E7
3610	9502	6912	1119351.3808244986	7.912252608999492E7
4207	10461	6912	1118383.737541149	7.906780225395505E7
4307	10663	6912	1117416.921222126	7.901311572756512E7
4338	10708	6912	1116450.9311415995	7.89584664842146E7
4381	10795	6912	1115485.7665744196	7.890385449731407E7
4389	10808	6912	1114521.4267961152	7.884927974029496E7
4593	11179	6912	1113557.9110828943	7.879474218660977E7
4610	11207	6912	1112595.218711645	7.874024180973211E7
4706	11367	6912	1111633.3489599307	7.86857785831563E7
4838	11581	6912	1110672.3011059917	7.863135248039766E7
5205	12128	6912	1109712.0744287458	7.85769634749925E7
6053	13322	6912	1108752.6682077846	7.852261154049793E7
6428	13931	6912	1107794.0817233757	7.846829665049197E7
6865	14651	6912	1106836.3142564597	7.841401877857347E7
7128	15124	6912	1105879.3650886507	7.835977789836212E7
7247	15320	6912	1104923.233502237	7.830557398349845E7
7397	15531	6912	1103967.9187801762	7.825140700764377E7
7577	15772	6912	1103013.4202060995	7.819727694448014E7
8160	16601	6912	1102059.7370643066	7.81431837677104E7
8218	16689	6912	1101106.8686397679	7.808912745105807E7
8483	17154	6912	1100154.8142181241	7.803510796826756E7
8484	17157	6912	1099203.5730856832	7.798112529310378E7
8656	17451	6912	1098253.1445294204	7.792717939935243E7
8750	17584	6912	1097303.5278369794	7.787327026081985E7
8783	17632	6912	1096354.7222966691	7.781939785133302E7
8784	17635	6912	1095406.7271974657	7.77655621447396E7
9905	19422	6912	1094459.5418290088	7.771176311490776E7
10048	19642	6912	1093513.165481603	7.765800073572631E7
10280	20002	6912	1092567.5974462167	7.760427498110467E7
10289	20013	6912	1091622.837014482	7.755058582497276E7
10600	20468	6912	1090678.8834786918	7.749693324128109E7
11478	21525	6912	1089735.736131802	7.744331720400062E7
11798	21981	6912	1088793.3942674277	7.738973768712276E7
13031	24632	6912	1087851.8571798466	7.733619466465959E7
431	1880	6656	1086911.1241639953	7.728268811064352E7
747	3231	6656	1085971.1945154676	7.722921799912734E7
1757	6195	6656	1085032.0675305175	7.717578430418439E7
2152	6999	6656	1084093.7425060559	7.712238699990836E7
2158	7013	6656	1083156.2187396504	7.70690260604133E7
2764	8191	6656	1082219.4955295254	7.70157014598337E7
3564	9430	6656	1081283.5721745605	7.696241317232434E7
3695	9628	6656	1080348.4479742907	7.690916117206039E7
3797	9777	6656	1079414.1222289037	7.685594543323724E7
3865	9861	6656	1078480.5942392428	7.68027659300707E7
4424	10878	6656	1077547.8633068025	7.674962263679673E7
4844	11590	6656	1076615.9287337314	7.669651552767166E7
4860	11612	6656	1075684.7898228264	7.664344457697195E7
4907	11689	6656	1074754.4458775392	7.659040975899439E7
5053	11898	6656	1073824.8962019687	7.653741104805592E7
5162	12066	6656	1072896.1401008652	7.648444841849367E7
5578	12690	6656	1071968.1768796262	7.643152184466495E7
6979	14845	6656	1071041.0058442997	7.637863130094723E7
7091	15062	6656	1070114.6263015782	7.632577676173805E7
8216	16687	6656	1069189.0375588036	7.627295820145512E7
8460	17113	6656	1068264.2389239634	7.622017559453627E7
8468	17129	6656	1067340.22970569	7.616742891543934E7
8621	17396	6656	1066417.0092132618	7.611471813864233E7
8666	17464	6656	1065494.5767565996	7.60620432386431E7
8689	17501	6656	1064572.9316462697	7.600940418995973E7
8819	17689	6656	1063652.0731934812	7.595680096713027E7
8943	17872	6656	1062732.0007100836	7.590423354471265E7
9032	17989	6656	1061812.7135085696	7.585170189728484E7
9618	18950	6656	1060894.2109020723	7.579920599944472E7
9871	19364	6656	1059976.492204366	7.574674582581025E7
10073	19685	6656	1059059.5567298634	7.569432135101913E7
10592	20459	6656	1058143.4037936162	7.564193254972899E7
11658	21782	6656	1057228.0327113164	7.558957939661752E7
12050	22313	6656	1056313.4427992902	7.553726186638199E7
12277	22625	6656	1055399.633374504	7.54849799337397E7
12391	22777	6656	1054486.60375456	7.543273357342781E7
12417	22807	6656	1053574.3532576943	7.538052276020315E7
14144	26241	6656	1052662.8812027797	7.53283474688424E7
494	2053	6400	1051752.1869093226	7.527620767414203E7
683	2878	6400	1050842.2696974643	7.52241033509183E7
969	3768	6400	1049933.1288879788	7.517203447400717E7
1300	4790	6400	1049024.7638022713	7.51200010182643E7
1724	6100	6400	1048117.1737623804	7.506800295856506E7
1820	6354	6400	1047210.3580909752	7.501604026980457E7
2126	6947	6400	1046304.3161113552	7.496411292689751E7
2315	7359	6400	1045399.0471474512	7.491222090477836E7
2909	8399	6400	1044494.5505238206	7.486036417840105E7
3218	8888	6400	1043590.8255656518	7.480854272273928E7
3590	9471	6400	1042687.8715987602	7.475675651278628E7
3917	9949	6400	1041785.687949589	7.470500552355489E7
3968	10021	6400	1040884.2739452074	7.465328973007748E7
4098	10231	6400	1039983.6289133114	7.460160910740599E7
4103	10239	6400	1039083.7521822216	7.454996363061188E7
4347	10727	6400	1038184.6430808844	7.449835327478613E7
4366	10765	6400	1037286.3009388682	7.444677801503916E7
4491	10998	6400	1036388.7250863687	7.439523782650098E7
4497	11008	6400	1035491.9148542014	7.434373268432099E7
4544	11093	6400	1034595.8695738041	7.429226256366797E7
4646	11269	6400	1033700.5885772376	7.424082743973021E7
4705	11366	6400	1032806.0711971825	7.41894272877154E7
4728	11404	6400	1031912.3167669418	7.413806208285065E7
5102	11970	6400	1031019.3246204349	7.40867318003823E7
5229	12163	6400	1030127.0940922037	7.403543641557625E7
5309	12310	6400	1029235.6245174059	7.398417590371758E7
5701	12856	6400	1028344.9152318179	7.393295024011071E7
5705	12861	6400	1027454.9655718338	7.388175940007941E7
6181	13537	6400	1026565.7748744636	7.383060335896677E7
6196	13563	6400	1025677.3424773333	7.377948209213501E7
6628	14272	6400	1024789.667718685	7.37283955749658E7
6819	14569	6400	1023902.749937375	7.367734378285988E7
7120	15114	6400	1023016.5884728724	7.362632669123726E7
7424	15570	6400	1022131.1826652611	7.357534427553712E7
7425	15571	6400	1021246.5318552386	7.352439651121797E7
8654	17448	6400	1020362.6353841119	7.347348337375723E7
8932	17861	6400	1019479.4925938023	7.342260483865173E7
9568	18864	6400	1018597.1028268401	7.337176088141726E7
9748	19170	6400	1017715.4654263674	7.332095147758879E7
9829	19294	6400	1016834.5797361346	7.32701766027204E7
9973	19515	6400	1015954.4451005022	7.32194362323852E7
10017	19594	6400	1015075.0608644387	7.316873034217541E7
10147	19800	6400	1014196.4263735202	7.311805890770228E7
11496	21548	6400	1013318.5409739305	7.306742190459609E7
11642	21762	6400	1012441.4040124599	7.301681930850615E7
11752	21908	6400	1011565.014836504	7.296625109510072E7
11779	21947	6400	1010689.3727940645	7.291571724006705E7
12162	22466	6400	1009814.4772337482	7.286521771911143E7
12443	22838	6400	1008940.3275047652	7.281475250795904E7
13890	25892	6400	1008066.9229569288	7.276432158235393E7
14283	26449	6400	1007194.2629406565	7.271392491805917E7
14511	26809	6400	1006322.3468069681	7.26635624908567E7
150	544	6144	1005451.1739074821	7.261323427654721E7
516	2154	6144	1004580.7435944221	7.256294025095044E7
1036	3968	6144	1003711.0552206107	7.251268038990493E7
1067	4150	6144	1002842.1081394687	7.24624546692679E7
1106	4271	6144	1001973.9017050185	7.241226306491557E7
1259	4727	6144	1001106.4352718787	7.236210555274278E7
1381	5055	6144	1000239.7081952691	7.231198210866337E7
1410	5112	6144	999373.7198310042	7.226189270860972E7
1823	6357	6144	998508.4695354966	7.221183732853311E7
1832	6368	6144	997643.9566657546	7.216181594440347E7
1871	6440	6144	996780.1805793818	7.211182853220943E7
2099	6888	6144	995917.1406345776	7.206187506795837E7
2187	7064	6144	995054.8361901357	7.201195552767631E7
2196	7088	6144	994193.2666054429	7.196206988740796E7
2389	7517	6144	993332.4312404798	7.191221812321666E7
2947	8456	6144	992472.3294558194	7.186240021118437E7
2995	8535	6144	991612.9606126265	7.181261612741165E7
3294	9005	6144	990754.3240726577	7.176286584801772E7
3485	9290	6144	989896.41919826	7.17131493491403E7
3654	9565	6144	989039.2453523709	7.166346660693575E7
3824	9810	6144	988182.8018985168	7.161381759757888E7
3981	10045	6144	987327.0882008136	7.156420229726309E7
4319	10681	6144	986472.1036239666	7.151462068220036E7
4542	11091	6144	985617.8475332675	7.146507272862104E7
4563	11130	6144	984764.3192945943	7.141555841277398E7
4578	11155	6144	983911.5182744141	7.136607771092658E7
4581	11159	6144	983059.4438397785	7.131663059936462E7
4651	11274	6144	982208.0953583254	7.126721705439237E7
4687	11338	6144	981357.472198276	7.121783705233242E7
4993	11816	6144	980507.5737284372	7.116849056952584E7
5188	12103	6144	979658.3993181987	7.111917758233202E7
5806	12993	6144	978809.9483375337	7.10698980671288E7
6321	13761	6144	977962.2201569979	7.102065200031231E7
6450	13959	6144	977115.2141477288	7.097143935829704E7
6592	14204	6144	976268.9296814442	7.092226011751573E7
6614	14245	6144	975423.3661304452	7.087311425441955E7
6636	14283	6144	974578.5228676097	7.082400174547784E7
6792	14522	6144	973734.3992663968	7.07749225671782E7
6798	14537	6144	972890.9947008457	7.072587669602667E7
6910	14729	6144	972048.308545571	7.067686410854724E7
6983	14855	6144	971206.3401757684	7.06278847812824E7
7024	14931	6144	970365.088967208	7.057893869079262E7
7450	15606	6144	969524.5542962381	7.05300258136567E7
7525	15706	6144	968684.7355397821	7.048114612647155E7
7540	15726	6144	967845.6320753393	7.043229960585225E7
7586	15785	6144	967007.2432809847	7.038348622843204E7
7597	15798	6144	966169.5685353661	7.033470597086227E7
7676	15901	6144	965332.6072177052	7.028595880981238E7
7760	16023	6144	964496.3587077977	7.023724472196993E7
7865	16155	6144	963660.8223860112	7.018856368404055E7
8587	17339	6144	962825.9976332855	7.013991567274791E7
8677	17484	6144	961991.8838311312	7.009130066483372E7
8779	17625	6144	961158.4803616304	7.004271863705778E7
8867	17762	6144	960325.7866074356	6.999416956619786E7
8977	17922	6144	959493.8019517673	6.994565342904969E7
8989	17938	6144	958662.5257784178	6.989717020242707E7
9117	18129	6144	957831.9574717457	6.984871986316168E7
9141	18164	6144	957002.0964166776	6.980030238810317E7
9302	18438	6144	956172.9419987099	6.975191775411925E7
9375	18565	6144	955344.4936039016	6.970356593809526E7
9409	18615	6144	954516.7506188812	6.96552469169347E7
9700	19089	6144	953689.7124308413	6.960696066755882E7
9716	19116	6144	952863.3784275415	6.955870716690688E7
9872	19365	6144	952037.7479973038	6.951048639193591E7
9880	19381	6144	951212.8205290142	6.946229831962067E7
10008	19578	6144	950388.5954121235	6.941414292695394E7
10055	19653	6144	949565.0720366437	6.936602019094613E7
10373	20135	6144	948742.2497931508	6.931793008862561E7
10402	20178	6144	947920.1280727807	6.92698725970384E7
10451	20255	6144	947098.7062672317	6.922184769324838E7
10691	20578	6144	946277.9837687616	6.917385535433702E7
10750	20655	6144	945457.9599701888	6.91258955574037E7
11147	21135	6144	944638.6342648908	6.90779682795654E7
11158	21152	6144	943820.0060468041	6.90300734979568E7
11728	21875	6144	943002.0747104234	6.898221118973033E7
11748	21902	6144	942184.8396508009	6.893438133205603E7
11903	22117	6144	941368.3002635464	6.88865839021216E7
12030	22289	6144	940552.4559448261	6.883881887713242E7
12056	22320	6144	939737.3060913616	6.879108623431139E7
12227	22554	6144	938922.8501004316	6.874338595089914E7
12271	22619	6144	938109.087369867	6.869571800415377E7
12287	22637	6144	937296.0172980562	6.864808237135108E7
12427	22820	6144	936483.6392839388	6.860047902978429E7
12584	23027	6144	935671.952727009	6.855290795676427E7
12716	23201	6144	934860.9570273139	6.85053691296194E7
12748	23252	6144	934050.6515854513	6.84578625256955E7
12826	23352	6144	933241.0358025718	6.841038812235595E7
13107	24729	6144	932432.1090803761	6.836294589698163E7
13337	25027	6144	931623.8708211163	6.831553582697079E7
13794	25752	6144	930816.3204275945	6.826815788973927E7
14049	26105	6144	930009.4573031602	6.822081206272022E7
14118	26203	6144	929203.2808517145	6.81734983233643E7
14334	26524	6144	928397.790477704	6.812621664913946E7
14404	26635	6144	927592.9855861259	6.807896701753122E7
772	3272	5888	926788.8655825218	6.80317494060423E7
1907	6519	5888	925985.4298729809	6.798456379219282E7
1942	6600	5888	925182.6778641393	6.793741015352035E7
2233	7175	5888	924380.6089631777	6.789028846757963E7
3647	9553	5888	923579.2225778216	6.784319871194285E7
3810	9794	5888	922778.5181163412	6.77961408641994E7
3871	9870	5888	921978.4949875509	6.7749114901956E7
4135	10310	5888	921179.1526008077	6.770212080283664E7
4282	10612	5888	920380.4903660122	6.765515854448256E7
4385	10800	5888	919582.5076936057	6.760822810455218E7
4402	10836	5888	918785.2039945736	6.756132946072127E7
5071	11922	5888	917988.5786804401	6.751446259068266E7
6064	13341	5888	917192.6311632708	6.746762747214645E7
6317	13753	5888	916397.3608556717	6.742082408283994E7
6366	13828	5888	915602.7671707883	6.737405240050754E7
6754	14463	5888	914808.8495223043	6.73273124029108E7
6986	14860	5888	914015.6073244421	6.728060406782845E7
8269	16772	5888	913223.0399919628	6.723392737305632E7
8421	17045	5888	912431.1469401638	6.718728229640734E7
8458	17111	5888	911639.9275848793	6.714066881571148E7
8463	17119	5888	910849.3813424812	6.70940869088159E7
8733	17559	5888	910059.5076298754	6.7047536553584695E7
9053	18038	5888	909270.3058645033	6.700101772789902E7
9093	18098	5888	908481.7754643416	6.695453040965713E7
9226	18304	5888	907693.9158479015	6.690807457677427E7
9865	19356	5888	906906.7264342258	6.6861650207182586E7
10573	20436	5888	906120.2066428922	6.681525727883133E7
10677	20560	5888	905334.3558940105	6.676889576968668E7
10778	20685	5888	904549.1736082215	6.672256565773167E7
11119	21104	5888	903764.6592066992	6.66762669209665E7
11280	21294	5888	902980.8121111465	6.662999953740804E7
11497	21549	5888	902197.6317437987	6.658376348509024E7
11932	22153	5888	901415.1175274194	6.6537558742063865E7
12001	22243	5888	900633.2688853024	6.649138528639662E7
12089	22366	5888	899852.0852412691	6.644524309617296E7
12963	23531	5888	899071.56601967	6.639913214949427E7
12966	23535	5888	898291.7106453844	6.635305242447883E7
13297	24979	5888	897512.5185438166	6.630700389926161E7
13348	25038	5888	896733.9891408992	6.626098655199447E7
13734	25669	5888	895956.1218630902	6.6215000360846035E7
13912	25921	5888	895178.9161373735	6.616904530400172E7
13939	25956	5888	894402.371391258	6.612312135966365E7
14257	26413	5888	893626.4870527764	6.607722850605076E7
802	3326	5632	892851.2625504875	6.60313667213987E7
1009	3905	5632	892076.6973134712	6.598553598395981E7
1594	5662	5632	891302.7907713321	6.593973627200317E7
2608	7877	5632	890529.542354196	6.589396756381449E7
4192	10435	5632	889756.9514927124	6.584822983769627E7
4613	11211	5632	888985.0176180501	6.580252307196751E7
4629	11239	5632	888213.7401619001	6.575684724496398E7
4849	11598	5632	887443.1185564735	6.571120233503804E7
4954	11753	5632	886673.1522345014	6.566558832055865E7
6244	13638	5632	885903.8406292336	6.562000517991137E7
6562	14156	5632	885135.1831744396	6.557445289149835E7
6570	14172	5632	884367.1793044072	6.552893143373838E7
6691	14363	5632	883599.8284539409	6.5483440785066694E7
6842	14612	5632	882833.1300583634	6.5437980923935145E7
6876	14673	5632	882067.0835535136	6.539255182881206E7
7131	15129	5632	881301.6883757478	6.534715347818238E7
7215	15271	5632	880536.9439619363	6.5301785850547425E7
7716	15965	5632	879772.8497494659	6.525644892442506E7
8066	16424	5632	879009.4051762378	6.521114267834965E7
8667	17465	5632	878246.6096806662	6.516586709087193E7
8957	17888	5632	877484.4627016817	6.512062214055919E7
9042	18023	5632	876722.963678725	6.5075407805995055E7
9162	18196	5632	875962.1120517512	6.50302240657796E7
9288	18385	5632	875201.9072612268	6.498507089852926E7
9445	18678	5632	874442.3487481308	6.493994828287697E7
9589	18895	5632	873683.4359539518	6.489485619747185E7
10291	20015	5632	872925.1683206913	6.4849794620979615E7
10303	20034	5632	872167.5452908583	6.480476353208209E7
10486	20308	5632	871410.5663074735	6.4759762909477614E7
10538	20385	5632	870654.2308140645	6.471479273188066E7
10666	20545	5632	869898.5382546696	6.466985297802214E7
11242	21248	5632	869143.4880738342	6.4624943626649246E7
11855	22056	5632	868389.0797166108	6.458006465652535E7
12324	22689	5632	867635.3126285606	6.45352160464302E7
12418	22808	5632	866882.1862557491	6.449039777515966E7
12667	23136	5632	866129.700044749	6.444560982152589E7
13282	24956	5632	865377.8534426384	6.440085216435728E7
651	2754	5376	864626.6458970016	6.4356124782498434E7
1336	4842	5376	863876.0768559246	6.431142765481007E7
1572	5622	5376	863126.1457679998	6.426676076016912E7
1819	6352	5376	862376.8520823229	6.42221240774687E7
1857	6410	5376	861628.1952484917	6.417751758561803E7
2173	7038	5376	860880.1747166066	6.4132941263542466E7
2308	7344	5376	860132.7899372706	6.408839509018349E7
2581	7826	5376	859386.040361588	6.404387904449872E7
3665	9585	5376	858639.925441164	6.399939310546179E7
3698	9635	5376	857894.4446281048	6.395493725206249E7
4010	10095	5376	857149.5973750157	6.3910511463306606E7
4273	10597	5376	856405.3831350019	6.386611571821599E7
4555	11114	5376	855661.8013616678	6.382174999582852E7
4875	11637	5376	854918.8515091168	6.3777414275198154E7
4899	11676	5376	854176.5330319494	6.3733108535394765E7
5073	11927	5376	853434.8453852638	6.368883275550427E7
5129	12009	5376	852693.7880246558	6.364458691462854E7
5200	12122	5376	851953.3604062175	6.360037099188546E7
6137	13464	5376	851213.5619865365	6.355618496640878E7
6304	13733	5376	850474.3922226966	6.351202881734824E7
6368	13831	5376	849735.8505722764	6.34679025238695E7
6369	13832	5376	848997.9364933497	6.3423806065154165E7
6440	13947	5376	848260.6494444831	6.337973942039961E7
6448	13957	5376	847523.9888847374	6.333570256881922E7
6476	14010	5376	846787.9542736671	6.329169548964219E7
6883	14685	5376	846052.545071319	6.3247718162113585E7
7518	15697	5376	845317.7607382307	6.3203770565494254E7
7568	15763	5376	844583.6007354342	6.315985267906101E7
7845	16128	5376	843850.0645244494	6.31159644821063E7
8143	16567	5376	843117.1515672902	6.307210595393854E7
8382	16976	5376	842384.8613264571	6.302827707388175E7
8541	17253	5376	841653.1932649433	6.298447782127592E7
9104	18111	5376	840922.1468462299	6.294070817547661E7
9159	18189	5376	840191.7215342862	6.2896968115855254E7
9546	18832	5376	839461.9167935709	6.285325762179898E7
9763	19191	5376	838732.7320890296	6.2809576672710575E7
9964	19504	5376	838004.1668860952	6.27659252480086E7
10125	19767	5376	837276.2206506877	6.272230332712731E7
10193	19875	5376	836548.8928492132	6.2678710889516555E7
10374	20136	5376	835822.1829485643	6.2635147914641954E7
10461	20271	5376	835096.0904161173	6.259161438198468E7
10482	20304	5376	834370.614719735	6.254811027104159E7
10543	20392	5376	833645.7553277642	6.2504635561325215E7
10603	20472	5376	832921.5117090346	6.246119023236356E7
10939	20876	5376	832197.8833328605	6.241777426370033E7
10979	20926	5376	831474.8696690376	6.237438763489476E7
11348	21372	5376	830752.4701878466	6.23310303255217E7
11836	22030	5376	830030.6843600472	6.22877023151715E7
12038	22298	5376	829309.5116568826	6.224440358345007E7
12221	22545	5376	828588.9515500764	6.220113410997889E7
12456	22852	5376	827869.0035118322	6.21578938743949E7
12463	22860	5376	827149.6670148349	6.211468285635053E7
12601	23051	5376	826430.9415322479	6.207150103551379E7
13482	25228	5376	825712.8265377145	6.202834839156806E7
13510	25263	5376	824995.3215053554	6.1985224904212214E7
13101	24721	5152	824278.4259097709	6.19421305531606E7
14594	26984	5152	823562.1392260378	6.189906531814293E7
1338	4845	5120	822846.4609297111	6.185602917890446E7
1646	5755	5120	822131.3904968217	6.181302211520573E7
2368	7485	5120	821416.9274038774	6.177004410682272E7
2642	7951	5120	820703.0711278613	6.172709513354679E7
2902	8388	5120	819989.8211462321	6.168417517518468E7
3020	8581	5120	819277.1769369236	6.164128421155851E7
3482	9286	5120	818565.1379783432	6.159842222250564E7
3735	9687	5120	817853.7037493736	6.15555891878789E7
3904	9927	5120	817142.8737293686	6.151278508754625E7
3937	9982	5120	816432.647398157	6.147000990139112E7
4074	10192	5120	815723.0242360403	6.142726360931219E7
4129	10296	5120	815014.0037237904	6.138454619122333E7
4343	10721	5120	814305.5853426516	6.1341857627053775E7
4507	11023	5120	813597.76857434	6.129919789674797E7
4512	11040	5120	812890.552901041	6.125656698026555E7
4514	11045	5120	812183.9378054109	6.1213964857581414E7
4824	11560	5120	811477.9227705756	6.117139150868569E7
4884	11653	5120	810772.5072801308	6.112884691358369E7
4952	11751	5120	810067.6908181404	6.108633105229591E7
5082	11942	5120	809363.4728691361	6.1043843904857956E7
6277	13682	5120	808659.8529181185	6.1001385451320656E7
6390	13861	5120	807956.830450555	6.095895567174998E7
6728	14425	5120	807254.4049523802	6.091655454622702E7
7076	15035	5120	806552.5759099948	6.0874182054847956E7
7550	15738	5120	805851.3428102662	6.083183817772413E7
7894	16188	5120	805150.7051405264	6.078952289498192E7
7973	16295	5120	804450.6623885728	6.074723618676278E7
7982	16305	5120	803751.2140426686	6.07049780332233E7
8047	16396	5120	803052.359591539	6.066274841453504E7
8075	16442	5120	802354.098524375	6.062054731088466E7
8348	16906	5120	801656.4303308295	6.0578374702473834E7
8513	17207	5120	800959.3545010183	6.05362305695192E7
8608	17378	5120	800262.8705255211	6.0494114892252505E7
8649	17440	5120	799566.9778953771	6.045202765092034E7
8960	17893	5120	798871.6761020885	6.0409968825784385E7
9150	18178	5120	798176.9646376179	6.0367938397121236E7
9279	18374	5120	797482.8429943889	6.032593634522245E7
9513	18783	5120	796789.3106652845	6.028396265039452E7
9525	18805	5120	796096.3671436475	6.024201729295885E7
9654	19008	5120	795404.0119232812	6.0200100253251806E7
9944	19479	5120	794712.2444984452	6.015821151162457E7
10090	19716	5120	794021.0643638588	6.0116351048443265E7
10746	20650	5120	793330.4710146989	6.007451884408885E7
10879	20806	5120	792640.4639466001	6.003271487895722E7
10899	20830	5120	791951.0426556529	5.9990939133459E7
10902	20833	5120	791262.2066384052	5.9949191588019766E7
11357	21385	5120	790573.9553918607	5.990747222307986E7
11422	21462	5120	789886.2884134781	5.98657810190944E7
11916	22133	5120	789199.2052011719	5.982411795653335E7
12010	22256	5120	788512.7052533113	5.97824830158815E7
12048	22311	5120	787826.788068719	5.97408761776383E7
12237	22566	5120	787141.4531466708	5.969929742231797E7
12284	22634	5120	786456.6999868986	5.965774673044963E7
12552	22987	5120	785772.5280895843	5.961622408257694E7
12607	23060	5120	785088.9369553637	5.9574729459258415E7
12785	23300	5120	784405.926085324	5.953326284106717E7
12910	23464	5120	783723.4949810038	5.9491824208591096E7
13047	24651	5120	783041.6431443933	5.945041354243275E7
13061	24671	5120	782360.3700779338	5.940903082320936E7
13214	24864	5120	781679.6752845147	5.9367676031552754E7
13380	25079	5120	780999.5582674776	5.932634914810948E7
13754	25693	5120	780320.0185306123	5.928505015354074E7
14134	26228	5120	779641.0555781572	5.924377902852222E7
14397	26617	5120	778962.6689147997	5.9202535753744364E7
176	676	4864	778284.858045674	5.916132030991208E7
468	1997	4864	777607.6224763643	5.912013267774501E7
1027	3950	4864	776930.9617128994	5.907897283797721E7
1046	4015	4864	776254.8752617561	5.9037840771357395E7
1355	4967	4864	775579.3626298563	5.899673645864877E7
1389	5067	4864	774904.4233245694	5.895565988062912E7
2120	6936	4864	774230.0568537088	5.891461101809071E7
2481	7648	4864	773556.2627255331	5.887358985184033E7
3107	8723	4864	772883.0404487456	5.8832596362699285E7
3444	9227	4864	772210.3895324937	5.879163053150333E7
3609	9501	4864	771538.3094863675	5.875069233910266E7
3929	9970	4864	770866.7998204015	5.8709781766362004E7
4139	10317	4864	770195.8600450724	5.866889879416051E7
4304	10660	4864	769525.4896712992	5.862804340339175E7
4375	10787	4864	768855.6882104425	5.8587215574963704E7
4477	10979	4864	768186.4551743048	5.854641528979876E7
4529	11067	4864	767517.7900751285	5.8505642528833725E7
4549	11102	4864	766849.6924255985	5.84648972730198E7
4696	11350	4864	766182.1617388387	5.842417950332256E7
4701	11359	4864	765515.1975284115	5.838348920072183E7
4734	11414	4864	764848.7993083217	5.8342826346211985E7
5954	13188	4864	764182.9665930088	5.830219092080152E7
6375	13842	4864	763517.6988973545	5.826158290551342E7
7163	15182	4864	762852.9957366762	5.822100228138486E7
7422	15568	4864	762188.8566267297	5.818044902946742E7
8370	16948	4864	761525.2810837073	5.813992313082687E7
8431	17064	4864	760862.2686242391	5.8099424566543326E7
8486	17159	4864	760199.8187653901	5.805895331771111E7
8501	17189	4864	759537.9310246625	5.8018509365438856E7
8657	17452	4864	758876.6049199924	5.797809269084936E7
9022	17977	4864	758215.8399697519	5.793770327507969E7
9051	18035	4864	757555.6356927473	5.789734109928112E7
9067	18059	4864	756895.9916082195	5.785700614461915E7
9134	18153	4864	756236.9072358424	5.7816698392273426E7
9186	18230	4864	755578.3820957234	5.777641782343777E7
9191	18237	4864	754920.4157084028	5.773616441932021E7
9467	18710	4864	754263.007594853	5.769593816114288E7
9984	19535	4864	753606.1572764796	5.7655739030142106E7
10481	20303	4864	752949.864275118	5.761556700756829E7
10515	20355	4864	752294.1281130359	5.757542207468597E7
10851	20774	4864	751638.9483129313	5.75353042127738E7
11099	21077	4864	750984.3243979329	5.749521340312451E7
11968	22199	4864	750330.2558915992	5.745514962704495E7
12274	22622	4864	749676.7423179171	5.741511286585597E7
12301	22654	4864	749023.7832013045	5.737510310089254E7
12513	22938	4864	748371.3780666064	5.733512031350363E7
12572	23011	4864	747719.5264390957	5.729516448505224E7
12622	23081	4864	747068.227844475	5.725523559691545E7
12807	23326	4864	746417.4818088728	5.721533363048432E7
12935	23498	4864	745767.2878588442	5.717545856716384E7
13182	24823	4864	745117.6455213716	5.713561038837306E7
13293	24974	4864	744468.554323864	5.709578907554501E7
13955	25979	4864	743820.0137941551	5.705599461012664E7
14115	26198	4864	743172.0234605046	5.701622697357888E7
14567	26909	4864	742524.5828515956	5.6976486147376515E7
14579	26938	4864	741877.691496538	5.6936772113008395E7
5128	12008	4672	741231.3489248633	5.6897084851977155E7
194	715	4608	740585.554666529	5.685742434579943E7
650	2752	4608	739940.3082519132	5.681779057600567E7
814	3347	4608	739295.609211819	5.677818352414024E7
829	3380	4608	738651.457077472	5.673860317176142E7
836	3392	4608	738007.8513805167	5.6699049500441186E7
923	3643	4608	737364.7916530223	5.665952249176552E7
1337	4844	4608	736722.2774274776	5.662002212733415E7
1480	5471	4608	736080.3082367937	5.6580548388760686E7
1869	6436	4608	735438.8836142998	5.654110125767247E7
1982	6695	4608	734798.0030937465	5.650168071571069E7
2047	6791	4608	734157.6662093037	5.646228674453032E7
2097	6884	4608	733517.8724955593	5.642291932580005E7
2115	6917	4608	732878.6214875224	5.638357844120244E7
2138	6979	4608	732239.9127206169	5.634426407243366E7
2398	7529	4608	731601.7457306874	5.630497620120372E7
2837	8301	4608	730964.1200539947	5.6265714809236325E7
2943	8448	4608	730327.0352272175	5.622647987826891E7
3074	8678	4608	729690.490787449	5.618727139005254E7
3498	9314	4608	729054.4862722013	5.614808932635207E7
3613	9505	4608	728419.0212194012	5.6108933668946005E7
3658	9576	4608	727784.0951673896	5.6069804399626434E7
3707	9648	4608	727149.707654925	5.603070150019923E7
3715	9657	4608	726515.8582211783	5.599162495248381E7
3880	9884	4608	725882.5464057361	5.595257473831331E7
3963	10015	4608	725249.7717485975	5.591355083953439E7
4173	10389	4608	724617.5337901766	5.5874553238007426E7
4246	10546	4608	723985.832071298	5.5835581915606245E7
4364	10763	4608	723354.6661332018	5.579663685421846E7
4395	10819	4608	722724.0355175387	5.57577180357451E7
4442	10920	4608	722093.9397663705	5.571882544210079E7
4476	10978	4608	721464.3784221722	5.5679959055213764E7
4532	11071	4608	720835.3510278283	5.564111885702573E7
4541	11090	4608	720206.8571266348	5.560230482949198E7
4583	11162	4608	719578.8962622972	5.556351695458127E7
4852	11603	4608	718951.4679789309	5.552475521427589E7
5060	11906	4608	718324.571821061	5.548601959057162E7
5186	12100	4608	717698.2073336218	5.544731006547777E7
5286	12274	4608	717072.3740619551	5.5408626621017024E7
5431	12488	4608	716447.0715518123	5.536996923922561E7
5459	12520	4608	715822.2993493514	5.533133790215318E7
5651	12787	4608	715198.0570011383	5.529273259186279E7
5821	13013	4608	714574.344054146	5.5254153290430985E7
6116	13425	4608	713951.1600557539	5.521559997994767E7
6164	13511	4608	713328.5045537474	5.517707264251619E7
6633	14280	4608	712706.3770963183	5.5138571260253266E7
6752	14461	4608	712084.7772320632	5.5100095815289E7
6762	14473	4608	711463.7045099842	5.5061646289766856E7
6825	14581	4608	710843.1584794879	5.5023222665843695E7
7001	14888	4608	710223.1386903843	5.498482492568966E7
7095	15069	4608	709603.6446928887	5.494645305148829E7
7160	15176	4608	708984.676037619	5.490810702543642E7
7223	15282	4608	708366.2322755957	5.48697868297442E7
7312	15419	4608	707748.3129582427	5.4831492446635075E7
7322	15434	4608	707130.9176373862	5.47932238583458E7
7553	15742	4608	706514.0458652541	5.475498104712642E7
7571	15766	4608	705897.6971944756	5.4716763995240204E7
7860	16150	4608	705281.8711780806	5.467857268496368E7
7923	16229	4608	704666.5673695011	5.4640407098586716E7
8015	16353	4608	704051.7853225674	5.460226721841226E7
8042	16383	4608	703437.5245915122	5.4564153026756644E7
8077	16455	4608	702823.7847309648	5.452606450594926E7
8223	16698	4608	702210.5652959564	5.448800163833283E7
8357	16924	4608	701597.8658419157	5.444996440626321E7
8402	17015	4608	700985.6859246689	5.4411952792109385E7
8781	17628	4608	700374.025100442	5.437396677825362E7
8807	17671	4608	699762.8829258577	5.433600634709127E7
9017	17971	4608	699152.2589579353	5.429807148103081E7
9049	18033	4608	698542.1527540921	5.42601621624939E7
9079	18077	4608	697932.5638721412	5.4222278373915315E7
9106	18114	4608	697323.4918702919	5.418442009774292E7
9227	18305	4608	696714.9363071484	5.414658731643768E7
9239	18323	4608	696106.8967417119	5.41087800124737E7
9254	18341	4608	695499.3727333772	5.407099816833811E7
9573	18871	4608	694892.3638419337	5.403324176653114E7
9773	19201	4608	694285.8696275651	5.399551078956604E7
9822	19284	4608	693679.8896508489	5.395780521996912E7
10012	19586	4608	693074.4234727569	5.392012504027982E7
10028	19613	4608	692469.4706546516	5.388247023305043E7
10113	19751	4608	691865.03075829	5.384484078084636E7
10745	20649	4608	691261.1033458209	5.380723666624602E7
10785	20694	4608	690657.687979785	5.3769657871840805E7
10787	20696	4608	690054.7842231139	5.373210438023507E7
10805	20720	4608	689452.3916391312	5.369457617404616E7
10827	20747	4608	688850.50979155	5.365707323590435E7
10830	20750	4608	688249.1382444752	5.3619595548452914E7
10998	20951	4608	687648.2765624003	5.3582143094348E7
11084	21058	4608	687047.9243102091	5.354471585625875E7
11131	21116	4608	686448.081053175	5.350731381686717E7
11155	21149	4608	685848.746356959	5.346993695886818E7
11218	21220	4608	685249.9197876111	5.343258526496958E7
11267	21280	4608	684651.6009115699	5.339525871789209E7
11290	21305	4608	684053.7892956611	5.33579573003693E7
11369	21398	4608	683456.4845070983	5.332068099514763E7
11380	21412	4608	682859.6861134805	5.3283429784986325E7
11533	21603	4608	682263.3936827957	5.3246203652657576E7
11913	22129	4608	681667.6067834158	5.320900258094628E7
12168	22473	4608	681072.3249841	5.317182655265025E7
12289	22639	4608	680477.5478539919	5.313467555058E7
12348	22719	4608	679883.2749626208	5.309754955755893E7
12821	23345	4608	679289.5058799016	5.3060448556423254E7
12866	23399	4608	678696.2401761309	5.302337253002183E7
13016	24615	4608	678103.4774219914	5.298632146121634E7
13126	24752	4608	677511.2171885492	5.294929533288129E7
13166	24797	4608	676919.4590472531	5.2912294127903834E7
13178	24818	4608	676328.2025699348	5.287531782918392E7
13231	24885	4608	675737.4473288084	5.283836641963418E7
13292	24973	4608	675147.1928964704	5.280143988217997E7
13296	24978	4608	674557.4388458986	5.276453819975931E7
13378	25077	4608	673968.1847504526	5.272766135532299E7
13429	25148	4608	673379.4301838728	5.26908093318344E7
13782	25738	4608	672791.1747202801	5.265398211226965E7
13818	25788	4608	672203.4179341759	5.2617179679617465E7
13947	25967	4608	671616.1594004411	5.258040201687922E7
14035	26085	4608	671029.3986943364	5.254364910706898E7
14056	26115	4608	670443.135391502	5.25069209332134E7
14076	26146	4608	669857.3690679562	5.247021747835172E7
14126	26218	4608	669272.0993000958	5.243353872553581E7
14169	26284	4608	668687.325664696	5.239688465783016E7
14211	26347	4608	668103.04773891	5.236025525831179E7
14394	26610	4608	667519.2651002674	5.2323650510070354E7
14507	26804	4608	666935.977326675	5.2287070396208E7
14560	26896	4608	666353.183996417	5.225051489983948E7
14598	27003	4608	665770.8846881526	5.221398400409205E7
4031	10126	4536	665189.0789809183	5.217747769210555E7
3701	9639	4480	664607.7664541244	5.214099594703225E7
4088	10217	4480	664026.946687558	5.210453875203703E7
9725	19129	4384	663446.6192613799	5.2068106090297215E7
3814	9798	4360	662866.783756126	5.203169794500263E7
934	3677	4352	662287.4397527048	5.199531429935552E7
1032	3957	4352	661708.5868324006	5.1958955136570714E7
1145	4456	4352	661130.2245768697	5.192262043987541E7
1255	4720	4352	660552.3525681419	5.188631019250928E7
1364	4996	4352	659974.9703886195	5.185002437772445E7
1760	6199	4352	659398.0776210764	5.181376297878542E7
1866	6433	4352	658821.673848659	5.177752597896913E7
1890	6484	4352	658245.7586548857	5.1741313361564964E7
2144	6985	4352	657670.3316236449	5.170512510987465E7
2204	7105	4352	657095.3923391973	5.166896120721235E7
2383	7510	4352	656520.9403861725	5.163282163690452E7
2561	7780	4352	655946.9753495713	5.159670638229006E7
2689	8051	4352	655373.4968147633	5.156061542672016E7
2702	8071	4352	654800.504367489	5.152454875355843E7
2709	8083	4352	654227.9975938563	5.148850634618073E7
3031	8602	4352	653655.9760803428	5.145248818797531E7
3049	8632	4352	653084.4394137935	5.141649426234264E7
3072	8676	4352	652513.3871814229	5.1380524552695625E7
3137	8763	4352	651942.8189708117	5.134457904245937E7
3240	8919	4352	651372.7343699085	5.130865771507126E7
3794	9774	4352	650803.1329670283	5.127276055398098E7
3805	9787	4352	650234.0143508533	5.123688754265047E7
4599	11190	4352	649665.3781104313	5.120103866455389E7
4813	11539	4352	649097.2238351766	5.116521390317771E7
4820	11551	4352	648529.551114869	5.112941324202061E7
4883	11652	4352	647962.359539652	5.109363666459337E7
5199	12119	4352	647395.648700035	5.105788415441911E7
5203	12126	4352	646829.4181868928	5.1022155695033155E7
5446	12505	4352	646263.6675914627	5.098645126998297E7
5618	12743	4352	645698.396505346	5.0950770862828165E7
6143	13473	4352	645133.6045205088	5.091511445714064E7
6172	13525	4352	644569.2912292778	5.087948203650428E7
6601	14221	4352	644005.4562243447	5.0843873584515296E7
6687	14358	4352	643442.0990987621	5.080828908478192E7
6760	14471	4352	642879.2194459451	5.077272852092452E7
6811	14554	4352	642316.8168596707	5.073719187657567E7
7145	15149	4352	641754.8909340766	5.070167913537995E7
7159	15175	4352	641193.4412636618	5.0666190280994095E7
7197	15244	4352	640632.4674432859	5.0630725297086895E7
7227	15288	4352	640071.9690681685	5.059528416733925E7
7441	15595	4352	639511.9457338896	5.055986687544411E7
7472	15635	4352	638952.3970363879	5.052447340510646E7
7516	15694	4352	638393.322571963	5.048910374004343E7
7547	15734	4352	637834.7219372711	5.045375786398404E7
7551	15739	4352	637276.5947293283	5.041843576066943E7
7623	15830	4352	636718.940545509	5.0383137413852766E7
7635	15844	4352	636161.7589835447	5.034786280729916E7
7692	15929	4352	635605.0496415253	5.03126119247858E7
7835	16115	4352	635048.8121178967	5.027738475010178E7
7844	16127	4352	634493.0460114629	5.0242181267048255E7
7919	16221	4352	633937.7509213832	5.0207001459438264E7
7935	16245	4352	633382.9264471731	5.017184531109682E7
7938	16248	4352	632828.572188705	5.013671280586095E7
7959	16277	4352	632274.6877462058	5.0101603927579574E7
7971	16293	4352	631721.2727202578	5.006651866011352E7
8151	16582	4352	631168.3267117976	5.0031456987335555E7
8156	16597	4352	630615.849322117	4.999641889313037E7
8236	16724	4352	630063.8401528612	4.996140436139451E7
8304	16826	4352	629512.2988060293	4.992641337603645E7
8450	17090	4352	628961.2248839746	4.989144592097657E7
8479	17148	4352	628410.6179894014	4.9856501980146974E7
8535	17239	4352	627860.4777253692	4.982158153749182E7
8633	17412	4352	627310.8036952881	4.978668457696698E7
8755	17589	4352	626761.5955029211	4.97518110825402E7
8928	17856	4352	626212.8527523829	4.97169610381911E7
8988	17937	4352	625664.5750481391	4.9682134427911066E7
9055	18040	4352	625116.761995006	4.964733123570327E7
9060	18045	4352	624569.413198152	4.961255144558275E7
9182	18224	4352	624022.5282630943	4.9577795041576296E7
9215	18291	4352	623476.1067957011	4.954306200772248E7
9286	18383	4352	622930.1484021905	4.9508352328071706E7
9295	18394	4352	622384.6526891285	4.9473665986686E7
9424	18643	4352	621839.6192634318	4.943900296763927E7
9609	18936	4352	621295.0477323643	4.940436325501707E7
9663	19022	4352	620750.9377035399	4.936974683291682E7
9691	19079	4352	620207.2887849185	4.933515368544747E7
9753	19178	4352	619664.1005848101	4.930058379672987E7
10253	19968	4352	619121.3727118694	4.9266037150896415E7
10274	19996	4352	618579.1047751	4.92315137320913E7
10580	20446	4352	618037.2963838519	4.919701352447036E7
10733	20634	4352	617495.9471478203	4.916253651220109E7
10861	20786	4352	616955.0566770475	4.912808267946268E7
10869	20794	4352	616414.6245819221	4.9093652010445975E7
10917	20853	4352	615874.6504731758	4.9059244489353396E7
10929	20866	4352	615335.1339618878	4.902486010039911E7
10957	20902	4352	614796.0746594805	4.899049882780882E7
11021	20978	4352	614257.472177721	4.895616065581986E7
11048	21016	4352	613719.3261287207	4.892184556868122E7
11100	21078	4352	613181.636124934	4.88875535506534E7
11143	21130	4352	612644.4017791596	4.885328458600855E7
11176	21173	4352	612107.6227045387	4.881903865903039E7
11230	21234	4352	611571.2985145554	4.878481575401418E7
11235	21240	4352	611035.4288230357	4.875061585526675E7
11255	21263	4352	610500.0132441485	4.871643894710648E7
11291	21307	4352	609965.0513924039	4.8682285013863325E7
11441	21482	4352	609430.5428826537	4.864815403987869E7
11547	21623	4352	608896.4873300899	4.861404600950553E7
11623	21741	4352	608362.8843502465	4.857996090710835E7
11646	21767	4352	607829.7335589972	4.854589871706312E7
11760	21918	4352	607297.034572556	4.8511859423757285E7
11955	22183	4352	606764.7870074768	4.847784301158981E7
12072	22341	4352	606232.9904806523	4.844384946497109E7
12208	22527	4352	605701.6446093154	4.840987876832302E7
12765	23274	4352	605170.7490110369	4.8375930906078935E7
12936	23499	4352	604640.3033037264	4.834200586268358E7
12993	24586	4352	604110.3071056323	4.830810362259322E7
13008	24606	4352	603580.7600353394	4.827422417027543E7
13024	24625	4352	603051.6617117706	4.8240367490209244E7
13206	24851	4352	602523.011754187	4.8206533566885166E7
13359	25054	4352	601994.8097821856	4.817272238480501E7
13361	25056	4352	601467.0554156998	4.813893392848201E7
13580	25384	4352	600939.748275	4.810516818244078E7
13628	25454	4352	600412.8879806913	4.807142513121728E7
13676	25558	4352	599886.4741537154	4.803770475935885E7
13725	25657	4352	599360.5064153495	4.800400705142419E7
13834	25810	4352	598834.9843872049	4.7970331991983324E7
13873	25867	4352	598309.9076912276	4.793667956561757E7
13960	25985	4352	597785.275949698	4.79030497569196E7
14117	26202	4352	597261.0887852313	4.7869442550493434E7
14206	26339	4352	596737.3458207754	4.783585793095434E7
12045	22308	4224	596214.0466796113	4.780229588292886E7
2980	8513	4128	595691.1909853545	4.776875639105492E7
212	792	4096	595168.7783619514	4.773523943998159E7
363	1682	4096	594646.8084336824	4.770174501436931E7
610	2629	4096	594125.2808251583	4.7668273098889686E7
723	3111	4096	593604.1951613241	4.7634823678225696E7
730	3140	4096	593083.5510674532	4.76013967370714E7
745	3226	4096	592563.3481691524	4.756799226013219E7
776	3287	4096	592043.5860923587	4.753461023212465E7
815	3351	4096	591524.2644633389	4.750125063777656E7
945	3714	4096	591005.3829086912	4.746791346182692E7
1147	4465	4096	590486.9410553423	4.7434598689025894E7
1313	4810	4096	589968.9385305501	4.740130630413487E7
1320	4818	4096	589451.3749619004	4.736803629192638E7
1384	5060	4096	588934.2499773077	4.733478863718405E7
1386	5062	4096	588417.5632050168	4.730156332470282E7
1387	5064	4096	587901.3142735993	4.726836033928866E7
1388	5066	4096	587385.5028119548	4.723517966575865E7
1391	5069	4096	586870.1284493111	4.720202128894106E7
1462	5428	4096	586355.1908152242	4.716888519367532E7
1484	5480	4096	585840.6895395751	4.713577136481184E7
1534	5562	4096	585326.6242525734	4.710267978721223E7
1743	6142	4096	584812.9945847534	4.7069610445749134E7
1818	6351	4096	584299.8001669778	4.703656332530633E7
1827	6361	4096	583787.0406304328	4.7003538410778604E7
1875	6456	4096	583274.7156066312	4.6970535687071845E7
1886	6478	4096	582762.8247274115	4.6937555139103E7
1927	6566	4096	582251.3676249356	4.6904596751800016E7
1956	6641	4096	581740.3439316914	4.687166051010193E7
2079	6859	4096	581229.7532804902	4.6838746398958765E7
2186	7063	4096	580719.5953044676	4.680585440333157E7
2210	7120	4096	580209.8696370824	4.67729845081924E7
2253	7224	4096	579700.5759121177	4.674013669852432E7
2292	7314	4096	579191.7137636787	4.670731095932138E7
2332	7407	4096	578683.2828261938	4.6674507275588624E7
2349	7458	4096	578175.2827344133	4.6641725632342E7
2355	7468	4096	577667.7131234101	4.660896601460851E7
2367	7484	4096	577160.5736285789	4.657622840742607E7
2397	7527	4096	576653.8638856356	4.654351279584352E7
2400	7532	4096	576147.5835306172	4.651081916492063E7
2411	7549	4096	575641.732199882	4.647814749972816E7
2431	7576	4096	575136.3095301089	4.644549778534774E7
2496	7665	4096	574631.3151582968	4.641287000687192E7
2499	7669	4096	574126.7487217641	4.638026414940409E7
2506	7677	4096	573622.6098581498	4.634768019805864E7
2507	7678	4096	573118.8982054119	4.631511813796079E7
2577	7810	4096	572615.6134018272	4.628257795424658E7
2648	7962	4096	572112.7550859918	4.625005963206303E7
2661	7991	4096	571610.3228968192	4.621756315656787E7
2703	8072	4096	571108.3164735424	4.618508851292979E7
2704	8075	4096	570606.7354557109	4.6152635686328255E7
2731	8125	4096	570105.5794831935	4.612020466195363E7
2759	8180	4096	569604.8481961746	4.608779542500703E7
2786	8219	4096	569104.5412351555	4.605540796070035E7
2832	8291	4096	568604.6582409557	4.60230422542564E7
2926	8424	4096	568105.1988547097	4.599069829090868E7
2960	8474	4096	567606.1627178685	4.5958376055901535E7
2966	8491	4096	567107.5494721986	4.592607553449004E7
3087	8693	4096	566609.3587597823	4.589379671194008E7
3109	8726	4096	566111.5902230167	4.5861539573528245E7
3115	8735	4096	565614.2435046139	4.5829304104541905E7
3139	8766	4096	565117.3182476012	4.579709029027923E7
3155	8794	4096	564620.8140953184	4.576489811604897E7
3301	9015	4096	564124.7306914211	4.5732727567170724E7
3335	9069	4096	563629.0676798777	4.570057862897479E7
3361	9103	4096	563133.8247049697	4.566845128680209E7
3463	9259	4096	562639.0014112924	4.563634552600434E7
3477	9280	4096	562144.5974437528	4.560426133194385E7
3522	9353	4096	561650.6124475716	4.557219868999368E7
3528	9363	4096	561157.0460682815	4.5540157585537575E7
3532	9368	4096	560663.8979517253	4.5508138003969826E7
3549	9397	4096	560171.1677440598	4.547613993069551E7
3569	9436	4096	559678.8550917518	4.544416335113027E7
3584	9460	4096	559186.9596415788	4.541220825070036E7
3586	9463	4096	558695.4810406301	4.538027461484275E7
3591	9472	4096	558204.4189363045	4.534836242900497E7
3671	9596	4096	557713.7729763113	4.531647167864515E7
3676	9602	4096	557223.5428086689	4.528460234923202E7
3677	9603	4096	556733.7280817062	4.5252754426244915E7
3683	9611	4096	556244.3284440612	4.5220927895173796E7
3684	9612	4096	555755.34354468	4.518912274151911E7
3691	9621	4096	555266.7730328179	4.5157338950791895E7
3699	9636	4096	554778.6165580389	4.5125576508513816E7
3729	9680	4096	554290.8737702144	4.509383540021699E7
3788	9763	4096	553803.544319524	4.5062115611444145E7
3833	9819	4096	553316.6278564545	4.503041712774848E7
3934	9977	4096	552830.1240317994	4.499873993469373E7
3942	9990	4096	552344.0324966605	4.4967084017854206E7
3945	9994	4096	551858.3529024448	4.493544936281462E7
3955	10006	4096	551373.0849008663	4.490383595517027E7
3957	10009	4096	550888.2281439451	4.487224378052689E7
3964	10016	4096	550403.7822840065	4.4840672824500725E7
3967	10020	4096	549919.7469736815	4.4809123072718434E7
3979	10039	4096	549436.1218659062	4.47775945108172E7
3988	10057	4096	548952.9066139221	4.474608712444464E7
3993	10070	4096	548470.1008712745	4.4714600899258815E7
4038	10135	4096	547987.704291813	4.468313582092818E7
4045	10153	4096	547505.7165296919	4.465169187513168E7
4073	10190	4096	547024.1372393689	4.462026904755868E7
4084	10210	4096	546542.9660756045	4.458886732390888E7
4093	10224	4096	546062.2026934632	4.455748668989245E7
4102	10238	4096	545581.846748312	4.4526127131229945E7
4119	10274	4096	545101.8978958204	4.4494788633652285E7
4153	10346	4096	544622.3557919601	4.446347118290078E7
4159	10353	4096	544143.2200930049	4.443217476472706E7
4182	10409	4096	543664.4904555307	4.440089936489323E7
4198	10444	4096	543186.1665364143	4.4369644969171636E7
4199	10445	4096	542708.2479928335	4.433841156334499E7
4276	10602	4096	542230.7344822674	4.4307199133206375E7
4285	10617	4096	541753.6256624956	4.427600766455917E7
4291	10630	4096	541276.9211915977	4.4244837143217064E7
4356	10742	4096	540800.6207279539	4.42136875550041E7
4482	10985	4096	540324.7239302429	4.4182558885754555E7
4516	11049	4096	539849.2304574447	4.4151451121313065E7
4575	11151	4096	539374.1399688366	4.4120364247534506E7
4609	11206	4096	538899.4521239955	4.408929825028402E7
4616	11220	4096	538425.1665827974	4.405825311543707E7
4617	11221	4096	537951.2830054162	4.402722882887934E7
4630	11240	4096	537477.8010523232	4.3996225376506746E7
4695	11349	4096	537004.7203842886	4.3965242744225495E7
4731	11410	4096	536532.0406623791	4.3934280917952E7
4733	11413	4096	536059.7615479587	4.390333988361285E7
4748	11431	4096	535587.8827026894	4.3872419627144985E7
4766	11470	4096	535116.4037885284	4.384152013449541E7
4773	11479	4096	534645.3244677295	4.381064139162139E7
4823	11557	4096	534174.6444028438	4.377978338449042E7
4839	11584	4096	533704.3632567164	4.374894609908011E7
4868	11625	4096	533234.4806924887	4.3718129521378264E7
4923	11714	4096	532764.9963735983	4.368733363738292E7
4925	11717	4096	532295.909963776	4.365655843310215E7
4926	11718	4096	531827.2211270484	4.36258038945543E7
5114	11988	4096	531358.9295277364	4.35950700077678E7
5120	11996	4096	530891.0348304543	4.356435675878119E7
5152	12051	4096	530423.5367001106	4.353366413364314E7
5165	12069	4096	529956.4348019084	4.350299211841254E7
5211	12135	4096	529489.7288013424	4.3472340699158244E7
5245	12185	4096	529023.4183642013	4.34417098619593E7
5350	12364	4096	528557.5031565665	4.3411099592904836E7
5351	12365	4096	528091.9828448115	4.338050987809403E7
5390	12426	4096	527626.8570956019	4.334994070363614E7
5436	12494	4096	527162.1255758959	4.3319392055650555E7
5476	12545	4096	526697.7879529423	4.328886392026663E7
5505	12586	4096	526233.8438942826	4.325835628362386E7
5526	12614	4096	525770.293067748	4.322786913187173E7
5636	12766	4096	525307.1351414614	4.3197402451169774E7
5648	12780	4096	524844.3697838355	4.316695622768752E7
5680	12829	4096	524381.9966635742	4.313653044760462E7
5700	12855	4096	523920.0154496711	4.310612509711062E7
5708	12866	4096	523458.4258114088	4.3075740162405126E7
5730	12894	4096	522997.2274183599	4.304537562969771E7
5751	12923	4096	522536.41994038626	4.3015031485207975E7
5801	12987	4096	522076.00304763863	4.298470771516548E7
5827	13022	4096	521615.97641055565	4.295440430580971E7
5860	13065	4096	521156.3396998658	4.29241212433902E7
5882	13097	4096	520697.092586584	4.2893858514166355E7
5884	13100	4096	520238.2347420143	4.28636161044076E7
5917	13136	4096	519779.76583774714	4.283339400039323E7
5936	13162	4096	519321.6855456611	4.280319218841251E7
5957	13191	4096	518863.99353792163	4.277301065476463E7
5973	13211	4096	518406.68948698044	4.2742849385758676E7
6032	13287	4096	517949.77306557633	4.271270836771365E7
6041	13304	4096	517493.24394673377	4.2682587586958446E7
6067	13344	4096	517037.1018037633	4.265248702983186E7
6093	13384	4096	516581.34631026146	4.2622406682682544E7
6099	13398	4096	516125.97714010935	4.259234653186904E7
6148	13482	4096	515670.99396747415	4.2562306563759774E7
6165	13513	4096	515216.3964668074	4.253228676473301E7
6170	13522	4096	514762.1843128453	4.2502287121176854E7
6193	13557	4096	514308.3571806082	4.2472307619489275E7
6194	13559	4096	513854.91474540095	4.244234824607806E7
6208	13583	4096	513401.8566828112	4.241240898736082E7
6228	13614	4096	512949.1826687118	4.2382489829765E7
6230	13616	4096	512496.89237925695	4.235259075972784E7
6231	13618	4096	512044.9854908853	4.232271176369641E7
6240	13630	4096	511593.46168031695	4.229285282812751E7
6298	13721	4096	511142.32062455587	4.22630139394878E7
6309	13740	4096	510691.56200088694	4.223319508425368E7
6336	13781	4096	510241.1854868779	4.220339624891133E7
6345	13794	4096	509791.19076037756	4.2173617419956684E7
6347	13799	4096	509341.57749951637	4.214385858389544E7
6348	13802	4096	508892.34538270603	4.211411972724305E7
6364	13823	4096	508443.49408863834	4.208440083652466E7
6402	13877	4096	507995.0232962869	4.205470189827522E7
6420	13912	4096	507546.9326849045	4.202502289903933E7
6427	13930	4096	507099.2219340251	4.199536382537138E7
6431	13935	4096	506651.89072346146	4.196572466383538E7
6436	13943	4096	506204.93873330683	4.193610540100513E7
6456	13972	4096	505758.36564393266	4.190650602346403E7
6462	13985	4096	505312.17113599036	4.187692651780523E7
6479	14015	4096	504866.35489041	4.184736687063158E7
6530	14102	4096	504420.9165883992	4.181782706855549E7
6540	14116	4096	503975.8559114455	4.178830709819915E7
6593	14206	4096	503531.1725413126	4.17588069461943E7
6740	14443	4096	503086.8661600431	4.17293265991824E7
6793	14523	4096	502642.9364499571	4.169986604381452E7
6797	14536	4096	502199.3830936506	4.1670425266751334E7
6836	14600	4096	501756.2057739987	4.16410042546632E7
6848	14628	4096	501313.4041741517	4.1611602994230054E7
6870	14663	4096	500870.9779775356	4.158222147214138E7
6879	14679	4096	500428.92686785455	4.155285967509636E7
6888	14690	4096	499987.25052908744	4.1523517589803725E7
6895	14703	4096	499545.9486454892	4.149419520298181E7
6942	14784	4096	499105.02090158896	4.1464892501358405E7
6984	14857	4096	498664.4669821928	4.1435609471671045E7
6999	14886	4096	498224.28657238046	4.140634610066671E7
7066	15014	4096	497784.4793575071	4.137710237510199E7
7070	15022	4096	497345.0450232013	4.134787828174297E7
7080	15043	4096	496905.9832553663	4.131867380736528E7
7083	15048	4096	496467.29374017933	4.128948893875412E7
7122	15116	4096	496028.9761640908	4.126032366270417E7
7124	15118	4096	495591.0302138249	4.123117796601964E7
7177	15213	4096	495153.45557637856	4.1202051835514255E7
7189	15233	4096	494716.25193902163	4.117294525801121E7
7204	15256	4096	494279.4189892965	4.11438582203432E7
7219	15276	4096	493842.95641501795	4.111479070935243E7
7299	15403	4096	493406.8639042723	4.108574271189052E7
7303	15410	4096	492971.14114541886	4.105671421481863E7
7306	15413	4096	492535.7878270875	4.102770520500734E7
7343	15466	4096	492100.8036381795	4.099871566933667E7
7353	15479	4096	491666.1882678671	4.096974559469608E7
7354	15480	4096	491231.94140559435	4.094079496798455E7
7366	15494	4096	490798.0627410742	4.091186377611038E7
7367	15495	4096	490364.551964291	4.088295200599134E7
7409	15545	4096	489931.4087654995	4.085405964455465E7
7412	15550	4096	489498.63283522235	4.0825186678736836E7
7417	15558	4096	489066.2238642541	4.079633309548395E7
7426	15572	4096	488634.1815436565	4.076749888175132E7
7428	15577	4096	488202.50556476205	4.073868402450374E7
7431	15582	4096	487771.1956191708	4.070988851071534E7
7440	15594	4096	487340.251398752	4.068111232736963E7
7457	15613	4096	486909.67259564204	4.065235546145944E7
7458	15614	4096	486479.45890224766	4.062361789998707E7
7494	15664	4096	486049.6100112404	4.059489962996401E7
7498	15668	4096	485620.1256155619	4.056620063841121E7
7521	15700	4096	485191.00540841965	4.05375209123589E7
7522	15702	4096	484762.2490832884	4.050886043884665E7
7528	15710	4096	484333.8563339097	4.0480219204923294E7
7529	15711	4096	483905.82685429195	4.0451597197647065E7
7535	15721	4096	483478.1603387094	4.0422994404085435E7
7536	15722	4096	483050.8564817024	4.039441081131516E7
7539	15725	4096	482623.91497807734	4.036584640642233E7
7541	15727	4096	482197.33552290575	4.033730117650228E7
7556	15745	4096	481771.1178115247	4.030877510865963E7
7560	15752	4096	481345.2615395366	4.028026819000828E7
7575	15770	4096	480919.7664028078	4.025178040767133E7
7583	15781	4096	480494.63209746976	4.0223311748781174E7
7589	15788	4096	480069.85831991804	4.019486220047944E7
7592	15793	4096	479645.4447668123	4.016643174991697E7
7605	15807	4096	479221.39113507693	4.013802038425391E7
7610	15814	4096	478797.69712189754	4.010962809065947E7
7611	15815	4096	478374.36242472555	4.0081254856312245E7
7620	15826	4096	477951.38674127386	4.005290066839993E7
7630	15838	4096	477528.769769519	4.002456551411944E7
7639	15849	4096	477106.5112076998	3.999624938067689E7
7642	15852	4096	476684.610754317	3.996795225528755E7
7648	15858	4096	476263.06810813415	3.993967412517591E7
7649	15859	4096	475841.88296817587	3.991141497757557E7
7652	15867	4096	475421.05503372935	3.9883174799729355E7
7659	15875	4096	475000.5840043424	3.98549535788892E7
7665	15889	4096	474580.46957982384	3.9826751302316174E7
7666	15890	4096	474160.7114602437	3.979856795728051E7
7668	15892	4096	473741.30934593274	3.977040353106158E7
7670	15894	4096	473322.2629374822	3.974225801094788E7
7677	15904	4096	472903.57193574257	3.971413138423698E7
7679	15909	4096	472485.2360418251	3.968602363823559E7
7691	15928	4096	472067.2549571004	3.965793476025953E7
7695	15934	4096	471649.62838319835	3.962986473763368E7
7698	15938	4096	471232.35602200835	3.960181355769205E7
7708	15954	4096	470815.43757567846	3.9573781207777694E7
7710	15958	4096	470398.87274661567	3.9545767675242774E7
7712	15960	4096	469982.6612374851	3.951777294744848E7
7713	15961	4096	469566.80275121034	3.9489797011765085E7
7721	15973	4096	469151.2969909724	3.946183985557188E7
7730	15984	4096	468736.1436602111	3.943390146625725E7
7732	15987	4096	468321.3424626224	3.940598183121856E7
7744	16004	4096	467906.89310216065	3.937808093786226E7
7745	16006	4096	467492.7952830364	3.9350198773603775E7
7746	16007	4096	467079.0487097179	3.9322335325867586E7
7756	16018	4096	466665.6530869285	3.929449058208711E7
7757	16019	4096	466252.6081196493	3.926666452970486E7
7758	16020	4096	465839.91351311654	3.9238857156172276E7
7761	16024	4096	465427.56897282274	3.921106844894981E7
7764	16027	4096	465015.5742045156	3.918329839550685E7
7766	16029	4096	464603.92891419854	3.915554698332182E7
7770	16035	4096	464192.6328081297	3.9127814199882075E7
7773	16038	4096	463781.6855928225	3.910010003268392E7
7775	16042	4096	463371.0869750445	3.907240446923261E7
7796	16065	4096	462960.8366618184	3.9044727497042365E7
7797	16066	4096	462550.93436042	3.90170691036363E7
7802	16072	4096	462141.37977838004	3.898942927654653E7
7804	16074	4096	461732.17262348207	3.896180800331399E7
7812	16083	4096	461323.312603764	3.8934205271488614E7
7813	16084	4096	460914.7994275164	3.8906621068629235E7
7831	16108	4096	460506.63280328235	3.88790553823035E7
7832	16110	4096	460098.8124398586	3.885150820008805E7
7838	16118	4096	459691.3380462943	3.882397950956839E7
7847	16131	4096	459284.2093318895	3.879646929833882E7
7848	16132	4096	458877.4260061986	3.876897755400265E7
7851	16136	4096	458470.9877790261	3.8741504264171965E7
7856	16143	4096	458064.89436042804	3.8714049416467674E7
7857	16144	4096	457659.1454607129	3.8686612998519644E7
7858	16147	4096	457253.7407904394	3.865919499796649E7
7859	16149	4096	456848.6800604173	3.8631795402455695E7
7862	16152	4096	456443.9629817072	3.860441419964361E7
7879	16171	4096	456039.5892656202	3.8577051377195366E7
7883	16175	4096	455635.5586237167	3.8549706922784865E7
7887	16180	4096	455231.8707678083	3.8522380824094914E7
7892	16185	4096	454828.5254099555	3.849507306881707E7
7897	16191	4096	454425.5222624682	3.846778364465167E7
7900	16195	4096	454022.8610379059	3.844051253930784E7
7901	16197	4096	453620.54144907754	3.841325974050354E7
7906	16205	4096	453218.5632090399	3.8386025235965446E7
7911	16210	4096	452816.92603109847	3.835880901342899E7
7916	16218	4096	452415.6296288077	3.8331611060638435E7
7924	16230	4096	452014.6737159699	3.8304431365346715E7
7925	16231	4096	451614.05800663476	3.8277269915315546E7
7930	16237	4096	451213.7822151003	3.8250126698315404E7
7931	16238	4096	450813.84605591104	3.822300170212542E7
7933	16243	4096	450414.24924385996	3.8195894914533556E7
7939	16250	4096	450014.99149398535	3.816880632333638E7
7940	16251	4096	449616.0725215739	3.8141735916339256E7
7946	16259	4096	449217.49204215757	3.811468368135621E7
7947	16260	4096	448819.2497715151	3.808764960620997E7
7962	16281	4096	448421.3454256711	3.8060633678731956E7
7970	16290	4096	448023.7787208963	3.803363588676228E7
7972	16294	4096	447626.5493737064	3.8006656218149684E7
7974	16296	4096	447229.6571008628	3.797969466075164E7
7975	16297	4096	446833.10161937226	3.795275120243424E7
7976	16298	4096	446436.8826464864	3.7925825831072286E7
7977	16300	4096	446040.99989970075	3.789891853454912E7
7979	16302	4096	445645.4530967559	3.787202930075681E7
7983	16307	4096	445250.24195563694	3.7845158117596075E7
7989	16314	4096	444855.36619457236	3.781830497297619E7
7992	16319	4096	444460.8255320346	3.77914698548151E7
7999	16331	4096	444066.6196867396	3.7764652751039304E7
8002	16335	4096	443672.74837764684	3.773785364958401E7
8006	16339	4096	443279.2113239587	3.771107253839294E7
8008	16341	4096	442886.00824512064	3.768430940541843E7
8009	16342	4096	442493.1388608203	3.765756423862142E7
8010	16343	4096	442100.6028909878	3.763083702597138E7
8011	16344	4096	441708.4000557959	3.760412775544643E7
8014	16350	4096	441316.5300756594	3.75774364150332E7
8018	16356	4096	440924.9926712337	3.755076299272686E7
8020	16358	4096	440533.78756341746	3.7524107476531215E7
8023	16362	4096	440142.91447334894	3.7497469854458526E7
8024	16363	4096	439752.37312240846	3.747085011452963E7
8027	16366	4096	439362.16323221725	3.744424824477392E7
8032	16371	4096	438972.28452463646	3.7417664233229265E7
8033	16372	4096	438582.73672176804	3.739109806794207E7
8036	16377	4096	438193.5195459547	3.736454973696729E7
8037	16378	4096	437804.6327197778	3.7338019228368305E7
8038	16379	4096	437416.07596605964	3.731150653021707E7
8081	16463	4096	437027.84900786105	3.728501163059395E7
8108	16509	4096	436639.9515684835	3.7258534517587915E7
8145	16569	4096	436252.38337146584	3.723207517929628E7
8153	16594	4096	435865.14414058713	3.7205633603824906E7
8158	16599	4096	435478.23359986464	3.717920977928813E7
8162	16604	4096	435091.65147355373	3.715280369380868E7
8164	16606	4096	434705.39748614805	3.712641533551778E7
8196	16664	4096	434319.47136237967	3.71000446925551E7
8232	16712	4096	433933.8728272178	3.7073691753068715E7
8234	16715	4096	433548.60160587006	3.70473565052152E7
8294	16813	4096	433163.65742378007	3.702103893715944E7
8334	16885	4096	432779.0400066298	3.699473903707486E7
8361	16929	4096	432394.74908033735	3.69684567931432E7
8362	16931	4096	432010.784371058	3.694219219355468E7
8366	16942	4096	431627.1456051828	3.691594522650783E7
8386	16983	4096	431243.83250933944	3.688971588020965E7
8393	16999	4096	430860.84481039154	3.6863504142875455E7
8424	17049	4096	430478.1822354386	3.683731000272902E7
8522	17222	4096	430095.84451181587	3.681113344800243E7
8562	17293	4096	429713.83136709314	3.678497446693613E7
8585	17334	4096	429332.14252907643	3.6758833047778964E7
8596	17354	4096	428950.7777258057	3.673270917878808E7
8610	17380	4096	428569.7366855561	3.6706602848229E7
8625	17400	4096	428189.0191368374	3.6680514044375576E7
8634	17414	4096	427808.6248083933	3.6654442755509995E7
8636	17418	4096	427428.5534292013	3.662838896992273E7
8637	17420	4096	427048.8047284738	3.6602352675912656E7
8638	17421	4096	426669.3784356558	3.657633386178687E7
8639	17422	4096	426290.2742804258	3.655033251586082E7
8652	17445	4096	425911.49199269596	3.652434862645823E7
8658	17453	4096	425533.0313026112	3.649838218191115E7
8661	17458	4096	425154.89194054913	3.647243317055987E7
8668	17466	4096	424777.07363711955	3.644650158075297E7
8670	17468	4096	424399.5761231658	3.6420587400847346E7
8671	17471	4096	424022.39912976173	3.6394690619208105E7
8675	17479	4096	423645.5423882144	3.6368811224208616E7
8676	17480	4096	423269.00563006144	3.6342949204230525E7
8686	17496	4096	422892.7885870733	3.631710454766372E7
8690	17502	4096	422516.89099125046	3.629127724290632E7
8693	17505	4096	422141.31257482467	3.626546727836463E7
8699	17513	4096	421766.0530702595	3.62396746424533E7
8704	17519	4096	421391.1122102478	3.621389932359507E7
8709	17526	4096	421016.48972771387	3.618814131022097E7
8713	17530	4096	420642.18535581144	3.6162400590770215E7
8719	17537	4096	420268.1988279249	3.613667715369023E7
8725	17549	4096	419894.5298776676	3.6110970987436585E7
8734	17560	4096	419521.1782388835	3.608528208047311E7
8740	17573	4096	419148.143645645	3.605961042127177E7
8745	17578	4096	418775.42583225406	3.60339559983127E7
8768	17608	4096	418403.02453324164	3.600831880008424E7
8773	17619	4096	418030.9394833669	3.5982698815082826E7
8780	17627	4096	417659.1704176184	3.595709603181314E7
8787	17639	4096	417287.71707121225	3.593151043878792E7
8796	17649	4096	416916.57917959284	3.590594202452811E7
8806	17670	4096	416545.7564784322	3.588039077756273E7
8813	17680	4096	416175.24870363105	3.585485668642902E7
8818	17688	4096	415805.05559131625	3.5829339739672236E7
8821	17692	4096	415435.1768778428	3.5803839925845824E7
8822	17693	4096	415065.61229979264	3.577835723351133E7
8828	17699	4096	414696.36159397365	3.575289165123835E7
8831	17703	4096	414327.4244974215	3.572744316760463E7
8836	17710	4096	413958.80074739794	3.5702011771196015E7
8845	17731	4096	413590.49008139066	3.56765974506064E7
8847	17736	4096	413222.4922371132	3.565120019443773E7
8871	17766	4096	412854.8069525056	3.5625819991300106E7
8874	17770	4096	412487.43396573304	3.560045682981163E7
8899	17817	4096	412120.37301518564	3.557511069859847E7
8906	17825	4096	411753.62383947975	3.554978158629486E7
8910	17830	4096	411387.18617745576	3.552446948154309E7
8975	17920	4096	411021.05976817943	3.5499174372993454E7
8978	17924	4096	410655.2443509407	3.547389624930432E7
8983	17930	4096	410289.73966525384	3.5448635099142045E7
8984	17931	4096	409924.54545085714	3.542339091118101E7
8991	17940	4096	409559.66144771373	3.539816367410367E7
8998	17948	4096	409195.0873960091	3.537295337660038E7
9002	17953	4096	408830.8230361534	3.53477600073696E7
9007	17958	4096	408466.86810877966	3.5322583555117734E7
9008	17959	4096	408103.2223547438	3.529742400855919E7
9018	17972	4096	407739.88551512506	3.527228135641634E7
9021	17976	4096	407376.8573312248	3.524715558741951E7
9037	17996	4096	407014.13754456775	3.522204669030709E7
9038	18001	4096	406651.72589690035	3.519695465382535E7
9041	18022	4096	406289.62213019136	3.517187946672855E7
9046	18030	4096	405927.8259866307	3.514682111777886E7
9056	18041	4096	405566.33720863133	3.512177959574646E7
9074	18070	4096	405205.1555388264	3.509675488940941E7
9076	18072	4096	404844.2807200713	3.507174698755375E7
9077	18074	4096	404483.71249544184	3.5046755878973424E7
9078	18075	4096	404123.4506082349	3.502178155247027E7
9080	18078	4096	403763.4948019683	3.49968239968541E7
9081	18080	4096	403403.8448203798	3.497188320094256E7
9084	18086	4096	403044.50040742767	3.494695915356125E7
9086	18088	4096	402685.46130729053	3.492205184354366E7
9087	18089	4096	402326.7272643669	3.489716125973118E7
9088	18090	4096	401968.29802327405	3.487228739097301E7
9092	18097	4096	401610.1733288497	3.484743022612632E7
9105	18112	4096	401252.3529261504	3.4822589754056096E7
9119	18133	4096	400894.83656045195	3.4797765963635206E7
9123	18137	4096	400537.62397724873	3.477295884374435E7
9124	18138	4096	400180.7149222538	3.474816838327212E7
9125	18139	4096	399824.10914139915	3.472339457111493E7
9127	18141	4096	399467.8063808343	3.469863739617703E7
9128	18143	4096	399111.80638692743	3.467389684737052E7
9130	18146	4096	398756.1089062643	3.46491729136153E7
9140	18163	4096	398400.7136856482	3.462446558383911E7
9151	18179	4096	398045.62047210045	3.4599774846977524E7
9153	18181	4096	397690.82901285903	3.45751006919739E7
9156	18185	4096	397336.33905537904	3.455044310777937E7
9172	18207	4096	396982.1503473328	3.452580208335294E7
9178	18219	4096	396628.26263660874	3.450117760766131E7
9179	18220	4096	396274.6756713123	3.447656966967904E7
9181	18223	4096	395921.3891997651	3.445197825838845E7
9185	18228	4096	395568.4029705045	3.442740336277961E7
9190	18236	4096	395215.7167322838	3.440284497185036E7
9194	18249	4096	394863.33023407223	3.437830307460632E7
9196	18251	4096	394511.24322505464	3.435377766006087E7
9197	18253	4096	394159.4554546303	3.432926871723508E7
9203	18260	4096	393807.9666724147	3.430477623515783E7
9204	18263	4096	393456.77662823733	3.428030020286571E7
9205	18264	4096	393105.8850721427	3.425584060940302E7
9206	18265	4096	392755.2917543898	3.4231397443821795E7
9207	18266	4096	392404.99642545177	3.4206970695181794E7
9209	18269	4096	392054.9988360166	3.418256035255051E7
9211	18271	4096	391705.2987369849	3.415816640500308E7
9213	18273	4096	391355.89587947185	3.413378884162238E7
9214	18278	4096	391006.7900148061	3.410942765149899E7
9228	18306	4096	390657.9808945294	3.408508282373116E7
9244	18328	4096	390309.4682703967	3.406075434742481E7
9256	18345	4096	389961.2518943756	3.403644221169354E7
9258	18347	4096	389613.3315186473	3.4012146405658655E7
9265	18355	4096	389265.70689560426	3.398786691844905E7
9271	18362	4096	388918.37777785247	3.396360373920137E7
9293	18391	4096	388571.34391820943	3.393935685705982E7
9297	18396	4096	388224.6050697044	3.391512626117629E7
9321	18479	4096	387878.16098557936	3.389091194071035E7
9334	18495	4096	387532.0114192867	3.386671388482912E7
9369	18551	4096	387186.1561244911	3.384253208270741E7
9400	18604	4096	386840.59485506784	3.381836652352764E7
9402	18608	4096	386495.3273651031	3.379421719647979E7
9427	18650	4096	386150.3534088947	3.377008409076154E7
9460	18703	4096	385805.6727409503	3.374596719557812E7
9486	18739	4096	385461.28511598805	3.372186650014234E7
9516	18786	4096	385117.1902889368	3.369778199367466E7
9550	18836	4096	384773.38801493467	3.367371366540305E7
9597	18909	4096	384429.8780493299	3.364966150456311E7
9638	18983	4096	384086.66014768137	3.362562550039804E7
9641	18986	4096	383743.73406575626	3.360160564215856E7
9655	19011	4096	383401.09955953044	3.357760191910291E7
9681	19062	4096	383058.75638519047	3.3553614320496976E7
9754	19180	4096	382716.70429913123	3.352964283561417E7
9793	19236	4096	382374.94305795553	3.3505687453735393E7
9794	19237	4096	382033.47241847566	3.348174816414916E7
9842	19316	4096	381692.2921377116	3.345782495615145E7
9848	19329	4096	381351.401972892	3.3433917819045845E7
9873	19366	4096	381010.8016814524	3.341002674214334E7
9927	19456	4096	380670.4910210377	3.3386151714762565E7
9934	19463	4096	380330.4697494988	3.336229272622957E7
9967	19509	4096	379990.7376248949	3.3338449765877943E7
9976	19518	4096	379651.2944054918	3.3314622823048744E7
10001	19570	4096	379312.1398497629	3.3290811887090582E7
10026	19611	4096	378973.27371638786	3.3267016947359484E7
10030	19616	4096	378634.6957642533	3.3243237993218992E7
10045	19639	4096	378296.40575245174	3.32194750140401E7
10095	19723	4096	377958.4034402826	3.319572799920131E7
10106	19741	4096	377620.68858725124	3.3171996938088544E7
10112	19750	4096	377283.2609530682	3.3148281820095178E7
10115	19754	4096	376946.1202976504	3.312458263462208E7
10123	19763	4096	376609.26638112013	3.310089937107753E7
10155	19816	4096	376272.69896380487	3.307723201887726E7
10177	19848	4096	375936.41780623666	3.305358056744439E7
10185	19856	4096	375600.42266915354	3.302994500620955E7
10192	19873	4096	375264.7133134978	3.3006325324610736E7
10196	19880	4096	374929.28950041573	3.298272151209335E7
10203	19889	4096	374594.1509912586	3.2959133558110226E7
10245	19958	4096	374259.29754758184	3.2935561452121604E7
10366	20128	4096	373924.72893114487	3.291200518359513E7
10379	20142	4096	373590.44490391057	3.2888464742005795E7
10400	20176	4096	373256.44522804563	3.2864940116836037E7
10401	20177	4096	372922.72966592014	3.284143129757562E7
10430	20221	4096	372589.29798010766	3.2817938273721736E7
10431	20222	4096	372256.14993338473	3.279446103477891E7
10467	20283	4096	371923.28528873064	3.2770999570259042E7
10531	20376	4096	371590.70380932715	3.2747553869681377E7
10630	20504	4096	371258.4052585588	3.272412392257252E7
10640	20514	4096	370926.389400013	3.2700709718466453E7
10644	20519	4096	370594.65599747805	3.267731124690443E7
10645	20520	4096	370263.2048149454	3.2653928497435108E7
10646	20521	4096	369932.03561660746	3.2630561459614426E7
10647	20522	4096	369601.14816685853	3.260721012300567E7
10648	20523	4096	369270.5422302946	3.258387447717945E7
10652	20529	4096	368940.21757171256	3.256055451171366E7
10656	20533	4096	368610.1739561104	3.2537250216193534E7
10657	20535	4096	368280.41114868666	3.251396158021157E7
10665	20544	4096	367950.92891484126	3.2490688593367595E7
10671	20552	4096	367621.72702017374	3.2467431245268684E7
10672	20553	4096	367292.80523048487	3.244418952552925E7
10673	20554	4096	366964.16331177496	3.2420963423770938E7
10684	20571	4096	366635.8010302444	3.239775292962269E7
10688	20575	4096	366307.71815229324	3.23745580327207E7
10689	20576	4096	365979.9144445213	3.235137872270844E7
10693	20580	4096	365652.3896737276	3.2328214989236604E7
10694	20583	4096	365325.14360691095	3.2305066821963184E7
10697	20587	4096	364998.1760112681	3.228193421055337E7
10701	20594	4096	364671.4866541957	3.225881714467962E7
10702	20595	4096	364345.07530328847	3.223571561402159E7
10706	20600	4096	364018.94172634033	3.221262960826624E7
10710	20604	4096	363693.0856913423	3.2189559117107637E7
10711	20605	4096	363367.5069664849	3.2166504130247176E7
10713	20607	4096	363042.2053201559	3.2143464637393393E7
10721	20620	4096	362717.1805209406	3.2120440628262036E7
10723	20623	4096	362392.43233762233	3.209743209257607E7
10727	20628	4096	362067.96053918195	3.2074439020065658E7
10729	20630	4096	361743.76489479706	3.2051461400468122E7
10737	20639	4096	361419.8451738427	3.2028499223527983E7
10747	20651	4096	361096.201145891	3.200555247899697E7
10748	20652	4096	360772.83258071	3.1982621156633917E7
10749	20653	4096	360449.7392482649	3.195970524620485E7
10772	20679	4096	360126.9209187174	3.193680473748301E7
10773	20680	4096	359804.37736242486	3.191391962024871E7
10783	20690	4096	359482.10834994056	3.1891049884289447E7
10786	20695	4096	359160.1136520145	3.186819551939989E7
10792	20704	4096	358838.3930395911	3.1845356515381772E7
10794	20706	4096	358516.9462838113	3.1822532862044062E7
10808	20723	4096	358195.7731560104	3.1799724549202736E7
10812	20727	4096	357874.87342771946	3.1776931566680983E7
10823	20742	4096	357554.2468706644	3.175415390430908E7
10825	20745	4096	357233.8932567658	3.1731391551924415E7
10829	20749	4096	356913.8123581383	3.170864449937145E7
10831	20751	4096	356594.0039470917	3.1685912736501787E7
10832	20752	4096	356274.46779612993	3.166319625317412E7
10834	20755	4096	355955.20367795037	3.1640495039254192E7
10835	20756	4096	355636.2113654448	3.161780908461487E7
10837	20758	4096	355317.49063169863	3.1595138379136074E7
10843	20764	4096	354999.0412499907	3.1572482912704814E7
10847	20768	4096	354680.8629937932	3.1549842675215155E7
10848	20769	4096	354362.9556367712	3.1527217656568203E7
10853	20776	4096	354045.3189527835	3.1504607846672162E7
10859	20784	4096	353727.9527158809	3.1482013235442247E7
10866	20791	4096	353410.8567003074	3.1459433812800746E7
10868	20793	4096	353094.03068049933	3.1436869568676975E7
10873	20798	4096	352777.4744310852	3.141432049300727E7
10874	20799	4096	352461.1877268856	3.139178657573499E7
10875	20800	4096	352145.17034291325	3.136926780681057E7
10880	20807	4096	351829.4220543727	3.1346764176191404E7
10883	20810	4096	351513.9426366599	3.1324275673841923E7
10888	20815	4096	351198.731865362	3.1301802289733533E7
10891	20819	4096	350883.78951625805	3.1279344013844702E7
10898	20829	4096	350569.11536531773	3.125690083616084E7
10903	20834	4096	350254.7091887014	3.123447274667435E7
10904	20835	4096	349940.57076276117	3.1212059735384673E7
10905	20836	4096	349626.6998640382	3.1189661792298146E7
10913	20848	4096	349313.09626926546	3.116727890742815E7
10918	20854	4096	348999.7597553653	3.1144911070795E7
10921	20857	4096	348686.6900994505	3.1122558272425994E7
10924	20860	4096	348373.8870788231	3.110022050235533E7
10926	20862	4096	348061.3504709758	3.107789775062425E7
10928	20865	4096	347749.0800535903	3.1055590007280886E7
10932	20869	4096	347437.0756045371	3.1033297262380295E7
10933	20870	4096	347125.3369018771	3.101101950598451E7
10934	20871	4096	346813.8637238595	3.0988756728162505E7
10943	20882	4096	346502.65584892203	3.0966508918990098E7
10946	20886	4096	346191.7130556921	3.0944276068550147E7
10947	20888	4096	345881.03512298455	3.092205816693231E7
10949	20891	4096	345570.6218298029	3.089985520423321E7
10950	20893	4096	345260.47295533965	3.087766717055641E7
10951	20894	4096	344950.58827897377	3.0855494056012265E7
10955	20899	4096	344640.9675802736	3.083333585071815E7
10958	20903	4096	344331.61063899397	3.081119254479823E7
10959	20904	4096	344022.5172350776	3.078906412838358E7
10965	20910	4096	343713.68714865483	3.076695059161218E7
10968	20913	4096	343405.12016004283	3.0744851924628865E7
10969	20914	4096	343096.81604974566	3.072276811758531E7
10970	20915	4096	342788.77459845436	3.0700699160640094E7
10972	20918	4096	342480.99558704684	3.067864504395864E7
10973	20919	4096	342173.4787965866	3.065660575771318E7
10977	20924	4096	341866.2240083247	3.0634581292082854E7
10984	20932	4096	341559.2310036974	3.0612571637253612E7
10994	20946	4096	341252.49956432707	3.0590576783418223E7
10995	20947	4096	340946.02947202243	3.056859672077633E7
11000	20953	4096	340639.82050877705	3.054663143953435E7
11004	20957	4096	340333.8724567705	3.0524680929905545E7
11007	20960	4096	340028.1850983673	3.0502745182109993E7
11008	20961	4096	339722.75821611733	3.048082418637456E7
11010	20963	4096	339417.59159275575	3.0458917932932965E7
11011	20965	4096	339112.6850112017	3.0437026412025664E7
11015	20969	4096	338808.03825455945	3.0415149613899924E7
11019	20976	4096	338503.6511061178	3.039328752880983E7
11020	20977	4096	338199.5233493495	3.0371440147016205E7
11029	20988	4096	337895.6547679122	3.0349607458786704E7
11045	21013	4096	337592.04514564626	3.0327789454395685E7
11051	21019	4096	337288.69426657684	3.030598612412433E7
11053	21023	4096	336985.60191491246	3.0284197458260544E7
11065	21036	4096	336682.7678750449	3.0262423447099008E7
11071	21044	4096	336380.1919315497	3.024066408094117E7
11072	21045	4096	336077.87386918516	3.02189193500952E7
11081	21055	4096	335775.8134728923	3.0197189244875982E7
11082	21056	4096	335474.0105277954	3.017547375560519E7
11085	21059	4096	335172.46481920144	3.0153772872611206E7
11086	21060	4096	334871.1761325995	3.0132086586229112E7
11091	21066	4096	334570.1442536612	3.0110414886800762E7
11092	21068	4096	334269.3689682405	3.00887577646747E7
11093	21069	4096	333968.85006237275	3.006711521020614E7
11095	21073	4096	333668.58732227545	3.0045487213757057E7
11096	21074	4096	333368.58053434815	3.0023873765696097E7
11098	21076	4096	333068.8294851713	3.000227485639862E7
11105	21088	4096	332769.33396150667	2.998069047624664E7
11113	21097	4096	332470.0937502978	2.995912061562889E7
11120	21105	4096	332171.10863866867	2.9937565264940776E7
11121	21106	4096	331872.37841392437	2.9916024414584354E7
11134	21119	4096	331573.9028635503	2.9894498054968353E7
11137	21124	4096	331275.68177521316	2.987298617650822E7
11150	21139	4096	330977.7149367588	2.985148876962595E7
11152	21143	4096	330680.00213621446	2.9830005824750304E7
11156	21150	4096	330382.5431617866	2.980853733231663E7
11161	21156	4096	330085.3378018619	2.978708328276692E7
11164	21159	4096	329788.38584500685	2.9765643666549835E7
11175	21171	4096	329491.68707996694	2.974421847412063E7
11184	21183	4096	329195.24129566795	2.972280769594123E7
11185	21184	4096	328899.04828121356	2.970141132248012E7
11197	21196	4096	328603.10782588786	2.9680029344212472E7
11198	21197	4096	328307.419719153	2.9658661751620024E7
11200	21199	4096	328011.98375065014	2.963730853519114E7
11202	21201	4096	327716.799710199	2.9615969685420785E7
11203	21202	4096	327421.86738779745	2.959464519281049E7
11205	21204	4096	327127.18657362234	2.9573335047868453E7
11207	21206	4096	326832.7570580277	2.9552039241109375E7
11214	21215	4096	326538.57863154594	2.9530757763054565E7
11215	21217	4096	326244.65108488745	2.9509490604231946E7
11216	21218	4096	325950.9742089396	2.948823775517596E7
11217	21219	4096	325657.54779476806	2.9466999206427667E7
11220	21222	4096	325364.37163361505	2.944577494853464E7
11223	21225	4096	325071.4455169002	2.9424564972051036E7
11224	21226	4096	324778.7692362203	2.9403369267537553E7
11228	21231	4096	324486.34258334857	2.9382187825561445E7
11232	21237	4096	324194.1653502352	2.9361020636696495E7
11240	21246	4096	323902.2373290066	2.9339867691523027E7
11245	21251	4096	323610.55831196596	2.9318728980627913E7
11253	21260	4096	323319.1280915923	2.9297604494604524E7
11258	21266	4096	323027.94646054035	2.9276494224052757E7
11261	21271	4096	322737.0132116416	2.9255398159579042E7
11269	21282	4096	322446.3281379022	2.9234316291796304E7
11270	21283	4096	322155.89103250497	2.9213248611324012E7
11274	21287	4096	321865.70168880717	2.9192195108788066E7
11285	21299	4096	321575.7599003417	2.9171155774820916E7
11288	21303	4096	321286.0654608162	2.915013060006148E7
11295	21311	4096	320996.618164114	2.9129119575155187E7
11298	21314	4096	320707.4178042925	2.9108122690753933E7
11308	21327	4096	320418.464175584	2.9087139937516093E7
11310	21329	4096	320129.75707239495	2.9066171306106493E7
11313	21332	4096	319841.2962893063	2.904521678719644E7
11314	21334	4096	319553.08162107324	2.9024276371463716E7
11316	21336	4096	319265.11286262464	2.900335004959254E7
11327	21348	4096	318977.3898090637	2.898243781227361E7
11329	21350	4096	318689.9122556666	2.8961539650204025E7
11331	21353	4096	318402.6799978836	2.894065555408738E7
11333	21355	4096	318115.6928313381	2.8919785514633656E7
11336	21360	4096	317828.95055182645	2.8898929522559293E7
11340	21364	4096	317542.45295531873	2.8878087568587173E7
11341	21365	4096	317256.199837957	2.8857259643446546E7
11347	21371	4096	316970.1909960567	2.883644573787314E7
11351	21377	4096	316684.42622610595	2.8815645842609085E7
11352	21378	4096	316398.9053247646	2.8794859948402863E7
11361	21390	4096	316113.6280888653	2.8774088046009418E7
11365	21394	4096	315828.59431541286	2.875333012619008E7
11370	21399	4096	315543.80380158377	2.8732586179712556E7
11374	21404	4096	315259.2563447263	2.8711856197350938E7
11388	21423	4096	314974.9517423606	2.869114016988571E7
11390	21425	4096	314690.8897921782	2.8670438088103745E7
11393	21428	4096	314407.0702920423	2.864974994279829E7
11395	21430	4096	314123.49303998664	2.8629075724768937E7
11396	21431	4096	313840.1578342162	2.8608415424821626E7
11402	21438	4096	313557.0644731076	2.858776903376874E7
11404	21440	4096	313274.212755207	2.85671365424289E7
11407	21445	4096	312991.602479232	2.8546517941627186E7
11408	21446	4096	312709.23344407027	2.8525913222194932E7
11413	21452	4096	312427.1054487798	2.8505322374969855E7
11414	21453	4096	312145.21829258883	2.8484745390796017E7
11415	21454	4096	311863.5717748951	2.8464182260523763E7
11419	21459	4096	311582.1656952671	2.844363297500983E7
11425	21465	4096	311300.99985344213	2.8423097525117215E7
11428	21468	4096	311020.074049327	2.8402575901715245E7
11429	21469	4096	310739.38808299863	2.838206809567958E7
11430	21470	4096	310458.9417547024	2.836157409789216E7
11435	21476	4096	310178.7348648533	2.834109389924125E7
11438	21479	4096	309898.7672140345	2.832062749062136E7
11439	21480	4096	309619.0386029987	2.8300174862933353E7
11442	21483	4096	309339.54883266665	2.8279736007084332E7
11443	21484	4096	309060.2977041281	2.825931091398773E7
11445	21487	4096	308781.2850186404	2.823889957456319E7
11452	21496	4096	308502.5105776295	2.821850197973668E7
11453	21497	4096	308223.9741826896	2.819811812044043E7
11459	21503	4096	307945.675635582	2.8177747987612896E7
11512	21570	4096	307667.6147382365	2.8157391572198827E7
11516	21574	4096	307389.79129274964	2.8137048865149196E7
11572	21653	4096	307112.2051013862	2.8116719857421268E7
11609	21723	4096	306834.85596657754	2.8096404539978504E7
11632	21751	4096	306557.7436909225	2.8076102903790623E7
11651	21774	4096	306280.86807718663	2.8055814939833578E7
11676	21806	4096	306004.22892830265	2.803554063908956E7
11719	21863	4096	305727.8260473695	2.8015279992546953E7
11738	21890	4096	305451.65923765267	2.799503299120039E7
11788	21962	4096	305175.7283025844	2.7974799626050707E7
11822	22011	4096	304900.03304576274	2.7954579888104945E7
11825	22016	4096	304624.573270952	2.793437376837638E7
11826	22017	4096	304349.3487820824	2.791418125788444E7
11852	22049	4096	304074.35938324966	2.7894002347654782E7
11878	22085	4096	303799.6048787153	2.787383702871924E7
11912	22128	4096	303525.0850729065	2.785368529211584E7
11914	22131	4096	303250.7997704154	2.7833547128888793E7
11927	22148	4096	302976.74877599964	2.7813422530088473E7
11946	22171	4096	302702.9318945814	2.7793311486771427E7
11950	22177	4096	302429.34893124824	2.777321399000039E7
11957	22185	4096	302155.9996912525	2.775313003084426E7
11966	22196	4096	301882.88398001064	2.7733059600378063E7
12005	22247	4096	301610.00160310353	2.7713002689682975E7
12076	22346	4096	301337.3523662769	2.7692959289846368E7
12082	22356	4096	301064.93607544014	2.7672929391961727E7
12093	22371	4096	300792.75253666664	2.765291298712866E7
12099	22378	4096	300520.801556194	2.7632910066452943E7
12102	22381	4096	300249.0829404232	2.7612920621046465E7
12106	22386	4096	299977.59649591893	2.7592944642027244E7
12116	22407	4096	299706.34202940925	2.757298212051942E7
12134	22429	4096	299435.3193477852	2.755303304765322E7
12136	22431	4096	299164.5282581013	2.7533097414565034E7
12150	22452	4096	298893.96856757486	2.751317521239731E7
12198	22515	4096	298623.64008358633	2.749326643229864E7
12205	22524	4096	298353.5426136783	2.747337106542368E7
12206	22525	4096	298083.67596555635	2.74534891029332E7
12219	22541	4096	297814.03994708834	2.743362053599404E7
12222	22548	4096	297544.6343663041	2.741376535577914E7
12282	22632	4096	297275.45903139573	2.7393923553467494E7
12298	22650	4096	297006.5137507176	2.7374095120244212E7
12337	22706	4096	296737.7983327858	2.7354280047300443E7
12374	22753	4096	296469.3125862773	2.7334478325833395E7
12394	22780	4096	296201.05632003164	2.7314689947046354E7
12401	22789	4096	295933.02934304904	2.729491490214864E7
12402	22790	4096	295665.2314644914	2.7275153182355665E7
12407	22795	4096	295397.6624936815	2.7255404778888848E7
12426	22819	4096	295130.32224010304	2.7235669682975665E7
12474	22876	4096	294863.21051340067	2.7215947885849632E7
12480	22884	4096	294596.32712337945	2.7196239378750287E7
12546	22980	4096	294329.6718800051	2.71765441529232E7
12548	22982	4096	294063.2445934039	2.7156862199619975E7
12564	23002	4096	293797.0450738623	2.713719351009824E7
12576	23015	4096	293531.07313182607	2.711753807562158E7
12643	23105	4096	293265.3285779023	2.7097895887459666E7
12647	23110	4096	292999.8112228568	2.707826693688814E7
12661	23128	4096	292734.52087761543	2.7058651215188645E7
12749	23253	4096	292469.45735326357	2.703904871364881E7
12754	23258	4096	292204.620461046	2.701945942356228E7
12760	23267	4096	291940.01001236675	2.699988333622868E7
12820	23342	4096	291675.62581878866	2.6980320442953598E7
12825	23350	4096	291411.4676920339	2.6960770735048622E7
12831	23358	4096	291147.53544398316	2.69412342038313E7
12842	23369	4096	290883.828886676	2.6921710840625152E7
12846	23373	4096	290620.34783231054	2.6902200636759672E7
12850	23378	4096	290357.09209324303	2.6882703583570305E7
12861	23394	4096	290094.0614819881	2.686321967239845E7
12867	23403	4096	289831.25581121846	2.684374889459145E7
12879	23421	4096	289568.67489376484	2.6824291241502613E7
12885	23427	4096	289306.31854261603	2.680484670449119E7
12934	23497	4096	289044.18657091784	2.678541527492234E7
12940	23503	4096	288782.2787919742	2.6765996944167174E7
12953	23519	4096	288520.5950192462	2.674659170360274E7
12960	23527	4096	288259.1350663525	2.6727199544612E7
12977	23548	4096	287997.8987470682	2.670782045858382E7
12983	24576	4096	287736.8858753264	2.668845443691303E7
12985	24578	4096	287476.09626521583	2.6669101471000295E7
12989	24582	4096	287215.529730983	2.664976155225226E7
12992	24585	4096	286955.1860870303	2.6630434672081415E7
12995	24588	4096	286695.0651479168	2.6611120821906175E7
12997	24591	4096	286435.1667283582	2.659181999315087E7
12998	24592	4096	286175.4906432254	2.6572532177245654E7
13009	24607	4096	285916.03670754633	2.655325736562663E7
13013	24611	4096	285656.80473650404	2.6533995549735732E7
13014	24612	4096	285397.7945454377	2.651474672102078E7
13023	24624	4096	285139.00594984216	2.6495510870935507E7
13034	24636	4096	284880.43876536743	2.6476287990939457E7
13036	24638	4096	284622.09280781896	2.6457078072498053E7
13039	24641	4096	284363.9678931574	2.6437881107082583E7
13044	24648	4096	284106.06383749825	2.6418697086170167E7
13052	24657	4096	283848.38045711233	2.639952600124381E7
13053	24658	4096	283590.9175684248	2.6380367843792323E7
13055	24663	4096	283333.67498801573	2.6361222605310384E7
13057	24665	4096	283076.6525326193	2.6342090277298473E7
13062	24672	4096	282819.85001912457	2.6322970851262935E7
13068	24680	4096	282563.2672645744	2.630386431871592E7
13073	24689	4096	282306.9040861662	2.6284770671175424E7
13079	24696	4096	282050.7603012505	2.626568990016521E7
13082	24699	4096	281794.83572733233	2.6246621997214902E7
13085	24702	4096	281539.13018207037	2.6227566953859933E7
13088	24706	4096	281283.6434832765	2.6208524761641495E7
13090	24709	4096	281028.3754489159	2.61894954121066E7
13094	24713	4096	280773.32589710754	2.617047889680809E7
13095	24714	4096	280518.4946461234	2.6151475207304575E7
13097	24716	4096	280263.8815143879	2.6132484335160427E7
13115	24739	4096	280009.4863204786	2.61135062719458E7
13119	24743	4096	279755.30888312636	2.60945410092367E7
13123	24747	4096	279501.34902121377	2.607558853861481E7
13134	24762	4096	279247.6065537761	2.6056648851667624E7
13136	24764	4096	278994.0813000015	2.6037721939988427E7
13139	24767	4096	278740.7730792293	2.6018807795176208E7
13157	24787	4096	278487.68171095167	2.599990640883576E7
13159	24789	4096	278234.80701481225	2.5981017772577588E7
13162	24792	4096	277982.14881060703	2.5962141878018003E7
13167	24799	4096	277729.7069182826	2.5943278716778968E7
13176	24816	4096	277477.4811579382	2.5924428280488282E7
13177	24817	4096	277225.47134982375	2.590559056077943E7
13183	24824	4096	276973.67731434037	2.5886765549291603E7
13187	24828	4096	276722.09887204046	2.586795323766975E7
13188	24829	4096	276470.7358436277	2.584915361756456E7
13189	24830	4096	276219.58804995613	2.58303666806324E7
13190	24832	4096	275968.6553120304	2.581159241853535E7
13191	24833	4096	275717.9374510062	2.5792830822941236E7
13195	24837	4096	275467.4342881895	2.5774081885523558E7
13196	24838	4096	275217.14564503636	2.5755345597961526E7
13198	24841	4096	274967.07134315313	2.5736621951940037E7
13199	24842	4096	274717.211204296	2.571791093914967E7
13202	24846	4096	274467.56505037146	2.5699212551286727E7
13204	24848	4096	274218.13270343543	2.5680526780053154E7
13209	24854	4096	273968.9139856937	2.5661853617156606E7
13211	24860	4096	273719.9087195013	2.5643193054310393E7
13216	24866	4096	273471.11672736256	2.562454508323348E7
13226	24880	4096	273222.5378319317	2.560590969565054E7
13230	24884	4096	272974.1718560114	2.5587286883291893E7
13235	24889	4096	272726.01862255327	2.5568676637893472E7
13240	24896	4096	272478.07795465813	2.555007895119692E7
13241	24897	4096	272230.34967557533	2.55314938149495E7
13242	24904	4096	271982.8336087028	2.5512921220904127E7
13243	24905	4096	271735.5295775871	2.549436116081935E7
13246	24911	4096	271488.4374059224	2.547581362645934E7
13249	24915	4096	271241.5569175522	2.5457278609593958E7
13252	24919	4096	270994.88793646725	2.5438756101998635E7
13260	24930	4096	270748.4302868061	2.5420246095454402E7
13261	24931	4096	270502.1837928556	2.5401748581747998E7
13264	24934	4096	270256.1482790501	2.5383263552671693E7
13265	24936	4096	270010.32356997137	2.536479100002343E7
13267	24938	4096	269764.7094903483	2.5346330915606685E7
13270	24941	4096	269519.3058650578	2.532788329123062E7
13274	24945	4096	269274.11251912336	2.5309448118709933E7
13281	24955	4096	269029.12927771534	2.5291025389864936E7
13291	24971	4096	268784.3559661513	2.527261509652151E7
13298	24980	4096	268539.7924098956	2.5254217230511185E7
13306	24992	4096	268295.43843455904	2.5235831783671E7
13307	24993	4096	268051.29386589903	2.521745874784361E7
13310	24996	4096	267807.358529819	2.5199098114877205E7
13311	24997	4096	267563.6322523688	2.5180749876625575E7
13316	25002	4096	267320.1148597448	2.5162414024948098E7
13317	25003	4096	267076.8061782886	2.5144090551709637E7
13326	25013	4096	266833.7060344883	2.5125779448780693E7
13332	25022	4096	266590.814254977	2.510748070803725E7
13336	25026	4096	266348.13066653424	2.5089194321360897E7
13342	25032	4096	266105.6550960842	2.507092028063871E7
13343	25033	4096	265863.38737069693	2.505265857776335E7
13345	25035	4096	265621.3273175874	2.503440920463298E7
13346	25036	4096	265379.47476411593	2.5016172153151333E7
13353	25044	4096	265137.8295377873	2.4997947415227626E7
13354	25046	4096	264896.3914662512	2.49797349827766E7
13355	25048	4096	264655.16037730296	2.4961534847718574E7
13362	25058	4096	264414.1360988808	2.494334700197929E7
13364	25061	4096	264173.3184590689	2.492517143749009E7
13371	25069	4096	263932.7072860947	2.4907008146187752E7
13373	25071	4096	263692.30240833026	2.4888857120014586E7
13379	25078	4096	263452.10365429166	2.4870718350918394E7
13384	25086	4096	263212.110852639	2.485259183085249E7
13413	25130	4096	262972.3238321759	2.4834477551775645E7
13419	25137	4096	262732.74242184986	2.481637550565214E7
13427	25146	4096	262493.3664507515	2.479828568445171E7
13445	25168	4096	262254.1957481156	2.478020808014961E7
13446	25169	4096	262015.23014331947	2.4762142684726514E7
13451	25177	4096	261776.4694658842	2.4744089490168624E7
13470	25209	4096	261537.91354547333	2.4726048488467544E7
13474	25217	4096	261299.56221189394	2.4708019671620402E7
13478	25223	4096	261061.41529509515	2.469000303162973E7
13481	25227	4096	260823.4726251693	2.467199856050353E7
13487	25234	4096	260585.73403235094	2.4654006250255257E7
13498	25249	4096	260348.19934701742	2.4636026092903823E7
13500	25251	4096	260110.8683996879	2.461805808047355E7
13513	25267	4096	259873.74102102395	2.4600102204994224E7
13515	25269	4096	259636.81704182917	2.458215845850104E7
13518	25272	4096	259400.0962930487	2.4564226833034623E7
13528	25289	4096	259163.57860576996	2.4546307320641045E7
13530	25292	4096	258927.26381122187	2.4528399913371775E7
13534	25299	4096	258691.1517407745	2.4510504603283696E7
13538	25305	4096	258455.24222593984	2.449262138243912E7
13544	25320	4096	258219.5350983709	2.4474750242905762E7
13547	25325	4096	257984.030189862	2.4456891176756743E7
13561	25350	4096	257748.72733234803	2.4439044176070552E7
13563	25353	4096	257513.6263579054	2.442120923293112E7
13574	25371	4096	257278.72709875077	2.440338633942773E7
13584	25389	4096	257044.0293872418	2.4385575487655077E7
13587	25392	4096	256809.53305587676	2.4367776669713255E7
13606	25417	4096	256575.23793729363	2.4349989877707668E7
13616	25432	4096	256341.14386427135	2.433221510374916E7
13618	25435	4096	256107.25066972905	2.4314452339953944E7
13619	25436	4096	255873.55818672548	2.429670157844357E7
13626	25447	4096	255640.0662484596	2.4278962811344966E7
13633	25467	4096	255406.77468827	2.4261236030790422E7
13642	25479	4096	255173.68333963488	2.424352122891757E7
13645	25483	4096	254940.79203617206	2.42258183978694E7
13646	25487	4096	254708.10061163906	2.420812752979427E7
13651	25496	4096	254475.6088999321	2.4190448616845835E7
13660	25512	4096	254243.3167350871	2.4172781651183143E7
13663	25520	4096	254011.22395127887	2.4155126624970537E7
13666	25528	4096	253779.33038282098	2.413748353037771E7
13667	25531	4096	253547.63586416614	2.411985235957968E7
13668	25532	4096	253316.140229905	2.4102233104756758E7
13671	25540	4096	253084.84331476814	2.4084625758094646E7
13711	25637	4096	252853.74495362304	2.4067030311784275E7
13900	25904	4096	252622.84498147652	2.4049446758021954E7
13920	25933	4096	252392.14323347306	2.403187508900925E7
13944	25963	4096	252161.63954489568	2.4014315296953086E7
13949	25970	4096	251931.3337511651	2.399676737406565E7
14003	26041	4096	251701.22568783961	2.397923131256441E7
14039	26090	4096	251471.31519061566	2.396170710467216E7
14048	26104	4096	251241.602095327	2.3944194742616966E7
14050	26107	4096	251012.08623794513	2.392669421863219E7
14105	26184	4096	250782.76745457848	2.390920552495645E7
14128	26220	4096	250553.64558147316	2.3891728653833665E7
14130	26223	4096	250324.72045501176	2.3874263597512983E7
14166	26277	4096	250095.99191171466	2.3856810348248884E7
14189	26316	4096	249867.45978823875	2.3839368898301076E7
14303	26475	4096	249639.1239213771	2.3821939239934497E7
14368	26570	4096	249410.98414806032	2.3804521365419406E7
14382	26592	4096	249183.04030535513	2.378711526703127E7
14387	26598	4096	248955.29223046437	2.3769720937050816E7
14388	26599	4096	248727.7397607275	2.3752338367764E7
14390	26602	4096	248500.38273362006	2.3734967551462054E7
14392	26607	4096	248273.2209867535	2.3717608480441414E7
14399	26625	4096	248046.25435787532	2.3700261147003766E7
14483	26760	4096	247819.4826848687	2.3682925543456014E7
14518	26824	4096	247592.90580575232	2.3665601662110284E7
14529	26838	4096	247366.5235586808	2.3648289495283935E7
14542	26860	4096	247140.33578194387	2.363098903529954E7
14559	26895	4096	246914.34231396666	2.3613700274484877E7
14587	26948	4096	246688.54299330962	2.359642320517294E7
14608	27661	4096	246462.93765866818	2.357915781970194E7
14610	27663	4096	246237.5261488726	2.3561904110415265E7
14611	27664	4096	246012.30830288783	2.3544662069661494E7
14614	27667	4096	245787.28395981417	2.3527431689794447E7
14618	27671	4096	245562.45295888596	2.3510212963173095E7
14620	27673	4096	245337.81513947205	2.3493005882161595E7
14621	27674	4096	245113.37034107602	2.3475810439129304E7
14622	27675	4096	244889.11840333528	2.3458626626450747E7
14623	27676	4096	244665.05916602147	2.344145443650562E7
14624	27677	4096	244441.19246904054	2.34242938616788E7
14625	27678	4096	244217.51815243185	2.3407144894360323E7
14633	27686	4096	243994.03605636873	2.3390007526945382E7
14634	27687	4096	243770.74602115835	2.3372881751834333E7
14637	27690	4096	243547.64788724127	2.335576756143271E7
14641	27694	4096	243324.74149519147	2.3338664948151175E7
14642	27695	4096	243102.02668571603	2.332157390440552E7
14645	27698	4096	242879.50329965542	2.3304494422616705E7
14653	27706	4096	242657.1711779836	2.328742649521086E7
14694	27747	4096	242435.03016180653	2.327037011461918E7
14696	27749	4096	242213.0800923636	2.325332527327803E7
14698	27751	4096	241991.32081102722	2.3236291963628937E7
14705	27758	4096	241769.75215930166	2.3219270178118482E7
14713	27766	4096	241548.3739788241	2.320225990919842E7
14714	27767	4096	241327.186111364	2.318526114932559E7
14719	27772	4096	241106.18839882323	2.316827389096198E7
14720	27773	4096	240885.38068323545	2.315129812657464E7
14721	27774	4096	240664.7628067669	2.313433384863579E7
14776	27829	4096	240444.3346117151	2.3117381049622685E7
14779	27832	4096	240224.09594050958	2.31004397220177E7
14780	27833	4096	240004.04663571194	2.308350985830834E7
14782	27835	4096	239784.18654001493	2.306659145098717E7
14783	27836	4096	239564.51549624244	2.3049684492551804E7
14790	27843	4096	239345.03334735055	2.3032788975505017E7
14791	27844	4096	239125.7399364255	2.3015904892354578E7
14793	27846	4096	238906.63510668575	2.2999032235613424E7
14794	27847	4096	238687.71870147987	2.2982170997799482E7
14795	27848	4096	238468.99056428796	2.2965321171435818E7
14796	27849	4096	238250.45053871992	2.294848274905047E7
14810	27863	4096	238032.09846851774	2.2931655723176654E7
14811	27864	4096	237813.934197552	2.2914840086352494E7
14818	27871	4096	237595.95756982607	2.2898035831121348E7
14824	27877	4096	237378.1684294712	2.2881242950031437E7
14826	27879	4096	237160.566620751	2.2864461435636207E7
14830	27883	4096	236943.15198805695	2.284769128049396E7
14831	27884	4096	236725.92437591264	2.28309324771682E7
14954	28007	4096	236508.88362896963	2.2814185018227335E7
14955	28008	4096	236292.02959201107	2.2797448896244932E7
15002	28055	4096	236075.36210994775	2.2780724103799447E7
15003	28056	4096	235858.88102782186	2.2764010633474495E7
15008	28061	4096	235642.58619080298	2.2747308477858562E7
15102	28155	4096	235426.47744419213	2.273061762954531E7
15136	28189	4096	235210.55463341755	2.271393808113326E7
15139	28192	4096	234994.8176040379	2.2697269825226065E7
15140	28193	4096	234779.26620173984	2.2680612854432285E7
15142	28195	4096	234563.90027233976	2.2663967161365576E7
15144	28197	4096	234348.7196617817	2.264733273864449E7
15147	28200	4096	234133.72421613953	2.263070957889266E7
15149	28202	4096	233918.9137816139	2.2614097674738612E7
15180	28233	4096	233704.28820453607	2.2597497018815994E7
15264	28317	4096	233489.84733136333	2.2580907603763282E7
15265	28318	4096	233275.59100868294	2.256432942222407E7
15270	28323	4096	233061.51908320855	2.2547762466846798E7
15272	28325	4096	232847.63140178335	2.2531206730284993E7
15298	28351	4096	232633.92781137695	2.2514662205197047E7
15310	28363	4096	232420.40815908785	2.249812888424642E7
15319	28372	4096	232207.07229214077	2.248160676010141E7
15332	28385	4096	231993.92005788966	2.246509582543541E7
15461	28514	4096	231780.95130381396	2.2448596072926626E7
15462	28515	4096	231568.165877522	2.243210749525833E7
15471	28524	4096	231355.56362674772	2.2415630085118636E7
15536	28589	4096	231143.14439935368	2.23991638352007E7
15574	28627	4096	230930.90804332795	2.2382708738202535E7
15577	28630	4096	230718.8544067866	2.236626478682715E7
15582	28635	4096	230506.98333797103	2.234983197378241E7
15583	28636	4096	230295.294685251	2.233341029178121E7
15588	28641	4096	230083.7882971207	2.231699973354124E7
15605	28658	4096	229872.46402220274	2.2300600291785244E7
15615	28668	4096	229661.3217092442	2.2284211959240764E7
15638	28691	4096	229450.3612071198	2.2267834728640363E7
15652	28705	4096	229239.5823648288	2.2251468592721384E7
15657	28710	4096	229028.98503149813	2.2235113544226233E7
15659	28712	4096	228818.56905637862	2.2218769575902052E7
15660	28713	4096	228608.33428884848	2.2202436680501018E7
15661	28714	4096	228398.28057841002	2.2186114850780074E7
12816	23338	3968	228188.40777469293	2.2169804079501227E7
618	2646	3840	227978.71572744992	2.2153504359431162E7
988	3832	3840	227769.20428656138	2.2137215683341637E7
1043	4005	3840	227559.87330203067	2.2120938044009134E7
1335	4841	3840	227350.72262398805	2.2104671434215147E7
1418	5303	3840	227141.752102687	2.2088415846745912E7
1550	5592	3840	226932.96158850758	2.2072171274392664E7
1951	6624	3840	226724.35093195311	2.2055937709951393E7
2082	6864	3840	226515.91998365248	2.2039715146223024E7
2540	7737	3840	226307.66859435834	2.2023503576013282E7
3086	8692	3840	226099.59661494833	2.2007302992132798E7
3126	8751	3840	225891.70389642398	2.1991113387397017E7
3158	8798	3840	225683.99028991174	2.197493475462629E7
3869	9867	3840	225476.45564666053	2.1958767086645685E7
4202	10452	3840	225269.09981804536	2.194261037628529E7
4299	10653	3840	225061.92265556293	2.192646461637984E7
4383	10798	3840	224854.9240108357	2.1910329799769066E7
4767	11471	3840	224648.103735608	2.18942059192974E7
4994	11817	3840	224441.46168174932	2.1878092967814237E7
6329	13773	3840	224234.99770125092	2.1861990938173626E7
6337	13782	3840	224028.71164622877	2.1845899823234584E7
6388	13857	3840	223822.60336892103	2.1829819615860842E7
6487	14027	3840	223616.67272168995	2.1813750308921024E7
6537	14112	3840	223410.91955701954	2.1797691895288464E7
6571	14174	3840	223205.34372751822	2.1781644367841434E7
7068	15018	3840	222999.9450859154	2.1765607719462853E7
7100	15081	3840	222794.72348506504	2.174958194304058E7
7114	15102	3840	222589.6787779418	2.173356703146714E7
7146	15150	3840	222384.81081764452	2.1717562977639966E7
8087	16471	3840	222180.11945739292	2.1701569774461176E7
8166	16608	3840	221975.60455053035	2.1685587414837766E7
8279	16795	3840	221771.2659505207	2.1669615891681407E7
8471	17132	3840	221567.10351095157	2.165365519790865E7
8751	17585	3840	221363.11708553106	2.1637705326440744E7
8869	17764	3840	221159.30652809047	2.162176627020377E7
9255	18343	3840	220955.67169258106	2.1605838022128474E7
9268	18359	3840	220752.21243307757	2.15899205751505E7
9370	18555	3840	220548.92860377455	2.1574013922210112E7
9455	18694	3840	220345.82005898957	2.155811805625246E7
9747	19164	3840	220142.88665316	2.154223297022734E7
9988	19541	3840	219940.12824084537	2.1526358657089356E7
10050	19647	3840	219737.5446767256	2.1510495109797813E7
11034	20994	3840	219535.13581560264	2.1494642321316827E7
11613	21728	3840	219332.90151239777	2.1478800284615155E7
11854	22052	3840	219130.84162215475	2.1462968992666405E7
12288	22638	3840	218928.95600003633	2.1447148438448787E7
12703	23183	3840	218727.2445013272	2.143133861494535E7
13910	25919	3840	218525.7069814312	2.1415539515143767E7
466	1989	3584	218324.34329587387	2.1399751132036533E7
699	2927	3584	218123.1533002998	2.138397345862077E7
1194	4611	3584	217922.1368504748	2.1368206487898402E7
1775	6245	3584	217721.29380228353	2.135245021287596E7
2324	7384	3584	217520.62401173156	2.1336704626564767E7
2620	7910	3584	217320.12733494368	2.1320969721980803E7
2665	7996	3584	217119.80362816495	2.1305245492144782E7
2683	8038	3584	216919.65274775893	2.1289531930082038E7
3350	9090	3584	216719.6745502104	2.127382902882272E7
3542	9382	3584	216519.86889212189	2.1258136781401556E7
3641	9546	3584	216320.23563021637	2.1242455180858035E7
4203	10453	3584	216120.77462133506	2.122678422023624E7
4305	10661	3584	215921.48572243936	2.1211123892585054E7
4348	10730	3584	215722.3687906083	2.1195474190957893E7
4371	10781	3584	215523.42368304142	2.1179835108412996E7
4557	11118	3584	215324.65025705541	2.1164206638013136E7
4747	11430	3584	215126.0483700873	2.114858877282587E7
5020	11852	3584	214927.61787969057	2.1132981505923282E7
5027	11860	3584	214729.3586435395	2.111738483038225E7
5058	11904	3584	214531.27051942496	2.1101798739284206E7
5148	12044	3584	214333.3533652572	2.1086223225715302E7
5374	12402	3584	214135.60703906373	2.1070658282766275E7
5975	13213	3584	213938.03139899106	2.1055103903532572E7
6324	13765	3584	213740.62630330242	2.1039560081114203E7
6351	13805	3584	213543.3916103807	2.1024026808615927E7
6580	14185	3584	213346.32717872437	2.1008504079146996E7
6751	14460	3584	213149.43286695168	2.099299188582144E7
6780	14502	3584	212952.70853379645	2.0977490221757766E7
6900	14709	3584	212756.15403811162	2.0961999080079246E7
6929	14757	3584	212559.76923886628	2.094651845391367E7
7007	14898	3584	212363.55399514784	2.093104833639353E7
8055	16405	3584	212167.5081661594	2.0915588720655825E7
8251	16747	3584	211971.63161122266	2.0900139599842276E7
8266	16766	3584	211775.92418977496	2.088470096709912E7
8318	16851	3584	211580.38576137152	2.0869272815577272E7
8322	16857	3584	211385.01618568343	2.0853855138432182E7
8415	17035	3584	211189.81532249923	2.0838447928823967E7
8767	17607	3584	210994.78303172303	2.082305117991725E7
9047	18031	3584	210799.91917337655	2.0807664884881344E7
9147	18174	3584	210605.2236075962	2.079228903689003E7
9157	18187	3584	210410.69619463672	2.0776923629121818E7
9184	18227	3584	210216.3367948671	2.076156865475966E7
9222	18299	3584	210022.1452687734	2.074622410699117E7
9248	18335	3584	209828.1214769571	2.0730889979008496E7
9337	18502	3584	209634.26528013614	2.07155662640084E7
9478	18726	3584	209440.576539143	2.070025295519211E7
9565	18859	3584	209247.05511492738	2.068495004576557E7
9867	19358	3584	209053.70086855328	2.066965752893917E7
10405	20183	3584	208860.5136612002	2.0654375397927847E7
10636	20510	3584	208667.49335416398	2.06391036459512E7
11078	21052	3584	208474.63980885412	2.062384226623324E7
11193	21192	3584	208281.95288679676	2.0608591252002653E7
11828	22019	3584	208089.4324496318	2.059335059649255E7
11953	22180	3584	207897.07835911543	2.0578120292940717E7
11999	22241	3584	207704.89047711692	2.0562900334589314E7
12573	23012	3584	207512.86866562223	2.05476907146852E7
12591	23037	3584	207321.01278673005	2.0532491426479623E7
12763	23272	3584	207129.3227026552	2.0517302463228468E7
13054	24661	3584	206937.79827572536	2.050212381819203E7
13280	24954	3584	206746.43936838448	2.048695548463528E7
13433	25153	3584	206555.2458431886	2.047179745582752E7
13501	25252	3584	206364.2175628097	2.0456649725042727E7
13837	25814	3584	206173.35439003233	2.0441512285559267E7
14248	26403	3584	205982.65618775634	2.0426385130660124E7
14513	26814	3584	205792.12281899393	2.0411268253632657E7
9301	18435	3456	205601.75414687273	2.039616164776887E7
11271	21284	3333	205411.5500346324	2.0381065306365136E7
512	2148	3328	205221.51034562723	2.0365979222722404E7
547	2471	3328	205031.634943324	2.035090339014604E7
694	2911	3328	204841.92369130423	2.0335837801946007E7
707	3066	3328	204652.37645326107	2.0320782451436628E7
807	3333	3328	204462.9930930021	2.0305737331936803E7
984	3815	3328	204273.7734744469	2.0290702436769832E7
1411	5113	3328	204084.71746162907	2.027567775926357E7
1953	6636	3328	203895.82491869398	2.0260663292750258E7
2219	7137	3328	203707.0957099007	2.024565903056668E7
2339	7423	3328	203518.52969961992	2.0230664966054004E7
2521	7703	3328	203330.12675233642	2.021568109255797E7
2630	7928	3328	203141.88673264562	2.0200707403428655E7
2643	7952	3328	202953.8095052567	2.0185743892020676E7
2792	8225	3328	202765.8949349902	2.017079055169303E7
2988	8524	3328	202578.1428867798	2.0155847375809267E7
3291	9000	3328	202390.55322566998	2.014091435773725E7
3864	9860	3328	202203.1258168185	2.01259914908494E7
3994	10071	3328	202015.86052549368	2.0111078768522475E7
4047	10159	3328	201828.75721707722	2.0096176184137788E7
4063	10178	3328	201641.81575706057	2.008128373108093E7
4225	10494	3328	201455.03601104877	2.0066401402742084E7
4331	10697	3328	201268.41784475633	2.0051529192515697E7
4428	10884	3328	201081.96112401126	2.0036667093800806E7
4456	10943	3328	200895.6657147509	2.00218151000007E7
4505	11021	3328	200709.53148302552	2.0006973204523236E7
4634	11248	3328	200523.55829499476	1.999214140078054E7
4659	11288	3328	200337.7460169309	1.9977319682189275E7
4678	11319	3328	200152.09451521575	1.9962508042170387E7
4796	11517	3328	199966.60365634324	1.994770647414936E7
4835	11575	3328	199781.2733069167	1.9932914971555945E7
5006	11835	3328	199596.10333365158	1.9918133527824413E7
5244	12184	3328	199411.0936033719	1.9903362136393286E7
5671	12819	3328	199226.2439830144	1.9888600790705632E7
5916	13135	3328	199041.554339624	1.987384948420877E7
6069	13346	3328	198857.02454035767	1.985910821035451E7
6084	13371	3328	198672.6544524811	1.9844376962598942E7
6092	13381	3328	198488.443943371	1.9829655734402623E7
6391	13863	3328	198304.39288051325	1.9814944519230403E7
6399	13872	3328	198120.50113150472	1.9800243310551602E7
6463	13986	3328	197936.76856405046	1.9785552101839773E7
6523	14089	3328	197753.195045967	1.977087088657299E7
6565	14163	3328	197569.78044517862	1.975619965823353E7
6746	14452	3328	197386.52462972075	1.9741538410308164E7
6812	14557	3328	197203.42746773674	1.9726887136287905E7
6884	14686	3328	197020.48882748059	1.971224582966822E7
7086	15051	3328	196837.7085773142	1.9697614483948823E7
7200	15248	3328	196655.08658570974	1.9682993092633877E7
7216	15272	3328	196472.62272124752	1.966838164923179E7
7221	15278	3328	196290.3168526174	1.965378014725538E7
7251	15330	3328	196108.16884861735	1.963918858022175E7
8311	16836	3328	195926.1785781551	1.96246069416524E7
8429	17060	3328	195744.34591024558	1.9610035225073043E7
8439	17077	3328	195562.670714014	1.9595473424013883E7
9033	17990	3328	195381.15285869213	1.9580921532009274E7
9250	18337	3328	195199.79221362184	1.9566379542598028E7
9396	18600	3328	195018.588648252	1.9551847449323192E7
9417	18630	3328	194837.54203214054	1.9537325245732173E7
9476	18723	3328	194656.65223495246	1.952281292537663E7
9512	18781	3328	194475.91912646184	1.95083104818126E7
9519	18794	3328	194295.34257654977	1.9493817908600375E7
9570	18866	3328	194114.9224552059	1.947933519930459E7
9732	19139	3328	193934.65863252652	1.9464862347494096E7
9775	19206	3328	193754.55097871693	1.9450399346742157E7
9816	19272	3328	193574.5993640885	1.9435946190626208E7
10594	20461	3328	193394.8036590614	1.942150287272809E7
11709	21848	3328	193215.1637341616	1.9407069386633802E7
11972	22205	3328	193035.67946002394	1.939264572593376E7
12507	22930	3328	192856.3507073889	1.9378231884222526E7
12856	23389	3328	192677.17734710543	1.9363827855099063E7
12862	23395	3328	192498.15925012814	1.934943363216651E7
13006	24604	3328	192319.29628751936	1.933504920903232E7
13729	25664	3328	192140.5883304478	1.9320674579308204E7
13763	25710	3328	191962.03525018913	1.930630973661015E7
13790	25747	3328	191783.63691812515	1.929195467455837E7
14251	26407	3328	191605.39320574497	1.92776093867774E7
3552	9406	3264	191427.30398464293	1.926327386689593E7
6914	14734	3104	191249.36912652105	1.9248948108547017E7
695	2912	3072	191071.58850318624	1.923463210536786E7
885	3555	3072	190893.96198655257	1.9220325850999977E7
1064	4143	3072	190716.48944863962	1.9206029339089096E7
1420	5309	3072	190539.17076157313	1.919174256328519E7
1650	5764	3072	190362.00579758437	1.9177465517242454E7
1720	6086	3072	190184.99442901113	1.9163198194619365E7
1748	6165	3072	190008.13652829573	1.9148940589078546E7
2044	6786	3072	189831.4319679873	1.913469269428693E7
2407	7542	3072	189654.88062073928	1.9120454503915608E7
2626	7924	3072	189478.48235931186	1.910622601163996E7
2655	7977	3072	189302.237056569	1.90920072111395E7
2774	8203	3072	189126.14458548126	1.907779809609803E7
2862	8336	3072	188950.20481912326	1.9063598660203513E7
3035	8611	3072	188774.4176306755	1.9049408897148155E7
3244	8923	3072	188598.78289342285	1.9035228800628334E7
3314	9035	3072	188423.30048075548	1.902105836434468E7
3376	9125	3072	188247.9702661677	1.9006897582001947E7
3660	9578	3072	188072.79212325945	1.8992746447309174E7
3741	9696	3072	187897.76592573416	1.8978604953979507E7
3762	9725	3072	187722.89154740068	1.8964473095730346E7
3859	9851	3072	187548.16886217162	1.8950350866283234E7
3878	9880	3072	187373.59774406443	1.8936238259363946E7
3995	10073	3072	187199.17806720015	1.892213526870236E7
4060	10175	3072	187024.90970580498	1.8908041888032652E7
4113	10263	3072	186850.79253420778	1.8893958111093022E7
4116	10269	3072	186676.82642684274	1.887988393162598E7
4144	10325	3072	186503.01125824676	1.88658193433781E7
4242	10537	3072	186329.34690306167	1.8851764340100218E7
4244	10539	3072	186155.8332360317	1.8837718915547226E7
4249	10553	3072	185982.47013200607	1.882368306347828E7
4530	11068	3072	185809.25746593598	1.880965677765659E7
4636	11251	3072	185636.19511287767	1.8795640051849626E7
4937	11733	3072	185463.28294798924	1.8781632879828904E7
4945	11741	3072	185290.52084653353	1.87676352553702E7
4981	11794	3072	185117.90868387476	1.8753647172253303E7
5055	11900	3072	184945.44633548186	1.8739668624262262E7
5212	12137	3072	184773.13367692562	1.8725699605185185E7
5276	12261	3072	184600.9705838807	1.8711740108814385E7
5514	12596	3072	184428.95693212343	1.8697790128946222E7
5645	12777	3072	184257.09259753404	1.868384965938128E7
5709	12867	3072	184085.37745609396	1.866991869392416E7
5871	13080	3072	183913.81138388888	1.8655997226383712E7
5902	13120	3072	183742.39425710542	1.8642085250572797E7
6012	13264	3072	183571.1259520337	1.8628182760308474E7
6057	13328	3072	183400.00634506496	1.861428974941184E7
6100	13399	3072	183229.03531269383	1.860040621170818E7
6197	13564	3072	183058.2127315161	1.8586532141026832E7
6397	13869	3072	182887.53847823033	1.8572667531201284E7
6468	13994	3072	182717.01242963603	1.8558812376069058E7
6493	14039	3072	182546.6344626357	1.8544966669471867E7
6556	14147	3072	182376.40445423257	1.8531130405255437E7
6630	14274	3072	182206.32228153257	1.8517303577269677E7
6823	14576	3072	182036.38782174207	1.8503486179368485E7
6936	14770	3072	181866.60095216936	1.848967820540989E7
6981	14849	3072	181696.96155022475	1.8475879649256054E7
7006	14896	3072	181527.46949341876	1.8462090504773136E7
7140	15144	3072	181358.1246593642	1.844831076583146E7
7170	15198	3072	181188.92692577408	1.8434540426305328E7
7263	15349	3072	181019.87617046342	1.8420779480073236E7
7277	15373	3072	180850.97227134713	1.840702792101762E7
7436	15587	3072	180682.2151064421	1.8393285743025098E7
7818	16092	3072	180513.60455386492	1.837955293998626E7
7960	16279	3072	180345.14049183414	1.836582950579585E7
8012	16345	3072	180176.82279866736	1.8352115434352554E7
8041	16382	3072	180008.65135278422	1.833841071955923E7
8095	16489	3072	179840.62603270359	1.832471535532269E7
8134	16553	3072	179672.7467170459	1.83110293355539E7
8456	17106	3072	179505.01328453052	1.829735265416775E7
8573	17309	3072	179337.4256139784	1.82836853050833E7
8598	17358	3072	179169.9835843092	1.8270027282223538E7
8804	17666	3072	179002.68707454388	1.8256378579515588E7
8962	17895	3072	178835.5359638021	1.8242739190890506E7
9020	17975	3072	178668.53013130458	1.8229109110283494E7
9045	18029	3072	178501.66945637064	1.821548833163367E7
9135	18154	3072	178334.9538184204	1.8201876848884284E7
9243	18327	3072	178168.38309697257	1.8188274655982524E7
9395	18596	3072	178001.95717164603	1.8174681746879652E7
9418	18632	3072	177835.67592215847	1.81610981155309E7
9572	18870	3072	177669.53922832778	1.814752375589558E7
9804	19252	3072	177503.54697007002	1.813395866193694E7
9859	19350	3072	177337.6990274016	1.8120402827622324E7
10085	19709	3072	177171.99528043673	1.8106856246922977E7
10087	19713	3072	177006.43560938977	1.8093318913814247E7
10110	19747	3072	176841.019894573	1.8079790822275404E7
10258	19975	3072	176675.7480163985	1.806627196628979E7
10283	20006	3072	176510.619855376	1.8052762339844648E7
10298	20024	3072	176345.63529211507	1.803926193693132E7
10308	20042	3072	176180.79420732256	1.8025770751545027E7
10315	20056	3072	176016.09648180514	1.801228877768509E7
10349	20101	3072	175851.54199646667	1.7998816009354703E7
10382	20145	3072	175687.13063231017	1.7985352440561127E7
10419	20205	3072	175522.8622704362	1.797189806531552E7
10608	20477	3072	175358.7367920443	1.7958452877633095E7
10637	20511	3072	175194.7540784312	1.794501687153298E7
11041	21007	3072	175030.91401099245	1.7931590041038312E7
11177	21174	3072	174867.21647122042	1.7918172380176127E7
11480	21527	3072	174703.6613407066	1.7904763882977527E7
11600	21709	3072	174540.24850113894	1.789136454347746E7
11647	21769	3072	174376.97783430398	1.7877974355714925E7
12058	22324	3072	174213.84922208523	1.7864593313732814E7
12133	22428	3072	174050.8625464642	1.7851221411578022E7
12228	22555	3072	173888.01768951895	1.7837858643301316E7
12279	22629	3072	173725.31453342602	1.7824505002957508E7
12454	22850	3072	173562.75296045793	1.781116048460526E7
12479	22883	3072	173400.3328529853	1.7797825082307238E7
12523	22951	3072	173238.05409347525	1.778449879013001E7
12536	22970	3072	173075.91656449228	1.7771181602144103E7
12660	23127	3072	172913.9201486973	1.7757873512423944E7
12758	23265	3072	172752.06472884864	1.7744574515047938E7
12918	23475	3072	172590.3501878006	1.7731284604098346E7
13137	24765	3072	172428.77640850487	1.7718003773661435E7
13181	24822	3072	172267.34327400886	1.7704732017827284E7
13410	25124	3072	172106.05066745763	1.7691469330690023E7
13437	25157	3072	171944.89847209147	1.7678215706347592E7
14148	26247	3072	171783.8865712477	1.766497113890189E7
14298	26469	3072	171623.01484835928	1.765173562245868E7
9062	18049	2880	171462.28318695637	1.7638509151127726E7
4598	11189	2848	171301.69147066356	1.762529171902256E7
137	303	2816	171141.23958320334	1.7612083320260763E7
464	1985	2816	170980.92740839228	1.759888394896367E7
962	3753	2816	170820.7548301441	1.7585693599256624E7
1030	3954	2816	170660.7217324674	1.7572512265268784E7
1307	4802	2816	170500.8279994673	1.755933994113326E7
1492	5493	2816	170341.07351534333	1.7546176620986983E7
1936	6587	2816	170181.45816439184	1.7533022298970845E7
2214	7128	2816	170021.9818310033	1.7519876969229527E7
2451	7607	2816	169862.64439966466	1.7506740625911687E7
3467	9266	2816	169703.445754957	1.7493613263169758E7
3515	9341	2816	169544.38578155768	1.7480494875160135E7
3804	9785	2816	169385.46436423826	1.7467385456043027E7
3992	10069	2816	169226.6813878658	1.7454284999982532E7
4134	10302	2816	169068.03673740188	1.7441193501146592E7
4635	11250	2816	168909.53029790372	1.7428110953707065E7
4691	11343	2816	168751.16195452207	1.7415037351839572E7
4750	11439	2816	168592.93159250356	1.74019726897237E7
4814	11541	2816	168434.8390971882	1.7388916961542767E7
4833	11573	2816	168276.88435401217	1.7375870161484096E7
4864	11620	2816	168119.0672485041	1.7362832283738684E7
4938	11734	2816	167961.38766628885	1.734980332250153E7
6083	13370	2816	167803.84549308394	1.733678327197134E7
6289	13702	2816	167646.44061470256	1.732377212635079E7
6365	13824	2816	167489.17291705045	1.7310769879846256E7
6385	13853	2816	167332.0422861291	1.7297776526668087E7
6394	13866	2816	167175.04860803226	1.7284792061030336E7
6569	14171	2816	167018.19176894895	1.7271816477150977E7
6672	14338	2816	166861.47165516095	1.7258849769251745E7
6703	14379	2816	166704.88815304465	1.7245891931558266E7
6822	14574	2816	166548.4411490691	1.723294295829991E7
6933	14765	2816	166392.13052979793	1.722000284370993E7
7715	15963	2816	166235.95618188704	1.7207071582025323E7
8141	16564	2816	166079.91799208714	1.7194149167486995E7
8276	16791	2816	165924.01584724095	1.7181235594339557E7
8313	16838	2816	165768.24963428534	1.7168330856831506E7
8381	16974	2816	165612.61924024965	1.7155434949215084E7
8583	17332	2816	165457.12455225704	1.7142547865746398E7
9300	18434	2816	165301.7654575226	1.712966960068526E7
9342	18509	2816	165146.5418433557	1.7116800148295395E7
9428	18652	2816	164991.4535971573	1.7103939502844222E7
9429	18655	2816	164836.500606422	1.7091087658603013E7
9571	18869	2816	164681.68275873616	1.7078244609846756E7
9738	19151	2816	164526.99994177997	1.7065410350854322E7
9803	19250	2816	164372.4520433248	1.705258487590826E7
9836	19306	2816	164218.03895123582	1.703976817929501E7
9920	19447	2816	164063.76055346898	1.7026960255304653E7
10014	19589	2816	163909.6167380743	1.7014161098231196E7
10176	19846	2816	163755.6073931923	1.7001370702372268E7
10228	19933	2816	163601.732407057	1.6988589062029388E7
10530	20375	2816	163447.99166799328	1.697581617150775E7
11222	21224	2816	163294.3850644193	1.6963052025116395E7
11517	21576	2816	163140.9124848437	1.695029661716803E7
11611	21725	2816	162987.5738178682	1.6937549941979226E7
12120	22411	2816	162834.36895218506	1.6924811993870184E7
12305	22658	2816	162681.29777657945	1.691208276716499E7
12380	22762	2816	162528.36017992682	1.6899362256191358E7
12621	23080	2816	162375.55605119545	1.6886650455280863E7
12751	23255	2816	162222.8852794437	1.687394735876871E7
13919	25932	2816	162070.34775382234	1.686125296099394E7
14145	26243	2816	161917.9433635728	1.6848567256299272E7
14266	26423	2816	161765.671998028	1.68358902390312E7
14281	26445	2816	161613.53354661178	1.682322190353992E7
14333	26522	2816	161461.5278988393	1.68105622441794E7
14406	26638	2816	161309.65494431593	1.6797911255307265E7
14575	26932	2816	161157.91457273893	1.6785268931284945E7
14585	26946	2816	161006.30667389557	1.6772635266477536E7
2675	8012	2688	160854.83113766462	1.676001025525391E7
617	2643	2560	160703.48785401424	1.6747393891986568E7
624	2669	2560	160552.27671300469	1.6734786171051836E7
801	3325	2560	160401.19760478515	1.6722187086829629E7
859	3460	2560	160250.25041959697	1.6709596633703716E7
1033	3965	2560	160099.43504776995	1.6697014806061419E7
1246	4707	2560	159948.7513797259	1.6684441598293906E7
1485	5481	2560	159798.1993059753	1.6671877004795924E7
1489	5489	2560	159647.77871711995	1.665932101996602E7
1770	6233	2560	159497.48950385075	1.6646773638206357E7
2154	7005	2560	159347.33155694924	1.663423485392285E7
2446	7600	2560	159197.30476728626	1.6621704661525058E7
2476	7642	2560	159047.40902582314	1.6609183055426285E7
2720	8108	2560	158897.64422361	1.6596670030043442E7
2728	8119	2560	158748.01025178764	1.6584165579797214E7
2788	8221	2560	158598.5070015856	1.657166969911189E7
2881	8360	2560	158449.13436432322	1.6559182382415472E7
3409	9175	2560	158299.89223140947	1.6546703624139639E7
3412	9180	2560	158150.78049434206	1.6534233418719713E7
3568	9434	2560	158001.79904470887	1.652177176059475E7
3645	9551	2560	157852.94777418592	1.6509318644207379E7
3651	9559	2560	157704.22657453953	1.6496874064004008E7
3652	9562	2560	157555.63533762365	1.6484438014434583E7
3897	9913	2560	157407.17395538255	1.6472010489952816E7
3936	9980	2560	157258.84231984837	1.6459591485015998E7
4002	10083	2560	157110.64032314284	1.6447180994085142E7
4078	10198	2560	156962.56785747546	1.6434779011624826E7
4132	10299	2560	156814.6248151457	1.642238553210339E7
4322	10686	2560	156666.81108854036	1.6410000549992712E7
4430	10887	2560	156519.1265701355	1.6397624059768384E7
4455	10942	2560	156371.57115249525	1.6385256055909596E7
4621	11228	2560	156224.1447282725	1.637289653289923E7
4787	11500	2560	156076.84719020769	1.6360545485223724E7
4832	11572	2560	155929.67843113045	1.6348202907373235E7
4931	11723	2560	155782.63834395743	1.633586879384147E7
5046	11891	2560	155635.7268216946	1.6323543139125858E7
5054	11899	2560	155488.94375743472	1.6311225937727353E7
5150	12049	2560	155342.28904435932	1.6298917184150608E7
5154	12053	2560	155195.76257573694	1.6286616872903833E7
5610	12733	2560	155049.36424492506	1.6274324998498952E7
5727	12891	2560	154903.09394536744	1.6262041555451373E7
5771	12949	2560	154756.95157059655	1.6249766538280234E7
5846	13047	2560	154610.93701423172	1.6237499941508198E7
5892	13108	2560	154465.05016998053	1.622524175966163E7
6111	13414	2560	154319.29093163664	1.621299198727037E7
6219	13602	2560	154173.65919308257	1.6200750618867999E7
6232	13619	2560	154028.15484828665	1.6188517648991577E7
6287	13700	2560	153882.77779130562	1.6176293072181866E7
6322	13762	2560	153737.52791628212	1.616407688298312E7
6507	14060	2560	153592.40511744705	1.6151869075943293E7
6563	14159	2560	153447.40928911703	1.6139669645613825E7
6595	14210	2560	153302.54032569658	1.6127478586549832E7
6613	14244	2560	153157.79812167605	1.6115295893309928E7
6704	14380	2560	153013.18257163354	1.6103121560456395E7
6757	14467	2560	152868.6935702328	1.6090955582555028E7
6778	14500	2560	152724.33101222507	1.6078797954175245E7
6832	14591	2560	152580.09479244726	1.606664866989E7
6844	14619	2560	152435.98480582333	1.6054507724275848E7
7046	14976	2560	152292.00094736312	1.6042375111912891E7
7087	15052	2560	152148.14311216335	1.6030250827384831E7
7139	15142	2560	152004.4111954059	1.601813486527886E7
7495	15665	2560	151860.80509236024	1.6006027220185848E7
7608	15811	2560	151717.32469838037	1.59939278867001E7
8054	16404	2560	151573.96990890783	1.5981836859419595E7
8086	16470	2560	151430.7406194684	1.5969754132945746E7
8302	16823	2560	151287.63672567514	1.595767970188362E7
8399	17012	2560	151144.6581232259	1.5945613560841765E7
8505	17196	2560	151001.80470790502	1.593355570443233E7
8612	17383	2560	150859.0763755817	1.5921506127270952E7
8900	17818	2560	150716.47302221128	1.5909464823976852E7
9023	17978	2560	150573.99454383412	1.5897431789172761E7
9238	18321	2560	150431.64083657644	1.5885407017484976E7
9240	18324	2560	150289.41179664934	1.5873390503543295E7
9249	18336	2560	150147.30732034962	1.5861382241981082E7
9311	18462	2560	150005.32730405882	1.584938222743519E7
9318	18473	2560	149863.47164424404	1.5837390454546046E7
9465	18708	2560	149721.74023745675	1.5825406917957528E7
9521	18798	2560	149580.13298033446	1.5813431612317136E7
9656	19012	2560	149438.64976959844	1.5801464532275796E7
9750	19175	2560	149297.29050205564	1.5789505672488011E7
9828	19292	2560	149156.05507459713	1.5777555027611751E7
9839	19311	2560	149014.9433841993	1.5765612592308551E7
9924	19453	2560	148873.95532792225	1.5753678361243384E7
10092	19720	2560	148733.09080291184	1.5741752329084814E7
10100	19732	2560	148592.3497063972	1.572983449050483E7
10133	19777	2560	148451.73193569286	1.5717924840178993E7
10135	19779	2560	148311.2373881965	1.5706023372786265E7
10202	19888	2560	148170.8659613916	1.5694130083009245E7
10242	19955	2560	148030.61755284417	1.5682244965533873E7
10299	20029	2560	147890.49206020572	1.5670368015049709E7
10428	20218	2560	147750.48938121088	1.5658499226249713E7
10444	20247	2560	147610.6094136788	1.5646638593830386E7
11213	21214	2560	147470.85205551184	1.5634786112491662E7
11506	21562	2560	147331.21720469734	1.562294177693703E7
11603	21713	2560	147191.704759305	1.5611105581873367E7
11607	21719	2560	147052.3146174895	1.5599277522011118E7
11722	21867	2560	146913.04667748808	1.5587457592064122E7
11833	22027	2560	146773.90083762223	1.5575645786749749E7
11874	22080	2560	146634.87699629634	1.556384210078878E7
11911	22127	2560	146495.97505199903	1.555204652890555E7
12351	22723	2560	146357.1949033011	1.554025906582775E7
12435	22829	2560	146218.53644885792	1.552847970628664E7
12449	22845	2560	146079.99958740667	1.5516708445016833E7
12477	22879	2560	145941.58421776877	1.550494527675649E7
12504	22926	2560	145803.29023884813	1.5493190196247172E7
12520	22948	2560	145665.11754963186	1.5481443198233921E7
12532	22966	2560	145527.06604918966	1.5469704277465196E7
12631	23092	2560	145389.1356366746	1.545797342869295E7
12677	23148	2560	145251.3262113218	1.544625064667252E7
12678	23149	2560	145113.63767244987	1.5434535926162757E7
12892	23436	2560	144976.0699194593	1.5422829261925869E7
12970	23541	2560	144838.62285183393	1.54111306487276E7
13279	24953	2560	144701.29636913908	1.5399440081337016E7
13621	25440	2560	144564.0903710235	1.5387757554526709E7
13772	25723	2560	144427.00475721754	1.5376083063072652E7
13839	25817	2560	144290.0394275345	1.5364416601754284E7
5256	12222	2432	144153.194281869	1.5352758165354397E7
356	1660	2304	144016.4692201989	1.534110774865931E7
379	1738	2304	143879.8641425828	1.532946534645864E7
426	1874	2304	143743.37894916275	1.5317830953545544E7
507	2129	2304	143607.01354016142	1.5306204564716492E7
588	2559	2304	143470.76781588452	1.529458617477146E7
848	3431	2304	143334.6416767183	1.5282975778513728E7
958	3745	2304	143198.63502313214	1.5271373370750105E7
1306	4801	2304	143062.74775567543	1.5259778946290672E7
1463	5429	2304	142926.979774981	1.5248192499949064E7
1637	5737	2304	142791.33098176148	1.523661402654217E7
2065	6838	2304	142655.80127681213	1.5225043520890385E7
2171	7034	2304	142520.39056100874	1.5213480977817424E7
2203	7104	2304	142385.09873530938	1.5201926392150478E7
2307	7342	2304	142249.92570075227	1.5190379758720035E7
2447	7601	2304	142114.87135845778	1.5178841072360061E7
2504	7674	2304	141979.93560962644	1.5167310327907827E7
2520	7701	2304	141845.11835554082	1.5155787520204067E7
2721	8109	2304	141710.41949756342	1.5144272644092815E7
2984	8518	2304	141575.83893713873	1.513276569442158E7
3017	8578	2304	141441.37657579087	1.5121266666041134E7
3030	8601	2304	141307.03231512595	1.510977555380574E7
3330	9064	2304	141172.8060568296	1.509829235257293E7
3440	9221	2304	141038.69770266925	1.5086817057203704E7
3446	9230	2304	140904.70715449148	1.5075349662562314E7
3627	9526	2304	140770.83431422495	1.5063890163516508E7
3807	9789	2304	140637.07908387732	1.5052438554937275E7
3860	9852	2304	140503.44136553764	1.5040994831699058E7
3985	10053	2304	140369.92106137445	1.5029558988679586E7
4023	10111	2304	140236.51807363727	1.5018131020760017E7
4040	10137	2304	140103.23230465504	1.5006710922824778E7
4141	10319	2304	139970.06365683736	1.4995298689761726E7
4284	10616	2304	139837.01203267326	1.4983894316461995E7
4328	10694	2304	139704.07733473237	1.4972497797820134E7
4429	10886	2304	139571.2594656636	1.496110912873397E7
4479	10981	2304	139438.5583281964	1.4949728304104747E7
4601	11192	2304	139305.9738251389	1.4938355318836957E7
4604	11195	2304	139173.50585937998	1.4926990167838508E7
4746	11429	2304	139041.1543338873	1.4915632846020585E7
4771	11477	2304	138908.91915170883	1.4904283348297762E7
4776	11483	2304	138776.8002159711	1.489294166958787E7
4865	11622	2304	138644.79742988097	1.488160780481214E7
4869	11627	2304	138512.91069672382	1.4870281748895068E7
4921	11711	2304	138381.13991986518	1.4858963496764535E7
4959	11762	2304	138249.48500274884	1.4847653043351673E7
5018	11849	2304	138117.94584889864	1.4836350383590996E7
5044	11889	2304	137986.52236191643	1.4825055512420254E7
5187	12101	2304	137855.21444548437	1.481376842478062E7
5237	12175	2304	137724.02200336245	1.4802489115616485E7
5380	12413	2304	137592.9449393897	1.479121757987555E7
5398	12439	2304	137461.98315748482	1.4779953812508909E7
5521	12607	2304	137331.13656164403	1.476869780847085E7
5553	12654	2304	137200.4050559434	1.4757449562719077E7
5622	12749	2304	137069.78854453645	1.4746209070214462E7
6114	13419	2304	136939.28693165618	1.473497632592129E7
6210	13589	2304	136808.9001216135	1.4723751324807066E7
6246	13641	2304	136678.6280187982	1.4712534061842645E7
6285	13696	2304	136548.4705276777	1.4701324532002103E7
6315	13750	2304	136418.42755279856	1.4690122730262877E7
6340	13788	2304	136288.49899878466	1.4678928651605614E7
6380	13848	2304	136158.68477033896	1.4667742291014327E7
6400	13873	2304	136028.98477224165	1.4656563643476227E7
6439	13946	2304	135899.39890935147	1.4645392703981875E7
6474	14001	2304	135769.92708660485	1.4634229467525048E7
6617	14257	2304	135640.56920901628	1.4623073929102842E7
6818	14568	2304	135511.32518167773	1.4611926083715584E7
6834	14594	2304	135382.19490975954	1.4600785926366923E7
6880	14680	2304	135253.17829850884	1.4589653452063706E7
6896	14704	2304	135124.2752532514	1.4578528655816125E7
7005	14895	2304	134995.4856793895	1.4567411532637537E7
7009	14903	2304	134866.80948240389	1.4556302077544663E7
7071	15023	2304	134738.24656785192	1.4545200285557391E7
7118	15111	2304	134609.79684136892	1.4534106151698934E7
7206	15259	2304	134481.46020866706	1.4523019670995712E7
7269	15363	2304	134353.23657553605	1.451194083847742E7
7376	15506	2304	134225.1258478425	1.4500869649176976E7
7473	15639	2304	134097.12793153047	1.4489806098130586E7
7519	15698	2304	133969.24273262027	1.447875018037763E7
7885	16178	2304	133841.47015721048	1.4467701890960833E7
8214	16684	2304	133713.8101114752	1.4456661224926045E7
8373	16952	2304	133586.26250166656	1.4445628177322458E7
8510	17203	2304	133458.82723411234	1.4434602743202401E7
8885	17787	2304	133331.504215218	1.4423584917621523E7
8939	17868	2304	133204.2933514648	1.4412574695638616E7
9048	18032	2304	133077.19454941156	1.4401572072315803E7
9054	18039	2304	132950.20771569258	1.4390577042718329E7
9188	18232	2304	132823.3327570194	1.437958960191474E7
9237	18320	2304	132696.5695801793	1.4368609744976737E7
9281	18377	2304	132569.91809203653	1.4357637466979314E7
9319	18475	2304	132443.378199531	1.4346672763000611E7
9393	18594	2304	132316.94980967935	1.4335715628122037E7
9440	18672	2304	132190.6328295737	1.4324766057428159E7
9444	18677	2304	132064.42716638316	1.4313824046006829E7
9595	18905	2304	131938.33272735175	1.4302889588949014E7
9611	18939	2304	131812.34941980027	1.4291962681348966E7
9615	18943	2304	131686.47715112488	1.4281043318304079E7
9659	19015	2304	131560.71582879816	1.4270131494915014E7
9683	19064	2304	131435.0653603675	1.4259227206285551E7
9684	19065	2304	131309.5256534569	1.4248330447522739E7
9728	19132	2304	131184.09661576524	1.423744121373676E7
9752	19177	2304	131058.7781550678	1.4226559500041064E7
9760	19187	2304	130933.57017921412	1.4215685301552178E7
9777	19208	2304	130808.47259613058	1.4204818613389941E7
9792	19235	2304	130683.48531381755	1.4193959430677263E7
9800	19246	2304	130558.608240352	1.4183107748540347E7
9824	19287	2304	130433.841283885	1.4172263562108472E7
9986	19538	2304	130309.18435264377	1.4161426866514185E7
10077	19694	2304	130184.63735492973	1.415059765689313E7
10145	19797	2304	130060.20019912005	1.413977592838419E7
10206	19892	2304	129935.87279366638	1.4128961676129365E7
10233	19939	2304	129811.65504709585	1.4118154895273885E7
10237	19946	2304	129687.5468680098	1.4107355580966085E7
10320	20062	2304	129563.54816508488	1.4096563728357509E7
10363	20125	2304	129439.65884707205	1.4085779332602825E7
10450	20253	2304	129315.87882279759	1.4075002388859928E7
10474	20294	2304	129192.20800116136	1.406423289228977E7
10485	20307	2304	129068.64629113898	1.4053470838056576E7
10492	20316	2304	128945.1936017793	1.4042716221327603E7
10494	20320	2304	128821.84984220678	1.4031969037273379E7
10502	20333	2304	128698.6149216192	1.4021229281067476E7
10642	20516	2304	128575.48874928954	1.4010496947886705E7
10704	20598	2304	128452.47123456417	1.3999772032910943E7
10736	20638	2304	128329.56228686431	1.3989054531323263E7
10871	20796	2304	128206.76181568469	1.3978344438309839E7
11371	21400	2304	128084.06973059473	1.3967641749060033E7
11729	21877	2304	127961.48594123728	1.3956946458766295E7
11755	21912	2304	127839.01035732946	1.3946258562624244E7
11896	22107	2304	127716.64288866181	1.3935578055832583E7
11967	22197	2304	127594.38344509943	1.3924904933593225E7
11974	22208	2304	127472.23193658018	1.3914239191111108E7
12371	22747	2304	127350.18827311652	1.3903580823594397E7
12433	22827	2304	127228.2523647938	1.3892929826254299E7
12487	22903	2304	127106.42412177144	1.3882286194305202E7
12538	22972	2304	126984.70345428174	1.3871649922964543E7
12651	23115	2304	126863.0902726312	1.3861021007452965E7
12744	23248	2304	126741.58448719891	1.385039944299414E7
13207	24852	2304	126620.18600843803	1.3839785224814923E7
13356	25049	2304	126498.89474687415	1.3829178348145215E7
13417	25135	2304	126377.71061310681	1.3818578808218088E7
13766	25714	2304	126256.63351780789	1.3807986600269645E7
13848	25830	2304	126135.66337172313	1.3797401719539177E7
14033	26082	2304	126014.80008567039	1.3786824161268987E7
14060	26119	2304	125894.04357054146	1.3776253920704573E7
14204	26336	2304	125773.39373729998	1.3765690993094437E7
14391	26603	2304	125652.85049698337	1.3755135373690259E7
14501	26797	2304	125532.41376070071	1.3744587057746716E7
14592	26968	2304	125412.08343963505	1.373404604052169E7
9235	18316	2176	125291.85944504075	1.3723512317276044E7
9929	19458	2176	125171.74168824594	1.371298588327381E7
41	57	2128	125051.73008065014	1.3702466733782033E7
9534	18818	2112	124931.82453372642	1.3691954864070915E7
5048	11893	2080	124812.02495901905	1.3681450269413648E7
225	820	2048	124692.33126814585	1.36709529450866E7
255	1234	2048	124572.7433727958	1.3660462886369126E7
359	1667	2048	124453.26118473092	1.3649980088543722E7
508	2131	2048	124333.88461578479	1.3639504546895903E7
529	2199	2048	124214.61357786343	1.3629036256714288E7
679	2865	2048	124095.4479829446	1.3618575213290535E7
954	3738	2048	123976.38774307843	1.3608121411919408E7
991	3837	2048	123857.43277038627	1.3597674847898666E7
1052	4048	2048	123738.58297706227	1.358723551652922E7
1129	4376	2048	123619.83827537124	1.3576803413114935E7
1334	4835	2048	123501.19857765072	1.3566378532962827E7
1412	5125	2048	123382.66379630915	1.3555960871382894E7
1445	5402	2048	123264.23384382707	1.3545550423688233E7
1532	5560	2048	123145.9086327562	1.3535147185194954E7
1586	5647	2048	123027.6880757202	1.352475115122226E7
1689	6001	2048	122909.57208541349	1.3514362317092344E7
1755	6187	2048	122791.56057460248	1.3503980678130489E7
1849	6394	2048	122673.65345612424	1.3493606229664972E7
1969	6667	2048	122555.8506428879	1.3483238967027178E7
2055	6807	2048	122438.15204787294	1.3472878885551449E7
2139	6980	2048	122320.55758413064	1.3462525980575232E7
2168	7025	2048	122203.06716478273	1.3452180247438945E7
2184	7060	2048	122085.68070302253	1.3441841681486096E7
2246	7201	2048	121968.3981121136	1.3431510278063156E7
2250	7208	2048	121851.21930539116	1.3421186032519683E7
2365	7481	2048	121734.14419626055	1.3410868940208212E7
2377	7499	2048	121617.17269819858	1.3400558996484352E7
2551	7759	2048	121500.304724752	1.3390256196706668E7
2650	7965	2048	121383.54018953898	1.337996053623681E7
2671	8008	2048	121266.87900624728	1.336967201043936E7
2710	8084	2048	121150.32108863645	1.3359390614682013E7
2750	8160	2048	121033.86635053523	1.3349116344335383E7
2884	8363	2048	120917.51470584385	1.3338849194773167E7
2888	8369	2048	120801.26606853199	1.3328589161372006E7
2918	8410	2048	120685.12035264049	1.3318336239511618E7
2929	8430	2048	120569.0774722795	1.3308090424574642E7
2952	8463	2048	120453.13734163016	1.3297851711946787E7
3304	9022	2048	120337.29987494304	1.3287620097016705E7
3326	9056	2048	120221.56498653951	1.327739557517611E7
3383	9136	2048	120105.93259081007	1.3267178141819635E7
3462	9258	2048	119990.40260221598	1.3256967792344976E7
3469	9270	2048	119874.97493528757	1.3246764522152746E7
3471	9272	2048	119759.64950462594	1.3236568326646635E7
3539	9379	2048	119644.42622490093	1.3226379201233232E7
3548	9395	2048	119529.30501085302	1.3216197141322184E7
3582	9458	2048	119414.28577729159	1.3206022142326057E7
3721	9664	2048	119299.3684390959	1.3195854199660428E7
3749	9705	2048	119184.55291121504	1.3185693308743875E7
3774	9741	2048	119069.8391086668	1.3175539464997882E7
3781	9755	2048	118955.22694653936	1.3165392663847001E7
3850	9840	2048	118840.71633998933	1.3155252900718661E7
3920	9957	2048	118726.30720424339	1.3145120171043342E7
3925	9965	2048	118611.99945459672	1.313499447025442E7
3980	10042	2048	118497.79300641445	1.3124875793788305E7
4026	10115	2048	118383.68777513012	1.3114764137084305E7
4027	10116	2048	118269.68367624698	1.3104659495584758E7
4042	10141	2048	118155.78062533666	1.3094561864734894E7
4114	10264	2048	118041.97853804022	1.3084471239982946E7
4124	10288	2048	117928.27733006721	1.3074387616780065E7
4128	10295	2048	117814.67691719651	1.3064310990580408E7
4149	10338	2048	117701.17721527528	1.3054241356841026E7
4157	10351	2048	117587.77814021996	1.3044178711021978E7
4224	10493	2048	117474.47960801474	1.3034123048586192E7
4232	10515	2048	117361.2815347134	1.3024074364999617E7
4253	10563	2048	117248.1838364377	1.3014032655731102E7
4256	10568	2048	117135.1864293781	1.3003997916252458E7
4272	10596	2048	117022.28922979326	1.2993970142038409E7
4296	10647	2048	116909.49215401063	1.2983949328566652E7
4340	10717	2048	116796.79511842536	1.2973935471317768E7
4413	10852	2048	116684.1980395017	1.2963928565775346E7
4451	10935	2048	116571.70083377107	1.2953928607425813E7
4475	10977	2048	116459.30341783422	1.2943935591758624E7
4483	10986	2048	116347.0057083586	1.2933949514266046E7
4520	11053	2048	116234.80762208116	1.292397037044339E7
4600	11191	2048	116122.70907580564	1.2913998155788803E7
4611	11209	2048	116010.70998640452	1.2904032865803396E7
4632	11246	2048	115898.81027081737	1.2894074495991161E7
4640	11259	2048	115787.00984605239	1.2884123041859064E7
4664	11298	2048	115675.30862918471	1.2874178498916907E7
4675	11316	2048	115563.70653735801	1.2864240862677498E7
4711	11377	2048	115452.20348778274	1.285431012865646E7
4719	11387	2048	115340.79939773784	1.2844386292372417E7
4751	11440	2048	115229.49418456871	1.2834469349346805E7
4756	11451	2048	115118.28776568925	1.282455929510405E7
4768	11472	2048	115007.18005857985	1.2814656125171395E7
4871	11632	2048	114896.1709807892	1.2804759835079085E7
4877	11641	2048	114785.26044993241	1.2794870420360168E7
4887	11657	2048	114674.44838369238	1.2784987876550646E7
4939	11735	2048	114563.73469981895	1.2775112199189387E7
4972	11780	2048	114453.1193161293	1.2765243383818172E7
4978	11791	2048	114342.60215050721	1.2755381425981637E7
4982	11795	2048	114232.18312090424	1.2745526321227368E7
5004	11833	2048	114121.86214533815	1.2735678065105766E7
5051	11896	2048	114011.63914189424	1.2725836653170178E7
5109	11981	2048	113901.51402872396	1.2716002080976767E7
5118	11994	2048	113791.48672404622	1.2706174344084648E7
5178	12087	2048	113681.55714614625	1.2696353438055757E7
5202	12125	2048	113571.72521337635	1.2686539358454958E7
5234	12169	2048	113461.99084415467	1.2676732100849908E7
5447	12507	2048	113352.35395696714	1.2666931660811247E7
5523	12610	2048	113242.81447036489	1.2657138033912377E7
5650	12784	2048	113133.37230296667	1.2647351215729663E7
5658	12794	2048	113024.02737345657	1.2637571201842237E7
5660	12798	2048	112914.7796005861	1.2627797987832204E7
5686	12835	2048	112805.62890317198	1.2618031569284419E7
5690	12842	2048	112696.57520009819	1.2608271941786703E7
5702	12857	2048	112587.618410314	1.2598519100929648E7
5734	12899	2048	112478.75845283558	1.258877304230677E7
5737	12903	2048	112369.99524674448	1.2579033761514382E7
5783	12966	2048	112261.3287111889	1.2569301254151702E7
5809	12996	2048	112152.75876538239	1.2559575515820747E7
5867	13074	2048	112044.28532860504	1.2549856542126436E7
5919	13138	2048	111935.90832020206	1.254014432867647E7
5928	13152	2048	111827.62765958525	1.2530438871081468E7
6070	13348	2048	111719.44326623133	1.2520740164954808E7
6075	13357	2048	111611.3550596837	1.2511048205912812E7
6076	13363	2048	111503.36295955023	1.2501362989574524E7
6090	13379	2048	111395.46688550549	1.2491684511561934E7
6091	13380	2048	111287.66675728865	1.2482012767499777E7
6109	13410	2048	111179.96249470503	1.2472347753015684E7
6112	13415	2048	111072.35401762473	1.246268946374006E7
6133	13459	2048	110964.84124598393	1.2453037895306207E7
6151	13489	2048	110857.42409978351	1.2443393043350188E7
6167	13516	2048	110750.10249908996	1.2433754903510941E7
6206	13581	2048	110642.87636403464	1.2424123471430177E7
6273	13677	2048	110535.74561481467	1.2414498742752496E7
6281	13689	2048	110428.7101716912	1.2404880713125223E7
6300	13726	2048	110321.7699549916	1.2395269378198605E7
6374	13841	2048	110214.92488510735	1.2385664733625615E7
6395	13867	2048	110108.17488249547	1.2376066775062107E7
6405	13882	2048	110001.5198676771	1.2366475498166677E7
6413	13897	2048	109894.95976123899	1.2356890898600796E7
6421	13914	2048	109788.4944838322	1.2347312972028706E7
6453	13963	2048	109682.12395617267	1.2337741714117464E7
6485	14025	2048	109575.8480990408	1.232817712053692E7
6504	14054	2048	109469.66683328188	1.2318619186959751E7
6517	14077	2048	109363.58007980532	1.2309067909061385E7
6520	14082	2048	109257.58775958577	1.2299523282520127E7
6522	14087	2048	109151.68979366125	1.2289985303016972E7
6576	14181	2048	109045.88610313518	1.2280453966235805E7
6590	14202	2048	108940.17660917473	1.227092926786325E7
6635	14282	2048	108834.56123301163	1.226141120358874E7
6655	14309	2048	108729.03989594133	1.2251899769104468E7
6685	14356	2048	108623.61251932434	1.2242394960105464E7
6696	14369	2048	108518.27902458436	1.2232896772289481E7
6702	14375	2048	108413.03933320993	1.2223405201357119E7
6739	14442	2048	108307.89336675285	1.2213920243011685E7
6749	14457	2048	108202.84104682971	1.2204441892959341E7
6827	14585	2048	108097.88229512014	1.2194970146908958E7
6830	14589	2048	107993.01703336833	1.2185505000572225E7
6847	14626	2048	107888.24518338186	1.217604644966358E7
6907	14723	2048	107783.56666703228	1.2166594489900254E7
6938	14774	2048	107678.9814062545	1.2157149117002206E7
6940	14777	2048	107574.48932304775	1.2147710326692231E7
6962	14817	2048	107470.09033947386	1.2138278114695795E7
7015	14917	2048	107365.78437765909	1.2128852476741213E7
7016	14918	2048	107261.57135979265	1.211943340855951E7
7026	14935	2048	107157.45120812759	1.2110020905884504E7
7094	15065	2048	107053.4238449797	1.2100614964452716E7
7115	15104	2048	106949.48919272884	1.2091215580003493E7
7180	15216	2048	106845.64717381756	1.2081822748278877E7
7184	15225	2048	106741.89771075206	1.2072436465023704E7
7254	15335	2048	106638.24072610128	1.2063056725985518E7
7301	15407	2048	106534.67614249766	1.2053683526914649E7
7316	15424	2048	106431.20388263626	1.204431686356413E7
7333	15451	2048	106327.82386927586	1.2034956731689807E7
7451	15607	2048	106224.53602523729	1.2025603127050178E7
7613	15818	2048	106121.34027340505	1.201625604540656E7
7674	15898	2048	106018.23653672598	1.2006915482522955E7
7687	15920	2048	105915.22473821012	1.1997581434166137E7
7717	15967	2048	105812.30480092968	1.1988253896105573E7
7743	16002	2048	105709.47664802051	1.1978932864113532E7
7921	16223	2048	105606.74020267994	1.1969618333964918E7
7922	16224	2048	105504.0953881689	1.1960310301437458E7
7951	16266	2048	105401.54212781013	1.195100876231153E7
7990	16316	2048	105299.08034498946	1.19417137123703E7
7998	16329	2048	105196.70996315447	1.1932425147399595E7
8021	16359	2048	105094.43090581588	1.1923143063188022E7
8040	16381	2048	104992.24309654604	1.1913867455526857E7
8043	16385	2048	104890.14645898018	1.1904598320210142E7
8059	16413	2048	104788.14091681511	1.1895335653034573E7
8130	16549	2048	104686.22639381068	1.1886079449799642E7
8167	16609	2048	104584.4028137878	1.1876829706307456E7
8171	16618	2048	104482.6701006305	1.1867586418362925E7
8193	16653	2048	104381.0281782839	1.1858349581773588E7
8278	16794	2048	104279.47697075596	1.1849119192349762E7
8317	16849	2048	104178.01640211568	1.1839895245904395E7
8327	16871	2048	104076.64639649479	1.183067773825321E7
8337	16891	2048	103975.36687808599	1.1821466665214559E7
8567	17302	2048	103874.17777114453	1.181226202260956E7
8589	17341	2048	103773.07899998667	1.1803063806261972E7
8632	17411	2048	103672.07048899098	1.1793872011998296E7
8715	17532	2048	103571.15216259706	1.1784686635647684E7
8717	17535	2048	103470.32394530649	1.1775507673042014E7
8860	17754	2048	103369.58576168226	1.1766335120015841E7
8889	17800	2048	103268.93753634831	1.175716897240637E7
8901	17819	2048	103168.37919399086	1.1748009226053564E7
8907	17826	2048	103067.91065935681	1.1738855876800012E7
8953	17882	2048	102967.53185725477	1.172970892049102E7
9071	18066	2048	102867.2427125542	1.1720568352974538E7
9139	18160	2048	102767.0431501863	1.1711434170101246E7
9148	18175	2048	102666.93309514265	1.170230636772443E7
9177	18218	2048	102566.9124724769	1.1693184941700133E7
9233	18314	2048	102466.98120730273	1.1684069887886988E7
9234	18315	2048	102367.13922479578	1.167496120214638E7
9242	18326	2048	102267.38645019171	1.1665858880342275E7
9246	18331	2048	102167.72280878792	1.1656762918341396E7
9251	18338	2048	102068.148225942	1.164767331201306E7
9283	18380	2048	101968.66262707283	1.1638590057229295E7
9347	18516	2048	101869.26593765964	1.162951314986476E7
9351	18523	2048	101769.95808324261	1.1620442585796794E7
9362	18539	2048	101670.73898942237	1.161137836090537E7
9414	18627	2048	101571.60858186052	1.160232047107316E7
9457	18698	2048	101472.56678627852	1.159326891218543E7
9473	18719	2048	101373.61352845923	1.1584223680130173E7
9517	18787	2048	101274.74873424493	1.1575184770797946E7
9590	18896	2048	101175.97232953929	1.1566152180082042E7
9623	18963	2048	101077.28424030547	1.155712590387832E7
9673	19043	2048	100978.6843925677	1.154810593808537E7
9690	19077	2048	100880.17271240962	1.1539092278604332E7
9705	19098	2048	100781.74912597588	1.153008492133907E7
9741	19155	2048	100683.41355947059	1.152108386219603E7
9749	19173	2048	100585.1659391586	1.1512089097084347E7
9768	19196	2048	100487.00619136402	1.1503100621915724E7
9774	19202	2048	100388.93424247186	1.1494118432604583E7
9780	19211	2048	100290.95001892617	1.1485142525067894E7
9781	19212	2048	100193.05344723174	1.1476172895225331E7
9832	19300	2048	100095.24445395227	1.1467209538999125E7
9887	19390	2048	99997.5229657124	1.1458252452314222E7
9894	19402	2048	99899.88890919542	1.1449301631098107E7
9942	19477	2048	99802.34221114495	1.1440357071280938E7
9995	19562	2048	99704.88279836404	1.143141876879548E7
10010	19584	2048	99607.51059771555	1.1422486719577132E7
10018	19596	2048	99510.22553612143	1.1413560919563876E7
10025	19610	2048	99413.02754056375	1.1404641364696363E7
10205	19891	2048	99315.91653808339	1.13957280509178E7
10254	19970	2048	99218.89245578121	1.1386820974174064E7
10261	19979	2048	99121.9552208169	1.137792013041359E7
10437	20234	2048	99025.10476040996	1.1369025515587471E7
10455	20259	2048	98928.34100183849	1.1360137125649353E7
10506	20342	2048	98831.66387244061	1.1351254956555553E7
10518	20358	2048	98735.07329961285	1.1342379004264928E7
10520	20362	2048	98638.56921081139	1.1333509264738988E7
10670	20551	2048	98542.15153355103	1.1324645733941806E7
10692	20579	2048	98445.82019540602	1.1315788407840086E7
10754	20659	2048	98349.57512400896	1.130693728240308E7
10757	20662	2048	98253.4162470521	1.1298092353602702E7
10759	20665	2048	98157.34349228589	1.128925361741339E7
10789	20699	2048	98061.35678752021	1.1280421069812248E7
10791	20703	2048	97965.4560606229	1.1271594706778878E7
10793	20705	2048	97869.6412395214	1.126277452429556E7
10822	20740	2048	97773.91225220107	1.1253960518347086E7
10858	20782	2048	97678.26902670655	1.1245152684920903E7
10911	20845	2048	97582.71149114039	1.1236351020006973E7
10930	20867	2048	97487.23957366419	1.1227555519597882E7
10948	20890	2048	97391.85320249766	1.1218766179688774E7
11056	21026	2048	97296.5523059193	1.1209982996277397E7
11058	21028	2048	97201.33681226546	1.1201205965364026E7
11090	21064	2048	97106.20664993145	1.1192435082951566E7
11106	21090	2048	97011.16174737024	1.1183670345045447E7
11116	21101	2048	96916.20203309358	1.1174911747653706E7
11180	21177	2048	96821.32743567087	1.1166159286786908E7
11183	21182	2048	96726.53788373014	1.1157412958458232E7
11227	21230	2048	96631.83330595701	1.1148672758683367E7
11236	21241	2048	96537.21363109583	1.1139938683480635E7
11260	21270	2048	96442.67878794805	1.1131210728870839E7
11264	21274	2048	96348.22870537397	1.1122488890877424E7
11286	21300	2048	96253.86331229084	1.11137731655263E7
11302	21319	2048	96159.5825376747	1.110506354884603E7
11303	21320	2048	96065.38631055862	1.1096360036867656E7
11304	21321	2048	95971.27456003398	1.1087662625624819E7
11387	21422	2048	95877.24721524936	1.1078971311153669E7
11398	21433	2048	95783.30420541164	1.1070286089492967E7
11421	21461	2048	95689.44545978439	1.1061606956683937E7
11474	21521	2048	95595.67090768977	1.1052933908770438E7
11487	21537	2048	95501.98047850658	1.1044266941798795E7
11490	21540	2048	95408.37410167172	1.1035606051817933E7
11509	21566	2048	95314.851706679	1.1026951234879278E7
11537	21607	2048	95221.41322308009	1.101830248703683E7
11561	21641	2048	95128.05858048348	1.1009659804347081E7
11563	21643	2048	95034.78770855538	1.1001023182869107E7
11564	21644	2048	94941.60053701876	1.0992392618664466E7
11565	21645	2048	94848.49699565442	1.0983768107797306E7
11567	21648	2048	94755.47701429947	1.0975149646334242E7
11618	21733	2048	94662.54052284891	1.096653723034448E7
11685	21817	2048	94569.68745125408	1.0957930855899692E7
11691	21825	2048	94476.91772952402	1.094933051907414E7
11707	21846	2048	94384.23128772384	1.0940736215944525E7
11849	22046	2048	94291.62805597659	1.093214794259017E7
11872	22077	2048	94199.10796446106	1.0923565695092812E7
11922	22142	2048	94106.67094341393	1.0914989469536815E7
12039	22299	2048	94014.31692312757	1.0906419262008943E7
12043	22306	2048	93922.04583395206	1.0897855068598583E7
12062	22329	2048	93829.8576062932	1.0889296885397546E7
12109	22391	2048	93737.75217061437	1.0880744708500234E7
12202	22519	2048	93645.72945743451	1.0872198534003474E7
12364	22738	2048	93553.7893973301	1.0863658358006686E7
12365	22739	2048	93461.93192093313	1.0855124176611716E7
12603	23054	2048	93370.15695893276	1.0846595985922977E7
12685	23161	2048	93278.464442074	1.0838073782047337E7
12706	23189	2048	93186.85430115878	1.0829557561094217E7
12732	23229	2048	93095.32646704458	1.0821047319175474E7
12750	23254	2048	93003.88087064585	1.0812543052405521E7
12767	23277	2048	92912.51744293254	1.0804044756901212E7
12768	23278	2048	92821.23611493157	1.079555242878196E7
12784	23298	2048	92730.03681772503	1.0787066064169593E7
12797	23314	2048	92638.91948245186	1.07785856591885E7
12858	23391	2048	92547.88404030637	1.0770111209965495E7
12888	23430	2048	92456.93042253955	1.0761642712629957E7
12949	23514	2048	92366.05856045743	1.0753180163313655E7
12982	24489	2048	92275.26838542287	1.074472355815094E7
13156	24786	2048	92184.55982885358	1.0736272893278548E7
13185	24826	2048	92093.93282222393	1.0727828164835786E7
13186	24827	2048	92003.38729706338	1.071938936896437E7
13402	25109	2048	91912.9231849575	1.0710956501808535E7
13421	25139	2048	91822.54041754713	1.0702529559514964E7
13453	25179	2048	91732.23892652904	1.0694108538232835E7
13457	25184	2048	91642.01864365528	1.0685693434113776E7
13485	25232	2048	91551.87950073372	1.067728424331192E7
13517	25271	2048	91461.82142962716	1.0668880961983807E7
13531	25295	2048	91371.84436225459	1.0660483586288527E7
13570	25367	2048	91281.94823058948	1.0652092112387551E7
13603	25414	2048	91192.13296666143	1.0643706536444886E7
13641	25478	2048	91102.39850255458	1.0635326854626931E7
13655	25504	2048	91012.74477040897	1.0626953063102612E7
13693	25612	2048	90923.17170241926	1.0618585158043256E7
13721	25648	2048	90833.67923083586	1.061022313562271E7
13748	25685	2048	90744.26728796338	1.0601866992017187E7
13760	25706	2048	90654.93580616252	1.0593516723405452E7
13770	25720	2048	90565.68471784813	1.0585172325968642E7
13895	25897	2048	90476.51395549053	1.0576833795890396E7
13977	26004	2048	90387.42345161468	1.056850112935677E7
14032	26081	2048	90298.41313880062	1.056017432255629E7
14122	26209	2048	90209.48294968283	1.0551853371679889E7
14202	26334	2048	90120.63281695111	1.0543538272921E7
14254	26410	2048	90031.86267334946	1.0535229022475438E7
14282	26446	2048	89943.17245167703	1.0526925616541512E7
14295	26466	2048	89854.56208478723	1.0518628051319929E7
14330	26518	2048	89766.03150558827	1.0510336323013851E7
14339	26530	2048	89677.58064704275	1.050205042782886E7
14386	26597	2048	89589.2094421682	1.0493770361973014E7
14448	26705	2048	89500.91782403598	1.048549612165674E7
14481	26758	2048	89412.70572577212	1.0477227703092922E7
14497	26788	2048	89324.57308055728	1.0468965102496896E7
14498	26791	2048	89236.51982162603	1.0460708316086384E7
14500	26796	2048	89148.54588226778	1.0452457340081586E7
14539	26857	2048	89060.65119582538	1.0444212170705052E7
14557	26891	2048	88972.83569569663	1.0435972804181827E7
14627	27680	2048	88885.09931533295	1.042773923673932E7
14635	27688	2048	88797.44198824027	1.0419511464607405E7
14648	27701	2048	88709.8636479781	1.0411289484018318E7
14649	27702	2048	88622.36422816059	1.040307329120678E7
14655	27708	2048	88534.9436624551	1.0394862882409852E7
14659	27712	2048	88447.60188458374	1.0386658253867071E7
14692	27745	2048	88360.33882832162	1.0378459401820322E7
14699	27752	2048	88273.15442749846	1.0370266322513957E7
14701	27754	2048	88186.04861599728	1.0362079012194695E7
14723	27776	2048	88099.02132775512	1.0353897467111686E7
14725	27778	2048	88012.07249676248	1.0345721683516456E7
14727	27780	2048	87925.20205706384	1.033755165766297E7
14801	27854	2048	87838.40994275686	1.0329387385807546E7
14803	27856	2048	87751.69608799327	1.0321228864208955E7
14888	27941	2048	87665.0604269777	1.0313076089128302E7
14965	28018	2048	87578.50289396902	1.030492905682916E7
14980	28033	2048	87492.02342327878	1.029678776357742E7
15013	28066	2048	87405.62194927271	1.0288652205641448E7
15090	28143	2048	87319.29840636891	1.0280522379291901E7
15103	28156	2048	87233.05272903983	1.027239828080193E7
15143	28196	2048	87146.88485181032	1.0264279906446986E7
15146	28199	2048	87060.79470925908	1.0256167252504967E7
15201	28254	2048	86974.78223601742	1.0248060315256106E7
15216	28269	2048	86888.84736677042	1.0239959090983072E7
15232	28285	2048	86802.99003625548	1.0231863575970849E7
15284	28337	2048	86717.21017926386	1.0223773766506875E7
15291	28344	2048	86631.50773063909	1.0215689658880895E7
15333	28386	2048	86545.88262527825	1.0207611249385089E7
15382	28435	2048	86460.33479813072	1.019953853431395E7
15392	28445	2048	86374.86418419945	1.019147150996442E7
15398	28451	2048	86289.47071853954	1.0183410172635732E7
15423	28476	2048	86204.15433625945	1.0175354518629558E7
15477	28530	2048	86118.91497251973	1.016730454424987E7
15503	28556	2048	86033.75256253447	1.0159260245803086E7
15507	28560	2048	85948.66704156954	1.015122161959791E7
15516	28569	2048	85863.65834494405	1.0143188661945466E7
15527	28580	2048	85778.72640802916	1.0135161369159194E7
15530	28583	2048	85693.87116624916	1.0127139737554943E7
15531	28584	2048	85609.09255508019	1.0119123763450874E7
15559	28612	2048	85524.39051005141	1.0111113443167552E7
15569	28622	2048	85439.76496674374	1.0103108773027835E7
15614	28667	2048	85355.21586079111	1.0095109749357006E7
14264	26420	1856	85270.74312787906	1.0087116368482627E7
2657	7982	1824	85186.34670374614	1.0079128626734683E7
4055	10169	1800	85102.02652418234	1.0071146520445434E7
51	75	1792	85017.78252503053	1.0063170045949558E7
821	3362	1792	84933.61464218523	1.005519919958402E7
897	3585	1792	84849.52281159339	1.0047233977688178E7
916	3625	1792	84765.50696925355	1.0039274376603682E7
1111	4281	1792	84681.56705121687	1.003132039267457E7
1324	4822	1792	84597.70299358587	1.0023372022247182E7
1356	4969	1792	84513.91473251542	1.0015429261670223E7
1476	5467	1792	84430.20220421195	1.0007492107294708E7
1555	5598	1792	84346.56534493416	9999560.555474024
1629	5725	1792	84263.00409099188	9991634.602563838
1751	6177	1792	84179.5183787475	9983714.244922211
1879	6462	1792	84096.10814461409	9975799.478909455
1913	6532	1792	84012.77332505764	9967890.30088831
1926	6565	1792	83929.51385659452	9959986.707223732
1946	6615	1792	83846.32967579368	9952088.694283102
2135	6973	1792	83763.22071927479	9944196.258436043
2174	7042	1792	83680.1869237097	9936309.396054562
2207	7113	1792	83597.22822582124	9928428.103512948
2212	7124	1792	83514.34456238394	9920552.377187833
2330	7399	1792	83431.53587022347	9912682.213458138
2347	7454	1792	83348.802086217	9904817.608705128
2432	7577	1792	83266.14314729272	9896958.55931235
2449	7605	1792	83183.55899043057	9889105.06166571
2623	7914	1792	83101.049552661	9881257.112153366
2691	8054	1792	83018.61477106635	9873414.707165848
2760	8182	1792	82936.25458277932	9865577.84309593
3070	8674	1792	82853.96892498442	9857746.516338753
3700	9638	1792	82771.75773491651	9849920.723291704
3776	9745	1792	82689.62094986209	9842100.460354531
3889	9901	1792	82607.55850715788	9834285.72392922
4004	10086	1792	82525.57034419234	9826476.510420134
4112	10259	1792	82443.65639840395	9818672.816233847
4209	10466	1792	82361.81660728279	9810874.637779316
4288	10625	1792	82280.05090836888	9803081.971467704
4302	10656	1792	82198.35923925396	9795294.813712563
4423	10877	1792	82116.74153757951	9787513.16092965
4485	10989	1792	82035.19774103831	9779737.009537071
4568	11143	1792	81953.72778737337	9771966.35595518
4721	11389	1792	81872.33161437874	9764201.196606675
4739	11421	1792	81791.0091598983	9756441.527916463
4812	11537	1792	81709.76036182718	9748687.346311811
4863	11617	1792	81628.58515811025	9740938.648222202
4958	11760	1792	81547.48348674354	9733195.430079471
5100	11968	1792	81466.45528577255	9725457.688317647
5134	12020	1792	81385.50049329388	9717725.419373116
5167	12073	1792	81304.61904745399	9709998.619684493
5174	12082	1792	81223.81088644982	9702277.285692697
5273	12257	1792	81143.07594852817	9694561.413840882
5352	12368	1792	81062.41417198643	9686851.000574527
6115	13424	1792	80981.82549517165	9679146.042341324
6158	13501	1792	80901.30985648147	9671446.535591288
6159	13502	1792	80820.86719436306	9663752.47677666
6200	13568	1792	80740.49744731393	9656063.86235197
6358	13815	1792	80660.20055388124	9648380.688773992
6435	13941	1792	80579.97645266255	9640702.9525018
6477	14011	1792	80499.82508230463	9633030.649996677
6525	14091	1792	80419.74638150472	9625363.777722215
6549	14132	1792	80339.74028900923	9617702.332144218
6575	14180	1792	80259.80674361499	9610046.3097308
6604	14225	1792	80179.94568416777	9602395.706952266
6710	14394	1792	80100.1570495639	9594750.52028125
6721	14414	1792	80020.44077874842	9587110.74619256
6748	14456	1792	79940.79681071665	9579476.381163314
6849	14629	1792	79861.225084513	9571847.421672843
6868	14658	1792	79781.72553923183	9564223.864202758
6893	14699	1792	79702.29811401639	9556605.705236875
6898	14707	1792	79622.94274805994	9548992.9412613
6904	14716	1792	79543.65938060457	9541385.568764327
6967	14823	1792	79464.44795094231	9533783.584236562
7022	14929	1792	79385.30839841384	9526186.984170776
7155	15164	1792	79306.2406624096	9518595.765062032
7471	15634	1792	79227.24468236901	9511009.923407609
7606	15808	1792	79148.32039778076	9503429.455707021
7782	16050	1792	79069.46774818255	9495854.358462017
7878	16170	1792	78990.68667316154	9488284.6281766
8131	16550	1792	78911.97711235326	9480720.261356946
8135	16554	1792	78833.33900544312	9473161.25451154
8140	16561	1792	78754.77229216468	9465607.604151016
8148	16578	1792	78676.27691230117	9458059.306788305
8321	16855	1792	78597.85280568406	9450516.358938502
8328	16874	1792	78519.49991219422	9442978.75711897
8351	16912	1792	78441.21817176093	9435446.497849265
8422	17046	1792	78363.00752436256	9427919.577651184
8492	17168	1792	78284.8679100259	9420397.993048714
8495	17171	1792	78206.79926882686	9412881.74056811
8971	17914	1792	78128.80154088953	9405370.816737782
9019	17974	1792	78050.874666387	9397865.218088403
9245	18330	1792	77973.01858554069	9390364.941152826
9366	18547	1792	77895.2332386207	9382869.982466139
9373	18560	1792	77817.51856594552	9375380.338565618
9405	18611	1792	77739.87450788225	9367896.005990773
9408	18614	1792	77662.30100484617	9360416.981283288
9462	18705	1792	77584.79799730134	9352943.2609871
9490	18745	1792	77507.36542575956	9345474.841648284
9587	18893	1792	77430.00323078163	9338011.719815193
9845	19325	1792	77352.71135297591	9330553.892038302
9890	19396	1792	77275.48973299963	9323101.354870366
10016	19593	1792	77198.33831155767	9315654.104866264
10036	19625	1792	77121.25702940326	9308212.138583114
10054	19651	1792	77044.24582733803	9300775.452580243
10086	19711	1792	76967.30464621096	9293344.043419104
10142	19793	1792	76890.43342691996	9285917.907663435
10264	19984	1792	76813.63211040992	9278497.041879069
10326	20071	1792	76736.90063767471	9271081.442634119
10330	20075	1792	76660.23894975513	9263671.1064988
10334	20081	1792	76583.64698774077	9256266.030045595
10360	20119	1792	76507.1246927682	9248866.209849093
10361	20120	1792	76430.6720060224	9241471.642486138
10396	20167	1792	76354.2888687357	9234082.324535692
10416	20201	1792	76277.97522218853	9226698.252578959
10433	20227	1792	76201.73100770844	9219319.423199253
10507	20343	1792	76125.55616667126	9211945.832982136
10553	20406	1792	76049.45064049987	9204577.478515293
10579	20444	1792	75973.41437066506	9197214.356388612
10599	20467	1792	75897.4472986848	9189856.463194128
10624	20497	1792	75821.549366125	9182503.79552609
10887	20814	1792	75745.72051459839	9175156.349980853
11189	21188	1792	75669.96068576587	9167814.123157026
11384	21417	1792	75594.26982133489	9160477.111655293
11542	21614	1792	75518.64786306088	9153145.31207858
11552	21629	1792	75443.09475274608	9145818.721031925
11612	21726	1792	75367.61043224036	9138497.335122561
11706	21845	1792	75292.19484344032	9131181.15095985
11725	21872	1792	75216.84792829033	9123870.16515536
11730	21878	1792	75141.56962878135	9116564.374322772
12024	22279	1792	75066.35988695185	9109263.775077961
12159	22463	1792	74991.21864488689	9101968.364038914
12209	22528	1792	74916.14584471894	9094678.137825813
12290	22641	1792	74841.14142862726	9087393.093060972
12311	22668	1792	74766.20533883826	9080113.226368874
12341	22712	1792	74691.33751762475	9072838.534376113
12352	22724	1792	74616.53790730698	9065569.013711475
12746	23250	1792	74541.80645025158	9058304.661005858
12830	23357	1792	74467.14308887241	9051045.472892355
12921	23479	1792	74392.54776562945	9043791.446006125
13266	24937	1792	74318.02042303003	9036542.576984547
13489	25236	1792	74243.56100362762	9029298.862467084
13743	25680	1792	74169.1694500228	9022060.299095387
13807	25773	1792	74094.84570486232	9014826.883513197
13953	25975	1792	74020.58971083973	9007598.612366427
14010	26054	1792	73946.40141069495	9000375.482303105
14221	26365	1792	73872.2807472146	8993157.489973418
14242	26396	1792	73798.22766323133	8985944.632029638
14348	26540	1792	73724.24210162477	8978736.905126233
14372	26574	1792	73650.32400532025	8971534.305919731
14384	26595	1792	73576.47331729007	8964336.831068851
14437	26689	1792	73502.68998055231	8957144.477234393
3458	9249	1600	73428.97393817164	8949957.241079312
88	161	1536	73355.32513325858	8942775.119268654
95	189	1536	73281.74350897036	8935598.108469633
160	571	1536	73208.22900850973	8928426.205351533
223	817	1536	73134.78157512605	8921259.406585803
287	1323	1536	73061.40115211434	8914097.708845973
291	1347	1536	72988.08768281611	8906941.108807728
467	1991	1536	72914.8411106182	8899789.603148816
537	2276	1536	72841.66137895419	8892643.188549165
612	2632	1536	72768.54843130273	8885501.861690743
725	3113	1536	72695.50221118917	8878365.619257703
777	3291	1536	72622.52266218395	8871234.457936238
890	3571	1536	72549.60972790391	8864108.374414707
908	3607	1536	72476.76335201105	8856987.365383515
964	3756	1536	72403.98347821384	8849871.427535245
978	3804	1536	72331.27005026575	8842760.557564527
1034	3966	1536	72258.62301196632	8835654.752168123
1168	4546	1536	72186.04230716037	8828554.008044865
1210	4651	1536	72113.52787973873	8821458.321895733
1704	6061	1536	72041.0796736373	8814367.690423759
1778	6253	1536	71968.69763283787	8807282.1103341
1824	6358	1536	71896.3817013673	8800201.578333983
1944	6603	1536	71824.13182329829	8793126.091132766
1979	6691	1536	71751.94794274856	8786055.645441862
2125	6946	1536	71679.83000388161	8778990.23797481
2159	7014	1536	71607.7779509056	8771929.865447192
2201	7096	1536	71535.79172807472	8764874.524576735
2254	7227	1536	71463.8712796878	8757824.212083204
2268	7261	1536	71392.01655008939	8750778.9246885
2318	7368	1536	71320.22748366852	8743738.659116535
2567	7786	1536	71248.50402486017	8736703.412093388
2651	7966	1536	71176.84611814367	8729673.18034715
3238	8915	1536	71105.25370804395	8722647.96060804
3287	8991	1536	71033.72673913064	8715627.749608329
3427	9199	1536	70962.26515601855	8708612.544082379
3543	9384	1536	70890.86890336718	8701602.340766609
3561	9421	1536	70819.53792588128	8694597.13639954
3603	9491	1536	70748.27216831007	8687596.92772173
3640	9544	1536	70677.07157544806	8680601.711475855
3653	9564	1536	70605.93609213416	8673611.484406618
3732	9684	1536	70534.86566325239	8666626.24326083
3744	9700	1536	70463.86023373103	8659645.984787317
3748	9704	1536	70392.91974854357	8652670.705737026
3857	9849	1536	70322.04415270778	8645700.402862938
3884	9890	1536	70251.23339128634	8638735.072920116
3921	9958	1536	70180.48740938613	8631774.712665653
3939	9985	1536	70109.806152159	8624819.318858743
4065	10180	1536	70039.1895648009	8617868.888260601
4096	10229	1536	69968.63759255271	8610923.417634545
4167	10372	1536	69898.1501806991	8603982.903745882
4219	10484	1536	69827.72727457	8597047.343362065
4279	10607	1536	69757.36881953884	8590116.733252509
4294	10633	1536	69687.07476102399	8583191.070188751
4300	10654	1536	69616.84504448767	8576270.350944325
4367	10766	1536	69546.67961543685	8569354.572294869
4441	10917	1536	69476.57841942213	8562443.731018016
4473	10973	1536	69406.54140203891	8555537.823893495
4500	11014	1536	69336.56850892611	8548636.84770303
4587	11169	1536	69266.65968576733	8541740.79923044
4622	11229	1536	69196.81487828972	8534849.675261535
4653	11277	1536	69127.03403226499	8527963.472584218
4673	11313	1536	69057.31709350842	8521082.187988397
4688	11339	1536	68987.66400787955	8514205.818266032
4763	11462	1536	68918.0747212816	8507334.360211112
4898	11675	1536	68848.549179662	8500467.81061968
4941	11737	1536	68779.08732901164	8493606.166289782
4976	11789	1536	68709.68911536555	8486749.424021527
5042	11883	1536	68640.35448480242	8479897.580617044
5101	11969	1536	68571.08338344475	8473050.632880498
5233	12168	1536	68501.87575745866	8466208.577618066
5259	12227	1536	68432.7315530541	8459371.41163798
5468	12533	1536	68363.6507164845	8452539.131750477
5479	12549	1536	68294.63319404695	8445711.734767823
5562	12669	1536	68225.67893208214	8438889.217504308
5653	12789	1536	68156.78787697446	8432071.576776264
5712	12872	1536	68087.95997515137	8425258.809402004
5726	12888	1536	68019.19517308426	8418450.912201902
5948	13180	1536	67950.49341728767	8411647.88199832
5994	13240	1536	67881.85465431967	8404849.715615656
6016	13268	1536	67813.27883078155	8398056.409880308
6145	13475	1536	67744.76589331817	8391267.961620713
6207	13582	1536	67676.31578861731	8384484.36766728
6221	13606	1536	67607.92846341043	8377705.624852476
6274	13678	1536	67539.6038644719	8370931.730010747
6302	13731	1536	67471.34193861944	8364162.6799785625
6331	13775	1536	67403.14263271369	8357398.471594378
6359	13816	1536	67335.00589365883	8350639.1016986985
6469	13996	1536	67266.93166840158	8343884.567133979
6492	14038	1536	67198.91990393228	8337134.864744733
6526	14092	1536	67130.97054728375	8330389.991377429
6529	14100	1536	67063.08354553215	8323649.943880569
6547	14130	1536	66995.25884579623	8316914.719104621
6583	14191	1536	66927.49639523817	8310184.313902102
6632	14277	1536	66859.79614106246	8303458.725127471
6659	14315	1536	66792.15803051686	8296737.949637229
6680	14347	1536	66724.58201089158	8290021.984289831
6712	14396	1536	66657.06802951988	8283310.8259457555
6715	14403	1536	66589.61603377745	8276604.471467444
6744	14450	1536	66522.22597108311	8269902.917719373
6784	14507	1536	66454.89778889794	8263206.161567963
6785	14510	1536	66387.63143472568	8256514.199881629
6803	14545	1536	66320.42685611304	8249827.029530808
6850	14630	1536	66253.28400064865	8243144.647387862
6950	14796	1536	66186.2028159644	8236467.050327203
7031	14951	1536	66119.18324973398	8229794.23522517
7058	14994	1536	66052.22524967407	8223126.198960121
7090	15061	1536	65985.32876354341	8216462.938412369
7093	15064	1536	65918.49373914338	8209804.4504642235
7126	15121	1536	65851.72012431739	8203150.731999946
7166	15186	1536	65785.00786695149	8196501.779905802
7172	15203	1536	65718.35691497389	8189857.591070019
7178	15214	1536	65651.76721635502	8183218.162382796
7222	15279	1536	65585.23871910744	8176583.490736297
7241	15307	1536	65518.771371286144	8169953.573024683
7387	15520	1536	65452.365120987946	8163328.406144043
7633	15842	1536	65386.01991635206	8156707.986992478
7646	15856	1536	65319.73570555953	8150092.312470017
7800	16070	1536	65253.512436833684	8143481.379478687
7820	16094	1536	65187.3500584395	8136875.184922439
7843	16123	1536	65121.248518684486	8130273.725707245
8003	16336	1536	65055.20776591732	8123676.99874096
8044	16391	1536	64989.22774852951	8117085.000933491
8165	16607	1536	64923.30841495349	8110497.729196614
8173	16621	1536	64857.449713664304	8103915.180444131
8201	16670	1536	64791.65159317816	8097337.351591744
8253	16750	1536	64725.9140020537	8090764.239557177
8256	16754	1536	64660.236888890555	8084195.841260026
8340	16895	1536	64594.62020233089	8077632.153621926
8374	16957	1536	64529.063891057674	8071073.173566379
8437	17073	1536	64463.56790379616	8064518.898018902
8449	17089	1536	64398.132189312804	8057969.323906913
8515	17211	1536	64332.756696415956	8051424.44815982
8580	17323	1536	64267.44137395516	8044884.267708937
8614	17385	1536	64202.1861708218	8038348.779487559
8622	17397	1536	64136.99103594825	8031817.980430876
8623	17398	1536	64071.85591830898	8025291.867476083
8688	17500	1536	64006.78076691903	8018770.437562243
8794	17647	1536	63941.765530835684	8012253.687630437
8844	17729	1536	63876.81015915686	8005741.614623616
8896	17812	1536	63811.914601022145	7999234.215486707
8917	17838	1536	63747.07880561213	7992731.487166547
8925	17852	1536	63682.302722148925	7986233.426611933
8958	17890	1536	63617.58629989556	7979740.030773572
9107	18115	1536	63552.929488156486	7973251.296604125
9112	18123	1536	63488.33223627694	7966767.221058151
9166	18201	1536	63423.79449364373	7960287.801092182
9171	18206	1536	63359.316209684184	7953813.033664628
9247	18334	1536	63294.897333867084	7947342.91573587
9269	18360	1536	63230.53781570188	7940877.44426817
9307	18456	1536	63166.23760473939	7934416.616225767
9403	18609	1536	63101.99665057088	7927960.428574771
9487	18740	1536	63037.8149028289	7921508.878283248
9489	18744	1536	62973.69231118654	7915061.9623211585
9630	18973	1536	62909.62882535812	7908619.677660415
9722	19125	1536	62845.624395098195	7902182.021274797
9834	19304	1536	62781.67897020271	7895748.990140058
9854	19335	1536	62717.79250050779	7889320.581233819
9885	19388	1536	62653.9649358907	7882896.791535651
9932	19461	1536	62590.196226268876	7876477.618026993
9939	19474	1536	62526.48632160103	7870063.057691258
9946	19481	1536	62462.83517188572	7863653.107513695
9965	19505	1536	62399.24272716277	7857247.764481529
10027	19612	1536	62335.708937512034	7850847.025583846
10033	19619	1536	62272.23375305414	7844450.887811661
10038	19627	1536	62208.81712394986	7838059.348157868
10046	19640	1536	62145.459000400995	7831672.40361732
10049	19643	1536	62082.15933264898	7825290.051186695
10116	19755	1536	62018.91807097634	7818912.287864646
10158	19820	1536	61955.73516570525	7812539.110651656
10200	19885	1536	61892.61056719893	7806170.516550184
10220	19922	1536	61829.54422586009	7799806.502564506
10221	19923	1536	61766.536092132366	7793447.065700862
10269	19991	1536	61703.586116499	7787092.202967327
10309	20043	1536	61640.69424948387	7780741.91137392
10323	20068	1536	61577.86044165076	7774396.187932522
10339	20088	1536	61515.084643603695	7768055.029656927
10411	20194	1536	61452.36680598644	7761718.433562781
10429	20220	1536	61389.706879483274	7755386.39666766
10435	20230	1536	61327.10481481808	7749058.915990997
10454	20258	1536	61264.56056275512	7742735.988554146
10516	20356	1536	61202.074074098055	7736417.611380292
10537	20383	1536	61139.64529969103	7730103.781494562
10548	20397	1536	61077.27419041752	7723794.495923906
10574	20437	1536	61014.96069720148	7717489.751697224
10586	20453	1536	60952.70477100597	7711189.545845219
10602	20471	1536	60890.506362834414	7704893.875400539
10989	20940	1536	60828.365423729556	7698602.737397656
11032	20992	1536	60766.281904774274	7692316.128872968
11043	21011	1536	60704.25575709073	7686034.046864703
11170	21166	1536	60642.28693184106	7679756.488412998
11212	21213	1536	60580.37538022664	7673483.450559822
11281	21295	1536	60518.52105348891	7667214.930349061
11315	21335	1536	60456.7239029084	7660950.924826426
11343	21367	1536	60394.98387980556	7654691.431039537
11354	21380	1536	60333.300935539955	7648436.446037844
11448	21490	1536	60271.675021511066	7642185.966872704
11590	21691	1536	60210.10608915731	7635939.990597295
11648	21770	1536	60148.59408995685	7629698.51426669
11673	21803	1536	60087.138975426984	7623461.534937805
11695	21829	1536	60025.74069712457	7617229.049669435
11735	21886	1536	59964.39920664542	7611001.055522207
11789	21965	1536	59903.114455625204	7604777.549558655
11800	21983	1536	59841.886395738	7598558.528843099
11812	21999	1536	59780.714978697964	7592343.990441795
11820	22009	1536	59719.60015625766	7586133.931422782
11865	22070	1536	59658.541880209435	7579928.348856014
11983	22223	1536	59597.540102384184	7573727.239813241
12059	22325	1536	59536.594774652265	7567530.601368105
12152	22454	1536	59475.705848922924	7561338.430596081
12172	22477	1536	59414.87327714452	7555150.724574501
12190	22501	1536	59354.09701130418	7548967.480382526
12195	22511	1536	59293.37700342822	7542788.695101188
12196	22512	1536	59232.71320558177	7536614.3658133475
12223	22549	1536	59172.10556986887	7530444.489603717
12260	22605	1536	59111.55404843231	7524279.063558839
12493	22912	1536	59051.05859345394	7518118.084767123
12575	23014	1536	58990.619157154106	7511961.550318782
12689	23166	1536	58930.235691792164	7505809.457305904
12774	23284	1536	58869.908149666015	7499661.802822383
12895	23441	1536	58809.636483112496	7493518.583963986
12913	23468	1536	58749.42064450667	7487379.797828263
12971	23542	1536	58689.260586262906	7481245.441514668
12979	23550	1536	58629.156260833435	7475115.512124413
13015	24614	1536	58569.107620709656	7468990.006760601
13038	24640	1536	58509.114618421074	7462868.922528123
13258	24926	1536	58449.17720653615	7456752.256533741
13609	25421	1536	58389.29533766131	7450640.005885994
13640	25476	1536	58329.46896444194	7444532.167695306
13674	25550	1536	58269.698039561335	7438428.739073864
13746	25683	1536	58209.982515741765	7432329.717135747
13840	25818	1536	58150.32234574321	7426235.098996792
13870	25862	1536	58090.7174823645	7420144.881774704
13914	25923	1536	58031.167878442415	7414059.06258898
14151	26251	1536	57971.67348685223	7407977.638560964
14168	26283	1536	57912.2342605073	7401900.606813791
14177	26294	1536	57852.85015235926	7395827.964472432
14209	26344	1536	57793.52111539777	7389759.708663658
14216	26356	1536	57734.247102650945	7383695.836516079
14220	26364	1536	57675.028067184605	7377636.345160087
14230	26376	1536	57615.863962103	7371581.231727917
14422	26659	1536	57556.754740548036	7365530.493353578
14541	26859	1536	57497.700355700246	7359484.12717295
14555	26886	1536	57438.700760777356	7353442.130323641
14586	26947	1536	57379.75590903581	7347404.499945145
3760	9722	1408	57320.865753769314	7341371.2331786975
8168	16612	1408	57262.03024831002	7335342.327167392
7330	15445	1312	57203.24934602749	7329317.77905608
111	234	1294	57144.5230003295	7323297.585991458
12467	22867	1288	57085.85116466141	7317281.745122
233	1104	1280	57027.233792506144	7311270.253597957
435	1888	1280	56968.67083738493	7305263.108571442
456	1959	1280	56910.16225285612	7299260.307196303
463	1984	1280	56851.70799251627	7293261.846628242
523	2169	1280	56793.30800999898	7287267.724024691
714	3087	1280	56734.96225897614	7281277.936544945
887	3560	1280	56676.6706931566	7275292.4813500345
959	3746	1280	56618.43326628727	7269311.355602827
1132	4390	1280	56560.24993215214	7263334.556467937
1154	4497	1280	56502.12064457319	7257362.08111182
1163	4536	1280	56444.04535740936	7251393.926702674
1317	4815	1280	56386.02402455743	7245430.090410512
1318	4816	1280	56328.056599951226	7239470.569407111
1373	5026	1280	56270.14303756234	7233515.360866066
1425	5329	1280	56212.28329139929	7227564.461962713
1542	5572	1280	56154.47731550838	7221617.869874219
1548	5586	1280	56096.7250639727	7215675.5817794865
1620	5703	1280	56039.02649091298	7209737.59485923
1665	5839	1280	55981.381550486905	7203803.906295924
1795	6303	1280	55923.79019688956	7197874.513273839
1798	6307	1280	55866.25238435306	7191949.412979003
1799	6309	1280	55808.76806714672	7186028.602599234
1891	6485	1280	55751.33719957682	7180112.079324108
2228	7163	1280	55693.9597359871	7174199.840345012
2244	7195	1280	55636.635630757715	7168291.882855047
2320	7370	1280	55579.36483830647	7162388.204049138
2333	7408	1280	55522.14731308763	7156488.801123942
2465	7631	1280	55464.983009592885	7150593.671277919
2480	7647	1280	55407.87188235044	7144702.811711265
2497	7667	1280	55350.81388592568	7138816.219625963
2634	7933	1280	55293.80897492057	7132933.892225739
2638	7942	1280	55236.85710397431	7127055.826716119
2672	8009	1280	55179.95822776247	7121182.020304354
2717	8101	1280	55123.11230099776	7115312.470199485
2732	8128	1280	55066.31927842926	7109447.173612284
2755	8172	1280	55009.579114843225	7103586.127755321
2758	8179	1280	54952.891765062144	7097729.329842886
2882	8361	1280	54896.257183945476	7091876.777091053
2951	8462	1280	54839.67532638907	7086028.466717631
3091	8700	1280	54783.14614732561	7080184.395942206
3277	8973	1280	54726.66960172415	7074344.5619860925
3348	9087	1280	54670.24564459043	7068508.962072386
3402	9163	1280	54613.87423096651	7062677.5934259035
3434	9212	1280	54557.55531593123	7056850.453273241
3517	9343	1280	54501.28885459942	7051027.538842705
3554	9408	1280	54445.07480212293	7045208.847364406
3717	9659	1280	54388.91311368934	7039394.376070138
3778	9751	1280	54332.80374452321	7033584.122193495
3784	9759	1280	54276.74664988489	7027778.08296977
3903	9926	1280	54220.74178507144	7021976.255636034
3989	10060	1280	54164.789105415926	7016178.637431077
4029	10120	1280	54108.888566287955	7010385.2255954575
4046	10156	1280	54053.040123092855	7004596.017371425
4068	10185	1280	53997.24373127275	6998811.010003032
4076	10196	1280	53941.49934630531	6993030.200736
4089	10218	1280	53885.806923704906	6987253.586817854
4104	10240	1280	53830.166419021516	6981481.165497795
4107	10246	1280	53774.57778784161	6975712.934026808
4179	10404	1280	53719.04098578722	6969948.889657561
4311	10668	1280	53663.55596851685	6964189.029644498
4351	10735	1280	53608.12269172472	6958433.35124377
4446	10926	1280	53552.741111141106	6952681.851713266
4484	10987	1280	53497.41118253204	6946934.52831259
4498	11009	1280	53442.13286169975	6941191.378303098
4501	11015	1280	53386.906104482	6935452.398947843
4562	11129	1280	53331.73086675265	6929717.587511629
4584	11163	1280	53276.60710442114	6923986.941260958
4732	11411	1280	53221.534773432984	6918260.457464089
4749	11437	1280	53166.51382976905	6912538.133390959
4783	11496	1280	53111.54422944633	6906819.96631327
4947	11743	1280	53056.625928517074	6901105.953504393
5033	11871	1280	53001.75888306976	6895396.092239482
5074	11928	1280	52946.94304922786	6889690.379795339
5077	11933	1280	52892.17838315104	6883988.81345054
5078	11935	1280	52837.46484103396	6878291.390485325
5079	11937	1280	52782.80237910747	6872598.108181699
5155	12054	1280	52728.19095363731	6866908.963823331
5183	12096	1280	52673.630520925195	6861223.954695639
5197	12117	1280	52619.12103730798	6855543.0780857215
5219	12146	1280	52564.66245915819	6849866.331282417
5269	12250	1280	52510.25474288357	6844193.711576242
5327	12336	1280	52455.89784492736	6838525.216259444
5518	12601	1280	52401.59172176801	6832860.842625951
5566	12674	1280	52347.33632991952	6827200.5879714275
5621	12746	1280	52293.13162593086	6821544.449593205
5677	12826	1280	52238.97756638658	6815892.424790352
5707	12864	1280	52184.874107906246	6810244.5108636115
5750	12920	1280	52130.82120714477	6804600.705115451
5980	13223	1280	52076.81882079202	6798961.004850002
5981	13224	1280	52022.86690557339	6793325.407373142
6059	13331	1280	51968.96541824895	6787693.909992397
6082	13369	1280	51915.11431561429	6782066.510017031
6126	13441	1280	51861.31355449955	6776443.204757949
6204	13577	1280	51807.56309177056	6770823.991527823
6242	13633	1280	51753.86288432754	6765208.867640953
6245	13639	1280	51700.21288910607	6759597.830413359
6288	13701	1280	51646.61306307647	6753990.877162742
6339	13787	1280	51593.06336324416	6748388.005208508
6349	13803	1280	51539.563746649284	6742789.211871726
6384	13852	1280	51486.114170366985	6737194.494475174
6411	13892	1280	51432.71459150712	6731603.850343298
6422	13915	1280	51379.364967214526	6726017.27680225
6425	13919	1280	51326.065254668545	6720434.771179835
6488	14030	1280	51272.815411083684	6714856.330805584
6501	14049	1280	51219.6153937086	6709281.953010644
6516	14075	1280	51166.46515982734	6703711.635127925
6538	14114	1280	51113.364666757996	6698145.374491943
6612	14242	1280	51060.313871853694	6692583.168438936
6625	14267	1280	51007.312732501974	6687025.014306795
6627	14271	1280	50954.36120612508	6681470.909435103
6638	14289	1280	50901.45925017966	6675920.851165101
6662	14320	1280	50848.60682215719	6670374.836839734
6708	14391	1280	50795.80387958322	6664832.863803571
6718	14410	1280	50743.05038001821	6659294.929402909
6806	14549	1280	50690.34628105661	6653761.030985655
6855	14639	1280	50637.69154032786	6648231.165901454
6860	14646	1280	50585.08611549517	6642705.331501547
6866	14652	1280	50532.52996425661	6637183.5251389
6887	14689	1280	50480.02304434416	6631665.744168097
6890	14693	1280	50427.56531352461	6626151.985945443
6892	14697	1280	50375.15672959854	6620642.247828852
6902	14713	1280	50322.79725040118	6615136.527177942
6923	14746	1280	50270.486833801544	6609634.8213539515
6955	14808	1280	50218.22543770333	6604137.127719825
6972	14829	1280	50166.013020043974	6598643.443640122
7060	14999	1280	50113.84953879549	6593153.766481109
7106	15089	1280	50061.734951963444	6587668.093610649
7127	15123	1280	50009.669217588154	6582186.42239833
7150	15155	1280	49957.652293743355	6576708.750215328
7173	15204	1280	49905.68413853733	6571235.07443453
7194	15241	1280	49853.76471011205	6565765.392430438
7195	15242	1280	49801.893966643605	6560299.701579224
7248	15321	1280	49750.07186634185	6554837.999258692
7257	15341	1280	49698.298367450916	6549380.282848328
7297	15400	1280	49646.573428248455	6543926.549729235
7460	15621	1280	49594.897007046275	6538476.797284183
7514	15690	1280	49543.26906218972	6533031.02289757
7530	15714	1280	49491.6895520583	6527589.223955463
7662	15882	1280	49440.15843506501	6522151.39784555
7735	15990	1280	49388.67566965685	6516717.5419571875
7765	16028	1280	49337.24121431426	6511287.653681337
7793	16062	1280	49285.85502755176	6505861.73041065
7807	16077	1280	49234.5170679171	6500439.769539366
7839	16119	1280	49183.22729399212	6495021.768463408
7841	16121	1280	49131.98566439199	6489607.724580306
7888	16181	1280	49080.79213776565	6484197.63528925
7997	16328	1280	49029.64667279547	6478791.497991046
8013	16346	1280	48978.54922819732	6473389.310088133
8058	16411	1280	48927.499762720865	6467991.068984613
8067	16425	1280	48876.498235148836	6462596.772086174
8133	16552	1280	48825.544604298004	6457206.416800197
8191	16648	1280	48774.638829017895	6451820.000535624
8220	16692	1280	48723.78086819206	6446437.5207030885
8238	16728	1280	48672.97068073692	6441058.974714799
8400	17013	1280	48622.20822560269	6435684.359984639
8409	17024	1280	48571.49346177246	6430313.67392807
8453	17097	1280	48520.826348263116	6424946.91396223
8476	17142	1280	48470.2068441244	6419584.07750584
8493	17169	1280	48419.63490843951	6414225.16197926
8504	17195	1280	48369.1105003248	6408870.164804472
8545	17264	1280	48318.63357892988	6403519.0834050765
8547	17267	1280	48268.20410343733	6398171.915206284
8560	17289	1280	48217.82203306331	6392828.657634963
8571	17306	1280	48167.487327056406	6387489.308119532
8577	17314	1280	48117.19994469906	6382153.8640901
8578	17317	1280	48066.95984530612	6376822.322978326
8586	17338	1280	48016.76698822592	6371494.682217537
8593	17348	1280	47966.62133283939	6366170.939242624
8627	17402	1280	47916.52283856098	6360851.091490147
8720	17539	1280	47866.47146483754	6355535.136398219
8726	17551	1280	47816.46717114926	6350223.071406613
8747	17580	1280	47766.509917008894	6344914.893956666
8843	17728	1280	47716.59966196239	6339610.601491365
8853	17745	1280	47666.736365588244	6334310.191455268
8870	17765	1280	47616.91998749809	6329013.661294578
8909	17829	1280	47567.15048733598	6323721.008457052
8934	17863	1280	47517.42782477906	6318432.230392098
8944	17873	1280	47467.75195953702	6313147.324550699
8968	17910	1280	47418.12285135247	6307866.288385465
9025	17980	1280	47368.540460000455	6302589.119350575
9070	18065	1280	47319.004745288876	6297315.814901832
9273	18364	1280	47269.51566705807	6292046.372496617
9291	18389	1280	47220.073185181274	6286780.789593936
9340	18506	1280	47170.67725956399	6281519.063654361
9380	18574	1280	47121.32785014463	6276261.192140098
9384	18579	1280	47072.02491689372	6271007.172514898
9388	18586	1280	47022.76841981474	6265757.002244154
9464	18707	1280	46973.55831894316	6260510.678794809
9591	18900	1280	46924.39457434747	6255268.199635441
9596	18906	1280	46875.277146127955	6250029.56223617
9640	18985	1280	46826.205994417905	6244794.764068754
9650	19002	1280	46777.18107938249	6239563.802606494
9702	19091	1280	46728.20236121964	6234336.67532432
9730	19134	1280	46679.26980015925	6229113.379698711
9751	19176	1280	46630.38335646378	6223893.913207762
9761	19188	1280	46581.542990427726	6218678.2733311225
9850	19331	1280	46532.74866237816	6213466.457550063
9857	19343	1280	46484.00033267394	6208258.463347389
9898	19409	1280	46435.29796170656	6203054.2882075375
10029	19615	1280	46386.64150989927	6197853.9296164755
10035	19623	1280	46338.03093770783	6192657.385061794
10044	19637	1280	46289.46620561981	6187464.652032628
10084	19708	1280	46240.94727415509	6182275.72801971
10093	19721	1280	46192.47410386546	6177090.610515336
10101	19733	1280	46144.04665533493	6171909.297013393
10117	19756	1280	46095.66488917924	6166731.785009313
10127	19770	1280	46047.32876604647	6161558.072000141
10139	19786	1280	45999.038246616255	6156388.155484448
10181	19852	1280	45950.79329160064	6151222.032962424
10208	19898	1280	45902.59386174309	6146059.701935781
10273	19995	1280	45854.43991781934	6140901.159907842
10311	20046	1280	45806.331420636736	6135746.404383462
10319	20061	1280	45758.26833103466	6130595.432869097
10327	20072	1280	45710.25060988404	6125448.242872732
10377	20139	1280	45662.278218087915	6120304.831903954
10392	20160	1280	45614.35111658073	6115165.197473878
10397	20170	1280	45566.469266329	6110029.337095215
10557	20411	1280	45518.63262833061	6104897.248282206
10569	20432	1280	45470.84116361546	6099768.928550685
10581	20447	1280	45423.09483324476	6094644.375418008
10587	20454	1280	45375.393598311704	6089523.5864031315
10590	20457	1280	45327.73741994076	6084406.55902653
10669	20550	1280	45280.126259288256	6079293.290810269
10756	20661	1280	45232.560077541784	6074183.779277935
10800	20714	1280	45185.03883592077	6069078.021954703
10806	20721	1280	45137.56249567587	6063976.016367274
10856	20780	1280	45090.13101808948	6058877.7600439275
10909	20842	1280	45042.74436447514	6053783.250514461
10978	20925	1280	44995.40249617814	6048692.48531026
10999	20952	1280	44948.10537457484	6043605.461964223
11017	20972	1280	44900.85296107333	6038522.178010833
11035	20995	1280	44853.6452171127	6033442.630986085
11036	20998	1280	44806.48210416369	6028366.818427556
11108	21092	1280	44759.363583728	6023294.73787433
11109	21093	1280	44712.289617338996	6018226.386867076
11179	21176	1280	44665.26016656087	6013161.762947964
11366	21395	1280	44618.275192989444	6008100.863660749
11466	21513	1280	44571.33465825139	6003043.68655069
11504	21559	1280	44524.43852400487	5997990.22916462
11505	21560	1280	44477.586751938885	5992940.489050877
11515	21573	1280	44430.77930377384	5987894.463759369
11606	21718	1280	44384.01614126098	5982852.150841514
11699	21836	1280	44337.29722618292	5977813.547850293
11777	21943	1280	44290.62252035302	5972778.652340198
11861	22065	1280	44243.99198561591	5967747.461867276
11893	22102	1280	44197.40558384705	5962719.973989091
11894	22103	1280	44150.86327695301	5957696.186264752
11909	22125	1280	44104.365026871106	5952676.096254883
11915	22132	1280	44057.910795569915	5947659.701521666
11989	22231	1280	44011.50054504849	5942646.999628774
11992	22234	1280	43965.13423733721	5937637.988141453
12031	22290	1280	43918.81183449688	5932632.664626432
12040	22300	1280	43872.53329861949	5927631.026652006
12091	22368	1280	43826.29859182755	5922633.071787965
12118	22409	1280	43780.10767627457	5917638.797605644
12131	22426	1280	43733.96051414462	5912648.201677884
12197	22513	1280	43687.85706765266	5907661.281579068
12234	22561	1280	43641.7972990442	5902678.03488508
12244	22583	1280	43595.781170595605	5897698.459173345
12246	22587	1280	43549.808644613666	5892722.552022783
12294	22645	1280	43503.87968343609	5887750.311013865
12542	22976	1280	43457.99424943086	5882781.733728543
12582	23025	1280	43412.15230499688	5877816.817750321
12600	23049	1280	43366.3538125633	5872855.560664186
12635	23096	1280	43320.59873459006	5867897.960056668
12649	23112	1280	43274.88703356733	5862944.013515784
12650	23113	1280	43229.218672016104	5857993.718631096
12668	23137	1280	43183.593612487464	5853047.072993637
12674	23144	1280	43138.01181756327	5848104.074195992
12711	23195	1280	43092.47324985543	5843164.719832215
12715	23200	1280	43046.977872006646	5838229.007497914
12759	23266	1280	43001.52564668964	5833296.934790164
12771	23281	1280	42956.11653660764	5828368.499307571
12815	23336	1280	42910.75050449406	5823443.698650231
12844	23371	1280	42865.42751311283	5818522.530419768
12965	23533	1280	42820.1475252578	5813604.992219273
12986	24579	1280	42774.910503753475	5808691.081653386
13076	24692	1280	42729.71641145414	5803780.796328203
13078	24694	1280	42684.56521124464	5798874.13385136
13113	24735	1280	42639.45686603968	5793971.091831959
13145	24774	1280	42594.39133878441	5789071.667880633
13172	24807	1280	42549.36859245374	5784175.859609479
13174	24810	1280	42504.38859005311	5779283.664632133
13382	25082	1280	42459.451294617545	5774395.080563678
13689	25608	1280	42414.55666921256	5769510.105020738
13719	25646	1280	42369.70467693333	5764628.7356213955
13753	25692	1280	42324.89528090536	5759750.969985257
13757	25702	1280	42280.12844428376	5754876.805733384
13779	25733	1280	42235.404130253926	5750006.24048837
13814	25782	1280	42190.72230203092	5745139.271874265
13817	25787	1280	42146.08292285996	5740275.897516636
13826	25800	1280	42101.48595601585	5735416.115042511
13896	25898	1280	42056.93136480354	5730559.922080433
13942	25959	1280	42012.419112557494	5725707.3162604
14067	26133	1280	41967.94916264234	5720858.295213934
14109	26191	1280	41923.521478452174	5716012.856574005
14239	26389	1280	41879.13602341093	5711170.99797508
14267	26424	1280	41834.792760972465	5706332.717053124
14319	26499	1280	41790.49165462003	5701498.011445553
14377	26582	1280	41746.23266786691	5696666.878791299
14381	26589	1280	41702.01576425569	5691839.316730735
14385	26596	1280	41657.84090735893	5687015.322905754
14393	26609	1280	41613.70806077848	5682194.894959683
14463	26733	1280	41569.617188146134	5677378.03053737
14472	26747	1280	41525.56825312292	5672564.7272851
15668	64521	1280	41481.56121939964	5667754.982850662
15669	64524	1280	41437.59605069644	5662948.794883296
3604	9492	1216	41393.67271076321	5658146.16103374
3706	9647	1184	41349.79116337893	5653347.07895417
1401	5093	1088	41305.95137235248	5648551.546298276
3103	8718	1040	41262.153301521765	5643759.560721174
5764	12937	1040	41218.3969147544	5638971.119879487
117	259	1024	41174.68217594708	5634186.221431272
119	267	1024	41131.00904902621	5629404.863036091
279	1301	1024	41087.37749794713	5624627.04235493
289	1341	1024	41043.787486694884	5619852.757050284
365	1696	1024	41000.23897928344	5615082.004786072
394	1763	1024	40956.73193975629	5610314.783227707
465	1986	1024	40913.26633218599	5605551.090042043
517	2156	1024	40869.84212067448	5600790.922897417
522	2167	1024	40826.459269352665	5596034.279463599
548	2486	1024	40783.1177423809	5591281.157411855
635	2702	1024	40739.81750394835	5586531.5544148665
648	2746	1024	40696.55851827364	5581785.468146813
678	2861	1024	40653.3407496042	5577042.8962833015
708	3078	1024	40610.16416221678	5572303.836501419
709	3079	1024	40567.02872041692	5567568.286479678
775	3278	1024	40523.934388539485	5562836.24389808
781	3295	1024	40480.88113094803	5558107.706438043
838	3396	1024	40437.86891203542	5553382.671782478
870	3494	1024	40394.89769622311	5548661.1376157
922	3640	1024	40351.96744796189	5543943.101623525
1000	3856	1024	40309.07813173106	5539228.5614931695
1073	4184	1024	40266.22971203915	5534517.514913337
1148	4467	1024	40223.42215342329	5529809.959574152
1165	4542	1024	40180.65542044971	5525105.893167209
1166	4543	1024	40137.92947771314	5520405.313385522
1211	4655	1024	40095.24428983747	5515708.217923577
1212	4656	1024	40052.59982147497	5511014.60447727
1252	4717	1024	40009.996037307064	5506324.470743983
1253	4718	1024	39967.43290204353	5501637.8144224975
1288	4774	1024	39924.91038042318	5496954.633213072
1311	4807	1024	39882.42843721316	5492274.9248173665
1416	5248	1024	39839.98703720964	5487598.686938522
1429	5380	1024	39797.58614523712	5482925.917281084
1528	5554	1024	39755.22572614892	5478256.613551057
1553	5596	1024	39712.90574482675	5473590.773455859
1680	5966	1024	39670.626166181166	5468928.394704379
1686	5978	1024	39628.3869551509	5464269.475006894
1803	6318	1024	39586.188076703605	5459614.012075164
1847	6389	1024	39544.02949583506	5454962.003622335
1860	6422	1024	39501.911177569826	5450313.447363024
1921	6544	1024	39459.83308696065	5445668.341013246
2089	6875	1024	39417.79518908895	5441026.682290475
2105	6899	1024	39375.79744906431	5436388.468913585
2123	6941	1024	39333.839832024976	5431753.698602907
2197	7089	1024	39291.92230313723	5427122.369080172
2422	7566	1024	39250.044827596044	5422494.478068565
2433	7578	1024	39208.20737062435	5417870.0232926635
2435	7580	1024	39166.409897473706	5413249.002478505
2549	7755	1024	39124.65237342361	5408631.413353513
2681	8024	1024	39082.93476378214	5404017.25364657
2739	8140	1024	39041.257033885326	5399406.521087951
2850	8320	1024	38999.6191490976	5394799.213409373
2937	8440	1024	38958.021074811346	5390195.328343947
2938	8441	1024	38916.46277644742	5385594.86362624
2962	8480	1024	38874.94421945448	5380997.816992196
2990	8528	1024	38833.465369309575	5376404.18617921
3000	8549	1024	38792.026191517616	5371813.968926069
3003	8554	1024	38750.62665161176	5367227.16297299
3042	8618	1024	38709.266715153055	5362643.766061592
3061	8659	1024	38667.94634773076	5358063.775934925
3094	8704	1024	38626.6655149619	5353487.190337427
3111	8729	1024	38585.424182491726	5348914.007014975
3118	8738	1024	38544.2223159932	5344344.2237148285
3136	8762	1024	38503.05988116745	5339777.838185685
3178	8826	1024	38461.93684374326	5335214.848177618
3214	8880	1024	38420.85316947762	5330655.251442151
3222	8894	1024	38379.80882415502	5326099.045732166
3258	8944	1024	38338.80377358814	5321546.228801994
3260	8947	1024	38297.83798361719	5316996.7984073395
3263	8953	1024	38256.91142011041	5312450.7523053335
3268	8958	1024	38216.02404896365	5307908.088254495
3305	9023	1024	38175.17583610067	5303368.80401476
3323	9050	1024	38134.36674747276	5298832.8973474465
3337	9071	1024	38093.59674905914	5294300.366015295
3359	9100	1024	38052.8658068665	5289771.207782422
3371	9117	1024	38012.17388692946	5285245.420414371
3420	9192	1024	37971.52095530997	5280723.001678052
3430	9205	1024	37930.90697809788	5276203.949341803
3454	9241	1024	37890.331921410434	5271688.261175327
3508	9327	1024	37849.79575139267	5267175.9349497575
3563	9426	1024	37809.298434216864	5262666.96843758
3572	9440	1024	37768.83993608323	5258161.35941272
3580	9456	1024	37728.42022321912	5253659.105650455
3596	9480	1024	37688.03926187961	5249160.204927479
3615	9508	1024	37647.6970183471	5244664.655021859
3617	9511	1024	37607.39345893163	5240172.45371308
3636	9539	1024	37567.12854997037	5235683.598781975
3666	9587	1024	37526.90225782824	5231198.0880108075
3702	9643	1024	37486.714548897166	5226715.919183189
3720	9663	1024	37446.5653895968	5222237.090084154
3747	9703	1024	37406.454746373834	5217761.598500092
3755	9715	1024	37366.382585702464	5213289.442218796
3766	9730	1024	37326.34887408404	5208820.619029431
3916	9947	1024	37286.35357804735	5204355.126722557
4034	10130	1024	37246.39666414822	5199892.963090097
4056	10170	1024	37206.47809896993	5195434.125925382
4094	10227	1024	37166.59784912273	5190978.61302309
4101	10236	1024	37126.75588124431	5186526.422179312
4122	10279	1024	37086.95216199923	5182077.5511914855
4131	10298	1024	37047.18665807949	5177631.9978584545
4174	10390	1024	37007.45933620394	5173189.759980411
4178	10400	1024	36967.770163118796	5168750.835358954
4210	10467	1024	36928.11910559703	5164315.221797021
4221	10488	1024	36888.506130439026	5159882.917098962
4260	10576	1024	36848.93120447184	5155453.919070462
4313	10671	1024	36809.39429454986	5151028.225518612
4354	10739	1024	36769.89536755419	5146605.834251846
4387	10804	1024	36730.434390393166	5142186.743079993
4390	10809	1024	36691.01133000179	5137770.9498142265
4418	10864	1024	36651.62615334226	5133358.452267114
4432	10897	1024	36612.27882740341	5128949.248252564
4444	10922	1024	36572.96931920122	5124543.335585879
4464	10959	1024	36533.69759577828	5120140.712083702
4513	11044	1024	36494.46362420428	5115741.375564067
4523	11057	1024	36455.26737157545	5111345.323846343
4528	11066	1024	36416.10880501508	5106952.55475129
4543	11092	1024	36376.98789167292	5102563.066101002
4553	11109	1024	36337.90459872589	5098176.855718972
4560	11126	1024	36298.85889337722	5093793.921430012
4607	11204	1024	36259.85074285717	5089414.261060328
4671	11307	1024	36220.88011442241	5085037.872437454
4684	11334	1024	36181.94697535659	5080664.753390318
4702	11360	1024	36143.05129296973	5076294.901749168
4704	11364	1024	36104.19303459865	5071928.315345639
4714	11381	1024	36065.372167606605	5067564.992012695
4755	11450	1024	36026.58865938369	5063204.929584685
4778	11487	1024	35987.84247734627	5058848.125897275
4802	11525	1024	35949.13358893749	5054494.57878752
4809	11533	1024	35910.46196162681	5050144.286093796
4825	11561	1024	35871.82756291042	5045797.245655857
4840	11586	1024	35833.23036031066	5041453.455314778
4845	11591	1024	35794.670321376725	5037112.912913016
4867	11624	1024	35756.14741368394	5032775.616294352
4900	11677	1024	35717.661604834095	5028441.563303919
4914	11698	1024	35679.212862455526	5024110.751788209
4917	11704	1024	35640.801154202716	5019783.179595038
4944	11740	1024	35602.42644775674	5015458.844573597
4985	11803	1024	35564.08871082472	5011137.744574385
4986	11804	1024	35525.78791114042	5006819.877449282
5009	11839	1024	35487.52401646353	5002505.2410514755
5035	11874	1024	35449.29699458037	4998193.8332355255
5037	11878	1024	35411.106813303144	4993885.6518573025
5065	11914	1024	35372.95344047061	4989580.694774047
5098	11966	1024	35334.83684394742	4985278.959844307
5140	12030	1024	35296.75699162477	4980980.444928005
5159	12061	1024	35258.71385141958	4976685.147886362
5196	12116	1024	35220.70739127536	4972393.06658197
5213	12138	1024	35182.737579161316	4968104.198878725
5228	12160	1024	35144.80438307317	4963818.542641894
5252	12204	1024	35106.907771032296	4959536.095738033
5265	12236	1024	35069.04771108651	4955256.856035076
5275	12260	1024	35031.22417130937	4950980.821402253
5285	12273	1024	34993.4371198007	4946707.989710155
5291	12286	1024	34955.68652468602	4942438.358830672
5372	12400	1024	34917.97235411719	4938171.92663706
5382	12415	1024	34880.294576271626	4933908.691003862
5400	12441	1024	34842.65315935308	4929648.649806995
5402	12443	1024	34805.04807159083	4925391.800923655
5463	12525	1024	34767.479281240376	4921138.142232409
5467	12531	1024	34729.946756582816	4916887.671613111
5519	12602	1024	34692.45046592534	4912640.3869469715
5528	12618	1024	34654.99037760074	4908396.286116497
5529	12619	1024	34617.56645996783	4904155.367005542
5547	12645	1024	34580.17868141098	4899917.627499254
5554	12655	1024	34542.827010340625	4895683.065484138
5584	12698	1024	34505.511415192625	4891451.678847983
5613	12736	1024	34468.231864428824	4887223.465479924
5625	12752	1024	34430.98832653658	4882998.423270394
5626	12753	1024	34393.780770029116	4878776.550111166
5661	12802	1024	34356.609163445115	4874557.843895302
5676	12825	1024	34319.473475349136	4870342.302517212
5688	12839	1024	34282.37367433114	4866129.92387259
5738	12905	1024	34245.3097290069	4861920.705858475
5745	12914	1024	34208.28160801753	4857714.6463731835
5774	12954	1024	34171.28928002998	4853511.743316381
5790	12974	1024	34134.3327137365	4849311.994589018
5802	12988	1024	34097.41187785504	4845115.398093373
5823	13017	1024	34060.52674112891	4840921.95173302
5824	13018	1024	34023.67727232705	4836731.65341286
5828	13023	1024	33986.8634402437	4832544.50103908
5835	13032	1024	33950.08521369872	4828360.492519202
5866	13073	1024	33913.34256153717	4824179.625762024
5880	13093	1024	33876.63545262972	4820001.898677677
5887	13103	1024	33839.96385587228	4815827.309177576
5924	13146	1024	33803.32774018625	4811655.855174461
5927	13150	1024	33766.72707451816	4807487.53458235
5935	13161	1024	33730.16182784015	4803322.345316596
5942	13171	1024	33693.63196914933	4799160.285293815
5958	13192	1024	33657.13746746842	4795001.352431961
5987	13232	1024	33620.67829184509	4790845.54465026
5991	13236	1024	33584.25441135254	4786692.859869259
6002	13253	1024	33547.86579508888	4782543.29601078
6007	13258	1024	33511.51241217777	4778396.850997974
6027	13282	1024	33475.194231767666	4774253.522755248
6036	13294	1024	33438.911223032526	4770113.309208346
6042	13305	1024	33402.6633551712	4765976.208284274
6052	13321	1024	33366.45059740784	4761842.217911359
6071	13350	1024	33330.27291899152	4757711.3360191975
6104	13405	1024	33294.130289196575	4753583.5605387045
6124	13439	1024	33258.022677322195	4749458.889402053
6161	13505	1024	33221.9500526928	4745337.320542743
6173	13526	1024	33185.912384657684	4741218.851895536
6174	13527	1024	33149.90964259131	4737103.481396509
6177	13533	1024	33113.94179589287	4732991.206982996
6185	13545	1024	33078.00881398676	4728882.026593649
6209	13588	1024	33042.11066632213	4724775.938168384
6216	13597	1024	33006.24732237322	4720672.939648424
6335	13779	1024	32970.418751638965	4716573.02897625
6381	13849	1024	32934.62492364342	4712476.204095662
6441	13950	1024	32898.86580793522	4708382.462951704
6452	13961	1024	32863.14137408814	4704291.803490743
6464	13987	1024	32827.4515917005	4700204.223660394
6481	14018	1024	32791.79643039565	4696119.721409577
6512	14068	1024	32756.175859821502	4692038.294688472
6535	14110	1024	32720.58984965094	4687959.941448561
6536	14111	1024	32685.03836958142	4683884.659642582
6545	14128	1024	32649.521389335237	4679812.4472245695
6564	14161	1024	32614.038878659292	4675743.302149821
6591	14203	1024	32578.590807325287	4671677.2223749235
6608	14232	1024	32543.17714512939	4667614.205857719
6629	14273	1024	32507.797861892675	4663554.250557355
6656	14310	1024	32472.4529274606	4659497.35443422
6663	14321	1024	32437.14231170338	4655443.51545
6717	14409	1024	32401.86598451566	4651392.731567629
6724	14418	1024	32366.6239158169	4647345.000751347
6781	14503	1024	32331.416075550784	4643300.320966624
6809	14552	1024	32296.242433685857	4639258.690180238
6841	14609	1024	32261.10296021481	4635220.106360198
6873	14668	1024	32225.997625155203	4631184.567475824
6877	14675	1024	32190.92639854869	4627152.071497655
6899	14708	1024	32155.889250461692	4623122.616397542
6912	14732	1024	32120.88615098481	4619096.200148566
6925	14749	1024	32085.917070233256	4615072.820725101
6951	14799	1024	32050.981978346415	4611052.476102759
6958	14813	1024	32016.080845488286	4607035.164258439
6990	14865	1024	31981.213641846967	4603020.883170281
6991	14866	1024	31946.380337635113	4599009.630817708
7011	14906	1024	31911.58090308947	4595001.405181379
7019	14923	1024	31876.815308471338	4590996.204243245
7039	14962	1024	31842.083524065984	4586994.025986478
7053	14987	1024	31807.38552018324	4582994.868395546
7149	15154	1024	31772.72126715688	4578998.729456143
7152	15157	1024	31738.09073534515	4575005.607155247
7190	15234	1024	31703.49389513025	4571015.499481064
7209	15263	1024	31668.93071691879	4567028.404423082
7217	15274	1024	31634.40117114132	4563044.319972022
7220	15277	1024	31599.90522825273	4559063.244119879
7258	15342	1024	31565.442858731796	4555085.174859873
7280	15378	1024	31531.014033081698	4551110.110186512
7288	15387	1024	31496.618721829363	4547138.048095519
7319	15430	1024	31462.256895526054	4543168.986583897
7332	15450	1024	31427.928524746832	4539202.923649871
7377	15508	1024	31393.633580091046	4535239.857292945
7392	15526	1024	31359.372032181807	4531279.785513844
7394	15528	1024	31325.14385166638	4527322.706314561
7403	15538	1024	31290.94900921582	4523368.617698313
7435	15586	1024	31256.787475525405	4519417.517669593
7438	15590	1024	31222.65922131399	4515469.404234103
7510	15686	1024	31188.564217324667	4511524.275398824
7526	15708	1024	31154.50243432412	4507582.129171949
7557	15746	1024	31120.4738431032	4503642.963562943
7562	15755	1024	31086.47841447631	4499706.77658248
7569	15764	1024	31052.516119281972	4495773.566242513
7582	15779	1024	31018.58692838228	4491843.330556199
7622	15829	1024	30984.690812663273	4487916.067537958
7628	15836	1024	30950.82774303465	4483991.775203432
7634	15843	1024	30916.997690430046	4480070.451569522
7653	15868	1024	30883.20062580658	4476152.0946543375
7656	15871	1024	30849.436520145355	4472236.702477255
7663	15887	1024	30815.705344450926	4468324.273058858
7671	15895	1024	30782.007069751755	4464414.804420988
7704	15948	1024	30748.341667099765	4460508.2945867
7720	15972	1024	30714.709107570685	4456604.741580302
7724	15976	1024	30681.10936226373	4452704.143427312
7725	15979	1024	30647.542402301893	4448806.498154508
7748	16009	1024	30614.008198831496	4444911.8037898615
7752	16014	1024	30580.506723022736	4441020.0583626125
7792	16061	1024	30547.03794606909	4437131.2599032
7830	16107	1024	30513.601839187744	4433245.406443309
7834	16112	1024	30480.198373619274	4429362.496015843
7852	16138	1024	30446.82752062789	4425482.52665494
7868	16158	1024	30413.48925150111	4421605.496395956
7869	16159	1024	30380.183537549972	4417731.403275469
7877	16168	1024	30346.91035010907	4413860.245331301
7884	16177	1024	30313.66966053618	4409992.02060247
7898	16193	1024	30280.461440212737	4406126.727129246
7932	16240	1024	30247.285660543326	4402264.362953093
7986	16310	1024	30214.14229295609	4398404.926116721
7995	16324	1024	30181.031308902308	4394548.414664035
8031	16370	1024	30147.952679856844	4390694.826640191
8057	16410	1024	30114.90637731759	4386844.160091529
8063	16421	1024	30081.892372805967	4382996.41306564
8089	16477	1024	30048.910637866444	4379151.583611303
8112	16516	1024	30015.961144066998	4375309.6697785435
8120	16530	1024	29983.04386299856	4371470.669618571
8124	16538	1024	29950.158766275497	4367634.581183838
8198	16667	1024	29917.30582553524	4363801.402527992
8273	16784	1024	29884.485012438512	4359971.131705911
8287	16806	1024	29851.69629866901	4356143.766773662
8339	16893	1024	29818.93965593379	4352319.30578855
8344	16900	1024	29786.215055962846	4348497.74680907
8380	16972	1024	29753.52247050946	4344679.087894949
8392	16998	1024	29720.861871349778	4340863.327107098
8414	17034	1024	29688.233230283236	4337050.462507663
8416	17036	1024	29655.636519132106	4333240.492159972
8443	17082	1024	29623.0717097419	4329433.414128588
8448	17088	1024	29590.538773980945	4325629.226479251
8487	17161	1024	29558.037683740768	4321827.92727894
8518	17216	1024	29525.56841093562	4318029.514595803
8548	17268	1024	29493.130927502967	4314233.986499227
8588	17340	1024	29460.725205402992	4310441.34105977
8595	17350	1024	29428.351216619005	4306651.576349225
8599	17360	1024	29396.008933157013	4302864.690440557
8624	17399	1024	29363.698327046106	4299080.681407959
8635	17416	1024	29331.41937033804	4295299.547326799
8669	17467	1024	29299.17203510764	4291521.2862736685
8678	17485	1024	29266.956293452306	4287745.896326336
8729	17554	1024	29234.772117492503	4283973.37556379
8741	17574	1024	29202.619479371257	4280203.722066194
8791	17644	1024	29170.498351254613	4276436.9339149315
8803	17662	1024	29138.408705331112	4272673.009192557
8830	17702	1024	29106.35051381228	4268911.945982846
8857	17749	1024	29074.32374893214	4265153.742370743
8888	17794	1024	29042.32838294765	4261398.396442413
8923	17848	1024	29010.364388138187	4257645.906285184
8930	17859	1024	28978.431736806095	4253896.269987607
8931	17860	1024	28946.53040127605	4250149.485639393
9028	17984	1024	28914.66035389565	4246405.551331475
9063	18052	1024	28882.821567034855	4242664.465155946
9066	18057	1024	28851.014013086453	4238926.225206114
9089	18091	1024	28819.23766446561	4235190.829576457
9155	18183	1024	28787.492493610207	4231458.276362655
9167	18202	1024	28755.7784729805	4227728.563661555
9202	18259	1024	28724.095575059484	4224001.689571219
9292	18390	1024	28692.443772352395	4220277.6521908585
9296	18395	1024	28660.82303738723	4216556.449620905
9343	18510	1024	28629.233342714233	4212838.079962947
9360	18534	1024	28597.67466090627	4209122.541319776
9361	18536	1024	28566.14696455846	4205409.831795345
9363	18540	1024	28534.65022628855	4201699.949494813
9365	18546	1024	28503.184418736477	4197992.892524494
9367	18548	1024	28471.749514564774	4194288.65899191
9368	18549	1024	28440.345486458064	4190587.2470057295
9438	18667	1024	28408.972307123637	4186888.6546758353
9441	18673	1024	28377.62994929079	4183192.880113254
9447	18682	1024	28346.31838571139	4179499.921430217
9493	18754	1024	28315.037589159427	4175809.7767401137
9496	18757	1024	28283.78753243128	4172122.444157522
9498	18760	1024	28252.56818834546	4168437.92179818
9530	18814	1024	28221.37952974286	4164756.207779018
9569	18865	1024	28190.22152948645	4161077.3002181216
9606	18930	1024	28159.094160461555	4157401.1972347647
9620	18957	1024	28127.9973955755	4153727.8969493783
9667	19031	1024	28096.93120775803	4150057.3974835845
9687	19072	1024	28065.895569960714	4146389.6969601447
9699	19088	1024	28034.890455157583	4142724.793503026
9727	19131	1024	28003.915836344517	4139062.685237335
9906	19423	1024	27972.97168653974	4135403.3702893713
9945	19480	1024	27942.05797878328	4131746.8467865735
9972	19514	1024	27911.17468613749	4128093.1128575755
9985	19536	1024	27880.32178168657	4124442.1666321564
9994	19560	1024	27849.4992385369	4120794.006241273
9998	19567	1024	27818.707029816705	4117148.629817035
10024	19609	1024	27787.945128676423	4113506.0354927354
10089	19715	1024	27757.21350828822	4109866.2214028025
10107	19742	1024	27726.512141846426	4106229.185682854
10124	19766	1024	27695.841002567147	4102594.926469646
10131	19774	1024	27665.200063688608	4098963.4419011213
10150	19804	1024	27634.589298470677	4095334.7301163506
10175	19843	1024	27604.008680195373	4091708.7892555944
10178	19849	1024	27573.458182166367	4088085.617460247
10231	19937	1024	27542.93777770941	4084465.2128728875
10259	19976	1024	27512.44744017181	4080847.5736372196
10265	19986	1024	27481.98714292301	4077232.6978981365
10285	20009	1024	27451.556859353925	4073620.583801655
10306	20039	1024	27421.15656287756	4070011.2294949777
10381	20144	1024	27390.786226928434	4066404.633126434
10403	20179	1024	27360.445824963044	4062800.792845532
10406	20186	1024	27330.13533045937	4059199.706802905
10441	20242	1024	27299.85471691739	4055601.3731503715
10459	20265	1024	27269.603957858468	4052005.7900408627
10466	20282	1024	27239.383026825963	4048412.9556285
10475	20295	1024	27209.191897384597	4044822.8680685163
10500	20331	1024	27179.030543121033	4041235.525517331
10503	20334	1024	27148.898937643284	4037650.926132478
10508	20345	1024	27118.79705458121	4034069.068072666
10523	20366	1024	27088.72486758606	4030489.9494977267
10539	20386	1024	27058.682350330866	4026913.568568663
10606	20475	1024	27028.669476510026	4023339.9234476006
10620	20491	1024	26998.68621983965	4019769.0122978273
10626	20499	1024	26968.732554057202	4016200.8332837583
10634	20508	1024	26938.808452921865	4012635.384570973
10674	20555	1024	26908.91389021407	4009072.664326167
10714	20608	1024	26879.048839735973	4005512.670717208
10739	20642	1024	26849.213275310954	4001955.4019130752
10763	20670	1024	26819.407170784034	3998400.856083912
10776	20683	1024	26789.630500021485	3994849.0314009828
10796	20708	1024	26759.883236911155	3991299.9260367095
10797	20709	1024	26730.16535536211	3987753.5381646324
10804	20719	1024	26700.47682930498	3984209.865959451
10809	20724	1024	26670.817632691513	3980668.9075969756
10810	20725	1024	26641.18773949506	3977130.661254183
10811	20726	1024	26611.58712371006	3973595.1251091547
10846	20767	1024	26582.015759352416	3970062.2973411307
10854	20777	1024	26552.473620459215	3966532.1761304694
10870	20795	1024	26522.96068108896	3963004.7596586803
10885	20812	1024	26493.476915321193	3959480.046108379
10890	20817	1024	26464.022297256895	3955958.0336633385
10893	20822	1024	26434.596801018124	3952438.7205084437
10907	20839	1024	26405.200400748265	3948922.104829728
10966	20911	1024	26375.83307061176	3945408.1848143344
10985	20933	1024	26346.49478479437	3941896.9586505564
10987	20938	1024	26317.185517502814	3938388.4245277895
11003	20956	1024	26287.905242965182	3934882.580636588
11022	20979	1024	26258.653935430484	3931379.4251686055
11023	20980	1024	26229.43156916897	3927878.9563166406
11063	21033	1024	26200.23811847186	3924381.1722746007
11087	21061	1024	26171.073557651565	3920886.0712375366
11104	21085	1024	26141.9378610414	3917393.651401601
11110	21094	1024	26112.831002995907	3913903.910964094
11112	21096	1024	26083.752957890425	3910416.8481234144
11135	21122	1024	26054.703700121565	3906932.4610791113
11146	21134	1024	26025.683204106623	3903450.7480318197
11154	21148	1024	25996.691444284123	3899971.7071833266
11190	21189	1024	25967.728395113358	3896495.336736517
11211	21211	1024	25938.794031074718	3893021.634895413
11249	21256	1024	25909.888326669326	3889550.599865134
11254	21261	1024	25881.011256419402	3886082.2298519392
11268	21281	1024	25852.162794867934	3882616.5230631894
11277	21290	1024	25823.342916578735	3879153.4777073595
11296	21312	1024	25794.551596136676	3875693.091994061
11322	21343	1024	25765.7888081472	3872235.3641339913
11337	21361	1024	25737.054527236807	3868780.2923389873
11339	21363	1024	25708.348728052613	3865327.8748219777
11349	21374	1024	25679.67138526269	3861878.109797026
11356	21384	1024	25651.022473555688	3858430.9954792834
11373	21402	1024	25622.40196764126	3854986.53008504
11383	21416	1024	25593.809842249506	3851544.7118316637
11389	21424	1024	25565.246072131533	3848105.5389376665
11411	21450	1024	25536.7106320589	3844669.0096226395
11418	21457	1024	25508.203496824084	3841235.122107309
11444	21486	1024	25479.724641240024	3837803.8746134825
11449	21491	1024	25451.274040140488	3834375.2653640984
11468	21515	1024	25422.85166837976	3830949.292583183
11507	21563	1024	25394.45750083284	3827525.9544958835
11510	21568	1024	25366.091512395225	3824105.2493284354
11518	21577	1024	25337.753677983164	3820687.1753082
11546	21622	1024	25309.443972533292	3817271.7306636176
11550	21627	1024	25281.162371002978	3813858.9136242555
11556	21633	1024	25252.90884836996	3810448.722420759
11562	21642	1024	25224.683379632675	3807041.155284898
11569	21650	1024	25196.485939809903	3803636.210449523
11579	21676	1024	25168.316503941092	3800233.8861486055
11582	21679	1024	25140.175047085995	3796834.1806171946
11584	21681	1024	25112.06154432496	3793437.0920914556
11631	21750	1024	25083.97597075866	3790042.6188086383
11633	21752	1024	25055.918301508336	3786650.759007104
11638	21758	1024	25027.888511715468	3783261.510926293
11671	21801	1024	24999.88657654213	3779874.872806763
11700	21837	1024	24971.912471170566	3776490.842890143
11713	21854	1024	24943.966170803596	3773109.4194191815
11733	21883	1024	24916.047650664175	3769730.600637696
11759	21917	1024	24888.156885995788	3766354.384790621
11783	21952	1024	24860.293852062063	3762980.7701239623
11786	21957	1024	24832.45852414706	3759609.754884835
11809	21994	1024	24804.65087755502	3756241.337321431
11810	21996	1024	24776.870887610552	3752875.5156830456
11827	22018	1024	24749.118529658386	3749512.28822005
11888	22097	1024	24721.393779063645	3746151.6531839203
11891	22100	1024	24693.696611211482	3742793.6088272016
11901	22114	1024	24666.02700150748	3739438.1534035522
11917	22134	1024	24638.384925377155	3736085.2851676866
11962	22191	1024	24610.770358266444	3732735.0023754383
12051	22314	1024	24583.183275641193	3729387.303283694
12060	22326	1024	24555.623652987648	3726042.1861504577
12078	22348	1024	24528.091465811893	3722699.6492347834
12097	22375	1024	24500.586689640397	3719359.6907968447
12127	22421	1024	24473.10930001947	3716022.3090978633
12138	22434	1024	24445.659272515717	3712687.5024001747
12142	22441	1024	24418.23658271562	3709355.268967169
12157	22461	1024	24390.84120622585	3706025.6070633396
12233	22560	1024	24363.473118672966	3702698.5149542405
12242	22575	1024	24336.132295703675	3699373.9909065217
12247	22588	1024	24308.81871298455	3696052.033187898
12256	22599	1024	24281.532346202304	3692732.6400671806
12257	22600	1024	24254.27317106338	3689415.8098142296
12263	22608	1024	24227.04116329444	3686101.540700016
12267	22614	1024	24199.836298641832	3682789.830996557
12278	22628	1024	24172.658552872024	3679480.678976969
12306	22659	1024	24145.507901771212	3676174.0829154206
12313	22672	1024	24118.384321145644	3672870.04108718
12343	22714	1024	24091.287786821234	3669568.5517685595
12360	22732	1024	24064.218274643994	3666269.613236975
12368	22743	1024	24037.175760479528	3662973.2237708857
12481	22885	1024	24010.16022021347	3659679.3816498467
12482	22889	1024	23983.17162975108	3656388.0851544635
12488	22904	1024	23956.20996501759	3653099.332566431
12494	22913	1024	23929.27520195782	3649813.1221684897
12525	22955	1024	23902.36731653651	3646529.4522444764
12590	23036	1024	23875.486284738014	3643248.3210792695
12653	23119	1024	23848.632082566568	3639969.7269588425
12683	23157	1024	23821.804686045885	3636693.668170201
12691	23168	1024	23795.004071219686	3633420.1430014563
12708	23191	1024	23768.230214151026	3630149.149741745
12756	23262	1024	23741.48309092295	3626880.6866813046
12773	23283	1024	23714.7626776379	3623614.752111408
12776	23287	1024	23688.068950418143	3620351.3443244128
12793	23308	1024	23661.401885405387	3617090.461613721
12899	23446	1024	23634.76145876111	3613832.1022738144
12937	23500	1024	23608.14764666624	3610576.2646002187
12942	23505	1024	23581.560425321408	3607322.946889538
12988	24581	1024	23554.99977094663	3604072.147439416
12996	24589	1024	23528.465659781687	3600823.8645485793
13003	24600	1024	23501.958068085656	3597578.0965167894
13012	24610	1024	23475.476972137312	3594334.8416448883
13019	24618	1024	23449.02234823476	3591094.0982347527
13030	24631	1024	23422.594172695764	3587855.8645893377
13041	24645	1024	23396.19242185735	3584620.1390126343
13048	24652	1024	23369.817072076225	3581386.9198097135
13067	24678	1024	23343.46809972826	3578156.205286668
13075	24691	1024	23317.145481209	3574927.9937506784
13140	24769	1024	23290.84919293319	3571702.283509951
13161	24791	1024	23264.579211335145	3568479.07287377
13179	24819	1024	23238.335512868347	3565258.3601524443
13192	24834	1024	23212.118074005833	3562040.1436573593
13210	24855	1024	23185.92687123982	3558824.4217009326
13227	24881	1024	23159.76188108199	3555611.192596648
13229	24883	1024	23133.623080063193	3552400.454659021
13232	24886	1024	23107.510444733714	3549192.206203632
13234	24888	1024	23081.423951662986	3545986.445547097
13244	24907	1024	23055.36357743984	3542783.1710070916
13256	24924	1024	23029.329298672208	3539582.380902323
13262	24932	1024	23003.321091987422	3536384.0735525633
13268	24939	1024	22977.338934031854	3533188.247278609
13286	24960	1024	22951.382801471253	3529994.9004023215
13304	24989	1024	22925.45267099038	3526804.031246587
13305	24990	1024	22899.54851929339	3523615.638135359
13309	24995	1024	22873.670323103335	3520429.719393606
13313	24999	1024	22847.81805916264	3517246.2733473624
13333	25023	1024	22821.991704232696	3514065.298323688
13335	25025	1024	22796.191235094135	3510886.792650698
13358	25053	1024	22770.416628546536	3507710.754657528
13363	25059	1024	22744.667861408743	3504537.182674378
13366	25063	1024	22718.944910518483	3501366.0750324624
13372	25070	1024	22693.2477527327	3498197.430064056
13374	25072	1024	22667.576364927227	3495031.246102451
13381	25080	1024	22641.930723997044	3491867.5214819927
13383	25085	1024	22616.31080685602	3488706.2545380495
13390	25092	1024	22590.716590437165	3485547.443607041
13392	25094	1024	22565.148051692275	3482391.087026404
13438	25159	1024	22539.605167592323	3479237.183134628
13441	25162	1024	22514.087915127002	3476085.7302712146
13465	25197	1024	22488.596271305167	3472936.7267767256
13469	25207	1024	22463.130213154367	3469790.1709927265
13472	25211	1024	22437.68971772124	3466646.0612618383
13483	25229	1024	22412.274762071153	3463504.395927693
13491	25238	1024	22386.885323288527	3460365.1733349776
13495	25245	1024	22361.521378476413	3457228.3918293784
13496	25247	1024	22336.182904756948	3454094.049757642
13506	25258	1024	22310.869879270853	3450962.1454675165
13508	25260	1024	22285.582279177896	3447832.6773078013
13511	25265	1024	22260.32008165643	3444705.6436283006
13519	25275	1024	22235.083263903776	3441581.0427798675
13523	25281	1024	22209.871803135837	3438458.8731143577
13535	25300	1024	22184.685676587465	3435339.132984678
13550	25330	1024	22159.524861512073	3432221.820744735
13569	25364	1024	22134.389335181946	3429106.9347494803
13571	25368	1024	22109.279074887923	3425994.47335487
13573	25370	1024	22084.194057939705	3422884.434917902
13576	25374	1024	22059.1342616655	3419776.8177965763
13578	25380	1024	22034.09966341236	3416671.620349936
13588	25393	1024	22009.090240545793	3413568.8409380238
13599	25408	1024	21984.105970450128	3410468.4779219213
13607	25418	1024	21959.146830528145	3407370.5296637123
13611	25423	1024	21934.212798201403	3404274.994526518
13637	25473	1024	21909.303850909844	3401181.870874457
13650	25495	1024	21884.419966112215	3398091.1570726894
13656	25505	1024	21859.561121285646	3395002.851487372
13664	25521	1024	21834.72729392583	3391916.952485681
13673	25549	1024	21809.918461547135	3388833.458435825
13678	25560	1024	21785.134601682246	3385752.3677070034
13717	25644	1024	21760.37569188255	3382673.678669454
13761	25707	1024	21735.64170971772	3379597.389694405
13789	25746	1024	21710.932632776097	3376523.499154122
13792	25750	1024	21686.248438664286	3373452.005421857
13795	25753	1024	21661.589105007548	3370382.9068719023
13796	25754	1024	21636.954609449338	3367316.201879531
13806	25772	1024	21612.344929651776	3364251.88882106
13811	25778	1024	21587.760043295133	3361189.966073783
13815	25784	1024	21563.199928078287	3358130.4320160337
13821	25795	1024	21538.664561718288	3355073.2850271254
13894	25896	1024	21514.15392195074	3352018.523487408
13921	25934	1024	21489.667986529403	3348966.145778215
13925	25940	1024	21465.20673322651	3345916.150281903
13928	25943	1024	21440.770139832486	3342868.5353818224
13972	25999	1024	21416.358184156186	3339823.2994623445
13994	26026	1024	21391.97084402458	3336780.440908825
14009	26053	1024	21367.608097283122	3333739.95810765
14016	26060	1024	21343.26992179528	3330701.8494461793
14043	26097	1024	21318.956295442997	3327666.1133128055
14054	26112	1024	21294.66719612622	3324632.7480968963
14146	26245	1024	21270.402601763326	3321601.7521888497
14162	26269	1024	21246.162490290684	3318573.1239800365
14190	26317	1024	21221.94683966302	3315546.861862851
14238	26387	1024	21197.755627853054	3312522.9642306673
14252	26408	1024	21173.58883285187	3309501.4294778826
14263	26419	1024	21149.446432668483	3306482.255999868
14318	26498	1024	21125.328405330198	3303465.4421930145
14335	26525	1024	21101.234728882275	3300450.9864546894
14367	26569	1024	21077.165381388255	3297438.8871832807
14429	26672	1024	21053.12034092956	3294429.1427781465
14439	26691	1024	21029.099585605898	3291421.7516396684
14461	26729	1024	21005.10309353478	3288416.712169193
14470	26744	1024	20981.13084285202	3285414.0227690926
14490	26774	1024	20957.18281171121	3282413.6818427015
14493	26781	1024	20933.258978284186	3279415.68779438
14521	26828	1024	20909.35932076055	3276420.039029447
14543	26862	1024	20885.483817348115	3273426.733954246
14574	26931	1024	20861.63244627244	3270435.770976083
14593	26974	1024	20837.805185777226	3267447.1485032765
14595	26992	1024	20814.002014123977	3264460.8649451192
14609	27662	1024	20790.22290959225	3261476.91871191
14628	27681	1024	20766.46785047936	3258495.308214917
14646	27699	1024	20742.736815100678	3255516.0318664135
14665	27718	1024	20719.029781789304	3252539.0880796467
14685	27738	1024	20695.346728896377	3249564.475268865
14724	27777	1024	20671.687634790695	3246592.1918492853
14747	27800	1024	20648.052477859113	3243622.2362371334
14756	27809	1024	20624.441236506096	3240654.6068495945
14763	27816	1024	20600.853889154107	3237689.302104861
14798	27851	1024	20577.290414243245	3234726.3204220883
14805	27858	1024	20553.750790231574	3231765.660221439
14812	27865	1024	20530.234995594736	3228807.3199240332
14813	27866	1024	20506.7430088263	3225851.2979519954
14814	27867	1024	20483.274808437403	3222897.592728408
14819	27872	1024	20459.83037295712	3219946.202677363
14918	27971	1024	20436.409680932025	3216997.1262239036
14946	27999	1024	20413.012710926563	3214050.361794074
14981	28034	1024	20389.639441522748	3211105.9078148846
15062	28115	1024	20366.28985132037	3208163.7627143348
15091	28144	1024	20342.963918936737	3205223.924921387
15113	28166	1024	20319.661623006985	3202286.3928659996
15115	28168	1024	20296.382942183685	3199351.1649790877
15126	28179	1024	20273.1278551372	3196418.2396925613
15150	28203	1024	20249.896340555348	3193487.6154392874
15153	28206	1024	20226.688377143662	3190559.290653126
15171	28224	1024	20203.503943625128	3187633.2637688923
15174	28227	1024	20180.34301874043	3184709.533222395
15178	28231	1024	20157.205581247632	3181788.097450394
15207	28260	1024	20134.09160992252	3178868.9548906456
15217	28270	1024	20111.001083558203	3175952.1039818516
15261	28314	1024	20087.933980965503	3173037.5431637126
15273	28326	1024	20064.890280972515	3170125.2708768714
15283	28336	1024	20041.86996242501	3167215.2855629665
15289	28342	1024	20018.873004186058	3164307.585664584
15290	28343	1024	19995.899385136334	3161402.1696252963
15300	28353	1024	19972.94908417378	3158499.0358896274
15331	28384	1024	19950.022080213945	3155598.182903088
15337	28390	1024	19927.118352189587	3152699.609112132
15342	28395	1024	19904.237879051085	3149803.3129642075
15368	28421	1024	19881.380639765957	3146909.292907698
15386	28439	1024	19858.546613319315	3144017.547391981
15406	28459	1024	19835.735778713424	3141128.074867372
15418	28471	1024	19812.948114968072	3138240.873785174
15424	28477	1024	19790.183601120196	3135355.9425976314
15444	28497	1024	19767.442216224223	3132473.2797579733
15456	28509	1024	19744.72393935171	3129592.8837203695
15478	28531	1024	19722.028749591656	3126714.7529399707
15523	28576	1024	19699.356626050172	3123838.885872868
15544	28597	1024	19676.70754785079	3120965.2809761344
15545	28598	1024	19654.08149413414	3118093.9367077835
15553	28606	1024	19631.47844405821	3115224.851526804
15592	28645	1024	19608.898376798068	3112358.023893125
15627	28680	1024	19586.34127154616	3109493.4522676566
15634	28687	1024	19563.8071075119	3106631.135112239
15641	28694	1024	19541.29586392214	3103771.0708896997
15643	28696	1024	19518.807520020626	3100913.2580637895
15644	28697	1024	19496.342055068486	3098057.695099244
15646	28699	1024	19473.89944834379	3095204.38046173
15647	28700	1024	19451.479679141907	3092353.312617889
15650	28703	1024	19429.082726775152	3089504.4900352983
15651	28704	1024	19406.70857057308	3086657.9111825046
15665	28718	1024	19384.357189882172	3083813.5745289885
8736	17562	992	19362.028564066168	3080971.4785452047
8186	16640	896	19339.722672505664	3078131.621702537
8749	17583	864	19317.439494598457	3075294.0024733385
909	3608	800	19295.179009759246	3072458.619330896
11472	21519	800	19272.941197419863	3069625.470749463
11979	22219	800	19250.726037029024	3066794.555204224
2543	7744	784	19228.53350805255	3063965.87117133
63	99	768	19206.3635899731	3061139.417127861
277	1298	768	19184.216262290447	3058315.1915518628
486	2043	768	19162.09150452116	3055493.1929223104
525	2172	768	19139.989296198873	3052673.4197191414
646	2717	768	19117.909616874018	3049855.8704232215
647	2721	768	19095.85244611408	3047040.5435163802
659	2825	768	19073.81776350326	3044227.437481371
701	2929	768	19051.805548642806	3041416.5508019095
710	3080	768	19029.815781150715	3038607.8819626407
719	3107	768	19007.848440661917	3035801.429449162
782	3296	768	18985.903506828105	3032997.1917480025
949	3727	768	18963.98095931789	3030195.167346645
1055	4109	768	18942.08077781659	3027395.3547334988
1117	4309	768	18920.20294202645	3024597.7523979284
1162	4530	768	18898.347431666356	3021802.3588302215
1170	4549	768	18876.514226472136	3019009.172521625
1329	4830	768	18854.703306196174	3016218.191964299
1359	4982	768	18832.91465060782	3013429.415651367
1372	5024	768	18811.148239492974	3010642.8420768683
1421	5322	768	18789.4040526544	3007858.469735797
1424	5328	768	18767.682069911447	3005076.297124066
1499	5502	768	18745.982271100256	3002296.322738539
1632	5728	768	18724.304636073575	2999518.5450770007
1676	5958	768	18702.649144700903	2996742.962638186
1697	6040	768	18681.015776868277	2993969.573921744
1736	6129	768	18659.404512478515	2991198.377428278
1753	6180	768	18637.81533145092	2988429.3716593035
1764	6216	768	18616.24821372157	2985662.555117288
1910	6524	768	18594.703139242964	2982897.92630561
1922	6550	768	18573.180087984358	2980135.483728598
2181	7054	768	18551.679039931452	2977375.2258914933
2206	7109	768	18530.199975086623	2974617.1513004834
2262	7249	768	18508.74287346868	2971861.2584626684
2290	7312	768	18487.307715113104	2969107.5458860956
2302	7334	768	18465.894480071747	2966356.0120797185
2456	7617	768	18444.503148413132	2963606.655553441
2536	7733	768	18423.133700222155	2960859.4748180755
2566	7785	768	18401.786115600204	2958114.4683853625
2588	7839	768	18380.46037466525	2955371.6347679836
2601	7864	768	18359.15645755158	2952630.972479525
2604	7868	768	18337.87434441006	2949892.4800345153
2609	7880	768	18316.614015407853	2947156.1559483916
2622	7912	768	18295.37545072869	2944421.998737529
2654	7974	768	18274.15863057254	2941690.006919208
2714	8090	768	18252.963535155945	2938960.1790116527
2727	8117	768	18231.790144711656	2936232.5135339857
2761	8185	768	18210.638439488957	2933507.009006273
2772	8199	768	18189.508399753322	2930783.66394948
2875	8353	768	18168.400005786738	2928062.4768855134
2923	8418	768	18147.313237887334	2925343.4463371756
2953	8465	768	18126.248076369746	2922626.5708282115
3012	8567	768	18105.204501564745	2919911.8488832638
3144	8775	768	18084.182493819542	2917199.279027911
3212	8877	768	18063.182033497465	2914488.8597886283
3275	8971	768	18042.203100978284	2911780.58969283
3355	9096	768	18021.245676657865	2909074.467268828
3397	9157	768	18000.309740948425	2906370.4910458606
3466	9265	768	17979.395274278297	2903668.659554068
3476	9279	768	17958.502257092186	2900968.971324528
3638	9542	768	17937.6306698508	2898271.424889202
3659	9577	768	17916.780493031223	2895576.018780992
3705	9646	768	17895.951707126565	2892882.751533691
3739	9693	768	17875.14429264621	2890191.621682021
3771	9738	768	17854.358230115602	2887502.6277616005
3905	9928	768	17833.59350007641	2884815.768308973
4018	10104	768	17812.850083086334	2882131.041861579
4049	10161	768	17792.127959719277	2879448.44695778
4064	10179	768	17771.427110565124	2876767.982136834
4070	10187	768	17750.747516230007	2874089.6459389254
4150	10340	768	17730.08915733597	2871413.436905127
4162	10361	768	17709.452014521237	2868739.3535774346
4239	10534	768	17688.836068439992	2866067.394498739
4263	10584	768	17668.24129976252	2863397.5582128474
4274	10598	768	17647.667689175083	2860729.8432644648
4310	10667	768	17627.115217380004	2858064.2481992086
4365	10764	768	17606.583865095516	2855400.7715635905
4373	10785	768	17586.07361305595	2852739.4119050386
4450	10934	768	17565.5844420115	2850080.1677718745
4463	10958	768	17545.11633272842	2847423.037713331
4478	10980	768	17524.669265988785	2844768.020279532
4490	10997	768	17504.243222590787	2842115.114021521
4494	11004	768	17483.838183348318	2839464.3174912194
4502	11016	768	17463.454129091384	2836815.629241472
4588	11171	768	17443.091040665728	2834169.0478260075
4652	11276	768	17422.7488989331	2831524.571799464
4656	11280	768	17402.427684771024	2828882.1997173717
4686	11337	768	17382.127379072954	2826241.930136166
4707	11369	768	17361.84796274813	2823603.761613172
4770	11474	768	17341.5894167217	2820967.692706623
4775	11481	768	17321.351721934534	2818333.7219756353
4836	11576	768	17301.13485934343	2815701.847980237
4848	11596	768	17280.938809920863	2813072.069281337
4850	11600	768	17260.7635546552	2810444.384440752
4874	11636	768	17240.60907455047	2807818.792021182
4895	11671	768	17220.47535062658	2805195.2905862336
4924	11716	768	17200.362363919052	2802573.8787003905
4942	11738	768	17180.270095479285	2799954.5549290483
4951	11747	768	17160.198526374257	2797337.3178384765
5007	11836	768	17140.147637686783	2794722.1659958526
5010	11840	768	17120.117410515268	2792109.097969232
5029	11864	768	17100.107825973904	2789498.1123275743
5038	11879	768	17080.118865192428	2786889.2076407108
5056	11902	768	17060.150509316394	2784282.382479386
5088	11952	768	17040.202739506836	2781677.6354152085
5091	11957	768	17020.27553694058	2779074.9650206985
5092	11958	768	17000.368882809933	2776474.3698692443
5106	11978	768	16980.482758322938	2773875.8485351377
5156	12056	768	16960.617144703116	2771279.3995935437
5180	12092	768	16940.772023189704	2768685.0216205283
5185	12098	768	16920.947375037376	2766092.713193026
5216	12141	768	16901.143181516505	2763502.4728888753
5235	12170	768	16881.35942391286	2760914.29928678
5247	12192	768	16861.596083527915	2758328.190966347
5255	12221	768	16841.85314167849	2755744.1465080474
5363	12381	768	16822.1305796971	2753162.1644932553
5404	12446	768	16802.428378931592	2750582.2435042104
5432	12489	768	16782.74652074544	2748004.382124047
5503	12582	768	16763.08498651747	2745428.5789367678
5548	12649	768	16743.4437576421	2742854.8325272724
5663	12807	768	16723.822815529053	2740283.141481323
5668	12814	768	16704.222141603634	2737713.504385579
5740	12908	768	16684.641717306447	2735145.9198275614
5763	12936	768	16665.081524093654	2732580.38639569
5978	13219	768	16645.54154343664	2730016.90267924
6044	13309	768	16626.021756822352	2727455.467268385
6085	13372	768	16606.522145752995	2724896.0787541606
6123	13437	768	16587.042691746214	2722338.7357284883
6138	13465	768	16567.583376334944	2719783.436784159
6139	13469	768	16548.144181067546	2717230.180514847
6171	13524	768	16528.725087507588	2714678.9655150883
6294	13716	768	16509.32607723411	2712129.7903803117
6299	13722	768	16489.94713184129	2709582.6537067993
6360	13817	768	16470.588232938764	2707037.5540917255
6363	13821	768	16451.249362151284	2704494.4901331193
6378	13846	768	16431.93050111903	2701953.4604299003
6509	14063	768	16412.63163149731	2699414.463581844
6510	14064	768	16393.352734956774	2696877.498189608
6515	14074	768	16374.093793183212	2694342.56285471
6552	14137	768	16354.854787877737	2691809.656179551
6586	14194	768	16335.635700756571	2689278.776767388
6605	14226	768	16316.43651355123	2686749.923222359
6609	14234	768	16297.257208008301	2684223.094149456
6642	14294	768	16278.097765889668	2681698.2881545564
6671	14337	768	16258.958168972264	2679175.5038443883
6673	14340	768	16239.838399048285	2676654.739826563
6674	14341	768	16220.738437924923	2674135.994709538
6701	14374	768	16201.658267424646	2671619.267102657
6727	14421	768	16182.597869384892	2669104.555616112
6731	14432	768	16163.557225658356	2666591.858860978
6753	14462	768	16144.536318112643	2664081.1754491706
6764	14475	768	16125.535128630601	2661572.503993491
6774	14495	768	16106.553639110014	2659065.843107588
6791	14521	768	16087.591831463837	2656561.1914059855
6800	14541	768	16068.649687619945	2654058.5475040562
6838	14606	768	16049.727189521367	2651557.9100180487
6858	14644	768	16030.824319126014	2649059.277565055
6917	14739	768	16011.941058406957	2646562.648763049
6932	14764	768	15993.077389352093	2644068.0222308403
6935	14767	768	15974.233293964473	2641575.396588122
6937	14771	768	15955.408754261967	2639084.770455426
6960	14815	768	15936.603752277524	2636596.1424541567
6973	14830	768	15917.818270058922	2634109.5112065626
6975	14832	768	15899.052289669025	2631624.875335768
6977	14839	768	15880.30579318545	2629142.2334657325
7012	14909	768	15861.578762700869	2626661.5842212895
7018	14920	768	15842.871180322749	2624182.926228116
7048	14979	768	15824.183028173542	2621706.258112754
7056	14990	768	15805.514288390468	2619231.5785025884
7069	15021	768	15786.864943125725	2616758.886025873
7092	15063	768	15768.234974546256	2614288.1793116992
7112	15099	768	15749.624364833942	2611819.4569900255
7135	15137	768	15731.033096185398	2609352.717691649
7136	15138	768	15712.461150812178	2606887.960048237
7202	15251	768	15693.908510940479	2604425.182692284
7205	15258	768	15675.375158811476	2601964.384257161
7245	15314	768	15656.86107668095	2599505.5633770665
7246	15319	768	15638.366246819614	2597048.71868707
7253	15334	768	15619.890651512813	2594593.8488230715
7315	15423	768	15601.434273060719	2592140.952421833
7326	15439	768	15582.997093778173	2589690.0281209536
7337	15458	768	15564.579095994857	2587241.074558897
7467	15629	768	15546.180262054988	2584794.090374951
7476	15642	768	15527.800574317673	2582349.074209273
7580	15776	768	15509.44001515654	2579906.0247028465
7616	15821	768	15491.098566960061	2577464.940497521
7763	16026	768	15472.77621213125	2575025.820235975
7810	16081	768	15454.472933087769	2572588.6625617323
7836	16116	768	15436.18871226204	2570153.466119173
7866	16156	768	15417.92353210098	2567720.2295535062
7918	16220	768	15399.677375066269	2565288.9515108005
7945	16257	768	15381.450223634038	2562859.6306379475
7961	16280	768	15363.24206029517	2560432.2655827
8068	16426	768	15345.052867554992	2558006.854993635
8079	16460	768	15326.882627933532	2555583.3975201854
8085	16469	768	15308.731323965267	2553161.8918126123
8113	16517	768	15290.598938199337	2550742.336522029
8116	16520	768	15272.485453199302	2548324.7303003725
8128	16546	768	15254.390851543374	2545909.0718004373
8147	16577	768	15236.315115824154	2543495.359675837
8157	16598	768	15218.258228648896	2541083.592581044
8178	16628	768	15200.22017263918	2538673.769171345
8187	16642	768	15182.20093043122	2536265.888102884
8190	16647	768	15164.20048467559	2533859.948032627
8194	16659	768	15146.218818037429	2531455.9476183886
8213	16683	768	15128.25591319618	2529053.885518801
8228	16708	768	15110.311752845893	2526653.760393352
8235	16719	768	15092.386319694882	2524255.5709023452
8249	16743	768	15074.479596466033	2521859.3157069352
8280	16798	768	15056.591565896462	2519464.9934690893
8281	16799	768	15038.722210737855	2517072.6028516307
8290	16809	768	15020.871513756108	2514682.142518193
8298	16818	768	15003.039457731627	2512293.6111332583
8315	16843	768	14985.22602545908	2509907.007362129
8325	16868	768	14967.431199747547	2507522.3298709467
8332	16878	768	14949.65496342037	2505139.577326672
8342	16898	768	14931.897299315315	2502758.748397111
8359	16927	768	14914.158190284339	2500379.841750881
8363	16935	768	14896.43761919382	2498002.856057445
8372	16950	768	14878.73556892431	2495627.7899870765
8389	16990	768	14861.052022370746	2493254.642210895
8408	17022	768	14843.386962442251	2490883.4114008322
8411	17030	768	14825.740372062264	2488514.096229657
8433	17069	768	14808.112234168395	2486146.695370953
8461	17114	768	14790.502531712593	2483781.207499144
8465	17124	768	14772.911247660892	2481417.631289462
8466	17126	768	14755.338364993693	2479055.965417983
8490	17166	768	14737.783866705448	2476696.2085615858
8494	17170	768	14720.247735804922	2474338.3593979934
8519	17218	768	14702.729955314957	2471982.416605734
8538	17249	768	14685.23050827264	2469628.378864171
8546	17266	768	14667.749377729131	2467276.2448534807
8554	17279	768	14650.286546749832	2464926.0132546714
8568	17303	768	14632.841998414171	2462577.6827495582
8602	17363	768	14615.415715815818	2460231.252020794
8616	17388	768	14598.007682062414	2457886.7197518335
8619	17394	768	14580.617880275846	2455544.084626969
8732	17558	768	14563.24629359194	2453203.345331293
8753	17587	768	14545.89290516074	2450864.500550735
8772	17617	768	14528.557698146235	2448527.5489720264
8785	17636	768	14511.240655726571	2446192.4892827296
8799	17656	768	14493.941761093842	2443859.3201712114
8833	17706	768	14476.660997454266	2441528.040326668
8862	17756	768	14459.398348027995	2439198.648439098
8872	17768	768	14442.153796049288	2436871.14319933
8873	17769	768	14424.927324766288	2434545.523298993
8903	17821	768	14407.718917441243	2432221.7874305425
8914	17835	768	14390.528557350277	2429899.934287239
9100	18107	768	14373.356227783574	2427579.9625631655
9108	18117	768	14356.20191204517	2425261.870953206
9161	18194	768	14339.065593453159	2422945.658153071
9173	18208	768	14321.94725533946	2420631.3228592705
9217	18294	768	14304.846881050005	2418318.8637691354
9241	18325	768	14287.76445394456	2416008.2795807994
9303	18440	768	14270.699957396857	2413699.5689932145
9313	18466	768	14253.653374794456	2411392.7307061357
9320	18478	768	14236.624689538883	2409087.7634201366
9325	18485	768	14219.613885045395	2406784.665836584
9386	18581	768	14202.62094474326	2404483.4366576737
9413	18626	768	14185.645852075453	2402184.074586389
9446	18681	768	14168.688590498916	2399886.57832654
9472	18718	768	14151.74914348429	2397590.9465827285
9477	18724	768	14134.827494516116	2395297.1780603705
9540	18824	768	14117.92362709268	2393005.271465684
9560	18848	768	14101.037524726125	2390715.2255057
9578	18878	768	14084.16917094228	2388427.0388882416
9604	18924	768	14067.318549280864	2386140.710321954
9626	18968	768	14050.485643295217	2383856.2385162655
9653	19006	768	14033.670436552558	2381573.622181428
9689	19076	768	14016.872912633726	2379292.8600284797
9721	19122	768	14000.093055133399	2377013.9507692773
9746	19161	768	13983.330847659858	2374736.8931164625
9767	19195	768	13966.586273835193	2372461.6857834957
9770	19198	768	13949.859317295086	2370188.3274846217
9783	19216	768	13933.149961689007	2367916.8169349027
9797	19243	768	13916.458190679994	2365647.152850185
9799	19245	768	13899.783987944842	2363379.333947128
9818	19279	768	13883.127337173897	2361113.358943178
9884	19386	768	13866.488222071248	2358849.2265565917
9900	19412	768	13849.866626354518	2356586.9355064137
9936	19465	768	13833.262533755047	2354326.484512497
9943	19478	768	13816.675928017663	2352067.8722954784
10023	19607	768	13800.106792900908	2349811.097576804
10037	19626	768	13783.555112176806	2347556.159078705
10051	19648	768	13767.020869631073	2345303.0555242226
10079	19697	768	13750.504049062856	2343051.7856371747
10088	19714	768	13734.004634284973	2340802.348142192
10126	19769	768	13717.522609123693	2338554.741764684
10140	19787	768	13701.057957418903	2336308.965230868
10152	19812	768	13684.610663023905	2334065.0172677385
10154	19814	768	13668.18070980565	2331822.896603103
10165	19833	768	13651.768081644459	2329582.601965541
10173	19841	768	13635.372762434228	2327344.1320844386
10179	19850	768	13618.994736082266	2325107.485689962
10195	19878	768	13602.633986509438	2322872.6615130804
10241	19951	768	13586.290497649958	2320639.658285539
10317	20058	768	13569.964253451595	2318408.474739889
10321	20064	768	13553.65523787545	2316179.1096094535
10333	20080	768	13537.363434896168	2313951.5616283626
10356	20112	768	13521.088828501674	2311725.8295315164
10404	20182	768	13504.831402693435	2309501.9120546207
10410	20193	768	13488.591141486184	2307279.807934152
10417	20203	768	13472.368028908151	2305059.5159073886
10422	20208	768	13456.162049000846	2302841.034712383
10504	20338	768	13439.973185819217	2300624.363087984
10576	20439	768	13423.801423431501	2298409.4997738167
10651	20528	768	13407.646745919343	2296196.443510301
10668	20548	768	13391.509137377623	2293985.1930386284
10680	20563	768	13375.388581914664	2291775.7471007905
10690	20577	768	13359.285063651976	2289568.104439546
10695	20584	768	13343.198566724488	2287362.263798452
10844	20765	768	13327.12907528029	2285158.2239218326
10920	20856	768	13311.07657348089	2282955.983554812
10944	20883	768	13295.04104550092	2280755.541443277
10945	20885	768	13279.022475528396	2278556.8963339115
11038	21000	768	13263.020847764496	2276360.04697417
11187	21186	768	13247.036146423685	2274164.9921122934
11209	21208	768	13231.068355733601	2271971.730497295
11238	21243	768	13215.117459935176	2269780.260878978
11247	21253	768	13199.18344328246	2267590.5820079125
11467	21514	768	13183.266290042782	2265402.692635459
11491	21541	768	13167.365984496562	2263216.591513742
11492	21542	768	13151.4825109375	2261032.2773956796
11499	21551	768	13135.615853672352	2258849.7490349496
11519	21578	768	13119.76599702114	2256669.0051860227
11548	21624	768	13103.932925316918	2254490.0446041315
11560	21639	768	13088.116622905962	2252312.866045295
11591	21692	768	13072.317074147595	2250137.4682662957
11614	21729	768	13056.534263414329	2247963.8500247044
11617	21732	768	13040.7681750917	2245792.0100788525
11630	21749	768	13025.018793578416	2243621.9471878577
11644	21765	768	13009.286103286178	2241453.6601115977
11655	21779	768	12993.570088639846	2239287.1476107347
11665	21793	768	12977.870734077282	2237122.4084466957
11666	21794	768	12962.188024049381	2234959.4413816775
11681	21813	768	12946.521943020167	2232798.2451786594
11716	21858	768	12930.872475466578	2230638.8186013754
11736	21887	768	12915.239605878687	2228481.1604143474
11739	21891	768	12899.623318759457	2226325.2693828484
11766	21924	768	12884.023598624983	2224171.1442729407
11770	21930	768	12868.440430004204	2222018.783851435
11799	21982	768	12852.873797439177	2219868.1868859283
11808	21991	768	12837.323685484798	2217719.352144771
11814	22002	768	12821.79007870903	2215572.2783970926
11847	22043	768	12806.272961692695	2213426.9644127795
11857	22060	768	12790.772319029644	2211283.4089624966
11864	22069	768	12775.288135326538	2209141.6108176582
11871	22076	768	12759.8203952031	2207001.5687504634
11875	22081	768	12744.369083291807	2204863.2815338587
11897	22108	768	12728.934184238158	2202726.747941569
11920	22140	768	12713.515682700445	2200591.966748072
11921	22141	768	12698.113563349922	2198458.9367286204
11933	22154	768	12682.727810870616	2196327.656659218
11940	22164	768	12667.358409959512	2194198.125316644
11954	22182	768	12652.005345326328	2192070.341478426
11958	22187	768	12636.668601693738	2189944.3039228697
11971	22203	768	12621.34816379712	2187820.011429024
12018	22271	768	12606.04401638478	2185697.462776716
12023	22277	768	12590.756144217734	2183576.6567465183
12026	22281	768	12575.484532069888	2181457.592119778
12027	22282	768	12560.22916472782	2179340.2676785854
12037	22297	768	12544.990026990994	2177224.682205806
12049	22312	768	12529.767103671538	2175110.834485048
12119	22410	768	12514.560379594453	2172998.723300696
12121	22412	768	12499.369839597352	2170888.347437872
12145	22446	768	12484.195468530701	2168779.7056824747
12147	22448	768	12469.037251257598	2166672.796821142
12171	22476	768	12453.89517265393	2164567.6196412826
12213	22534	768	12438.769217608204	2162464.172931047
12215	22536	768	12423.659371021738	2160362.455479358
12216	22537	768	12408.565617808405	2158262.466075874
12229	22556	768	12393.487942894875	2156164.2035110267
12240	22571	768	12378.426331220371	2154067.6665759846
12259	22602	768	12363.380767736868	2151972.8540626843
12262	22607	768	12348.351237408904	2149879.764763803
12303	22656	768	12333.33772521372	2147788.3974727816
12357	22729	768	12318.340216141114	2145698.750983801
12387	22771	768	12303.358695193576	2143610.8240918075
12399	22787	768	12288.39314738612	2141524.615592485
12411	22800	768	12273.443557746436	2139440.124282281
12429	22822	768	12258.509911314715	2137357.3489583805
12431	22825	768	12243.592193143808	2135276.2884187303
12473	22875	768	12228.690388299052	2133196.9414620153
12484	22894	768	12213.804481858408	2131119.30688768
12518	22946	768	12198.93445891231	2129043.383495907
12521	22949	768	12184.080304563824	2126969.1700876383
12528	22960	768	12169.242003928419	2124896.6654645493
12593	23040	768	12154.41954213421	2122825.8684290783
12619	23078	768	12139.612904321699	2120756.7777843946
12694	23172	768	12124.822075643986	2118689.3923344277
12718	23206	768	12110.04704126656	2116623.71088384
12742	23245	768	12095.287786367482	2114559.7322380515
12743	23247	768	12080.544296137194	2112497.4552032147
12761	23268	768	12065.81655577868	2110436.8785862396
12769	23279	768	12051.104550507263	2108378.001194765
12779	23291	768	12036.40826555083	2106320.821837188
12808	23327	768	12021.727686149576	2104265.3393226373
12848	23376	768	12007.062797556206	2102211.5524609922
12864	23397	768	11992.413585035749	2100159.460062865
12883	23425	768	11977.780033865714	2098109.0609396202
12890	23433	768	11963.162129335935	2096060.3539033541
12893	23437	768	11948.559856748681	2094013.3377669132
12907	23460	768	11933.973201418516	2091968.0113438726
12947	23512	768	11919.402148672443	2089924.3734485589
12968	23537	768	11904.846683849732	2087882.4228960269
13004	24601	768	11890.306792302084	2085842.158502082
13063	24673	768	11875.782459393426	2083803.5790832557
13069	24681	768	11861.273670500117	2081766.6834568304
13086	24703	768	11846.780411010712	2079731.4704408126
13116	24740	768	11832.30266632617	2077697.938853959
13248	24914	768	11817.840421859646	2075666.0875157497
13323	25009	768	11803.393663036679	2073635.915246416
13340	25030	768	11788.962375294957	2071607.4208669083
13375	25073	768	11774.546544084562	2069580.6031989283
13416	25133	768	11760.146154867705	2067555.4610648984
13439	25160	768	11745.761193118939	2065531.9932879875
13529	25291	768	11731.391644324964	2063510.198692088
13581	25385	768	11717.037493984786	2061490.0761018358
13590	25396	768	11702.698727609544	2059471.6243425887
13605	25416	768	11688.375330722662	2057454.8422404497
13649	25494	768	11674.067288859676	2055439.7286222423
13685	25601	768	11659.77458756838	2053426.2823155299
13702	25624	768	11645.497212408676	2051414.5021486012
13715	25642	768	11631.2351489527	2049404.3869504821
13776	25728	768	11616.988382784664	2047395.9355509204
13777	25729	768	11602.756899501015	2045389.1467804047
13783	25739	768	11588.540684710244	2043384.0194701403
13788	25745	768	11574.339724033069	2041380.552452076
13793	25751	768	11560.154003102221	2039378.7445588743
13797	25755	768	11545.983507562632	2037378.5946239387
13799	25761	768	11531.828223071258	2035380.1014813904
13804	25767	768	11517.688135297203	2033383.2639660863
13882	25884	768	11503.56322992159	2031388.0809136012
13898	25901	768	11489.453492637678	2029394.5511602457
13901	25905	768	11475.358909150713	2027402.673543046
13923	25937	768	11461.279465178093	2025412.446899769
13924	25938	768	11447.215146449116	2023423.8700688856
13936	25953	768	11433.165938705264	2021436.9418896125
13967	25993	768	11419.131827699912	2019451.661201874
13976	26003	768	11405.112799198543	2017468.0268463304
14038	26088	768	11391.108838978558	2015486.0376643531
14061	26125	768	11377.119932829459	2013505.692498052
14086	26159	768	11363.146066552603	2011526.9901902415
14089	26163	768	11349.18722596145	2009549.9295844755
14120	26205	768	11335.243396881313	2007574.5095250127
14129	26221	768	11321.314565149556	2005600.7288568483
14132	26225	768	11307.400716615392	2003628.586425683
14136	26230	768	11293.501837140086	2001658.0810779543
14156	26261	768	11279.617912596712	1999689.2116608028
14183	26302	768	11265.748928870362	1997721.9770221023
14299	26470	768	11251.894871857958	1995756.3760104345
14304	26476	768	11238.055727468402	1993792.4074751108
14312	26490	768	11224.231481622384	1991830.0702661467
14331	26519	768	11210.422120252593	1989869.3632342909
14369	26571	768	11196.627629303464	1987910.2852309926
14379	26586	768	11182.84799473142	1985952.8351084357
14417	26653	768	11169.083202504624	1983997.0117195027
14427	26670	768	11155.333238603173	1982042.8139178068
14432	26680	768	11141.598089018915	1980090.240557664
14440	26692	768	11127.877739755604	1978139.2904941165
14444	26697	768	11114.172176828735	1976189.9625829114
14474	26750	768	11100.481386265688	1974242.2556805194
14562	26899	768	11086.805354105549	1972296.1686441144
14564	26906	768	11073.144066399278	1970351.700331594
14570	26915	768	11059.497509209521	1968408.8496015558
4099	10232	704	11045.865668610808	1966467.615313327
3866	9862	656	11032.248530689309	1964527.996326929
4062	10177	640	11018.646081543044	1962589.991503108
7420	15564	640	11005.058307281688	1960653.5997033117
8756	17590	640	10991.485194026734	1958718.819789708
9218	18295	640	10977.926727911301	1956785.650625163
9862	19353	640	10964.38289508032	1954854.0910732653
10255	19972	640	10950.853681690343	1952924.139998302
11845	22040	640	10937.339073909687	1950995.796265279
12344	22715	640	10923.839057918267	1949069.0587398978
13415	25132	640	10910.35361990779	1947143.926288585
928	3662	589	10896.882746081514	1945220.397778457
3852	9843	576	10883.426422654442	1943298.4720773515
6457	13974	576	10869.984635853165	1941378.1480538035
14188	26315	576	10856.557371915966	1939459.4245770613
3516	9342	544	10843.144617092696	1937542.3005170713
4033	10129	544	10829.746357644897	1935626.7747444946
7040	14965	544	10816.36257984568	1933712.8461306908
10302	20033	544	10802.993269979743	1931800.513547723
14509	26806	532	10789.638414343433	1929889.7758683655
4054	10167	528	10776.297999244613	1927980.6319660868
9397	18601	528	10762.972011002801	1926073.0807150705
186	698	520	10749.660435949001	1924167.12099019
419	1843	520	10736.363260425847	1922262.7516670343
8301	16821	520	10723.080470787441	1920359.9716218808
12250	22592	520	10709.812053399515	1918458.7797317223
1583	5640	516	10696.55799463924	1916559.1748742396
138	372	512	10683.31828089539	1914661.1559278267
154	554	512	10670.092898568175	1912764.7217715655
243	1200	512	10656.881834069382	1910869.8712852506
307	1468	512	10643.68507382221	1908976.603349363
327	1507	512	10630.50260426143	1907084.9168450956
334	1547	512	10617.334411833197	1905194.8106543266
395	1766	512	10604.180482995233	1903306.283659648
421	1850	512	10591.040804216604	1901419.3347443317
430	1879	512	10577.91536197794	1899533.9627923644
438	1898	512	10564.804142771201	1897650.1666884145
489	2047	512	10551.70713309988	1895767.9453178605
518	2158	512	10538.62431947879	1893887.2975667634
520	2164	512	10525.555688434251	1892008.2223218938
524	2170	512	10512.5012265039	1890130.7184707038
604	2603	512	10499.46092023685	1888254.7849013533
711	3083	512	10486.434756193516	1886380.420502684
715	3089	512	10473.422720945777	1884507.624164245
718	3096	512	10460.424801076782	1882636.3947762637
733	3146	512	10447.440983181146	1880766.731229677
741	3217	512	10434.47125386472	1878898.6324160986
783	3297	512	10421.515599744796	1877032.0972278484
784	3298	512	10408.574007449919	1875167.1245579263
826	3377	512	10395.646463620023	1873303.7133000342
842	3408	512	10382.73295490629	1871441.8623485551
857	3456	512	10369.833467971277	1869581.5705985732
868	3489	512	10356.947989488748	1867722.8369458495
872	3496	512	10344.07650614386	1865865.6602868512
879	3538	512	10331.219004632932	1864010.0395187165
910	3612	512	10318.375471663672	1862155.973539291
913	3615	512	10305.545893954944	1860303.461247094
924	3653	512	10292.730258236936	1858452.5015413426
987	3825	512	10279.928551251009	1856603.0933219318
1005	3895	512	10267.140759749847	1854755.2354894567
1135	4411	512	10254.366870497266	1852908.926945187
1138	4432	512	10241.606870268368	1851064.1665910874
1172	4554	512	10228.860745849406	1849220.9533298013
1173	4555	512	10216.128484037898	1847379.2860646674
1174	4557	512	10203.410071642467	1845539.1636996977
1192	4608	512	10190.705495483006	1843700.5851396008
1205	4642	512	10178.014742390491	1841863.5492897583
1299	4789	512	10165.33779920714	1840028.0550562462
1326	4827	512	10152.67465278625	1838194.1013458134
1349	4939	512	10140.02528999235	1836361.6870659047
1402	5101	512	10127.389697701004	1834530.8111246326
1423	5326	512	10114.767862799004	1832701.472430807
1667	5846	512	10102.159772184174	1830873.6698939065
1672	5927	512	10089.56541276552	1829047.4024241017
1674	5954	512	10076.984771463076	1827222.6689322337
1682	5974	512	10064.41783520806	1825399.4683298378
1750	6174	512	10051.864590942661	1823577.7995291129
1771	6234	512	10039.325025620261	1821757.661442954
1772	6235	512	10026.799126205207	1819939.0529849222
1858	6411	512	10014.286879672987	1818121.9730692697
1937	6589	512	10001.788273010046	1816306.4206109121
1950	6623	512	9989.303293213972	1814492.39452546
1976	6686	512	9976.83192729329	1812679.8937291873
2004	6722	512	9964.374162267628	1810868.9171390568
2005	6724	512	9951.92998516754	1809059.4636726961
2011	6733	512	9939.499383034707	1807251.532248426
2022	6747	512	9927.082342921656	1805445.1217852219
2112	6910	512	9914.678851892046	1803640.2312027563
2155	7010	512	9902.288897020397	1801836.8594213591
2175	7045	512	9889.912465392297	1800035.0053620501
2199	7093	512	9877.549544104208	1798234.6679465096
2217	7133	512	9865.200120263627	1796435.8460971052
2225	7153	512	9852.86418098892	1794638.5387368656
2229	7165	512	9840.541713409457	1792842.7447895044
2245	7199	512	9828.232704665465	1791048.4631793962
2263	7252	512	9815.937141908182	1789255.6928316017
2289	7310	512	9803.65501229964	1787464.4326718384
2378	7500	512	9791.386303012885	1785674.6816265094
2442	7592	512	9779.131001231759	1783886.438622676
2453	7610	512	9766.889094151087	1782099.7025880856
2464	7630	512	9754.660568976462	1780314.4724511378
2469	7635	512	9742.445412924442	1778530.7471409196
2492	7660	512	9730.243613222361	1776748.5255871727
2493	7661	512	9718.055157108485	1774967.8067203218
2518	7695	512	9705.880031831828	1773188.5894714454
2530	7720	512	9693.718224652337	1771410.8727723062
2555	7767	512	9681.56972284069	1769634.6555553202
2635	7936	512	9669.434513678461	1767859.9367535838
2711	8085	512	9657.312584457955	1766086.715300848
2733	8129	512	9645.203922482351	1764314.9901315428
2751	8161	512	9633.108515065545	1762544.7601807527
2752	8164	512	9621.026349532296	1760776.0243842409
2785	8218	512	9608.957413218039	1759008.7816784214
2797	8232	512	9596.901693469068	1757243.031000388
2848	8318	512	9584.859177642355	1755478.7712878862
2852	8322	512	9572.82985310569	1753716.0014793375
2865	8340	512	9560.813707237534	1751954.720513817
2914	8405	512	9548.810727427142	1750194.927331072
2950	8461	512	9536.820901074427	1748436.6208715043
2961	8476	512	9524.844215590083	1746679.8000761878
2971	8501	512	9512.880658395447	1744924.4638868496
3038	8614	512	9500.93021692261	1743170.6112458871
3143	8774	512	9488.99287861428	1741418.2410963485
3146	8779	512	9477.068630923939	1739667.352381958
3161	8802	512	9465.157461315643	1737917.9440470848
3179	8827	512	9453.259357264196	1736170.0150367713
3200	8860	512	9441.374306254971	1734423.5642967075
3216	8883	512	9429.50229578409	1732678.5907732574
3249	8930	512	9417.643313358201	1730935.0934134289
3250	8931	512	9405.797346494686	1729193.071164902
3254	8939	512	9393.964382721459	1727452.5229760043
3255	8940	512	9382.144409577111	1725713.447795729
3261	8950	512	9370.337414610789	1723975.84457372
3284	8987	512	9358.5433853823	1722239.7122602877
3346	9084	512	9346.762309461945	1720505.049806386
3351	9091	512	9334.994174430702	1718771.856163639
3378	9128	512	9323.238967880043	1717040.1302843166
3400	9160	512	9311.496677412066	1715309.8711213507
3436	9214	512	9299.767290639355	1713581.077628321
3439	9219	512	9288.050795185114	1711853.7487594725
3455	9242	512	9276.34717868301	1710127.883469692
3461	9254	512	9264.656428777313	1708403.4807145328
3489	9301	512	9252.97853312274	1706680.5394501893
3513	9338	512	9241.313479384586	1704959.058633521
3588	9468	512	9229.6612552386	1703239.0372220299
3621	9518	512	9218.021848371074	1701520.4741738788
3623	9520	512	9206.39524647873	1699803.368447874
3632	9533	512	9194.781437268837	1698087.719003483
3634	9536	512	9183.180408459059	1696373.5248008133
3697	9634	512	9171.592147777605	1694660.7848006359
3738	9692	512	9160.016642963059	1692949.4979643591
3743	9699	512	9148.453881764528	1691239.6632540533
3746	9702	512	9136.90385194147	1689531.2796324259
3757	9717	512	9125.36654126388	1687824.3460628488
3769	9736	512	9113.841937512061	1686118.861509326
3793	9771	512	9102.330028476823	1684414.824936524
3801	9781	512	9090.830801959317	1682712.2353097475
3803	9784	512	9079.344245771139	1681011.0915949566
3882	9887	512	9067.870347734219	1679311.3927587487
3886	9896	512	9056.409095680941	1677613.1377683822
3915	9946	512	9044.960477453982	1675916.3255917465
3926	9966	512	9033.524480906455	1674220.9551973897
3927	9967	512	9022.101093901752	1672527.025554495
3976	10033	512	9010.690304313706	1670834.5356329028
3991	10063	512	8999.2921000264	1669143.4844030861
4032	10127	512	8987.906468934316	1667453.870836172
4044	10147	512	8976.533398942216	1665765.6939039251
4066	10181	512	8965.172877965177	1664078.9525787556
4075	10193	512	8953.824893928635	1662393.6458337219
4142	10322	512	8942.48943476825	1660709.7726425154
4148	10337	512	8931.166488430048	1659027.3319794824
4154	10347	512	8919.856042870266	1657346.3228195994
4175	10395	512	8908.558086055482	1655666.7441384944
4181	10406	512	8897.272605962471	1653988.594912427
4206	10458	512	8885.999590578353	1652311.874118311
4218	10483	512	8874.739027900394	1650636.5807336855
4234	10518	512	8863.490905936213	1648962.7137367446
4240	10535	512	8852.255212703549	1647290.2721063078
4258	10571	512	8841.031936230478	1645619.2548218484
4271	10595	512	8829.821064555199	1643949.6608634654
4275	10599	512	8818.6225857262	1642281.4892119088
4277	10603	512	8807.436487802097	1640614.7388485556
4295	10635	512	8796.262758851772	1638949.4087554312
4335	10703	512	8785.101386954208	1637285.4979151862
4358	10750	512	8773.952360198677	1635623.0053111247
4422	10876	512	8762.815666684493	1633961.9299271693
4439	10915	512	8751.691294521248	1632302.270747895
4454	10939	512	8740.579231828598	1630644.0267585008
4458	10948	512	8729.479466736415	1628987.1969448312
4462	10957	512	8718.391987384644	1627331.780293356
4466	10963	512	8707.316781923422	1625677.7757911894
4492	11002	512	8696.25383851294	1624025.1824260706
4508	11027	512	8685.20314532358	1622373.9991863838
4586	11166	512	8674.164690535745	1620724.2250611344
4605	11196	512	8663.138462340023	1619075.8590399742
4618	11222	512	8652.124448937	1617428.9001131745
4626	11235	512	8641.122638537438	1615783.3472716527
4638	11253	512	8630.133019362087	1614139.199506946
4681	11328	512	8619.155579641832	1612496.4558112337
4685	11336	512	8608.19030761755	1610855.1151773161
4693	11346	512	8597.23719154024	1609215.1765986367
4694	11347	512	8586.296219670867	1607576.6390692573
4699	11356	512	8575.367380280511	1605939.5015838817
4723	11395	512	8564.450661650186	1604303.7631378307
4740	11422	512	8553.546052071022	1602669.422727069
4754	11449	512	8542.653539844061	1601036.4793481755
4784	11497	512	8531.773113280442	1599404.931998372
4788	11504	512	8520.904760701209	1597774.779675496
4792	11511	512	8510.048470437483	1596146.0213780256
4793	11512	512	8499.204230830266	1594518.6561050524
4795	11516	512	8488.372030230634	1592892.6828563106
4797	11519	512	8477.551856999522	1591268.1006321455
4815	11544	512	8466.743699507908	1589644.9084335428
4828	11565	512	8455.947546136655	1588023.1052621035
4831	11571	512	8445.163385276617	1586402.6901200642
4846	11593	512	8434.391205328515	1584783.662010275
4854	11605	512	8423.630994703071	1583166.0199362242
4858	11609	512	8412.882741820838	1581549.7629020114
4862	11616	512	8402.146435112365	1579934.8899123736
4876	11640	512	8391.422063018017	1578321.3999726584
4909	11692	512	8380.709613988132	1576709.2920888502
4916	11700	512	8370.009076482851	1575098.565267544
4929	11721	512	8359.320438972267	1573489.2185159673
4963	11767	512	8348.643689936282	1571881.2508419636
4964	11768	512	8337.978817864705	1570274.6612540025
4979	11792	512	8327.325811257144	1568669.4487611696
4990	11810	512	8316.684658623124	1567065.6123731805
4995	11819	512	8306.055348481928	1565463.1511003603
4998	11825	512	8295.43786936276	1563862.0639536686
5012	11842	512	8284.832209804541	1562262.3499446688
5028	11861	512	8274.23835835611	1560664.0080855598
5039	11880	512	8263.656303576014	1559067.0373891455
5057	11903	512	8253.086034032698	1557471.4368688627
5061	11907	512	8242.527538304308	1555877.205538754
5083	11943	512	8231.98080497884	1554284.3424134895
5084	11944	512	8221.445822654017	1552692.8465083505
5122	12000	512	8210.922579937382	1551102.7168392434
5136	12022	512	8200.411065446171	1549513.9524226822
5147	12043	512	8189.9112678074425	1547926.5522758064
5164	12068	512	8179.423175657939	1546340.5154163653
5177	12085	512	8168.946777644191	1544755.840862729
5189	12106	512	8158.482062422412	1543172.5276338782
5195	12115	512	8148.029018658594	1541590.5747494174
5223	12152	512	8137.587635028362	1540009.9812295518
5224	12153	512	8127.157900217144	1538430.7460951186
5225	12154	512	8116.739802919972	1536852.8683675523
5238	12176	512	8106.3333318416535	1535276.3470689154
5248	12195	512	8095.9384756966065	1533701.181221872
5249	12197	512	8085.555223208987	1532127.3698497093
5266	12237	512	8075.183563112553	1530554.9119763167
5267	12238	512	8064.823484150802	1528983.8066262077
5272	12255	512	8054.474975076805	1527414.0528244965
5282	12268	512	8044.13802465335	1525845.6495969188
5391	12428	512	8033.812621652793	1524278.5959698115
5406	12448	512	8023.498754857179	1522712.8909701311
5440	12498	512	8013.196413058135	1521148.5336254388
5442	12500	512	8002.905585056935	1519585.52296391
5464	12526	512	7992.626259664413	1518023.8580143228
5484	12559	512	7982.35842570107	1516463.537806076
5507	12588	512	7972.10207199693	1514904.5613691655
5509	12591	512	7961.857187391663	1513346.9277342062
5516	12598	512	7951.62376073445	1511790.6359324104
5619	12744	512	7941.401780884115	1510235.6849956098
5633	12763	512	7931.191236708964	1508682.0739562323
5642	12773	512	7920.99211708694	1507129.8018473242
5669	12817	512	7910.804410905454	1505578.8677025272
5670	12818	512	7900.628107061519	1504029.2705561
5679	12828	512	7890.4631944616285	1502481.0094428977
5728	12892	512	7880.3096620218585	1500934.0833983917
5768	12945	512	7870.167498667733	1499388.4914586467
5773	12953	512	7860.036693334337	1497844.2326603425
5782	12965	512	7849.9172349662285	1496301.3060407569
5793	12977	512	7839.809112517482	1494759.7106377764
5799	12984	512	7829.712314951629	1493219.4454898867
5811	12998	512	7819.626831241728	1491680.5096361851
5826	13021	512	7809.552650370226	1490142.9021163585
5839	13038	512	7799.489761329139	1488606.621970713
5853	13057	512	7789.438153119843	1487071.6682401418
5915	13134	512	7779.397814753237	1485538.039966153
5918	13137	512	7769.368735249599	1484005.7361908443
5929	13153	512	7759.350903638707	1482474.7559569278
5934	13160	512	7749.344308959691	1480945.098307703
5945	13175	512	7739.348940261174	1479416.7622870817
5967	13202	512	7729.364786601129	1477889.7469395676
5969	13206	512	7719.391837046974	1476364.0513102694
5972	13210	512	7709.430080675502	1474839.6744448922
5976	13215	512	7699.479506572915	1473316.615389744
5982	13225	512	7689.540103834758	1471794.8731917243
6005	13256	512	7679.611861566015	1470274.446898342
6023	13277	512	7669.694768880953	1468755.3355576913
6035	13290	512	7659.7888149032915	1467237.538218477
6045	13310	512	7649.89398876601	1465721.0539299892
6046	13311	512	7640.010279611519	1464205.8817421263
6049	13316	512	7630.137676591489	1462692.0207053723
6063	13340	512	7620.276168866985	1461179.4698708176
6065	13342	512	7610.425745608338	1459668.2282901392
6072	13352	512	7600.586395995259	1458158.2950156203
6074	13354	512	7590.75810921669	1456649.6691001267
6101	13400	512	7580.940874470953	1455142.3495971316
6110	13412	512	7571.1346809655815	1453636.335560691
6122	13434	512	7561.339517917481	1452131.6260454664
6128	13444	512	7551.555374552754	1450628.220106702
6157	13500	512	7541.7822401068515	1449126.1168002468
6160	13504	512	7532.020103824406	1447625.3151825303
6163	13507	512	7522.268954959385	1446125.8143105872
6166	13514	512	7512.528782774944	1444627.6132420339
6169	13520	512	7502.799576543527	1443130.7110350872
6182	13539	512	7493.081325546775	1441635.1067485493
6184	13541	512	7483.374019075589	1440140.7994418184
6191	13552	512	7473.677646430051	1438647.788174878
6205	13578	512	7463.992196919507	1437156.0720083104
6211	13590	512	7454.317659862447	1435665.6500032777
6220	13603	512	7444.654024586628	1434176.5212215437
6227	13613	512	7435.001280428926	1432688.6847254492
6241	13632	512	7425.359416735475	1431202.1395779366
6252	13650	512	7415.728422861522	1429716.884842527
6254	13653	512	7406.108288171491	1428232.919583332
6303	13732	512	7396.499002039022	1426750.2428650581
6307	13738	512	7386.900553846846	1425268.8537529905
6310	13741	512	7377.312932986887	1423788.7513130098
6313	13746	512	7367.736128860165	1422309.9346115747
6318	13755	512	7358.170130876885	1420832.4027157405
6320	13758	512	7348.614928456323	1419356.1546931397
6323	13763	512	7339.070511026922	1417881.189611998
6328	13770	512	7329.5368680262	1416407.5065411218
6330	13774	512	7320.013988900811	1414935.1045499067
6357	13813	512	7310.5018631064595	1413463.9827083277
6367	13829	512	7301.000480107997	1411994.1400869514
6373	13840	512	7291.509829379309	1410525.5757569224
6382	13850	512	7282.029900403393	1409058.2887899738
6389	13860	512	7272.560682672274	1407592.2782584175
6407	13887	512	7263.102165687099	1406127.5432351562
6408	13888	512	7253.654338957981	1404664.0827936633
6412	13893	512	7244.217192004179	1403201.8960080093
6415	13902	512	7234.790714353908	1401740.9819528337
6446	13955	512	7225.374895544468	1400281.339703367
6447	13956	512	7215.969725122137	1398822.968335413
6455	13968	512	7206.575192642285	1397365.8669253676
6465	13988	512	7197.191287669205	1395910.034550195
6467	13993	512	7187.8179997762645	1394455.47028745
6470	13997	512	7178.455318545774	1393002.173215259
6482	14021	512	7169.1032335690825	1391550.1424123363
6490	14033	512	7159.761734446468	1390099.3769579667
6505	14056	512	7150.430810787252	1388649.8759320248
6506	14059	512	7141.110452209641	1387201.6384149508
6519	14081	512	7131.8006483408835	1385754.6634877757
6521	14086	512	7122.5013888171125	1384308.9502320983
6543	14122	512	7113.212663283475	1382864.4977301045
6544	14124	512	7103.9344613939875	1381421.305064547
6553	14144	512	7094.666772811666	1379979.3713187661
6558	14149	512	7085.40958720839	1378538.695576668
6596	14211	512	7076.162894265013	1377099.276922745
6616	14251	512	7066.926683671257	1375661.1144420572
6624	14266	512	7057.700945125786	1374224.2072202472
6651	14304	512	7048.4856683361195	1372788.554343526
6657	14312	512	7039.280843018711	1371354.1548986854
6665	14327	512	7030.086458898859	1369921.0079730863
6667	14329	512	7020.90250571077	1368489.11265467
6668	14330	512	7011.728973197492	1367058.4680319445
6690	14362	512	7002.565851110959	1365629.073193997
6699	14372	512	6993.413129211934	1364200.9272304832
6709	14392	512	6984.270797270075	1362774.0292316386
6720	14413	512	6975.138845063806	1361348.3782882597
6723	14417	512	6966.017262380474	1359923.9734917283
6730	14431	512	6956.906039016171	1358500.8139339865
6737	14439	512	6947.805164775881	1357078.898707557
6756	14466	512	6938.714629473337	1355658.2269055252
6766	14485	512	6929.634422931129	1354238.7976215545
6770	14490	512	6920.564534980606	1352820.6099498717
6788	14514	512	6911.504955461956	1351403.6629852827
6790	14519	512	6902.455674224096	1349987.9558231519
6795	14533	512	6893.416681124779	1348573.4875594238
6828	14586	512	6884.387966030471	1347160.257290602
6835	14596	512	6875.369518816471	1345748.2641137699
6843	14616	512	6866.361329366757	1344337.5071265665
6856	14640	512	6857.36338757413	1342927.9854272099
6859	14645	512	6848.375683340076	1341519.6981144776
6871	14665	512	6839.398206574879	1340112.6442877227
6886	14688	512	6830.430947197476	1338706.8230468542
6891	14696	512	6821.473895135616	1337302.2334923611
6903	14715	512	6812.527040325672	1335898.8747252843
6906	14719	512	6803.590372712813	1334496.7458472447
6924	14748	512	6794.663882250837	1333095.8459604168
6947	14792	512	6785.747558902295	1331696.1741675497
6949	14794	512	6776.841392638377	1330297.729571949
6954	14803	512	6767.945373439002	1328900.5112774929
6956	14811	512	6759.05949129272	1327504.5183886169
6964	14819	512	6750.1837361967955	1326109.750010328
6978	14841	512	6741.318098157093	1324716.2052481864
6980	14847	512	6732.4625671881995	1323323.8832083268
6989	14864	512	6723.617133313291	1321932.7829974373
6993	14870	512	6714.781786564239	1320542.9037227782
6994	14871	512	6705.956516981475	1319154.2444921585
7004	14893	512	6697.141314614153	1317766.8044139661
7017	14919	512	6688.336169519943	1316380.582597133
7020	14925	512	6679.541071765227	1314995.578151168
7038	14961	512	6670.75601142491	1313611.7901861279
7043	14968	512	6661.980978582559	1312229.21781264
7052	14986	512	6653.215963330284	1310847.8601418834
7064	15009	512	6644.460955768837	1309467.7162856068
7082	15047	512	6635.715946007475	1308088.785356106
7084	15049	512	6626.980924164109	1306711.0664662488
7105	15088	512	6618.255880365146	1305334.5587294514
7111	15098	512	6609.5408047456085	1303959.2612596971
7119	15112	512	6600.835687449013	1302585.1731715188
7143	15147	512	6592.140518627477	1301212.2935800154
7144	15148	512	6583.455288441612	1299840.6216008365
7153	15160	512	6574.779987060606	1298470.156350196
7158	15172	512	6566.114604662114	1297100.8969448556
7161	15178	512	6557.459131432375	1295732.842502144
7165	15184	512	6548.813557566075	1294365.9921399353
7169	15195	512	6540.177873266465	1293000.34497667
7193	15240	512	6531.552068745237	1291635.9001313343
7201	15249	512	6522.936134222625	1290272.6567234776
7207	15261	512	6514.330059927299	1288910.6138731975
7208	15262	512	6505.733836096468	1287549.7707011541
7218	15275	512	6497.147452975733	1286190.1263285514
7224	15284	512	6488.570900819238	1284831.6798771573
7233	15297	512	6480.004169889521	1283474.4304692852
7234	15299	512	6471.4472504576315	1282118.37722781
7244	15313	512	6462.900132802994	1280763.5192761489
7256	15339	512	6454.36280721354	1279409.8557382827
7259	15343	512	6445.835263985569	1278057.3857387349
7262	15347	512	6437.317493423863	1276706.1084025889
7293	15396	512	6428.809485841563	1275356.0228554718
7307	15414	512	6420.311231560283	1274007.1282235703
7338	15461	512	6411.822720909977	1272659.4236336132
7379	15510	512	6403.343944229061	1271312.9082128895
7381	15513	512	6394.874891864275	1269967.5810892275
7382	15515	512	6386.415554170809	1268623.4413910164
7402	15536	512	6377.965921512175	1267280.4882471852
7427	15574	512	6369.525984260304	1265938.7207872216
7447	15603	512	6361.095732795436	1264598.1381411515
7448	15604	512	6352.675157506236	1263258.7394395608
7469	15632	512	6344.264248789643	1261920.523813572
7501	15672	512	6335.862997051023	1260583.490394868
7504	15677	512	6327.471392704003	1259247.6383156667
7505	15681	512	6319.089426170604	1257912.9667087446
7508	15684	512	6310.717087881123	1256579.4747074158
7520	15699	512	6302.3543682742165	1255247.1614455488
7542	15728	512	6294.0012577968055	1253916.0260575507
7552	15740	512	6285.657746904168	1252586.0676783824
7573	15768	512	6277.323826059833	1251257.2854435435
7578	15773	512	6268.999485735662	1249929.6784890848
7596	15797	512	6260.68471641176	1248603.2459515962
7609	15812	512	6252.379508576563	1247277.9869682197
7612	15816	512	6244.083852726711	1245953.900676632
7615	15820	512	6235.7977393671845	1244630.9862150648
7618	15824	512	6227.521159011149	1243309.2427222822
7627	15835	512	6219.254102180091	1241988.6693376014
7636	15845	512	6210.996559403686	1240669.2652008762
7637	15846	512	6202.748521219896	1239351.0294525078
7638	15847	512	6194.509978174863	1238033.9612334333
7645	15855	512	6186.280920823019	1236718.0596851413
7651	15863	512	6178.061339726948	1235403.3239496513
7689	15923	512	6169.85122545751	1234089.7531695345
7693	15931	512	6161.650568593718	1232777.346487894
7706	15950	512	6153.459359722831	1231466.103048382
7707	15951	512	6145.277589440261	1230156.0219951842
7718	15968	512	6137.105248349644	1228847.1024730324
7751	16013	512	6128.942327062759	1227539.3436271914
7767	16031	512	6120.7888161996025	1226232.744603473
7778	16046	512	6112.644706388297	1224927.3045482228
7790	16059	512	6104.509988265141	1223623.022608325
7809	16080	512	6096.384652474609	1222319.8979312072
7819	16093	512	6088.268689669289	1221017.9296648302
7824	16101	512	6080.162090509943	1219717.1169576969
7840	16120	512	6072.064845665425	1218417.4589588405
7850	16134	512	6063.976945812787	1217118.9548178436
7853	16140	512	6055.898381637121	1215821.6036848116
7875	16166	512	6047.82914383171	1214525.4047103988
7895	16189	512	6039.769223097883	1213230.3570457858
7903	16201	512	6031.71861014513	1211936.459842698
7905	16203	512	6023.677295690986	1210643.712253388
7914	16215	512	6015.64527046112	1209352.1134306518
7917	16219	512	6007.622525189239	1208061.6625278117
7920	16222	512	5999.609050617183	1206772.3586987343
7944	16255	512	5991.604837494799	1205484.2010978104
7957	16275	512	5983.609876580074	1204197.188879976
7963	16282	512	5975.624158638972	1202911.3212006888
7996	16326	512	5967.647674445583	1201626.5972159512
8028	16367	512	5959.680414781976	1200343.0160822885
8049	16398	512	5951.722370438319	1199060.5769567678
8082	16464	512	5943.773532212764	1197779.278996981
8093	16485	512	5935.83389091153	1196499.121361059
8125	16542	512	5927.903437348816	1195220.1032076569
8126	16544	512	5919.982162346878	1193942.2236959701
8132	16551	512	5912.070056735932	1192665.4819857164
8136	16555	512	5904.167111354239	1191389.8772371516
8138	16558	512	5896.273317048016	1190115.4086110557
8163	16605	512	5888.388664671511	1188842.0752687464
8169	16614	512	5880.513145086902	1187569.8763720624
8177	16627	512	5872.6467491644025	1186298.8110833818
8181	16633	512	5864.7894677821305	1185028.8785656015
8183	16635	512	5856.941291826229	1183760.0779821575
8189	16644	512	5849.102212190736	1182492.408497005
8195	16662	512	5841.272219777704	1181225.869274636
8205	16674	512	5833.451305497071	1179960.4594800638
8206	16675	512	5825.639460266764	1178696.1782788353
8210	16680	512	5817.836675012589	1177433.024837017
8217	16688	512	5810.042940668331	1176170.9983212126
8226	16705	512	5802.258248175642	1174910.097898542
8229	16709	512	5794.482588484139	1173650.3227366612
8247	16738	512	5786.715952551289	1172391.6720037432
8265	16765	512	5778.958331342513	1171134.1448684954
8283	16801	512	5771.209715831079	1169877.7405001433
8285	16803	512	5763.470096998187	1168622.458068444
8286	16804	512	5755.739465832868	1167368.296743672
8305	16828	512	5748.017813332083	1166115.2556966364
8306	16830	512	5740.305130500609	1164863.3340986595
8324	16861	512	5732.60140835113	1163612.5311215962
8330	16876	512	5724.906637904147	1162362.8459378192
8335	16886	512	5717.220810188054	1161114.2777202304
8338	16892	512	5709.543916239039	1159866.825642247
8353	16919	512	5701.875947101175	1158620.4888778168
8378	16968	512	5694.216893826323	1157375.2666014025
8383	16980	512	5686.566747474212	1156131.1579879962
8391	16997	512	5678.925499112351	1154888.1622131055
8405	17019	512	5671.293139816095	1153646.278452765
8407	17021	512	5663.669660668568	1152405.505883523
8410	17025	512	5656.055052760747	1151165.8436824589
8418	17041	512	5648.449307191337	1149927.291027161
8432	17065	512	5640.852415066893	1148689.8470957484
8436	17072	512	5633.2643675017	1147453.5110668507
8440	17078	512	5625.685155617869	1146218.2821196264
8442	17081	512	5618.114770545226	1144984.1594337437
8444	17083	512	5610.553203421413	1143751.1421893989
8454	17100	512	5603.000445391785	1142519.229567299
8455	17105	512	5595.456487609485	1141288.4207486757
8473	17134	512	5587.921321235361	1140058.7149152728
8477	17145	512	5580.394937438047	1138830.1112493593
8485	17158	512	5572.877327393856	1137602.6089337126
8499	17181	512	5565.368482286874	1136376.2071516349
8506	17197	512	5557.868393308874	1135150.90508694
8514	17210	512	5550.377051659379	1133926.7019239631
8517	17214	512	5542.894448545565	1132703.596847549
8542	17256	512	5535.420575182372	1131481.5890430654
8543	17259	512	5527.9554227923845	1130260.6776963898
8549	17269	512	5520.498982605915	1129040.86199392
8551	17274	512	5513.051245860924	1127822.1411225628
8558	17285	512	5505.612203803093	1126604.5142697473
8564	17295	512	5498.181847685714	1125387.9806234073
8570	17305	512	5490.760168769818	1124172.5393720018
8576	17312	512	5483.347158324022	1122958.189704492
8579	17322	512	5475.942807624657	1121744.9308103628
8584	17333	512	5468.54710795565	1120532.7618796036
8590	17342	512	5461.1600506086215	1119321.6821027251
8600	17361	512	5453.781626882768	1118111.6906707415
8601	17362	512	5446.411828084969	1116902.786775187
8607	17374	512	5439.05064552968	1115694.9696081008
8611	17382	512	5431.6980705390215	1114488.2383620415
8659	17454	512	5424.354094442668	1113282.59223007
8660	17457	512	5417.018708577958	1112078.030405768
8728	17553	512	5409.691904289777	1110874.5520832178
8730	17555	512	5402.373672930641	1109672.1564570207
8757	17591	512	5395.064005860621	1108470.8427222816
8758	17592	512	5387.762894447402	1107270.6100746205
8763	17601	512	5380.4703300662	1106071.4577101606
8770	17612	512	5373.186304099853	1104873.3848255426
8824	17695	512	5365.910807938704	1103676.3906179063
8839	17720	512	5358.643832980704	1102480.4742849094
8868	17763	512	5351.385370631317	1101285.6350247108
8890	17801	512	5344.135412303571	1100091.8720359814
8895	17810	512	5336.893949418018	1098899.1845178965
8916	17837	512	5329.660973402771	1097707.5716701443
8951	17880	512	5322.436475693417	1096517.0326929116
8972	17915	512	5315.220447733127	1095327.5667869009
8980	17926	512	5308.012880972528	1094139.1731533126
9003	17954	512	5300.813766869808	1092951.8509938628
9058	18043	512	5293.623096890601	1091765.5995107626
9069	18063	512	5286.440862508097	1090580.4179067388
9103	18110	512	5279.26705520292	1089396.3053850145
9110	18119	512	5272.101666463232	1088213.261149326
9132	18149	512	5264.94468778462	1087031.284403907
9145	18172	512	5257.796110670198	1085850.374353502
9146	18173	512	5250.655926630491	1084670.5302033518
9149	18177	512	5243.524127183538	1083491.7511592098
9175	18210	512	5236.4007038547925	1082314.0364273258
9183	18226	512	5229.285648177182	1081137.3852144568
9199	18256	512	5222.178951691049	1079961.796727858
9212	18272	512	5215.080605944222	1078787.2701752959
9216	18293	512	5207.990602491892	1077613.8047650268
9230	18309	512	5200.908932896748	1076441.3997058216
9261	18350	512	5193.835588728839	1075270.0542069431
9266	18357	512	5186.7705615656705	1074099.7674781622
9278	18373	512	5179.713842992114	1072930.538729744
9312	18463	512	5172.665424600493	1071762.3671724629
9314	18467	512	5165.625297990467	1070595.2520175837
9316	18469	512	5158.5934547691495	1069429.1924768824
9317	18471	512	5151.569886550982	1068264.1877626246
9322	18480	512	5144.5545849578275	1067100.2370875832
9324	18484	512	5137.547541618878	1065937.3396650234
9326	18486	512	5130.548748170745	1064775.4947087176
9330	18490	512	5123.558196257341	1063614.7014329275
9339	18504	512	5116.575877529992	1062454.959052423
9349	18518	512	5109.6017836473175	1061296.2667824621
9350	18520	512	5102.635906275333	1060138.6238388096
9352	18524	512	5095.678237087339	1058982.02943772
9353	18525	512	5088.728767764021	1057826.4827959528
9374	18563	512	5081.787489993332	1056671.9831307554
9379	18573	512	5074.854395470602	1055518.5296598806
9382	18577	512	5067.929475898431	1054366.121601571
9389	18590	512	5061.012722986757	1053214.7581745698
9401	18606	512	5054.104128452786	1052064.4385981108
9404	18610	512	5047.203684021068	1050915.1620919292
9407	18613	512	5040.311381423392	1049766.9278762492
9411	18619	512	5033.427212398883	1048619.7351717968
9415	18628	512	5026.551168693887	1047473.5831997835
9416	18629	512	5019.6832420620885	1046328.4711819253
9422	18640	512	5012.823424264377	1045184.3983404222
9439	18668	512	5005.9717070689585	1044041.3638979773
9466	18709	512	4999.128082251258	1042899.3670777798
9474	18721	512	4992.292541593945	1041758.4071035123
9482	18730	512	4985.46507688698	1040618.4831993567
9492	18750	512	4978.645679927504	1039479.5945899786
9499	18761	512	4971.834342519944	1038341.7405005443
9506	18772	512	4965.031056475905	1037204.9201567039
9507	18773	512	4958.235813614262	1036069.1327846074
9524	18803	512	4951.448605761051	1034934.3776108861
9528	18810	512	4944.669424749584	1033800.6538626746
9533	18817	512	4937.898262420307	1032667.9607675852
9539	18823	512	4931.135110620922	1031536.2975537317
9544	18830	512	4924.379961206281	1030405.66344971
9545	18831	512	4917.632806038462	1029276.0576846115
9555	18843	512	4910.89363698668	1028147.479488012
9566	18860	512	4904.162445927377	1027019.9280899838
9567	18862	512	4897.439224744106	1025893.4027210778
9584	18887	512	4890.723965327645	1024767.902612345
9586	18891	512	4884.016659575877	1023643.4269953151
9592	18901	512	4877.317299393878	1022519.9751020129
9594	18903	512	4870.625876693837	1021397.5461649455
9598	18910	512	4863.942383395122	1020276.1394171133
9600	18913	512	4857.266811424194	1019155.754091997
9622	18961	512	4850.599152714689	1018036.3894235721
9631	18974	512	4843.939399207317	1016918.0446462926
9632	18976	512	4837.287542849965	1015800.7189951072
9634	18978	512	4830.643575597573	1014684.4117054424
9637	18982	512	4824.00748941224	1013569.1220132179
9648	19000	512	4817.379276263119	1012454.8491548315
9682	19063	512	4810.758928126505	1011341.592367174
9685	19067	512	4804.146436985745	1010229.3508876141
9696	19084	512	4797.541794831309	1009118.1239540123
9698	19087	512	4790.944993660698	1008007.9108047049
9707	19103	512	4784.3560254785325	1006898.7106785205
9710	19107	512	4777.774882296464	1005790.5228147644
9712	19112	512	4771.201556133244	1004683.3464532323
9718	19119	512	4764.636039014636	1003577.1808341964
9720	19121	512	4758.0783229735	1002472.025198418
9723	19126	512	4751.528400049696	1001367.8787871341
9757	19183	512	4744.986262290171	1000264.7408420724
9776	19207	512	4738.451901748855	999162.6106054334
9779	19210	512	4731.92531048676	998061.4873199087
9786	19220	512	4725.406480571871	996961.3702286629
9801	19248	512	4718.895404079232	995862.2585753488
9808	19257	512	4712.392073090863	994764.1516040943
9809	19258	512	4705.8964796958235	993667.0485595132
9810	19259	512	4699.408615990137	992570.948686694
9821	19282	512	4692.928474076862	991475.8512312116
9823	19285	512	4686.456046066005	990381.7554391136
9831	19299	512	4679.991324074599	989288.6605569343
9835	19305	512	4673.5343002266145	988196.565831681
9841	19315	512	4667.08496665303	987105.470510845
9843	19319	512	4660.643315491759	986015.3738423912
9866	19357	512	4654.209338887708	984926.2750747686
9870	19363	512	4647.783028992709	983838.1734568978
9877	19374	512	4641.364377965573	982751.0682381837
9881	19382	512	4634.953377972025	981664.9586685022
9882	19383	512	4628.5500211847675	980579.8439982132
9886	19389	512	4622.154299783396	979495.7234781465
9891	19398	512	4615.76620595447	978412.5963596152
9892	19399	512	4609.385731891439	977330.4618944024
9902	19416	512	4603.012869794709	976249.3193347746
9913	19434	512	4596.647611871555	975169.1679334658
9915	19438	512	4590.289950336195	974090.0069436934
9926	19455	512	4583.939877409711	973011.8356191422
9931	19460	512	4577.597385320126	971934.6532139806
9937	19471	512	4571.262466302308	970858.4589828437
9966	19508	512	4564.935112598042	969783.2521808464
9968	19510	512	4558.615316455964	968709.0320635737
9969	19511	512	4552.303070131621	967635.7978870902
9978	19521	512	4545.998365887373	966563.548907925
9989	19544	512	4539.70119599251	965492.2843830916
9992	19549	512	4533.411552723114	964422.0035700656
9996	19563	512	4527.129428362168	963352.7057268041
10011	19585	512	4520.854815199462	962284.3901117294
10032	19618	512	4514.587705531661	961217.0559837422
10039	19628	512	4508.328091662237	960150.7026022107
10043	19636	512	4502.075965901519	959085.3292269779
10064	19668	512	4495.831320566629	958020.9351183543
10066	19674	512	4489.594147981537	956957.519537126
10068	19677	512	4483.364440476999	955895.0817445444
10070	19681	512	4477.14219039061	954833.621002338
10078	19695	512	4470.927390066729	953773.1365726975
10081	19701	512	4464.720031856553	952713.6277182921
10082	19703	512	4458.520108118038	951655.0937022534
10083	19706	512	4452.327611215954	950597.5337881884
10094	19722	512	4446.142533521812	949540.9472401656
10096	19724	512	4439.964867413952	948485.3333227317
10098	19728	512	4433.794605277428	947430.6913008925
10108	19743	512	4427.63173950411	946377.0204401306
10109	19746	512	4421.476262492586	945324.3200063898
10111	19748	512	4415.328166648225	944272.5892660861
10118	19757	512	4409.187444383123	943221.8274860987
10122	19761	512	4403.05408811615	942172.0339337804
10128	19771	512	4396.928090272864	941123.2078769413
10129	19772	512	4390.809443285618	940075.3485838694
10136	19780	512	4384.698139593427	939028.4553233078
10138	19783	512	4378.594171642088	937982.5273644755
10144	19796	512	4372.497531884061	936937.563977049
10149	19803	512	4366.408212778564	935893.5644311777
10157	19819	512	4360.326206791474	934850.5279974682
10160	19825	512	4354.251506395416	933808.453947001
10161	19826	512	4348.184104069664	932767.3415513122
10189	19865	512	4342.123992300223	931727.1900824107
10199	19884	512	4336.0711635797425	930687.9988127615
10210	19901	512	4330.025610407591	929649.7670153014
10213	19912	512	4323.987325289766	928612.4939634221
10218	19920	512	4317.956300738984	927576.1789309882
10229	19934	512	4311.932529274573	926540.8211923181
10251	19966	512	4305.916003422563	925506.4200222002
10257	19974	512	4299.906715715594	924472.974695879
10263	19983	512	4293.904658692997	923440.4844890682
10267	19988	512	4287.909824900701	922408.9486779354
10281	20003	512	4281.922206891313	921378.3665391185
10282	20005	512	4275.9417972240335	920348.7373497086
10290	20014	512	4269.968588464722	919320.0603872647
10293	20017	512	4264.0025731858195	918292.3349297995
10294	20019	512	4258.04374396643	917265.5602557954
10305	20037	512	4252.09209339222	916239.7356441848
10307	20040	512	4246.147614055497	915214.8603743687
10312	20047	512	4240.210298555139	914190.9337262019
10314	20055	512	4234.280139496655	913167.9549800046
10324	20069	512	4228.357129492091	912145.9234165478
10332	20078	512	4222.441261160129	911124.8383170704
10346	20098	512	4216.532527125989	910104.6989632627
10353	20108	512	4210.630920021496	909085.5046372797
10354	20109	512	4204.73643248501	908067.254621727
10365	20127	512	4198.8490571614875	907049.9481996766
10369	20131	512	4192.968786702407	906033.5846546498
10371	20133	512	4187.095613765837	905018.1632706326
10380	20143	512	4181.229531016352	904003.6833320607
10388	20156	512	4175.370531125113	902990.1441238344
10389	20157	512	4169.518606769769	901977.5449313023
10407	20187	512	4163.673750634547	900965.8850402769
10415	20200	512	4157.835955410156	899955.1637370196
10439	20239	512	4152.0052137938665	898945.3803082542
10442	20244	512	4146.181518489426	897936.5340411528
10448	20251	512	4140.364862207132	896928.6242233502
10463	20274	512	4134.555237663748	895921.6501429289
10471	20289	512	4128.752637582569	894915.6110884319
10473	20293	512	4122.957054693358	893910.5063488513
10476	20296	512	4117.1684817324	892906.3352136388
10477	20298	512	4111.386911442422	891903.0969726933
10480	20302	512	4105.612336572675	890900.7909163747
10497	20325	512	4099.844749878841	889899.4163354879
10517	20357	512	4094.0841441231173	888898.9725212998
10521	20364	512	4088.3305120741124	887899.4587655211
10525	20368	512	4082.5838465069405	886900.8743603217
10526	20369	512	4076.844140203136	885903.2185983192
10532	20377	512	4071.111385950708	884906.4907725877
10535	20380	512	4065.385576544089	883910.6901766487
10547	20396	512	4059.66670478414	882915.8161044742
10551	20402	512	4053.9547634781948	881921.8678504939
10554	20407	512	4048.249745439967	880928.8447095798
10561	20415	512	4042.5516434896426	879936.7459770639
10568	20430	512	4036.860450453766	878945.5709487175
10570	20433	512	4031.176159165353	877955.3189207729
10571	20434	512	4025.4987624637793	876965.9891899031
10575	20438	512	4019.8282531948603	875977.5810532381
10588	20455	512	4014.1646242107686	874990.0938083496
10605	20474	512	4008.507868370115	874003.5267532668
10607	20476	512	4002.8579785378465	873017.8791864584
10617	20487	512	3997.2149475853416	872033.1504068507
10621	20493	512	3991.5787683903072	871049.3397138093
10622	20494	512	3985.9494338368654	870066.4464071556
10631	20505	512	3980.326936815466	869084.4697871524
10635	20509	512	3974.7112702229533	868103.4091545149
10638	20512	512	3969.1024269624972	867123.2638104009
10641	20515	512	3963.5003999436503	866144.0330564193
10649	20524	512	3957.9051820822756	865165.7161946212
10660	20539	512	3952.3167663006143	864188.3125275092
10661	20540	512	3946.7351455272083	863211.8213580262
10662	20541	512	3941.1603126969576	862236.241989566
10675	20558	512	3935.5922607510674	861261.573725964
10687	20574	512	3930.030982637084	860287.8158715046
10698	20590	512	3924.476471308843	859314.9677309124
10705	20599	512	3918.9287197265244	858343.0286093629
10709	20603	512	3913.3877208565737	857371.9978124695
10717	20615	512	3907.8534676717754	856401.8746462957
10730	20631	512	3902.3259531511717	855432.6584173432
10753	20658	512	3896.805170280138	854464.3484325643
10755	20660	512	3891.291112050287	853496.9439993467
10761	20668	512	3885.78377145956	852530.4444255295
10768	20675	512	3880.283141512131	851564.8490193876
10771	20678	512	3874.789215218475	850600.1570896433
10798	20711	512	3869.301985595308	849636.3679454579
10807	20722	512	3863.8214456656365	848673.4808964399
10814	20729	512	3858.347588458681	847711.4952526314
10833	20754	512	3852.8804070099595	846750.4103245259
10849	20770	512	3847.4198943611864	845790.2254230491
10860	20785	512	3841.966043560361	844830.9398595752
10886	20813	512	3836.5188476616772	843872.5529459128
10901	20832	512	3831.0782997256015	842915.0639943181
10914	20850	512	3825.644392818781	841958.47231748
10916	20852	512	3820.2171200141224	841002.7772285339
10923	20859	512	3814.7964743907146	840047.9780410497
10940	20877	512	3809.3824490338948	839094.0740690432
10952	20896	512	3803.9750370351576	838141.0646269611
10953	20897	512	3798.574231492245	837188.9490296976
10961	20906	512	3793.180025509055	836237.7265925783
10982	20930	512	3787.7924121957108	835287.3966313738
10986	20934	512	3782.4113846684827	834337.9584622858
10993	20945	512	3777.0369360498667	833389.4114019623
10997	20949	512	3771.6690594684915	832441.7547674812
11002	20955	512	3766.3077480591946	831494.9878763647
11005	20958	512	3760.9529949629346	830549.1100465645
11025	20983	512	3755.6047933268787	829604.1205964768
11026	20984	512	3750.263136304311	828660.018844929
11046	21014	512	3744.9280170547036	827716.8041111904
11050	21018	512	3739.5994287436247	826774.4757149578
11054	21024	512	3734.277364542842	825833.0329763747
11061	21031	512	3728.9618176302047	824892.4752160102
11064	21034	512	3723.6527811897445	823952.8017548779
11066	21038	512	3718.3502484115647	823014.0119144173
11069	21041	512	3713.054212491943	822076.1050165108
11089	21063	512	3707.764666633231	821139.0803834699
11107	21091	512	3702.481604043928	820202.9373380451
11115	21100	512	3697.2050179386006	819267.6752034148
11123	21108	512	3691.9349015379617	818333.2933031991
11128	21113	512	3686.6712480687765	817399.7909614441
11144	21131	512	3681.4140507639445	816467.1675026357
11148	21136	512	3676.1633028624096	815535.4222516862
11157	21151	512	3670.9189976092443	814604.5545339488
11162	21157	512	3665.68112825555	813674.5636752002
11163	21158	512	3660.4496880585475	812745.4490016584
11165	21160	512	3655.2246702814828	811817.2098399653
11172	21168	512	3650.006068193704	810889.8455172018
11181	21179	512	3644.793875070576	809963.3553608732
11201	21200	512	3639.5880841935623	809037.7386989241
11231	21236	512	3634.388688850127	808112.9948597214
11239	21244	512	3629.195682333823	807189.1231720713
11241	21247	512	3624.0090579442044	806266.1229652034
11243	21249	512	3618.8288089868906	805343.9935687835
11250	21257	512	3613.6549287734956	804422.7343129014
11257	21265	512	3608.4874106216967	803502.3445280832
11266	21278	512	3603.326247855149	802582.8235452776
11284	21298	512	3598.1714338035617	801664.1706958695
11287	21301	512	3593.0229618026215	800746.3853116666
11289	21304	512	3587.880825194047	799829.466724911
11294	21310	512	3582.7450173255256	798913.4142682675
11299	21315	512	3577.615531550776	797998.2272748352
11300	21316	512	3572.4923612294683	797083.9050781345
11319	21339	512	3567.3754997273036	796170.4470121213
11324	21345	512	3562.264940415915	795257.8524111714
11325	21346	512	3557.160676672952	794346.1206100936
11328	21349	512	3552.0627018820046	793435.2509441191
11332	21354	512	3546.9710094326597	792525.2427489113
11338	21362	512	3541.8855927204327	791616.0953605535
11344	21368	512	3536.806445146825	790707.8081155611
11353	21379	512	3531.733560119268	789800.3803508715
11358	21386	512	3526.6669310511647	788893.8114038516
11368	21397	512	3521.606551361827	787988.1006122883
11372	21401	512	3516.5524144765423	787083.2473144004
11375	21406	512	3511.5045138264927	786179.2508488247
11377	21408	512	3506.4628428488263	785276.1105546296
11385	21418	512	3501.4273949865806	784373.8257713015
11400	21436	512	3496.3981636887465	783472.395838758
11401	21437	512	3491.375142410189	782571.8200973326
11434	21475	512	3486.3583246117228	781672.0978877905
11446	21488	512	3481.3477037600314	780773.2285513137
11447	21489	512	3476.343273327731	779875.2114295132
11456	21500	512	3471.3450267932985	778978.0458644173
11464	21511	512	3466.3529576411356	778081.7311984824
11465	21512	512	3461.3670593615007	777186.2667745828
11482	21530	512	3456.3873254505565	776291.6519360194
11484	21532	512	3451.413749410316	775397.8860265097
11485	21535	512	3446.4463247486988	774504.9683901997
11486	21536	512	3441.485044979452	773612.89837165
11488	21538	512	3436.529903622219	772721.6753158486
11489	21539	512	3431.58089420247	771831.2985681982
11500	21552	512	3426.6380102515577	770941.7674745289
11523	21587	512	3421.701245306652	770053.0813810844
11527	21593	512	3416.770592910802	769165.2396345363
11532	21600	512	3411.8460466128577	768278.2415819685
11534	21604	512	3406.9275999675356	767392.0865708912
11536	21606	512	3402.0152465353535	766506.7739492286
11538	21609	512	3397.1089798826765	765622.3030653287
11539	21610	512	3392.2087935816717	764738.6732679548
11549	21625	512	3387.3146812103455	763855.8839062937
11553	21630	512	3382.426636352475	762973.9343299431
11554	21631	512	3377.5446525976936	762092.8238889287
11555	21632	512	3372.668723541384	761212.5519336847
11570	21651	512	3367.7988427847718	760333.1178150706
11573	21655	512	3362.935003934838	759454.5208843579
11575	21658	512	3358.0772006043812	758576.7604932406
11576	21670	512	3353.2254264119524	757699.8359938238
11580	21677	512	3348.379674981911	756823.7467386356
11581	21678	512	3343.53993994436	755948.4920806144
11585	21683	512	3338.706214935202	755074.0713731217
11594	21695	512	3333.8784935960653	754200.4839699272
11596	21702	512	3329.056769574388	753327.7292252253
11597	21703	512	3324.241036523309	752455.8064936172
11602	21712	512	3319.431288101764	751584.7151301272
11604	21714	512	3314.6275179743934	750714.4544901872
11605	21715	512	3309.829719811617	749845.0239296511
11619	21734	512	3305.0378872895576	748976.4228047818
11622	21740	512	3300.2520140900983	748108.6504722609
11624	21742	512	3295.472093900824	747241.7062891797
11625	21743	512	3290.698120415065	746375.5896130482
11626	21744	512	3285.9300873318525	745510.299801786
11627	21745	512	3281.1679883559273	744645.8362137259
11637	21757	512	3276.4118171977666	743782.1982076186
11643	21764	512	3271.6615675735165	742919.3851426217
11649	21771	512	3266.9172332050566	742057.3963783113
11652	21776	512	3262.17880781993	741196.23127467
11653	21777	512	3257.4462851514013	740335.8891920985
11654	21778	512	3252.7196589383875	739476.3694914031
11657	21781	512	3247.9989229255184	738617.6715338079
11667	21796	512	3243.2840708630733	737759.794680943
11668	21797	512	3238.575096507031	736902.7382948549
11672	21802	512	3233.8719936190096	736046.5017379959
11675	21805	512	3229.1747559663186	735191.084373234
11677	21807	512	3224.4833773218998	734336.4855638429
11686	21818	512	3219.7978514643696	733482.7046735106
11690	21824	512	3215.118172177975	732629.7410663314
11697	21832	512	3210.444333252633	731777.5941068139
11701	21839	512	3205.7763284838657	730926.2631598697
11703	21842	512	3201.114151672874	730075.7475908276
11731	21881	512	3196.4577966264483	729226.046765418
11734	21885	512	3191.8072571570387	728377.1600497856
11744	21898	512	3187.1625270826917	727529.0868104795
11750	21906	512	3182.5236002270967	726681.826414461
11767	21925	512	3177.8904704195284	725835.3782290949
11772	21934	512	3173.2631314949017	724989.7416221595
11773	21935	512	3168.641577293702	724144.9159618344
11778	21944	512	3164.025801662047	723300.9006167124
11785	21956	512	3159.4157984516187	722457.6949557879
11787	21959	512	3154.8115615197225	721615.2983484681
11793	21973	512	3150.213084729214	720773.7101645604
11802	21985	512	3145.6203619485655	719932.9297742844
11805	21988	512	3141.033387051794	719092.9565482605
11806	21989	512	3136.4521539185216	718253.7898575211
11807	21990	512	3131.876656433905	717415.4290734971
11811	21998	512	3127.3068884887007	716577.8735680325
11817	22005	512	3122.742843979191	715741.1227133697
11818	22007	512	3118.184516807235	714905.1758821602
11819	22008	512	3113.63190088023	714070.0324474581
11838	22032	512	3109.0849901111355	713235.6917827248
11839	22033	512	3104.543778418424	712402.1532618211
11858	22061	512	3100.0082597261403	711569.4162590174
11862	22066	512	3095.4784279638247	710737.4801489825
11863	22067	512	3090.9542770665844	709906.3443067942
11877	22083	512	3086.435800975009	709076.0081079273
11879	22086	512	3081.9229936352467	708246.4709282662
11883	22090	512	3077.415848998928	707417.7321440921
11884	22091	512	3072.914361023224	706589.7911320948
11886	22094	512	3068.418523670777	705762.64726936
11895	22106	512	3063.928330909766	704936.2999333815
11898	22109	512	3059.443776713837	704110.74850205
11910	22126	512	3054.9648550621555	703285.992353662
11918	22135	512	3050.4915599393457	702462.0308669113
11926	22146	512	3046.023885335548	701638.8634208973
11937	22159	512	3041.5618252463482	700816.489395115
11938	22162	512	3037.105373672844	699994.9081694668
11941	22165	512	3032.654524621567	699174.1191242485
11944	22168	512	3028.209272104544	698354.1216401618
11945	22170	512	3023.769610139241	697534.9150983039
11956	22184	512	3019.3355327486047	696716.498880176
11959	22188	512	3014.9070339610075	695898.8723676745
11960	22189	512	3010.4841078102986	695082.0349430991
11965	22195	512	3006.066748335743	694265.9859891447
11969	22200	512	3001.654949582078	693450.7248889097
11970	22201	512	2997.2487055994393	692636.2510258851
11976	22215	512	2992.8480104434293	691822.5637839664
11978	22218	512	2988.452858175046	691009.6625474414
11988	22229	512	2984.0632428607382	690197.5467010015
11997	22239	512	2979.679158572346	689386.2156297305
12008	22251	512	2975.3005993871457	688575.6687191138
12011	22259	512	2970.9275593878015	687765.9053550299
12012	22260	512	2966.5600326624062	686956.9249237588
12013	22265	512	2962.198013304427	686148.7268119726
12019	22273	512	2957.841495412757	685341.3104067446
12022	22276	512	2953.4904730916483	684534.6750955393
12029	22286	512	2949.144940450772	683728.8202662221
12034	22293	512	2944.8048916051507	682923.7453070491
12047	22310	512	2940.470320675223	682119.4496066782
12057	22321	512	2936.1412217867596	681315.932554155
12070	22339	512	2931.817589070939	680513.1935389272
12073	22342	512	2927.4994166642796	679711.2319508325
12079	22349	512	2923.1866987086805	678910.0471801069
12081	22353	512	2918.8794293513783	678109.6386173769
12088	22365	512	2914.5776027449833	677310.0056536669
12112	22398	512	2910.281213047432	676511.1476803917
12114	22403	512	2905.990254422033	675713.0640893643
12123	22414	512	2901.7047210373985	674915.7542727845
12124	22415	512	2897.4246070675144	674119.2176232529
12126	22420	512	2893.1499066916663	673323.4535337565
12128	22422	512	2888.880614094495	672528.4613976809
12155	22458	512	2884.616723465931	671734.240608798
12156	22459	512	2880.3582290012614	670940.7905612785
12163	22467	512	2876.1051249010484	670148.1106496787
12166	22471	512	2871.857405371202	669356.2002689532
12169	22474	512	2867.6150646229034	668565.0588144424
12170	22475	512	2863.3780968726633	667774.6856818825
12179	22486	512	2859.146496342264	666985.080267397
12180	22488	512	2854.920257258811	666196.2419675053
12182	22492	512	2850.69937385466	665408.1701791107
12186	22496	512	2846.4838403674908	664620.8642995144
12191	22502	512	2842.273651040227	663834.323726401
12194	22510	512	2838.068800121101	663048.5478578513
12200	22517	512	2833.8692818635864	662263.5360923298
12201	22518	512	2829.675090526454	661479.287828697
12214	22535	512	2825.486220373701	660695.8024661953
12224	22551	512	2821.3026656746265	659913.0794044643
12248	22589	512	2817.1244207037407	659131.1180435246
12249	22591	512	2812.9514797408415	658349.917783792
12261	22606	512	2808.7838370709433	657569.4780260657
12268	22615	512	2804.621486984327	656789.7981715372
12270	22617	512	2800.4644237764887	656010.8776217822
12273	22621	512	2796.3126417481776	655232.7157787676
12307	22663	512	2792.1661352053516	654455.3120448441
12309	22666	512	2788.024898459219	653678.6658227541
12319	22681	512	2783.8889258261765	652902.7765156215
12335	22704	512	2779.7582116278745	652127.6435269633
12338	22708	512	2775.6327501911383	651353.266260677
12340	22710	512	2771.512535848035	650579.644121052
12347	22718	512	2767.3975629358033	649806.7765127581
12356	22728	512	2763.287825796913	649034.6628408569
12359	22731	512	2759.1833187790003	648263.3025107903
12370	22746	512	2755.0840362349204	647492.6949283908
12373	22751	512	2750.989972522689	646722.8394998709
12375	22754	512	2746.901122005527	645953.7356318325
12377	22757	512	2742.817479051815	645185.3827312588
12378	22758	512	2738.7390380351285	644417.7802055213
12381	22763	512	2734.6657933341908	643650.9274623713
12384	22767	512	2730.5977393329117	642884.8239099486
12386	22770	512	2726.534870420345	642119.468956773
12393	22779	512	2722.477180990724	641354.8620117522
12396	22783	512	2718.4246654434055	640591.0024841717
12403	22791	512	2714.377318182931	639827.8897837065
12406	22794	512	2710.3351336189535	639065.5233204088
12409	22797	512	2706.298106166301	638303.9025047192
12413	22802	512	2702.2662302449007	637543.0267474544
12430	22823	512	2698.23950027985	636782.8954598196
12437	22832	512	2694.2179107013453	636023.5080533976
12445	22840	512	2690.2014559447284	635264.8639401558
12447	22843	512	2686.190130450446	634506.9625324409
12464	22861	512	2682.183928664078	633749.8032429843
12469	22869	512	2678.182845036292	632993.3854848935
12470	22870	512	2674.1868740228942	632237.7086716631
12471	22871	512	2670.196010084764	631482.7722171625
12472	22873	512	2666.2102476879095	630728.5755356469
12476	22878	512	2662.2295813034084	629975.118041747
12478	22880	512	2658.254005407454	629222.3991504782
12483	22892	512	2654.2835144813	628470.4182772307
12485	22899	512	2650.3181030113155	627719.1748377801
12486	22901	512	2646.3577654889214	626968.668248276
12489	22906	512	2642.40249641062	626218.8979252491
12506	22928	512	2638.4522902780004	625469.8632856112
12509	22932	512	2634.5071415976945	624721.5637466488
12514	22939	512	2630.5670448814208	623973.9987260314
12517	22943	512	2626.6319946459366	623227.1676418027
12529	22961	512	2622.701985413072	622481.069912388
12540	22974	512	2618.7770117096848	621735.7049565861
12563	23001	512	2614.857068067707	620991.0721935789
12565	23003	512	2610.942149024086	620247.1710429202
12566	23004	512	2607.0322491208335	619504.0009245462
12568	23006	512	2603.127362904966	618761.5612587642
12571	23010	512	2599.2274849285623	618019.8514662648
12578	23021	512	2595.3326097487	617278.8709681092
12588	23034	512	2591.442731927498	616538.6191857391
12594	23043	512	2587.557846032074	615799.0955409685
12596	23045	512	2583.6779466345874	615060.2994559924
12597	23046	512	2579.803028312173	614322.230353375
12604	23057	512	2575.9330856470033	613584.8876560619
12605	23058	512	2572.068113226229	612848.2707873693
12614	23070	512	2568.20810564202	612112.3791709928
12627	23087	512	2564.353057491515	611377.2122309975
12632	23093	512	2560.5029633768672	610642.7693918281
12633	23094	512	2556.657817905192	609909.0500782994
12634	23095	512	2552.81761568861	609176.053715604
12637	23098	512	2548.982351344194	608443.7797293043
12641	23103	512	2545.152019494019	607712.2275453415
12648	23111	512	2541.326614765101	606981.3965900247
12654	23120	512	2537.506131789445	606251.2862900409
12662	23129	512	2533.6905652039995	605521.8960724466
12663	23130	512	2529.8799096506873	604793.2253646742
12666	23135	512	2526.074159776362	604065.2735945245
12673	23142	512	2522.273310232854	603338.0401901754
12684	23160	512	2518.4773556769132	602611.524580173
12686	23162	512	2514.6862907702584	601885.7261934393
12687	23163	512	2510.900110179512	601160.6444592625
12692	23170	512	2507.118808576267	600436.2788073086
12696	23176	512	2503.3423806370106	599712.628667609
12697	23177	512	2499.5708210431844	598989.6934705706
12705	23187	512	2495.8041244811293	598267.4726469679
12707	23190	512	2492.0422856421246	597545.9656279492
12714	23199	512	2488.2852992223375	596825.1718450288
12722	23210	512	2484.5331599228775	596105.0907300973
12729	23221	512	2480.7858624497217	595385.7217154079
12730	23227	512	2477.043401513787	594667.0642335907
12733	23230	512	2473.305771830852	593949.1177176391
12745	23249	512	2469.572968121622	593231.8816009213
12764	23273	512	2465.844985111664	592515.3553171695
12766	23275	512	2462.121817531454	591799.5383004894
12770	23280	512	2458.4034601163266	591084.429985351
12775	23285	512	2454.689907606519	590370.029806597
12781	23293	512	2450.981154747115	589656.3371994338
12787	23302	512	2447.277196288099	588943.351599441
12789	23304	512	2443.578026984292	588231.0724425609
12799	23316	512	2439.8836415954024	587519.4991651076
12802	23320	512	2436.1940348859725	586808.6312037585
12806	23325	512	2432.509201625422	586098.4679955625
12813	23334	512	2428.829136587997	585389.0089779306
12814	23335	512	2425.153834552818	584680.2535886461
12823	23347	512	2421.4832903038196	583972.2012658532
12828	23355	512	2417.8174986297963	583264.8514480671
12829	23356	512	2414.1564543243594	582558.2035741648
12836	23363	512	2410.500152185972	581852.2570833937
12838	23365	512	2406.8485870178997	581147.0114153621
12841	23368	512	2403.2017536282547	580442.4660100484
12847	23375	512	2399.559646829942	579738.6203077912
12852	23382	512	2395.9222614407117	579035.4737492999
12863	23396	512	2392.2895922830967	578333.0257756428
12875	23414	512	2388.661634184459	577631.2758282578
12877	23416	512	2385.038381976946	576930.2233489432
12880	23422	512	2381.41983049752	576229.8677798641
12891	23434	512	2377.805974587926	575530.208563548
12894	23440	512	2374.1968090947116	574831.2451428875
12896	23442	512	2370.5923288692	574132.9769611368
12902	23451	512	2366.992528767514	573435.403461916
12904	23454	512	2363.3974036505374	572738.5240892051
12905	23458	512	2359.806948383953	572042.338287351
12908	23462	512	2356.2211578381853	571346.8455010576
12909	23463	512	2352.6400268884613	570652.0451753979
12917	23474	512	2349.0635504147435	569957.9367558012
12932	23495	512	2345.491723301778	569264.5196880637
12939	23502	512	2341.9245404390435	568571.7934183383
12944	23509	512	2338.361996720802	567879.7573931457
12948	23513	512	2334.804087046032	567188.4110593618
12950	23516	512	2331.250806318485	566497.7538642287
12952	23518	512	2327.7021494466285	565807.7852553447
12957	23524	512	2324.1581113436937	565118.504680674
12958	23525	512	2320.6186869276207	564429.9115885365
12978	23549	512	2317.083871121102	563742.0054276169
12984	24577	512	2313.5536588515347	563054.7856469556
12999	24593	512	2310.028045051058	562368.2516959572
13011	24609	512	2306.5070246565083	561682.4030243816
13021	24621	512	2302.9905926094616	560997.2390823531
13022	24623	512	2299.478743856177	560312.7593203501
13026	24627	512	2295.9714733476453	559628.9631892147
13027	24628	512	2292.4687760395386	558945.8501401438
13043	24647	512	2288.9706468922504	558263.4196246973
13051	24656	512	2285.4770808708467	557581.6710947888
13056	24664	512	2281.988072945107	556900.6040026947
13058	24666	512	2278.503618089477	556220.2178010453
13071	24685	512	2275.0237112831046	555540.5119428319
13080	24697	512	2271.5483475098063	554861.4858814012
13091	24710	512	2268.0775217580817	554183.1390704593
13092	24711	512	2264.6112290210976	553505.4709640671
13098	24717	512	2261.149464296697	552828.4810166456
13102	24722	512	2257.6922225873714	552152.168682968
13111	24733	512	2254.2394989003024	551476.5334181703
13112	24734	512	2250.7912882472947	550801.5746777381
13132	24758	512	2247.347585644836	550127.2919175187
13143	24772	512	2243.908386114039	549453.6845937108
13150	24780	512	2240.473684680688	548780.7521628737
13151	24781	512	2237.0434763751855	548108.4940819171
13169	24804	512	2233.6177562325934	547436.909808111
13173	24809	512	2230.1965192925836	546765.9987990747
13212	24861	512	2226.779760599491	546095.7605127892
13221	24872	512	2223.3674752022443	545426.1944075834
13222	24874	512	2219.959658154423	544757.2999421466
13237	24892	512	2216.5563045142044	544089.0765755173
13245	24909	512	2213.1574093444056	543421.5237670932
13253	24920	512	2209.7629677124264	542754.6409766199
13275	24948	512	2206.372974690305	542088.4276642028
13287	24961	512	2202.987425354659	541422.8832902954
13288	24962	512	2199.606314786731	540758.0073157094
13290	24969	512	2196.229638072333	540093.799201604
13294	24976	512	2192.8573903018996	539430.2584094971
13299	24981	512	2189.4895665704266	538767.3844012535
13302	24986	512	2186.1261619775255	538105.1766390961
13312	24998	512	2182.7671716273608	537443.6345855944
13315	25001	512	2179.4125906287004	536782.7577036748
13318	25004	512	2176.062414094864	536122.5454566113
13328	25018	512	2172.7166371437697	535462.997308034
13334	25024	512	2169.3752548978723	534804.1127219192
13357	25050	512	2166.0382624842205	534145.8911625997
13370	25068	512	2162.705655034393	533488.332094754
13395	25098	512	2159.3774276845525	532831.4349834161
13401	25108	512	2156.053575575393	532175.199293967
13406	25118	512	2152.734093852173	531519.6244921411
13412	25129	512	2149.4189776646813	530864.7100440196
13414	25131	512	2146.108222167265	530210.4554160371
13423	25141	512	2142.801822518788	529556.8600749742
13428	25147	512	2139.499773882675	528903.9234879662
13432	25151	512	2136.20207142685	528251.645122491
13434	25154	512	2132.9087103237957	527600.0244463827
13436	25156	512	2129.619685750487	526949.0609278178
13442	25164	512	2126.334992888448	526298.7540353278
13452	25178	512	2123.054626923688	525649.1032377863
13460	25189	512	2119.7785830467565	525000.1080044211
13462	25193	512	2116.5068564526896	524351.7678048038
13466	25199	512	2113.239442341045	523704.0821088569
13476	25220	512	2109.9763359158696	523057.05038684874
13480	25226	512	2106.7175323857064	522410.67210939474
13490	25237	512	2103.4630269636054	521764.94674746034
13512	25266	512	2100.2128148670886	521119.87377235433
13522	25278	512	2096.966891318183	520475.4526557364
13525	25283	512	2093.7252515433825	519831.6828696094
13537	25304	512	2090.487890773674	519188.5638863259
13546	25323	512	2087.254804244501	518546.0951785807
13551	25332	512	2084.025987195804	517904.27621941984
13552	25335	512	2080.8014348719626	517263.1064822295
13557	25345	512	2077.581142521852	516622.58544074756
13560	25349	512	2074.3651053987755	515982.71256905113
13565	25357	512	2071.153318760526	515343.487341569
13572	25369	512	2067.9457778693204	514704.9092330688
13575	25372	512	2064.742477991851	514066.9777186687
13586	25391	512	2061.5434143992343	513429.69227382675
13592	25398	512	2058.3485823670476	512793.05237434903
13593	25399	512	2055.157977175292	512157.0574963833
13595	25403	512	2051.971594108422	511521.7071164244
13601	25410	512	2048.7894284553026	510887.00071130705
13602	25411	512	2045.611475509247	510252.9377582138
13614	25428	512	2042.4377305679736	509619.5177346665
13617	25433	512	2039.2681889336445	508986.740118535
13620	25437	512	2036.1028459128133	508354.60438802704
13622	25441	512	2032.9416968164735	507723.11002169823
13624	25444	512	2029.784736960005	507092.25649844215
13631	25459	512	2026.631961663216	506462.0432974996
13644	25482	512	2023.4833662502938	505832.46989844827
13648	25492	512	2020.3389460498536	505203.5357812139
13654	25503	512	2017.1986963948787	504575.24042605865
13670	25539	512	2014.0626126227678	503947.58331359085
13686	25603	512	2010.930690075287	503320.563924756
13691	25610	512	2007.8029240986086	502694.18174084515
13695	25614	512	2004.6793100432665	502068.4362434864
13697	25616	512	2001.5598432641918	501443.3269146528
13704	25626	512	1998.4445191206687	500818.8532366533
13714	25641	512	1995.333332976375	500195.01469214243
13726	25661	512	1992.2262801993347	499571.8107641105
13728	25663	512	1989.1233561619558	498949.2409358921
13730	25665	512	1986.0245562409839	498327.3046911569
13740	25676	512	1982.9298758175448	497706.0015139195
13751	25688	512	1979.839310277094	497085.3308885287
13755	25694	512	1976.7528550094617	496465.29229967814
13767	25715	512	1973.6705054087952	495845.88523239444
13771	25721	512	1970.592256873615	495227.1091720497
13775	25727	512	1967.51810480675	494608.9636043481
13801	25763	512	1964.4480446153918	493991.44801533804
13805	25768	512	1961.38207171104	493374.5618914016
13808	25774	512	1958.3201815095442	492758.3047192631
13809	25775	512	1955.2623694310582	492142.67598598066
13813	25780	512	1952.2086309000774	491527.6751789545
13823	25797	512	1949.1589613453941	490913.3017859177
13824	25798	512	1946.1133562001326	490299.5552949448
13825	25799	512	1943.0718109017112	489686.4351944437
13827	25801	512	1940.034320891875	489073.94097316323
13835	25811	512	1937.00088161665	488462.0721201847
13836	25813	512	1933.9714885263863	487850.8281249303
13842	25820	512	1930.9461370757065	487240.20847715426
13843	25821	512	1927.9248227235473	486630.21266695065
13856	25839	512	1924.9075409331163	486020.8401847462
13862	25851	512	1921.894287171929	485412.0905213075
13867	25857	512	1918.8850569117535	484803.9631677306
13868	25858	512	1915.8798456286706	484196.457615454
13871	25863	512	1912.878648803009	483589.57335624547
13877	25873	512	1909.8814619193884	482983.3098822117
13880	25881	512	1906.8882804666812	482377.6666857911
13886	25888	512	1903.8990999380394	481772.6432597592
13888	25890	512	1900.9139158308633	481168.23909722373
13892	25894	512	1897.9327236468287	480564.4536916296
13904	25909	512	1894.9555188918405	479961.28653675085
13913	25922	512	1891.9822970760854	479358.73712670145
13917	25926	512	1889.0130537139653	478756.80495592253
13918	25931	512	1886.0477843241583	478155.48951919476
13922	25936	512	1883.0864844295556	477554.79031162674
13926	25941	512	1880.129149557307	476954.7068286641
13933	25950	512	1877.175775238778	476355.2385660821
13941	25958	512	1874.226357009582	475756.38501999166
13946	25965	512	1871.2808904095405	475158.1456868327
13951	25972	512	1868.3393709827192	474560.52006338135
13958	25983	512	1865.401794277384	473963.5076467419
13959	25984	512	1862.4681558460331	473367.1079343537
13964	25990	512	1859.5384512453645	472771.32042398484
13965	25991	512	1856.6126760362984	472176.14461373776
13969	25995	512	1853.6908257839484	471581.58000204334
13974	26001	512	1850.7728960576458	470987.6260876667
13975	26002	512	1847.858882430902	470394.28236969997
13991	26023	512	1844.948780481448	469801.54834757035
13999	26035	512	1842.0425857911805	469209.42352103075
14025	26072	512	1839.1402939462137	468617.9073901699
14029	26076	512	1836.2419005368174	468026.9994554005
14030	26077	512	1833.347401157472	467436.6992174707
14044	26098	512	1830.4567914068136	466847.0061774543
14047	26103	512	1827.5700668876723	466257.9198367578
14051	26108	512	1824.6872232070295	465669.4396971135
14052	26109	512	1821.808255976062	465081.56526058767
14057	26116	512	1818.933160810082	464494.29602957
14062	26126	512	1816.0619333285897	463907.6315067839
14063	26127	512	1813.194569155222	463321.5711952772
14065	26131	512	1810.3310639177885	462736.11459842994
14069	26135	512	1807.471413248235	462151.2612199468
14077	26147	512	1804.6156127826707	461567.0105638638
14079	26149	512	1801.7636581613306	460983.362134541
14080	26150	512	1798.915545028614	460400.3154366707
14084	26157	512	1796.071269033032	459817.8699752672
14093	26170	512	1793.2308258272585	459236.02525567805
14095	26173	512	1790.3942110680714	458654.780783572
14097	26175	512	1787.5614204163987	458074.13606494956
14107	26188	512	1784.732449537276	457494.09060613427
14125	26217	512	1781.9072940998713	456914.6439137785
14137	26231	512	1779.0859497774586	456335.7954948586
14138	26233	512	1776.2684122474443	455757.5448566805
14139	26234	512	1773.4546771913228	455179.8915068718
14142	26237	512	1770.6447402947188	454602.83495339024
14143	26238	512	1767.838597247338	454026.37470451405
14154	26257	512	1765.0362437430122	453450.5102688526
14155	26260	512	1762.237675479644	452875.2411553343
14157	26262	512	1759.4428881592553	452300.56687321834
14159	26264	512	1756.6518774879369	451726.4869320837
14163	26270	512	1753.864639175887	451153.00084183837
14176	26293	512	1751.0811689373645	450580.1081127095
14179	26297	512	1748.3014624907355	450007.80825525464
14181	26299	512	1745.5255155584189	449436.10078034963
14187	26308	512	1742.7533238669273	448864.9851991985
14193	26322	512	1739.9848831468275	448294.4610233254
14197	26328	512	1737.2201891327702	447724.52776458155
14205	26338	512	1734.4592375634497	447155.18493513705
14207	26341	512	1731.7020241816438	446586.43204748974
14212	26348	512	1728.9485447341647	446018.26861445594
14219	26362	512	1726.1987949719012	445450.694149179
14228	26373	512	1723.4527706497724	444883.7081651206
14234	26382	512	1720.7104675267642	444317.31017606886
14236	26385	512	1717.9718813658826	443751.49969612923
14243	26397	512	1715.2370079342	443186.276239734
14253	26409	512	1712.5058430028046	442621.63932163344
14255	26411	512	1709.7783823468371	442057.5884569024
14256	26412	512	1707.0546217454494	441494.1231609336
14261	26417	512	1704.334556981843	440931.24294944527
14265	26421	512	1701.6181838432205	440368.94733847206
14269	26426	512	1698.9054981208292	439807.2358443741
14271	26431	512	1696.196495609907	439246.1079838272
14274	26434	512	1693.491172109734	438685.56327383255
14290	26460	512	1690.789523423576	438125.6012317069
14309	26486	512	1688.0915453587293	437566.2213750919
14313	26492	512	1685.3972337264743	437007.4232219443
14320	26501	512	1682.7065843421071	436449.2062905443
14321	26503	512	1680.0195930249129	435891.5700994893
14325	26510	512	1677.3362555981792	435334.51416769775
14327	26513	512	1674.656567889173	434778.038014405
14332	26521	512	1671.9805257291662	434222.1411591686
14336	26526	512	1669.3081249533982	433666.8231218615
14338	26528	512	1666.6393614010979	433112.0834226767
14340	26531	512	1663.974230915475	432557.92158212647
14342	26533	512	1661.3127293437065	432004.3371210394
14354	26550	512	1658.6548525369506	431451.32956056425
14374	26579	512	1656.000596350323	430898.89842216537
14383	26594	512	1653.3499566429177	430347.0432276274
14396	26614	512	1650.7029292777722	429795.7634990488
14402	26633	512	1648.0595101219067	429245.0587588502
14408	26643	512	1645.419695046271	428694.92852976406
14410	26645	512	1642.7834799257873	428145.37233484397
14412	26648	512	1640.1508606393131	427596.38969745726
14424	26663	512	1637.5218330696669	427047.98014129134
14434	26685	512	1634.8963931035867	426500.14319034497
14446	26702	512	1632.2745366317733	425952.87836893817
14447	26704	512	1629.6562595488456	425406.18520170316
14450	26707	512	1627.0415577533697	424860.06321359094
14462	26732	512	1624.4304271478256	424314.5119298651
14466	26739	512	1621.8228636386361	423769.53087610804
14469	26742	512	1619.2188631361296	423225.1195782137
14471	26745	512	1616.6184215545725	422681.27756239515
14475	26751	512	1614.0215348121308	422138.0043551766
14476	26752	512	1611.428198830898	421595.2994834
14486	26764	512	1608.838409536864	421053.16247421905
14504	26800	512	1606.2521628599397	420511.5928551046
14505	26801	512	1603.669454733926	419970.5901538388
14506	26802	512	1601.0902810965379	419430.1538985211
14508	26805	512	1598.5146378893728	418890.2836175609
14514	26815	512	1595.9425210579398	418350.9788396855
14516	26819	512	1593.3739265516192	417812.23909393133
14520	26826	512	1590.8088503236972	417274.0639096517
14527	26835	512	1588.2472883313258	416736.4528165094
14528	26836	512	1585.6892365355604	416199.40534448455
14536	26852	512	1583.134690901312	415662.9210238653
14546	26870	512	1580.5836473973864	415126.9993852567
14549	26879	512	1578.0361019964425	414591.6399595719
14552	26882	512	1575.4920506750254	414056.84227804025
14553	26884	512	1572.951489413527	413522.60587219894
14554	26885	512	1570.4144141962233	412988.9302739017
14556	26887	512	1567.880821011224	412455.81501530856
14558	26894	512	1565.3507058505213	411923.25962889654
14563	26900	512	1562.8240647099342	411391.26364744874
14568	26910	512	1560.3008935891528	410859.82660406356
14569	26911	512	1557.7811884916973	410328.94803214696
14572	26926	512	1555.2649454249433	409798.62746541837
14573	26928	512	1552.7521604000945	409268.8644379051
14591	26963	512	1550.2428294322058	408739.658483948
14599	27013	512	1547.736948540148	408211.0091381941
14600	27017	512	1545.2345137466416	407682.9159356046
14626	27679	512	1542.7355210782143	407155.3784114467
14629	27682	512	1540.2399665652408	406628.39610130124
14632	27685	512	1537.7478462418906	406101.9685410535
14643	27696	512	1535.2591561461777	405576.0952669036
14647	27700	512	1532.773892319907	405050.77581535565
14695	27748	512	1530.2920508087168	404526.0097232273
14700	27753	512	1527.8136276620303	404001.79652763985
14702	27755	512	1525.3386189331015	403478.1357660289
14703	27756	512	1522.8670206789618	402955.0269761327
14711	27764	512	1520.398828960464	402432.4696960026
14722	27775	512	1517.9340398422364	401910.4634639939
14737	27790	512	1515.4726493927208	401389.00781877385
14751	27804	512	1513.014653684127	400868.1022993129
14752	27805	512	1510.56004879247	400347.74644489284
14804	27857	512	1508.108830797533	399827.9397950995
14806	27859	512	1505.660995782896	399308.68188982934
14929	27982	512	1503.216539835898	398789.9722692822
14932	27985	512	1500.7754590476684	398271.81047396787
14985	28038	512	1498.337749513093	397754.1960446996
15061	28114	512	1495.9034073308396	397237.1285226
15093	28146	512	1493.4724286033268	396720.60744909535
15124	28177	512	1491.0448094367475	396204.6323659203
15131	28184	512	1488.620545941043	395689.20281511336
15172	28225	512	1486.1996342299192	395174.31833902054
15175	28228	512	1483.7820704208223	394659.978480291
15177	28230	512	1481.3678506349636	394146.1827818827
15179	28232	512	1478.9569709972823	393632.9307870545
15192	28245	512	1476.5494276364795	393120.22203937446
15218	28271	512	1474.1452166849783	392608.0560827117
15260	28313	512	1471.744334278955	392096.4324612435
15262	28315	512	1469.3467765583048	391585.35071944806
15266	28319	512	1466.9525396666686	391074.8104021114
15267	28320	512	1464.5616197513975	390564.8110543199
15268	28321	512	1462.1740129635866	390055.35222146777
15293	28346	512	1459.7897154580342	389546.4334492492
15317	28370	512	1457.408723393274	389038.0542836657
15334	28387	512	1455.0310329315364	388530.21427101805
15397	28450	512	1452.656640238785	388022.9129579147
15417	28470	512	1450.2855414846708	387516.14989126247
15425	28478	512	1447.9177328425721	387009.92461827566
15439	28492	512	1445.553210489552	386504.23668646725
15485	28538	512	1443.1919706063884	385999.085643656
15519	28572	512	1440.8340093775425	385494.47103796003
15520	28573	512	1438.4793229911836	384990.39241780265
15525	28578	512	1436.127907639158	384486.849331906
15541	28594	512	1433.779759517013	383983.84132929717
15543	28596	512	1431.4348748239677	383481.367959302
15548	28601	512	1429.0932497629365	382979.4287715505
15550	28603	512	1426.7548805404972	382478.0233159709
15556	28609	512	1424.4197633669207	381977.15114279615
15557	28610	512	1422.087894456132	381476.8118025563
15558	28611	512	1419.759270025744	380977.00484608597
15561	28614	512	1417.4338862970185	380477.72982451663
15565	28618	512	1415.1117394948978	379978.9862892837
15568	28621	512	1412.7928258479687	379480.7737921196
15606	28659	512	1410.477141588491	378983.09188505996
15607	28660	512	1408.1646829523618	378485.94012043666
15609	28662	512	1405.8554461791493	377989.3180508856
15610	28663	512	1403.5494275120498	377493.2252293377
15626	28679	512	1401.246623197924	376997.6612090274
15629	28682	512	1398.947029487257	376502.62554348464
15630	28683	512	1396.6506426341914	376008.117786542
15640	28693	512	1394.3574588964882	375514.137492327
15648	28701	512	1392.0674745355584	375020.6842152699
3696	9630	416	1389.7806858164283	374527.7575100955
3782	9757	384	1387.4970890077664	374035.3569318308
3990	10061	384	1385.216680381849	373543.4820357969
4472	10972	384	1382.939456214592	373052.13237761694
6606	14228	384	1380.665412785511	372561.3075132081
7780	16048	384	1378.3945463777545	372071.0069987886
8950	17879	384	1376.1268532780687	371581.2303908711
9252	18339	384	1373.8623297768215	371091.9772462683
9758	19185	384	1371.6009721679743	370603.24712208693
10464	20275	384	1369.342776749107	370115.0395757344
10682	20566	384	1367.0877398213834	369627.35416491074
12318	22680	384	1364.8358576895826	369140.19044761686
12783	23297	384	1362.5871266620588	368653.5479821459
13037	24639	384	1360.3415430507769	368167.426327091
13320	25006	384	1358.0991031712736	367681.8250413382
3982	10047	352	1355.859803342685	367196.7436840722
13502	25253	352	1353.623639887717	366712.18181477085
3629	9529	320	1351.3906091326692	366228.1389932103
3931	9972	320	1349.1607074074022	365744.614779459
4885	11655	320	1346.9339310453665	365261.608733884
7085	15050	320	1344.7102763835667	364779.12041714374
7141	15145	320	1342.4897397625923	364297.14939019544
8743	17576	320	1340.2723175265812	363815.69521428715
8920	17842	320	1338.0580060232485	363334.7574509652
8927	17855	320	1335.8468016038535	362854.3356620665
9391	18592	320	1333.6387006232255	362374.429409726
9479	18727	320	1331.4336994397338	361895.03825636907
14027	26074	320	1329.2317944153099	361416.16176471795
8072	16439	304	1327.0329819154208	360937.7994977859
8849	17738	296	1324.8372583090902	360459.9510188826
657	2823	288	1322.644619968869	359982.61589160777
3624	9522	288	1320.455063270861	359505.7936798577
3767	9731	288	1318.2685845946912	359029.48394781817
8737	17568	288	1316.0851803235323	358553.6862599717
12545	22979	272	1313.9048468440694	358078.40018108906
14182	26300	272	1311.727580546532	357603.6252762382
12876	23415	264	1309.5533778246602	357129.3611107756
3576	9447	260	1307.3822350757157	356655.60725035093
18	23	256	1305.2141487004892	356182.3632609077
28	35	256	1303.0491151032707	355709.62870867795
71	112	256	1300.8871306918775	355237.40316018893
84	156	256	1298.7281918776227	354765.6861822561
106	219	256	1296.5722950753377	354294.47734198906
126	281	256	1294.4194367033447	353823.7762067858
141	377	256	1292.2696131834796	353353.58234433824
144	446	256	1290.122820941062	352883.89532262593
182	687	256	1287.97905640492	352414.71470992215
190	704	256	1285.838316007359	351946.0400747877
226	837	256	1283.7005961841892	351477.87098607665
229	851	256	1281.5658933746895	351010.20701293007
239	1134	256	1279.4342040216388	350543.0477247822
241	1140	256	1277.3055245712794	350076.39269135374
266	1254	256	1275.1798514733478	349610.2414826584
268	1258	256	1273.0571811810382	349144.5936689961
288	1333	256	1270.9375101510307	348679.44882095885
292	1348	256	1268.8208348434625	348214.8065094254
323	1498	256	1266.707151721947	347750.66630556574
332	1531	256	1264.5964572535493	347287.02778083616
343	1590	256	1262.4887479088063	346823.8905069844
346	1598	256	1260.3840201616988	346361.2540560432
352	1654	256	1258.2822704896764	345899.11800033745
387	1751	256	1256.1834953736254	345437.4819124765
409	1802	256	1254.0876912978943	344976.3453653607
420	1849	256	1251.9948547502638	344515.70793217537
427	1876	256	1249.9049822219715	344055.5691863965
428	1877	256	1247.8180702076804	343595.92870178435
432	1882	256	1245.7341152055044	343136.78605238936
441	1903	256	1243.6531137169775	342678.1408125462
442	1904	256	1241.57506224708	342219.99255687965
443	1909	256	1239.4999573042053	341762.34086029785
445	1914	256	1237.4277954001882	341305.1852979992
447	1921	256	1235.3585730502705	340848.5254454647
449	1931	256	1233.2922867731286	340392.36087846535
488	2046	256	1231.2289330908418	339936.69117305486
505	2122	256	1229.1685085289187	339481.5159055761
509	2135	256	1227.111009616264	339026.8346526547
513	2149	256	1225.0564328852051	338572.6469912045
519	2162	256	1223.004774871462	338118.9524984225
532	2222	256	1220.9560321141712	337665.75075179344
538	2301	256	1218.9102011558546	337213.0413290842
567	2515	256	1216.867278542446	336760.82380834996
597	2587	256	1214.8272608232603	336309.0977679273
602	2600	256	1212.7901445510163	335857.8627864407
621	2650	256	1210.7559262818095	335407.118442796
625	2671	256	1208.724602575133	334956.8643161862
684	2884	256	1206.696169993852	334507.0999860856
712	3084	256	1204.6706251042233	334057.8250322555
713	3085	256	1202.6479644758692	333609.0390347378
716	3092	256	1200.6281846817997	333160.7415738613
717	3093	256	1198.611282298383	332712.93223023484
720	3108	256	1196.5972539053698	332265.61058475403
721	3109	256	1194.586096085864	331818.7762185943
812	3343	256	1192.5778054263465	331372.4287132172
813	3346	256	1190.5723785166447	330926.5676503641
835	3390	256	1188.5698119499584	330481.1926120619
837	3394	256	1186.5701023228282	330036.30318061705
858	3458	256	1184.5732462351616	329591.89893862157
911	3613	256	1182.5792402901998	329147.97946894594
914	3620	256	1180.5880810945475	328704.5443547466
925	3655	256	1178.5997652581373	328261.593179458
1002	3872	256	1176.6142893942574	327819.1255267996
1004	3882	256	1174.6316501195204	327377.1409807694
1013	3916	256	1172.651844053888	326935.6391256495
1016	3922	256	1170.6748678206425	326494.61954600055
1023	3941	256	1168.700718046408	326054.08182666684
1025	3948	256	1166.729391361124	325614.0255527709
1057	4128	256	1164.7608843980659	325174.45030971844
1062	4136	256	1162.795193793819	324735.3556831929
1075	4188	256	1160.8323161883006	324296.7412591615
1087	4216	256	1158.8722482247313	323858.6066238682
1088	4217	256	1156.9149865496572	323420.95136384
1125	4366	256	1154.9605278129225	322983.7750658809
1126	4367	256	1153.0088686676927	322547.07731707767
1134	4408	256	1151.0600057704248	322110.85770479357
1136	4420	256	1149.113935780892	321675.11581667414
1137	4421	256	1147.1706553621534	321239.8512406413
1171	4551	256	1145.2301611805783	320805.063564899
1178	4568	256	1143.2924499058167	320370.75237792707
1187	4596	256	1141.357518210824	319936.917268487
1216	4661	256	1139.42536277183	319503.5578256159
1219	4664	256	1137.4959802683643	319070.6736386325
1291	4777	256	1135.5693673832263	318638.2642971306
1321	4819	256	1133.6455208025095	318206.3293909851
1322	4820	256	1131.7244372155708	317774.86851034587
1325	4823	256	1129.8061133150554	317343.8812456434
1327	4828	256	1127.890545796869	316913.3671875832
1328	4829	256	1125.977731360198	316483.32592715067
1331	4832	256	1124.0676667074838	316053.75705560594
1340	4849	256	1122.1603485444443	315624.6601644891
1358	4979	256	1120.2557735800458	315196.0348456144
1393	5073	256	1118.3539385265262	314767.88069107546
1414	5188	256	1116.4548400993665	314340.19729324
1415	5235	256	1114.5584750173139	313912.9842447551
1481	5473	256	1112.6648400023514	313486.2411385409
1490	5491	256	1110.7739317797257	313059.96756779717
1498	5501	256	1108.885747077913	312634.1631259963
1581	5637	256	1107.000282628646	312208.82740688976
1587	5649	256	1105.1175351668835	311783.9600045016
1642	5745	256	1103.2375014308343	311359.56051313435
1647	5757	256	1101.360178161929	310935.6285273632
1658	5780	256	1099.4855621048412	310512.16364204104
1664	5836	256	1097.6136500074613	310089.16545229324
1666	5845	256	1095.7444386209202	309666.6335535231
1669	5860	256	1093.8779246995555	309244.5675414052
1671	5881	256	1092.0141050009422	308822.9670118922
1677	5960	256	1090.1529762858574	308401.83156120765
1679	5962	256	1088.2945353183097	307981.160785853
1683	5975	256	1086.4387788655042	307560.9542826002
1687	5979	256	1084.585703697871	307141.21164849866
1694	6035	256	1082.7353065890325	306721.9324808679
1752	6179	256	1080.8875843158307	306303.1163773048
1853	6404	256	1079.0425336582962	305884.7629356762
1885	6477	256	1077.2001513996704	305466.87175412534
1904	6509	256	1075.3604343263798	305049.4424310659
1912	6530	256	1073.5233792280562	304632.474565187
1977	6688	256	1071.6889828975116	304215.96775544813
1980	6693	256	1069.8572421307576	303799.9216010841
1998	6716	256	1068.0281537269798	303384.3357015994
2025	6757	256	1066.2017144885601	302969.2096567739
2110	6907	256	1064.377921221047	302554.5430666564
2117	6927	256	1062.5567707331804	302140.335531571
2118	6932	256	1060.7382598368636	301726.5866521109
2133	6968	256	1058.9223853471829	301313.2960291434
2200	7094	256	1057.1091440823834	300900.4632638048
2261	7247	256	1055.29853286389	300488.08795750566
2272	7269	256	1053.4905485162794	300076.16971192503
2291	7313	256	1051.6851878673026	299664.70812901575
2296	7323	256	1049.882447747858	299253.7028109988
2305	7340	256	1048.0823249920122	298843.1533603688
2319	7369	256	1046.284816436974	298433.059379888
2331	7406	256	1044.4899189231169	298023.42047259246
2412	7550	256	1042.697629293948	297614.23624178494
2413	7551	256	1040.9079443961361	297205.50629104185
2415	7554	256	1039.120861079479	296797.23022420646
2443	7593	256	1037.3363761969288	296389.4076453949
2450	7606	256	1035.5544866045625	295982.0381589898
2452	7609	256	1033.7751891616053	295575.12136964645
2458	7622	256	1031.9984807304043	295168.6568822868
2462	7627	256	1030.2243581764471	294762.64430210454
2479	7646	256	1028.4528183683378	294357.0832345596
2532	7723	256	1026.6838581778193	293951.97328538407
2539	7736	256	1024.9174744797417	293547.3140605754
2616	7903	256	1023.1536641520887	293143.1051664027
2631	7929	256	1021.392424075953	292739.34620940156
2640	7947	256	1019.6337511355414	292336.0367963758
2713	8088	256	1017.87764221818	291933.1765343992
2800	8235	256	1016.1240942142945	291530.765030811
2846	8314	256	1014.3731040174283	291128.80189322087
2857	8330	256	1012.6246685242179	290727.28672950366
2869	8344	256	1010.878784634412	290326.21914780413
2872	8349	256	1009.1354492508478	289925.59875653184
2931	8433	256	1007.3946592794688	289525.4251643661
3051	8634	256	1005.6564116293031	289125.69798025093
3065	8664	256	1003.92070321248	288726.4168133997
3075	8679	256	1002.1875309442055	288327.5812732896
3104	8719	256	1000.4568917427846	287929.1909696676
3129	8754	256	998.7287825295926	287531.2455125439
3195	8853	256	997.0032002290988	287133.74451219797
3201	8861	256	995.2801417688372	286736.68757917266
3210	8874	256	993.5596040794313	286340.07432427944
3220	8891	256	991.8415840945645	285943.90435859293
3233	8908	256	990.1260787510031	285548.17729345616
3266	8956	256	988.4130849885687	285152.89274047455
3283	8986	256	986.7025997501606	284758.0503115222
3307	9025	256	984.9946199817299	284363.6496187353
3312	9033	256	983.2891426322985	283969.690274518
3325	9052	256	981.586164653935	283576.17189153645
3352	9092	256	979.8856830017738	283183.09408272436
3372	9118	256	978.1876946339904	282790.45646127703
3435	9213	256	976.4921965118237	282398.2586406577
3448	9232	256	974.7991855995449	282006.50023458997
3449	9233	256	973.1086588644856	281615.1808570655
3480	9284	256	971.4206132770045	281224.30012233625
3484	9289	256	969.7350458105137	280833.8576449212
3527	9360	256	968.0519534414506	280443.85303960036
3551	9405	256	966.3713331492974	280054.28592141945
3553	9407	256	964.6931819165591	279665.15590568545
3555	9409	256	963.0174967287796	279276.46260797087
3571	9439	256	961.34427457452	278888.2056441087
3573	9442	256	959.6735124453758	278500.3846301976
3595	9479	256	958.0052073359541	278112.99918259616
3602	9490	256	956.3393562438915	277726.04891792824
3605	9493	256	954.675956169831	277339.53345307754
3626	9525	256	953.0150041174412	276953.45240519283
3628	9527	256	951.3564970933901	276567.805391682
3635	9538	256	949.7004321073675	276182.5920302182
3646	9552	256	948.0468061720576	275797.8119387332
3656	9571	256	946.3956163031609	275413.4647354234
3661	9579	256	944.7468595193668	275029.5500387439
3667	9590	256	943.1005328423771	274646.0674674141
3704	9645	256	941.4566332968761	274263.0166404116
3722	9665	256	939.8151579105564	273880.3971769782
3723	9666	256	938.1761037140888	273498.2086966136
3730	9682	256	936.5394677411446	273116.4508190811
3750	9707	256	934.9052470283715	272735.1231644021
3752	9709	256	933.273438615411	272354.2253528608
3753	9711	256	931.6440395448759	271973.75700499944
3759	9720	256	930.0170468623681	271593.7177416228
3777	9746	256	928.392457616456	271214.1071837933
3789	9766	256	926.7702688586917	270834.9249528356
3792	9770	256	925.1504776435889	270456.1706703318
3796	9776	256	923.5330810286405	270077.8439581259
3811	9795	256	921.9180760742943	269699.94443831866
3819	9805	256	920.3054598439746	269322.4717332732
3847	9836	256	918.6952294040544	268945.4254656085
3855	9846	256	917.0873818238789	268568.80525820586
3858	9850	256	915.4819141757356	268192.6107342021
3862	9854	256	913.8788235348794	267816.8415169958
3863	9858	256	912.2781069795051	267441.4972302413
3868	9866	256	910.6797615907668	267066.5774978539
3872	9871	256	909.0837844527549	266692.0819440046
3877	9879	256	907.4901726525138	266318.0101931248
3910	9935	256	905.8989232800199	265944.36186990194
3914	9944	256	904.3100334281984	265571.136599283
3928	9968	256	902.7235001929004	265198.33400647057
3932	9973	256	901.1393206729219	264825.953716927
3933	9974	256	899.5574919699802	264453.99535636953
3935	9979	256	897.9780111887327	264082.45855077525
3978	10037	256	896.4008754367511	263711.34292637557
3999	10079	256	894.8260818245433	263340.64810966124
4005	10087	256	893.2536274655284	262970.3737273775
4025	10114	256	891.6835094760551	262600.51940652856
4039	10136	256	890.1157249753785	262231.08477437275
4052	10164	256	888.5502710856777	261862.06945842662
4053	10166	256	886.9871449320339	261493.47308646108
4058	10172	256	885.4263436424487	261125.29528650516
4059	10173	256	883.8678643478196	260757.53568684132
4067	10182	256	882.311704181959	260390.1939160102
4071	10188	256	880.7578602815707	260023.26960280546
4080	10202	256	879.2063297862694	259656.7623762788
4082	10205	256	877.6571098385564	259290.6718657347
4086	10213	256	876.110197583837	258924.997700735
4087	10216	256	874.5655901703994	258559.7395110941
4091	10221	256	873.0232847494319	258194.8969268839
4095	10228	256	871.4832784750002	257830.46957842843
4097	10230	256	869.9455685040643	257466.45709630853
4100	10235	256	868.4101519964572	257102.85911135716
4105	10241	256	866.877026114902	256739.67525466377
4110	10255	256	865.3461880249889	256376.90515756965
4125	10290	256	863.8176348951946	256014.54845167234
4133	10300	256	862.2913638968565	255652.60476882066
4143	10323	256	860.7673722041951	255291.0737411198
4169	10379	256	859.2456569942866	254929.9550009257
4183	10411	256	857.7262154470842	254569.2481808504
4212	10473	256	856.2090447453921	254208.9529137562
4235	10527	256	854.6941420748878	253849.0688327614
4238	10533	256	853.1815046240954	253489.59557123453
4241	10536	256	851.6711295844058	253130.53276279953
4261	10578	256	850.1630141500518	252771.88004133012
4303	10657	256	848.6571555181291	252413.63704095533
4326	10690	256	847.1535508885705	252055.80339605385
4330	10696	256	845.6521974641661	251698.37874125908
4376	10788	256	844.1530924505387	251341.3627114539
4396	10820	256	842.6562330561636	250984.7549417758
4399	10824	256	841.1616164923445	250628.55506761128
4417	10860	256	839.6692399732317	250272.76272460108
4420	10873	256	838.1791007157993	249917.37754863466
4434	10904	256	836.691195939864	249562.39917585556
4495	11005	256	835.2055228680613	249207.82724265588
4496	11006	256	833.7220787258644	248853.66138568133
4527	11063	256	832.2408607415597	248499.90124182578
4533	11073	256	830.7618661462669	248146.5464482364
4534	11076	256	829.2850921739156	247793.59664230855
4558	11119	256	827.810536061262	247441.05146169045
4576	11153	256	826.3381950478681	247088.91054427816
4580	11157	256	824.8680663761182	246737.17352822027
4582	11160	256	823.400147291197	246385.84005191302
4585	11165	256	821.934435041107	246034.90975400494
4594	11182	256	820.4709268766466	245684.38227339182
4612	11210	256	819.0096200514263	245334.25724922132
4645	11268	256	817.5505118218484	244984.5343208884
4654	11278	256	816.0935994471234	244635.21312803935
4710	11376	256	814.6388801892474	244286.29331056747
4715	11382	256	813.1863513130211	243937.77450861756
4717	11385	256	811.7360100860245	243589.65636258025
4745	11428	256	810.2878537786395	243241.93851309817
4758	11453	256	808.8418796640213	242894.62060105926
4774	11480	256	807.3980850181218	242547.70226760287
4785	11498	256	805.956467119664	242201.18315411411
4789	11507	256	804.5170232501591	241855.0629022282
4830	11570	256	803.0797506938877	241509.34115382662
4841	11587	256	801.6446467379131	241164.01755104057
4870	11628	256	800.2117086720623	240819.09173624677
4873	11635	256	798.7809337889421	240474.563352072
4890	11660	256	797.3523193839158	240130.43204138763
4897	11674	256	795.9258627551244	239786.69744731527
4911	11695	256	794.5015612034598	239443.3592132209
4936	11732	256	793.0794120325857	239100.41698271997
4948	11744	256	791.6594125489138	238757.87039967236
4950	11746	256	790.2415600616214	238415.71910818704
4961	11765	256	788.8258518826299	238073.96275261723
4980	11793	256	787.4122853266224	237732.6009775649
4987	11806	256	786.000857711023	237391.63342787654
4991	11813	256	784.5915663560016	237051.05974864462
4996	11821	256	783.184408584482	236710.8795852097
4997	11823	256	781.7793817221176	236371.0925831554
4999	11826	256	780.3764830973131	236031.69838831376
5003	11831	256	778.9757100412	235692.69664675987
5049	11894	256	777.5770598876549	235354.08700481657
5059	11905	256	776.1805299732772	235015.86910904993
5067	11917	256	774.7861176374055	234678.0426062729
5076	11931	256	773.3938202220985	234340.6071435417
5085	11946	256	772.0036350721487	234003.56236815942
5086	11948	256	770.615559535063	233666.9079276716
5108	11980	256	769.2295909610791	233330.64346987056
5157	12058	256	767.8457267031442	232994.76864279108
5166	12070	256	766.4639641169306	232659.28309471425
5173	12081	256	765.0843005608156	232324.18647416297
5182	12095	256	763.7067333958983	231989.47842990662
5190	12108	256	762.3312599859772	231655.15861095607
5194	12114	256	760.9578776975682	231321.22666656828
5210	12134	256	759.5865838998824	230987.68224624143
5221	12149	256	758.2173759648422	230654.5249997194
5226	12158	256	756.850251267062	230321.75457698712
5227	12159	256	755.4852071838635	229989.3706282751
5230	12164	256	754.1222410952541	229657.37280405447
5231	12165	256	752.7613503839447	229325.7607550415
5263	12234	256	751.4025324353277	228994.534132193
5268	12240	256	750.0457846374935	228663.69258671056
5280	12265	256	748.6911043812098	228333.23577003597
5281	12267	256	747.3384890599389	228003.1633338559
5315	12318	256	745.9879360698143	227673.47493009642
5338	12351	256	744.6394428096595	227344.1702109284
5355	12372	256	743.2930066809661	227015.24882876212
5359	12377	256	741.9486250879096	226686.71043625186
5370	12398	256	740.6062954373297	226358.5546862913
5401	12442	256	739.2660151387454	226030.78123201785
5437	12495	256	737.9277816043359	225703.38972680827
5449	12509	256	736.5915922489539	225376.3798242822
5456	12517	256	735.2574444901084	225049.75117829867
5461	12523	256	733.9253357479781	224723.50344295957
5465	12527	256	732.5952634453922	224397.63627260548
5475	12544	256	731.2672250078459	224072.14932181974
5504	12584	256	729.9412178634805	223747.0422454241
5506	12587	256	728.6172394430978	223422.3146984828
5508	12589	256	727.2952871801423	223097.96633629833
5510	12592	256	725.9753585107136	222773.99681441506
5551	12652	256	724.6574508735491	222450.4057886154
5557	12664	256	723.3415617100392	222127.1929149239
5559	12666	256	722.0276884642046	221804.3578496021
5565	12672	256	720.7158285827164	221481.900249154
5568	12677	256	719.4059795148713	221159.81977032006
5572	12681	256	718.0981387126105	220838.1160700828
5576	12686	256	716.7923036304974	220516.78880566108
5579	12691	256	715.4884717257357	220195.8376345157
5583	12696	256	714.1866404581476	219875.26221434344
5587	12704	256	712.8868072901879	219555.06220308214
5589	12706	256	711.5889696869282	219235.23725890642
5590	12707	256	710.2931251160685	218915.78704023102
5602	12723	256	708.9992710479187	218596.71120570708
5604	12726	256	707.7074049554147	218278.0094142259
5606	12729	256	706.4175243140975	217959.68132491488
5615	12739	256	705.1296266021285	217641.72659714118
5627	12754	256	703.8437093002711	217324.14489050786
5640	12771	256	702.5597698919041	217006.9358648574
5644	12776	256	701.2778058630033	216690.0991802679
5684	12833	256	699.997814702157	216373.63449705686
5685	12834	256	698.7197939005445	216057.54147577667
5687	12837	256	697.443740951953	215741.8197772192
5706	12863	256	696.1696533527582	215426.46906241102
5713	12873	256	694.8975286019374	215111.48899261744
5716	12877	256	693.6273642010518	214796.87922933837
5735	12901	256	692.3591576542619	214482.63943431264
5744	12913	256	691.092906468306	214168.76926951297
5760	12933	256	689.8286081525171	213855.26839715062
5761	12934	256	688.5662602188024	213542.1364796709
5776	12957	256	687.3058601816588	213229.373179757
5779	12962	256	686.0474055581536	212916.97816032605
5798	12982	256	684.7908938679388	212604.95108453283
5800	12986	256	683.536322633233	212293.29161576577
5805	12992	256	682.283689378834	211981.99941765048
5808	12995	256	681.0329916321031	211671.07415404622
5816	13007	256	679.7842269229762	211360.51548904917
5817	13008	256	678.5373927839469	211050.3230869885
5831	13027	256	677.2924867500807	210740.49661243043
5834	13031	256	676.0495063589952	210431.03573017375
5848	13050	256	674.808449150877	210121.9401052542
5855	13060	256	673.5693126684587	209813.20940293936
5862	13067	256	672.3320944570386	209504.84328873391
5863	13068	256	671.0967920644567	209196.8414283742
5886	13102	256	669.8634030411129	208889.20348783286
5890	13106	256	668.6319249399463	208581.92913331438
5891	13107	256	667.4023553164508	208275.0180312592
5901	13119	256	666.1746917286554	207968.46984833936
5912	13130	256	664.9489317371379	207662.2842514622
5922	13144	256	663.7250729050089	207356.4609077668
5925	13147	256	662.5031127979229	207050.9994846273
5926	13148	256	661.2830489840624	206745.899649649
5930	13155	256	660.0648790341503	206441.16107067242
5933	13159	256	658.8486005214321	206136.78341576862
5947	13179	256	657.6342110216896	205832.76635324347
5949	13181	256	656.4217081132231	205529.10955163342
5953	13187	256	655.2110893768651	205225.81267970958
5956	13190	256	654.002352395962	204922.87540647306
5961	13195	256	652.7954947563883	204620.29740115945
5965	13200	256	651.5905140465281	204318.07833323424
5986	13231	256	650.3874078572888	204016.21787239696
5989	13234	256	649.1861737820828	203714.71568857666
5990	13235	256	647.9868094168423	203413.57145193624
5996	13244	256	646.7893123600008	203112.78483286832
6009	13260	256	645.593680212506	202812.35550199854
6021	13274	256	644.3999105778025	202512.28313018198
6024	13278	256	643.2080010618455	202212.56738850666
6025	13279	256	642.0179492730828	201913.2079482899
6037	13298	256	640.8297528224689	201614.2044810817
6043	13308	256	639.6434093234452	201315.55665866061
6050	13317	256	638.4589163919568	201017.26415303815
6088	13375	256	637.2762716464313	200719.32663645403
6098	13391	256	636.0954727077949	200421.7437813803
6113	13416	256	634.9165171994521	200124.5152605171
6119	13431	256	633.739402747303	199827.64074679703
6125	13440	256	632.5641269797205	199531.11991337992
6131	13449	256	631.3906875275696	199234.9524336583
6132	13456	256	630.2190820241834	198939.1379812515
6134	13461	256	629.0493081053825	198643.67623001095
6141	13471	256	627.8813634094524	198348.56685401523
6154	13494	256	626.7152455771602	198053.80952757405
6168	13517	256	625.5509522517353	197759.40392522453
6176	13532	256	624.388481078884	197465.3497217347
6178	13534	256	623.2278297067702	197171.64659209934
6179	13535	256	622.0689957860307	196878.2942115441
6183	13540	256	620.9119769697554	196585.29225552102
6186	13546	256	619.7567709135031	196292.6403997129
6187	13547	256	618.6033752752827	196000.33832002876
6188	13548	256	617.4517877155654	195708.38569260767
6198	13566	256	616.3020058972693	195416.78219381496
6201	13570	256	615.1540274857721	195125.52750024587
6202	13573	256	614.0078501488916	194834.62128872136
6223	13608	256	612.8634715569021	194544.06323629216
6226	13612	256	611.7208893825152	194253.8530202346
6234	13621	256	610.5801013008921	193963.99031805407
6235	13622	256	609.4411049896291	193674.47480748183
6236	13624	256	608.3038981287674	193385.3061664777
6237	13626	256	607.1684784007787	193096.48407322707
6243	13635	256	606.0348434905759	192808.00820614377
6247	13642	256	604.9029910854973	192519.87824386655
6248	13643	256	603.7729188753203	192232.093865263
6275	13679	256	602.6446245522409	191944.65474942475
6286	13698	256	601.5181058108918	191657.5605756724
6306	13736	256	600.3933603483198	191370.81102355017
6327	13769	256	599.2703858640028	191084.40577283083
6350	13804	256	598.1491800598329	190798.34450351138
6354	13810	256	597.0297406401196	190512.62689581473
6355	13811	256	595.9120653115954	190227.25263019124
6356	13812	256	594.796151783397	189942.22138731444
6370	13834	256	593.6819977670826	189657.5328480857
6372	13837	256	592.5696009766104	189373.18669362942
6376	13843	256	591.458959128355	189089.18260529728
6379	13847	256	590.350069941089	188805.5202646642
6383	13851	256	589.2429311359953	188522.1993535319
6401	13876	256	588.1375404366509	188239.21955392475
6409	13889	256	587.0338955690399	187956.58054809412
6417	13905	256	585.9319942615359	187674.2820185138
6430	13933	256	584.8318342449151	187392.3236478838
6433	13938	256	583.7334132523393	187110.7051191267
6443	13952	256	582.636729019369	186829.42611539114
6449	13958	256	581.5417792839456	186548.4863200477
6458	13975	256	580.448561786406	186267.885416693
6459	13977	256	579.3570742694632	185987.62308914535
6460	13983	256	578.267314478221	185707.6990214486
6491	14035	256	577.1792801601568	185428.1128978685
6494	14040	256	576.0929690651338	185148.8644028957
6496	14043	256	575.0083789453845	184869.95322124247
6497	14044	256	573.9255075555228	184591.3790378459
6498	14045	256	572.8443526525288	184313.14153786443
6503	14053	256	571.7649119957597	184035.2404066811
6508	14061	256	570.6871833469336	183757.67532989976
6514	14073	256	569.6111644701431	183480.44599334896
6527	14096	256	568.5368531318375	183203.5520830777
6528	14097	256	567.4642471008349	182926.99328535915
6534	14109	256	566.3933441483075	182650.769286687
6555	14146	256	565.3241420477926	182374.87977377884
6557	14148	256	564.256638575176	182099.32443357236
6560	14151	256	563.1908315087053	181824.1029532289
6567	14167	256	562.1267186289733	181549.21502012984
6572	14175	256	561.0642977189293	181274.66032187984
6579	14184	256	560.0035665638642	181000.43854630325
6584	14192	256	558.9445229514216	180726.54938144755
6585	14193	256	557.8871646715819	180452.99251557956
6587	14196	256	556.8314895166748	180179.76763718913
6588	14198	256	555.7774952813629	179906.87443498507
6599	14216	256	554.7251797626536	179634.312597899
6602	14222	256	553.674540759883	179362.08181508127
6607	14229	256	552.6255760747288	179090.18177590478
6610	14236	256	551.578283511193	178818.61216996104
6618	14258	256	550.5326608756142	178547.3726870634
6626	14269	256	549.4887059766521	178276.46301724398
6634	14281	256	548.4464166252994	178005.88285075652
6641	14293	256	547.4057906348653	177735.63187807298
6647	14300	256	546.3668258209877	177465.70978988687
6648	14301	256	545.3295200016177	177196.1162771097
6649	14302	256	544.2938709970308	176926.85103087418
6650	14303	256	543.2598766298115	176657.91374253086
6652	14305	256	542.227534724865	176389.30410365123
6654	14308	256	541.1968431094004	176121.021806024
6658	14313	256	540.1677996129453	175853.06654165906
6661	14319	256	539.1404020673265	175585.43800278334
6677	14344	256	538.1146483066836	175318.13588184412
6684	14355	256	537.0905361674546	175051.15987150592
6686	14357	256	536.068063488384	174784.50966465328
6711	14395	256	535.0472281105108	174518.1849543876
6716	14404	256	534.0280278771775	174252.18543403008
6719	14412	256	533.0104606340162	173986.51079711865
6729	14428	256	531.9945242289601	173721.16073741092
6735	14436	256	530.9802165122255	173456.13494888044
6741	14444	256	529.967535336328	173191.43312572074
6742	14445	256	528.9564785560613	172927.05496234074
6745	14451	256	527.9470440285138	172663.00015336898
6750	14458	256	526.9392296130508	172399.26839364975
6758	14468	256	525.9330331713251	172135.85937824612
6759	14470	256	524.9284525672637	171872.77280243667
6763	14474	256	523.9254856670777	171610.00836171885
6768	14487	256	522.9241303392477	171347.56575180506
6769	14488	256	521.9243844545348	171085.44466862653
6771	14491	256	520.9262458859656	170823.6448083292
6773	14494	256	519.9297125088431	170562.16586727733
6776	14498	256	518.9347822007317	170301.00754204983
6777	14499	256	517.9414528414687	170040.16952944366
6787	14512	256	516.9497223131494	169779.65152647038
6799	14539	256	515.9595885001369	169519.45323035907
6805	14548	256	514.9710492890475	169259.5743385529
6814	14559	256	513.9841025687646	169000.01454871308
6815	14564	256	512.998746230419	168740.77355871422
6816	14565	256	512.0149781674028	168481.85106664844
6821	14573	256	511.03279627535466	168223.2467708215
6826	14584	256	510.0521984521694	167964.96036975618
6829	14587	256	509.0731825979845	167706.9915621888
6831	14590	256	508.0957466151896	167449.34004707233
6833	14593	256	507.1198884084127	167192.00552357288
6837	14602	256	506.14560588453134	166934.9876910733
6846	14625	256	505.1728969526561	166678.2862491692
6851	14631	256	504.2017595241438	166421.90089767255
6857	14641	256	503.23219151258087	166165.83133660798
6862	14648	256	502.26419083379506	165910.0772662162
6881	14682	256	501.2977554058407	165654.63838695028
6882	14684	256	500.3328831490094	165399.5143994792
6885	14687	256	499.36957198581524	165144.70500468404
6889	14691	256	498.40781984100556	164890.20990366145
6897	14706	256	497.44762464154667	164636.02879772006
6908	14724	256	496.48898431663446	164382.16138838386
6915	14735	256	495.53189679767934	164128.60737738837
6916	14738	256	494.57636001831713	163875.3664666842
6934	14766	256	493.6223719143953	163622.43835843357
6941	14778	256	492.6699304239827	163369.8227550134
6943	14787	256	491.7190334873554	163117.5193590118
6944	14788	256	490.7696790470071	162865.52787323153
6945	14789	256	489.82186504763524	162613.84800068624
6952	14800	256	488.87558943615085	162362.47944460387
6953	14801	256	487.93085016166486	162111.4219084232
6957	14812	256	486.98764517549785	161860.67509579696
6965	14821	256	486.0459724311665	161610.23871058846
6974	14831	256	485.10582988439336	161360.11245687475
6988	14862	256	484.1672154930932	161110.29603894314
6996	14879	256	483.23012721738314	160860.7891612946
7000	14887	256	482.29456301956816	160611.59152864004
7014	14915	256	481.36052086415197	160362.7028459036
7023	14930	256	480.42799871782216	160114.12281821927
7025	14932	256	479.4969945494616	159865.85115093415
7027	14936	256	478.5675063301333	159617.88754960487
7028	14937	256	477.6395320330911	159370.23172000074
7030	14950	256	476.71306963376566	159122.88336810053
7036	14957	256	475.78811710977465	158875.84220009553
7041	14966	256	474.8646724409085	158629.10792238603
7044	14974	256	473.9427336091408	158382.68024158463
7047	14978	256	473.0222985986146	158136.55886451292
7050	14984	256	472.10336539565213	157890.74349820436
7059	14996	256	471.1859319887406	157645.23384990107
7061	15002	256	470.2699963685436	157400.02962705708
7067	15016	256	469.3555565278855	157155.13053733465
7078	15037	256	468.4426104617627	156910.5362886076
7079	15041	256	467.5311561673293	156666.2465889579
7088	15053	256	466.6211916439081	156422.26114667903
7089	15059	256	465.71271489297465	156178.57967027195
7097	15074	256	464.80572391817003	155935.20186844916
7099	15077	256	463.9002167252846	155692.12745013047
7107	15090	256	462.99619132226945	155449.35612444658
7108	15094	256	462.09364571922185	155206.88760073564
7109	15096	256	461.1925779283969	154964.72158854653
7110	15097	256	460.2929859641907	154722.857797635
7121	15115	256	459.39486784315375	154481.29593796737
7130	15127	256	458.4982215839744	154240.03571971675
7133	15132	256	457.60304520749116	153999.07685326657
7151	15156	256	456.70933673667685	153758.41904920668
7154	15163	256	455.8170941966504	153518.06201833696
7164	15183	256	454.9263156146617	153278.00547166372
7167	15190	256	454.03699902010237	153038.2491204028
7168	15191	256	453.1491424444923	152798.7926759764
7175	15208	256	452.2627439214887	152559.63585001603
7176	15211	256	451.3778014868729	152320.77835435903
7179	15215	256	450.49431317856056	152082.21990105216
7187	15229	256	449.6122770365895	151843.96020234821
7188	15231	256	448.7316911031206	151605.998970707
7192	15238	256	447.85255342244375	151368.33591879715
7203	15255	256	446.9748620409623	151130.97075949237
7212	15268	256	446.0986150072048	150893.90320587493
7225	15285	256	445.2238103718108	150657.13297123235
7226	15286	256	444.3504461875408	150420.6597690603
7231	15295	256	443.47852050926303	150184.4833130595
7232	15296	256	442.6080313939629	149948.60331713868
7235	15300	256	441.73897690072937	149713.01949541125
7237	15303	256	440.87135509076523	149477.73156219834
7238	15304	256	440.00516402737367	149242.73923202584
7240	15306	256	439.1404017759668	149008.0422196267
7242	15308	256	438.27706640405404	148773.6402399385
7249	15327	256	437.4151559812505	148539.53300810597
7260	15344	256	436.55466857926444	148305.72023947796
7264	15355	256	435.69560227190647	148072.2016496103
7265	15356	256	434.83795513507545	147838.9769542624
7268	15361	256	433.9817252467706	147606.04586940093
7273	15367	256	433.1269106870747	147373.40811119563
7275	15369	256	432.2735095381676	147141.06339602324
7281	15380	256	431.4215198843092	146909.01144046345
7283	15382	256	430.5709398118521	146677.2519613026
7285	15384	256	429.7217674092261	146445.78467552987
7287	15386	256	428.8740007669492	146214.60930034064
7295	15398	256	428.02763797761406	145983.72555313326
7298	15401	256	427.1826771358964	145753.13315151155
7300	15406	256	426.33911633854433	145522.83181328242
7309	15416	256	425.496953684385	145292.8212564581
7313	15420	256	424.6561872743135	145063.10119925326
7314	15422	256	423.81681521130156	144833.67136008808
7334	15452	256	422.9788356003841	144604.5314575847
7355	15481	256	422.1422465486702	144375.68121057062
7356	15484	256	421.3070461653273	144147.12033807495
7364	15492	256	420.47323256159376	143918.8485593321
7365	15493	256	419.6408038507633	143690.86559377785
7388	15521	256	418.80975814819624	143463.17116105283
7396	15530	256	417.9800935713047	143235.76498099897
7398	15532	256	417.151808239564	143008.64677366288
7400	15534	256	416.3249002744976	142781.8162592921
7407	15543	256	415.4993677996886	142555.2731583386
7418	15561	256	414.6752089407648	142329.01719145526
7439	15592	256	413.8524218254089	142103.04807949887
7452	15608	256	413.03100458334643	141877.36554352718
7466	15628	256	412.21095534635276	141651.9693048013
7477	15644	256	411.3922722482433	141426.85908478335
7478	15647	256	410.5749534248797	141202.03460513853
7490	15660	256	409.758997014159	140977.49558773253
7496	15666	256	408.9444011560228	140753.24175463433
7502	15674	256	408.13116399244313	140529.27282811294
7538	15724	256	407.3192836674327	140305.5885306403
7561	15753	256	406.50875832703207	140082.18858488835
7572	15767	256	405.6995861193184	139859.07271373167
7579	15775	256	404.8917651943931	139636.24064024465
7581	15777	256	404.0852937043911	139413.6920877041
7584	15782	256	403.2801698034669	139191.42677958607
7585	15783	256	402.476391647806	138969.44443956928
7587	15786	256	401.6739573956097	138747.74479153132
7588	15787	256	400.8728652071063	138526.327559552
7594	15795	256	400.07311324453707	138305.1924679101
7599	15800	256	399.27469967216564	138084.339241086
7600	15801	256	398.47762265626574	137863.76760375904
7607	15809	256	397.6818803651303	137643.47728081018
7614	15819	256	396.8874709690579	137423.46799731866
7621	15827	256	396.09439264036365	137203.73947856535
7624	15832	256	395.3026435533642	136984.29145002912
7632	15841	256	394.5122218843885	136765.12363739006
7640	15850	256	393.72312581176544	136546.23576652654
7643	15853	256	392.935353515831	136327.62756351745
7657	15873	256	392.14890317891803	136109.29875463975
7661	15881	256	391.36377298536337	135891.24906637098
7672	15896	256	390.5799611214962	135673.4782253862
7675	15899	256	389.79746577564725	135455.98595856116
7678	15908	256	389.0162851381357	135238.77199296857
7680	15911	256	388.23641740127835	135021.83605588175
7688	15921	256	387.45786075937724	134805.17787477086
7703	15946	256	386.6806134087286	134588.79717730614
7726	15980	256	385.9046735476106	134372.69369135486
7727	15981	256	385.1300393762914	134156.86714498376
7729	15983	256	384.3567090970179	133941.31726645652
7737	15993	256	383.5846809140239	133726.04378423616
7739	15995	256	382.8139530335177	133511.04642698218
7741	15998	256	382.0445236636919	133296.32492355356
7747	16008	256	381.27639101470925	133081.8790030052
7753	16015	256	380.5095532987137	132867.70839459132
7755	16017	256	379.7440087298157	132653.8128277619
7768	16033	256	378.9797555241035	132440.19203216594
7781	16049	256	378.2167918996286	132226.84573764814
7784	16052	256	377.4551160764165	132013.77367425183
7787	16055	256	376.69472627645246	131800.9755722158
7788	16056	256	375.9356207236924	131588.4511619774
7798	16068	256	375.17779764404884	131376.20017416906
7799	16069	256	374.42125526540013	131164.22233962142
7801	16071	256	373.66599181757954	130952.51738936041
7814	16085	256	372.912005532382	130741.08505460968
7823	16099	256	372.15929464355287	130529.92506678769
7827	16104	256	371.4078573867975	130319.03715751086
7828	16105	256	370.6576919997675	130108.42105859006
7833	16111	256	369.9087967220703	129898.07650203365
7842	16122	256	369.16116979525634	129688.00322004435
7855	16142	256	368.41480946282906	129478.20094502225
7861	16151	256	367.6697139702317	129268.6694095616
7867	16157	256	366.92588156485624	129059.4083464536
7871	16161	256	366.1833104960308	128850.4174886834
7874	16165	256	365.4419990150296	128641.69656943312
7876	16167	256	364.70194537505955	128433.24532207842
7880	16172	256	363.9631478312695	128225.06348019163
7881	16173	256	363.22560464073786	128017.15077753853
7886	16179	256	362.4893140624816	127809.50694808121
7889	16182	256	361.7542743574445	127602.1317259753
7891	16184	256	361.0204837885045	127395.02484557225
7899	16194	256	360.2879406204629	127188.18604141664
7909	16208	256	359.5566431200527	126981.61504824916
7910	16209	256	358.82658955592586	126775.3116010031
7912	16211	256	358.09777819866287	126569.27543480741
7915	16217	256	357.3702073207604	126363.50628498395
7927	16233	256	356.6438751966394	126158.00388704966
7928	16234	256	355.918780102634	125952.76797671418
7929	16236	256	355.19492031699895	125747.79828988208
7941	16252	256	354.47229411989883	125543.09456265038
7943	16254	256	353.750899793416	125338.65653131089
7949	16262	256	353.0307356215392	125134.48393234765
7953	16270	256	352.31179989017005	124930.57650243907
7956	16274	256	351.5940908871145	124726.93397845558
7966	16286	256	350.8776069020886	124523.55609746213
7968	16288	256	350.1623462267079	124320.44259671516
7969	16289	256	349.4483071544953	124117.59321366536
7980	16303	256	348.73548798086944	123915.00768595474
7981	16304	256	348.02388700315396	123712.68575141957
7984	16308	256	347.3135025205639	123510.62714808693
7987	16312	256	346.6043328342156	123308.83161417792
7994	16323	256	345.8963762471148	123107.2988881046
8004	16337	256	345.1896310641643	122906.02870847246
8016	16354	256	344.48409559215276	122705.0208140778
8019	16357	256	343.77976813976267	122504.27494391023
8025	16364	256	343.07664701755925	122303.79083714982
8029	16368	256	342.3747305379984	122103.56823316992
8030	16369	256	341.67401701541473	121903.606871534
8034	16373	256	340.97450476603035	121703.90649199844
8035	16375	256	340.2761921079431	121504.46683450972
8039	16380	256	339.579077361135	121305.28763920709
8045	16392	256	338.88315884745964	121106.36864641946
8046	16393	256	338.1884348906527	120907.70959666849
8061	16416	256	337.4949038163171	120709.31023066501
8062	16420	256	336.80256395193413	120511.17028931246
8070	16430	256	336.1114136268508	120313.28951370361
8078	16459	256	335.4214511722873	120115.66764512315
8083	16465	256	334.73267492132817	119918.30442504537
8090	16479	256	334.0450832089235	119721.19959513504
8097	16492	256	333.35867437189034	119524.35289724811
8098	16493	256	332.6734467489038	119327.7640734295
8100	16497	256	331.9893986805048	119131.43286591569
8102	16500	256	331.30652850908757	118935.35901713165
8105	16504	256	330.62483457890886	118739.54226969357
8107	16507	256	329.9443152360767	118543.98236640627
8109	16511	256	329.2649688285573	118348.67905026536
8110	16514	256	328.5867937061651	118153.63206445487
8123	16534	256	327.90978822056917	117958.8411523494
8127	16545	256	327.23395072528405	117764.30605751184
8129	16548	256	326.5592795756751	117570.02652369531
8142	16566	256	325.8857731289496	117376.00229484095
8144	16568	256	325.21342974416393	117182.23311508031
8149	16580	256	324.54224778221135	116988.71872873233
8152	16583	256	323.8722256058309	116795.45888030609
8159	16600	256	323.20336157959684	116602.45331449824
8172	16620	256	322.5356540699244	116409.70177619506
8175	16625	256	321.86910144506135	116217.20401047023
8182	16634	256	321.2037020750931	116024.95976258689
8192	16650	256	320.5394543319341	115832.96877799531
8197	16666	256	319.87635658933374	115641.23080233509
8199	16668	256	319.21440722286656	115449.74558143265
8202	16671	256	318.5536046099389	115258.51286130356
8203	16672	256	317.8939471297792	115067.53238815005
8204	16673	256	317.23543316344455	114876.80390836328
8207	16676	256	316.5780610938099	114686.32716852053
8209	16678	256	315.92182930557675	114496.10191538828
8212	16682	256	315.2667361852613	114306.12789591883
8219	16690	256	314.6127801212018	114116.40485725306
8221	16693	256	313.95995950354853	113926.9325467178
8222	16695	256	313.3082727242712	113737.7107118283
8225	16704	256	312.6577181771475	113548.73910028531
8227	16707	256	312.00829425777175	113360.01745997793
8244	16734	256	311.3599993635428	113171.5455389805
8252	16749	256	310.7128318936729	112983.32308555554
8254	16751	256	310.0667902491754	112795.3498481505
8257	16756	256	309.42187283287444	112607.62557540085
8258	16757	256	308.77807804939147	112420.15001612683
8260	16759	256	308.1354043051553	112232.9229193364
8261	16760	256	307.49385000838987	112045.94403422218
8263	16762	256	306.853413569122	111859.21311016413
8267	16767	256	306.21409339917085	111672.72989672677
8268	16769	256	305.57588791215585	111486.49414366182
8272	16782	256	304.9387955234847	111300.50560090518
8289	16808	256	304.3028146503625	111114.76401857976
8296	16815	256	303.6679437117796	110929.26914699256
8297	16816	256	303.0341811285202	110744.0207366373
8299	16819	256	302.40152532315096	110559.01853819165
8300	16820	256	301.76997472002813	110374.26230251955
8303	16825	256	301.13952774528843	110189.75178066886
8308	16833	256	300.510182826855	110005.48672387363
8309	16834	256	299.8819383944273	109821.46688355146
8312	16837	256	299.2547928794882	109637.69201130579
8314	16842	256	298.6287447152946	109454.16185892363
8320	16853	256	298.00379233688255	109270.87617837751
8326	16869	256	297.3799341810591	109087.8347218233
8331	16877	256	296.7571686864084	108905.03724160235
8333	16880	256	296.135494293281	108722.48349023887
8341	16896	256	295.51490944380197	108540.17322044254
8343	16899	256	294.89541258185955	108358.10618510559
8345	16901	256	294.27700215311324	108176.2821373055
8349	16910	256	293.6596766049828	107994.70083030223
8352	16915	256	293.04343438665563	107813.36201754058
8355	16922	256	292.42827394907664	107632.26545264773
8356	16923	256	291.8141937449551	107451.41088943554
8358	16926	256	291.20119222875456	107270.79808189793
8364	16938	256	290.58926785669934	107090.42678421321
8367	16944	256	289.9784190867657	106910.29675074184
8369	16946	256	289.3686443786875	106730.4077360283
8384	16981	256	288.75994219394613	106550.75949479874
8385	16982	256	288.15231099577875	106371.35178196355
8397	17010	256	287.5457492491666	106192.18435261445
8412	17031	256	286.9402554208428	106013.25696202695
8413	17033	256	286.3358279792826	105834.569365658
8417	17039	256	285.73246539470927	105656.12131914802
8419	17043	256	285.1301661390849	105477.91257831856
8420	17044	256	284.52892868611667	105299.9428991745
8425	17051	256	283.9287515112478	105122.21203790167
8430	17062	256	283.3296330916628	104944.71975086896
8438	17076	256	282.73157190627984	104767.46579462617
8445	17085	256	282.1345664357549	104590.44992590573
8447	17087	256	281.5386151624737	104413.67190162072
8452	17096	256	280.943716570558	104237.13147886698
8470	17131	256	280.34986914585556	104060.82841492056
8472	17133	256	279.7570713759468	103884.76246724
8475	17138	256	279.1653217501355	103708.933393464
8480	17149	256	278.57461875945467	103533.34095141348
8481	17150	256	277.98496089665775	103357.98489908932
8489	17164	256	277.39634665622407	103182.86499467434
8491	17167	256	276.8087745343504	103007.98099653117
8503	17194	256	276.2222430289562	102833.33266320417
8507	17199	256	275.63675063967565	102658.91975341736
8509	17202	256	275.0522958678624	102484.74202607627
8511	17205	256	274.4688772165809	102310.79924026562
8512	17206	256	273.8864931906131	102137.09115525185
8516	17212	256	273.305142296448	101963.61753048013
8520	17219	256	272.72482304228936	101790.37812557716
8521	17221	256	272.1455339380449	101617.3727003483
8532	17236	256	271.56727349533327	101444.60101478
8533	17237	256	270.9900402274749	101272.06282903733
8536	17242	256	270.41383264949786	101099.75790346625
8537	17245	256	269.83864927812846	100927.68599859103
8552	17276	256	269.2644886317982	100755.84687511677
8555	17281	256	268.6913492306332	100584.24029392652
8556	17282	256	268.11922959646205	100412.86601608401
8557	17283	256	267.5481282528049	100241.72380283073
8561	17290	256	266.978043724881	100070.81341558871
8563	17294	256	266.40897453959843	99900.13461595746
8565	17300	256	265.84091922556075	99729.68716571659
8566	17301	256	265.2738763130579	99559.47082682344
8569	17304	256	264.70784433407243	99389.4853614151
8594	17349	256	264.1428218222693	99219.73053180595
8613	17384	256	263.57880731300367	99050.20610049009
8618	17392	256	263.0157993433098	98880.91183013869
8629	17406	256	262.4537964519092	98711.84748360241
8647	17434	256	261.8927971791998	98543.01282390891
8655	17449	256	261.332800067263	98374.40761426496
8663	17461	256	260.77380365985397	98206.0316180541
8672	17473	256	260.21580650240867	98037.88459883901
8680	17487	256	259.658807142033	97869.96632035873
8682	17489	256	259.10280412751086	97702.27654653117
8684	17493	256	258.54779600929385	97534.8150414507
8721	17540	256	257.99378133950745	97367.58156939011
8722	17546	256	257.44075867194215	97200.57589479841
8739	17571	256	256.8887265620598	97033.7977823031
8748	17582	256	256.3376835669837	96867.24699670746
8752	17586	256	255.78762824550543	96700.92330299302
8754	17588	256	255.2385591580751	96534.82646631701
8759	17593	256	254.69047486680878	96368.95625201483
8761	17596	256	254.14337393547714	96203.31242559715
8762	17600	256	253.5972549295137	96037.89475275256
8765	17604	256	253.05211641600425	95872.70299934491
8769	17610	256	252.50795696369428	95707.73693141575
8782	17631	256	251.96477514297857	95542.9963151817
8840	17722	256	251.42256952590785	95378.48091703665
8851	17742	256	250.8813386861802	95214.1905035496
8861	17755	256	250.34108119914592	95050.12484146652
8863	17757	256	249.8017956417998	94886.28369770826
8864	17758	256	249.2634805927864	94722.66683937258
8884	17786	256	248.72613463239082	94559.27403373171
8886	17792	256	248.18975634254582	94396.10504823476
8887	17793	256	247.65434430682126	94233.15965050504
8892	17804	256	247.11989711043182	94070.43760834259
8904	17823	256	246.58641334022602	93907.9386897213
8911	17831	256	246.05389158469438	93745.66266279168
8913	17834	256	245.52233043395873	93583.609295878
8919	17840	256	244.99172847977917	93421.7783574808
8921	17843	256	244.46208431554564	93260.1696162745
8938	17867	256	243.93339653627933	93098.78284110845
8945	17874	256	243.40566373863376	92937.61780100736
8946	17875	256	242.87888452088768	92776.67426516965
8947	17876	256	242.35305748294937	92615.95200296906
8949	17878	256	241.8281812263497	92455.45078395284
8963	17900	256	241.30425435424647	92295.17037784352
8964	17902	256	240.78127547141634	92135.11055453667
8965	17905	256	240.25924318426047	91975.27108410317
8976	17921	256	239.73815610079575	91815.65173678663
9029	17986	256	239.21801283066054	91656.25228300573
9030	17987	256	238.6988119851064	91497.07249335185
9034	17991	256	238.18055217700328	91338.1121385912
9040	18005	256	237.66323202083066	91179.37098966225
9064	18053	256	237.1468501326842	91020.84881767827
9065	18055	256	236.63140513026627	90862.54539392478
9095	18100	256	236.11689563289198	90704.46048986165
9097	18102	256	235.60332026148035	90546.59387712076
9116	18128	256	235.09067763856035	90388.94532750829
9118	18131	256	234.57896638826193	90231.51461300228
9142	18165	256	234.06818513632192	90074.3015057547
9152	18180	256	233.5583325100752	89917.30577808927
9158	18188	256	233.04940713846054	89760.52720250345
9163	18197	256	232.5414076520125	89603.96555166628
9168	18203	256	232.03433268286562	89447.62059842018
9169	18204	256	231.52818086474747	89291.49211577905
9170	18205	256	231.0229508329837	89135.57987693015
9174	18209	256	230.518641224489	88979.88365523178
9176	18213	256	230.01525067777337	88824.40322421542
9198	18255	256	229.51277783293364	88669.13835758358
9200	18257	256	229.01122133165808	88514.08882921148
9210	18270	256	228.51057981721937	88359.25441314535
9225	18303	256	228.01085193447926	88204.63488360406
9229	18307	256	227.51203632987986	88050.23001497691
9232	18312	256	227.01413165145024	87896.03958182597
9253	18340	256	226.51713654879677	87742.06335888345
9257	18346	256	226.02104967310981	87588.30112105407
9259	18348	256	225.5258696771544	87434.75264341262
9260	18349	256	225.031595215276	87281.41770120604
9262	18351	256	224.53822494339272	87128.29606985129
9263	18352	256	224.04575751899952	86975.38752493712
9264	18354	256	223.55419160116142	86822.69184222228
9267	18358	256	223.06352585051786	86670.20879763714
9270	18361	256	222.57375892927456	86517.93816728162
9272	18363	256	222.08488950120915	86365.87972742724
9275	18366	256	221.59691623166285	86214.03325451488
9280	18375	256	221.1098377875458	86062.3985251568
9284	18381	256	220.62365283732905	85910.97531613443
9285	18382	256	220.1383600510492	85759.76340440028
9289	18386	256	219.65395810030114	85608.76256707594
9290	18387	256	219.17044565824307	85457.97258145406
9298	18397	256	218.68782139958748	85307.39322499579
9304	18444	256	218.20608400060794	85157.02427533332
9308	18457	256	217.7252321391298	85006.8655102673
9309	18459	256	217.24526449453595	84856.91670776904
9315	18468	256	216.76617974775846	84707.17764597811
9323	18482	256	216.28797658128406	84557.64810320458
9327	18487	256	215.81065367914601	84408.3278579267
9328	18488	256	215.33420972692934	84259.21668879292
9329	18489	256	214.85864341176244	84110.31437461961
9331	18491	256	214.38395342232295	83961.62069439322
9332	18492	256	213.9101384488291	83813.135427268
9333	18493	256	213.4371971830449	83664.85835256793
9341	18508	256	212.96512831827306	83516.78924978476
9345	18513	256	212.49393054935868	83368.92789857964
9356	18529	256	212.02360257268253	83221.2740787813
9358	18531	256	211.5541430861654	83073.82757038777
9359	18533	256	211.0855507892608	82926.58815356446
9377	18567	256	210.61782438295944	82779.55560864585
9378	18570	256	210.15096256978143	82632.72971613349
9381	18576	256	209.6849640537821	82486.11025669801
9383	18578	256	209.21982754054304	82339.69701117685
9385	18580	256	208.75555173717774	82193.48976057622
9387	18585	256	208.2921353523236	82047.48828606904
9394	18595	256	207.82957709614746	81901.69236899694
9398	18602	256	207.3678756803367	81756.10179086785
9399	18603	256	206.90702981810534	81610.71633335827
9406	18612	256	206.44703822418523	81465.53577831086
9412	18625	256	205.98789961483223	81320.55990773662
9419	18633	256	205.52961270781736	81175.78850381263
9420	18634	256	205.07217622243215	81031.2213488839
9423	18641	256	204.61558887948118	80886.85822546149
9425	18646	256	204.15984940128644	80742.69891622414
9431	18657	256	203.70495651168025	80598.74320401646
9432	18661	256	203.25090893600964	80454.99087185062
9433	18662	256	202.79770540112906	80311.44170290437
9435	18664	256	202.34534463540479	80168.09548052281
9436	18665	256	201.893825368708	80024.95198821652
9442	18674	256	201.4431463324188	79882.01100966321
9448	18684	256	200.99330625941914	79739.27232870579
9451	18690	256	200.54430388409747	79596.73572935423
9452	18691	256	200.09613794234136	79454.40099578348
9453	18692	256	199.64880717154193	79312.26791233536
9454	18693	256	199.2023103105867	79170.33626351645
9463	18706	256	198.75664609986376	79028.60583399993
9471	18716	256	198.3118132812549	78887.07640862366
9480	18728	256	197.8678105981402	78745.74777239202
9481	18729	256	197.42463679539011	78604.61971047363
9483	18733	256	196.98229061937087	78463.69200820355
9485	18736	256	196.54077081793625	78322.96445108094
9488	18741	256	196.10007614043306	78182.4368247712
9494	18755	256	195.66020533769282	78042.10891510351
9497	18759	256	195.2211571620375	77901.98050807325
9500	18763	256	194.7829303672711	77762.05138983943
9501	18764	256	194.34552370868488	77622.32134672679
9502	18765	256	193.9089359430497	77482.79016522379
9503	18766	256	193.47316582862095	77343.45763198433
9504	18767	256	193.03821212513097	77204.32353382587
9505	18769	256	192.60407359379366	77065.38765773112
9508	18774	256	192.17074899729712	76926.64979084607
9509	18775	256	191.73823709980857	76788.1097204819
9511	18779	256	191.30653666696637	76649.76723411279
9515	18785	256	190.87564646588538	76511.62211937792
9520	18796	256	190.44556526514899	76373.67416407939
9522	18800	256	190.01629183481415	76235.923156184
9523	18802	256	189.58782494640377	76098.36888382128
9529	18811	256	189.1601633729117	75961.0111352854
9531	18815	256	188.73330588879477	75823.84969903291
9532	18816	256	188.30725126997794	75686.88436368483
9536	18820	256	187.88199829384698	75550.11491802456
9537	18821	256	187.45754573925274	75413.54115099959
9541	18826	256	187.0338923865037	75277.16285171958
9542	18827	256	186.61103701737147	75140.97980945825
9547	18833	256	186.18897841508252	75004.99181365124
9549	18835	256	185.76771536432318	74869.19865389797
9551	18837	256	185.34724665123247	74733.60011995978
9552	18839	256	184.92757106340608	74598.19600176139
9554	18842	256	184.50868738989007	74462.98608938933
9557	18845	256	184.09059442118456	74327.97017309346
9558	18846	256	183.6732909492369	74193.14804328504
9561	18850	256	183.25677576744627	74058.51949053867
9562	18853	256	182.84104767065585	73924.08430559
9575	18873	256	182.4261054551586	73789.84227933794
9576	18874	256	182.01194791868852	73655.79320284228
9581	18883	256	181.59857386042634	73521.93686732576
9588	18894	256	181.18598208099175	73388.27306417194
9593	18902	256	180.7741713824481	73254.80158492706
9599	18911	256	180.3631405682951	73121.52222129806
9602	18920	256	179.9528884434733	72988.43476515425
9603	18923	256	179.54341381435736	72855.53900852562
9605	18927	256	179.13471548875998	72722.83474360436
9607	18932	256	178.7267922759248	72590.32176274291
9608	18934	256	178.3196429865312	72457.99985845588
9610	18938	256	177.91326643268692	72325.868823418
9612	18940	256	177.50766142793296	72193.92845046599
9613	18941	256	177.10282678723547	72062.17853259634
9619	18956	256	176.69876132699133	71930.61886296743
9621	18958	256	176.29546386502028	71799.24923489732
9625	18967	256	175.89293322056983	71668.06944186566
9627	18970	256	175.4911682143086	71537.0792775119
9628	18971	256	175.0901676683271	71406.27853563587
9635	18979	256	174.6899304061389	71275.66701019846
9636	18981	256	174.2904552526741	71145.2444953199
9645	18991	256	173.89174103428337	71015.01078528143
9646	18996	256	173.49378657873172	70884.96567452345
9651	19004	256	173.09659071520224	70755.10895764727
9652	19005	256	172.70015227428905	70625.44042941304
9657	19013	256	172.30447008800235	70495.95988474178
9658	19014	256	171.9095429897605	70366.66711871313
9669	19037	256	171.51536981439523	70237.56192656733
9671	19040	256	171.12194939814387	70108.6441037031
9672	19041	256	170.72928057865434	69979.9134456796
9674	19044	256	170.3373621949779	69851.36974821432
9676	19051	256	169.94619308757368	69723.01280718499
9677	19054	256	169.55577209830096	69594.84241862733
9678	19055	256	169.1660980704249	69466.85837873734
9680	19061	256	168.777169848608	69339.0604838687
9686	19071	256	168.38898627891606	69211.44853053524
9688	19073	256	168.00154620880974	69084.02231540837
9692	19080	256	167.61484848714952	68956.7816353191
9693	19081	256	167.2288919641895	68829.72628725634
9695	19083	256	166.84367549158014	68702.85606836814
9706	19102	256	166.45919792236262	68576.17077596018
9708	19105	256	166.07545811097282	68449.67020749737
9717	19117	256	165.69245491323412	68323.35416060186
9724	19127	256	165.31018718636193	68197.22243305488
9729	19133	256	164.92865378895698	68071.27482279483
9733	19141	256	164.54785358100906	67945.51112791889
9736	19147	256	164.16778542389082	67819.93114668125
9737	19149	256	163.78844818036114	67694.53467749465
9742	19156	256	163.4098407145597	67569.32151892882
9759	19186	256	163.03196189200963	67444.29146971181
9765	19193	256	162.65481057961156	67319.44432872823
9769	19197	256	162.27838564564817	67194.77989502119
9778	19209	256	161.90268595977628	67070.29796778999
9785	19218	256	161.527710393032	66945.99834639218
9790	19230	256	161.15345781782398	66821.88083034159
9791	19232	256	160.77992710793657	66697.9452193098
9802	19249	256	160.4071171385243	66574.19131312461
9805	19253	256	160.03502678611537	66450.6189117715
9814	19267	256	159.66365492860513	66327.2278153919
9819	19280	256	159.29300044525988	66204.01782428472
9833	19301	256	158.923062216711	66080.98873890465
9840	19313	256	158.5538391249578	65958.14035986365
9844	19321	256	158.1853300533622	65835.47248792936
9847	19328	256	157.81753388665174	65712.98492402647
9849	19330	256	157.45044951091387	65590.67746923518
9852	19333	256	157.08407581359904	65468.54992479255
9853	19334	256	156.71841168351494	65346.60209209092
9855	19336	256	156.35345601082994	65224.83377267941
9858	19349	256	155.98920768706694	65103.244768262164
9860	19351	256	155.62566560510712	64981.83488069995
9861	19352	256	155.26282865918358	64860.603912008424
9869	19362	256	154.90069574488487	64739.55166435958
9878	19375	256	154.53926575914946	64618.677940080226
9888	19391	256	154.17853760026838	64497.982541653306
9889	19392	256	153.81851016787994	64377.46527171637
9897	19408	256	153.45918236297274	64257.12593306295
9901	19414	256	153.1005530878798	64136.9643286409
9903	19418	256	152.74262124628225	64016.98026155403
9904	19419	256	152.38538574320313	63897.17353506032
9907	19424	256	152.02884548501066	63777.543952573375
9911	19431	256	151.67299937941254	63658.09131766079
9914	19435	256	151.31784633545942	63538.81543404574
9921	19449	256	150.9633852635388	63419.71610560519
9922	19450	256	150.60961507537831	63300.79313637138
9923	19452	256	150.25653468404016	63182.04633053026
9925	19454	256	149.90414300392422	63063.475492422884
9928	19457	256	149.5524389507623	62945.080426543835
9930	19459	256	149.2014214416215	62826.86093754261
9933	19462	256	148.85108939489805	62708.816830221986
9940	19475	256	148.50144173032123	62590.94790953961
9963	19503	256	148.15247736894668	62473.253980606096
9970	19512	256	147.80419523316095	62355.73484868688
9974	19516	256	147.4565942466743	62238.39031920011
9977	19520	256	147.10967333452513	62121.220197718576
9979	19525	256	146.76343142307343	62004.22428996767
9980	19528	256	146.41786744000436	61887.4024018271
9982	19532	256	146.0729803143226	61770.754339329185
9990	19545	256	145.7287689763557	61654.27990866035
9997	19565	256	145.3852323577475	61537.97891615929
9999	19568	256	145.04236939146259	61421.85116831876
10002	19571	256	144.70017901177968	61305.896471783686
10003	19572	256	144.35866015429517	61190.114633352685
10004	19573	256	144.01781175591756	61074.5054599765
10005	19575	256	143.67763275487022	60959.06875875938
10006	19576	256	143.33812209068614	60843.80433695741
10007	19577	256	142.9992787042112	60728.712001980224
10009	19579	256	142.66110153759786	60613.791561388956
10015	19592	256	142.32358953430898	60499.04282289804
10019	19598	256	141.98674163911215	60384.465594373505
10020	19599	256	141.6505567980822	60270.059683834224
10031	19617	256	141.31503395859616	60155.824899450556
10042	19635	256	140.9801720693368	60041.761049545756
10047	19641	256	140.64597008028565	59927.8679425941
10052	19649	256	140.31242694272754	59814.145387222656
10053	19650	256	139.97954160924434	59700.59319220945
10058	19656	256	139.64731303371818	59587.21116648507
10059	19658	256	139.31574017132579	59473.99911913084
10060	19661	256	138.98482197854173	59360.95685938044
10062	19663	256	138.65455741313292	59248.08419661827
10063	19667	256	138.3249454341615	59135.38094038078
10065	19670	256	137.9959850019794	59022.846900355
10067	19675	256	137.6676750782315	58910.48188637984
10071	19683	256	137.34001462585	58798.285708444586
10072	19684	256	137.01300260905757	58686.25817669032
10080	19700	256	136.68663799336156	58574.39910140819
10091	19717	256	136.3609197455577	58462.70829304109
10097	19725	256	136.03584683372398	58351.185562181796
10099	19731	256	135.71141822722365	58239.83071957448
10102	19734	256	135.38763289670044	58128.64357611323
10104	19738	256	135.06448981408096	58017.62394284333
10119	19758	256	134.74198795256945	57906.77163095973
10120	19759	256	134.4201262866508	57796.08645180845
10121	19760	256	134.09890379208497	57685.5682168849
10132	19776	256	133.7783194459104	57575.216737835566
10134	19778	256	133.45837222643797	57465.031826456056
10137	19782	256	133.13906111325474	57355.01329469286
10146	19798	256	132.8203850872175	57245.16095464142
10148	19801	256	132.50234313045715	57135.47461854793
10151	19808	256	132.18493422637178	57025.954098807364
10153	19813	256	131.8681573596311	56916.599207965235
10163	19831	256	131.55201151616964	56807.40975871566
10164	19832	256	131.23649568319112	56698.38556390317
10169	19837	256	130.9216088491618	56589.52643652073
10170	19838	256	130.60735000381436	56480.83218971145
10171	19839	256	130.29371813814197	56372.30263676681
10172	19840	256	129.98071224440181	56263.937591128255
10180	19851	256	129.66833131610898	56155.736866385385
10182	19853	256	129.35657434804014	56047.70027627757
10183	19854	256	129.0454403362276	55939.827634692214
10186	19861	256	128.73492827796287	55832.11875566633
10191	19872	256	128.4250371717905	55724.57345338475
10194	19877	256	128.11576601751202	55617.191542181754
10197	19882	256	127.80711381617974	55509.972836539324
10198	19883	256	127.49907957010015	55402.91715108863
10201	19887	256	127.19166228282832	55296.024300608384
10204	19890	256	126.8848609591714	55189.294100026425
10212	19908	256	126.57867460518243	55082.72636441789
10214	19913	256	126.27310222816406	54976.32090900682
10216	19918	256	125.96814283666261	54870.077549164394
10217	19919	256	125.66379544047167	54763.99610041063
10219	19921	256	125.36005905062608	54658.07637841248
10223	19926	256	125.05693267940536	54552.3181989854
10225	19928	256	124.75441534032834	54446.721378091876
10226	19930	256	124.45250604815577	54341.28573184253
10227	19931	256	124.15120381888553	54236.01107649491
10230	19936	256	123.85050766975488	54130.89722845454
10235	19941	256	123.55041661923647	54025.94400427382
10236	19945	256	123.25092968703805	53921.15122065233
10238	19947	256	122.95204589410328	53816.5186944374
10239	19948	256	122.65376426260644	53712.0462426226
10240	19949	256	122.35608381595605	53607.733682349295
10243	19956	256	122.05900357878899	53503.580830905004
10244	19957	256	121.76252257697352	53399.587505724696
10250	19964	256	121.46663983760445	53295.753524389445
10252	19967	256	121.1713543890055	53192.07870462767
10266	19987	256	120.87666526072435	53088.56286431357
10270	19992	256	120.58257148353535	52985.20582146855
10271	19993	256	120.28907208943447	52882.00739425969
10272	19994	256	119.99616611164222	52778.96740100114
10275	19997	256	119.703852584598	52676.08566015246
10276	19998	256	119.41213054396366	52573.361990320125
10277	19999	256	119.12099902661758	52470.79621025592
10278	20000	256	118.83045707065824	52368.38813885836
10284	20008	256	118.5405037153982	52266.13759517103
10286	20010	256	118.25113800136764	52164.04439838405
10292	20016	256	117.96235897030914	52062.10836783267
10295	20020	256	117.67416566517991	51960.32932299828
10300	20030	256	117.38655713014731	51858.70708350723
10301	20032	256	117.09953241059141	51757.24146913206
10310	20045	256	116.81309055309977	51655.9322997899
10322	20065	256	116.52723060547022	51554.77939554388
10325	20070	256	116.24195161670613	51453.782576601756
10328	20073	256	115.95725263701856	51352.94166331694
10331	20076	256	115.67313271782173	51252.25647618731
10336	20083	256	115.38959091173558	51151.726835856374
10341	20090	256	115.10662627258063	51051.35256311182
10342	20091	256	114.82423785538067	50951.13347888679
10345	20096	256	114.542424716358	50851.06940425848
10347	20099	256	114.26118591293582	50751.16016044938
10348	20100	256	113.98052050373363	50651.40556882587
10350	20103	256	113.7004275485693	50551.80545089942
10352	20106	256	113.42090610845474	50452.359628325234
10355	20111	256	113.14195524559815	50353.067922903494
10359	20118	256	112.86357402339918	50253.93015657787
10367	20129	256	112.5857615064516	50154.946151436874
10370	20132	256	112.30851676053845	50056.115729712394
10372	20134	256	112.03183885263428	49957.43871378088
10376	20138	256	111.75572685090088	49858.91492616208
10384	20152	256	111.48017982468939	49760.54418952019
10385	20153	256	111.20519684453546	49662.32632666238
10386	20154	256	110.93077698216194	49564.26116054019
10390	20158	256	110.65691931047415	49466.348514248
10391	20159	256	110.38362290356231	49368.58821102438
10395	20163	256	110.11088683669634	49270.980074250474
10408	20188	256	109.83871018632927	49173.523927451584
10412	20196	256	109.5670920300915	49076.219594295406
10413	20197	256	109.29603144679396	48979.066898593526
10414	20198	256	109.02552751642304	48882.06566429986
10418	20204	256	108.7555793201432	48785.215715512015
10420	20206	256	108.4861859402919	48688.51687646973
10421	20207	256	108.21734646038266	48591.96897155629
10423	20209	256	107.94905996509988	48495.57182529705
10424	20211	256	107.68132554030129	48399.32526236059
10426	20215	256	107.41414227301348	48303.22910755741
10427	20217	256	107.14750925143431	48207.28318584124
10432	20226	256	106.88142556492794	48111.48732230741
10438	20237	256	106.61589030402743	48015.84134219428
10440	20240	256	106.3509025604302	47920.3450708818
10443	20246	256	106.08646142700026	47824.99833389267
10447	20250	256	105.82256599776363	47729.80095689107
10452	20256	256	105.55921536791072	47634.752765683785
10456	20260	256	105.29640863379136	47539.853586218764
10457	20261	256	105.03414489291808	47445.1032445866
10465	20278	256	104.77242324396049	47350.50156701885
10469	20286	256	104.511242786748	47256.04837988936
10470	20288	256	104.25060262226562	47161.743509713015
10483	20305	256	103.99050185265575	47067.586783146755
10487	20309	256	103.73093958121375	46973.578026988274
10490	20313	256	103.47191491239047	46879.71706817729
10491	20314	256	103.21342695178758	46786.00373379413
10493	20317	256	102.9554748061597	46692.43785106089
10495	20321	256	102.69805758341009	46599.01924734012
10496	20323	256	102.44117439259306	46505.74775013607
10498	20327	256	102.18482434390876	46412.623187093144
10501	20332	256	101.92900654870661	46319.645385997406
10505	20341	256	101.67372011947958	46226.814174774874
10509	20346	256	101.41896416986751	46134.12938149302
10510	20349	256	101.16473781465167	46041.59083435914
10512	20351	256	100.91104016975791	45949.198361721836
10514	20354	256	100.65787035225149	45856.9517920694
10522	20365	256	100.40522748033968	45764.85095403113
10527	20371	256	100.15311067336732	45672.895676376036
10533	20378	256	99.90151905181885	45581.08578801388
10536	20381	256	99.65045173731394	45489.42111799393
10540	20388	256	99.39990785260983	45397.90149550611
10541	20389	256	99.14988652159676	45306.526749879675
10542	20390	256	98.90038686930032	45215.29671058439
10544	20393	256	98.6514080218768	45124.21120722916
10546	20395	256	98.40294910661576	45033.27006956325
10549	20400	256	98.15500925193528	44942.473127474914
10555	20408	256	97.90758758738431	44851.8202109926
10556	20409	256	97.66068324363816	44761.31115028354
10560	20414	256	97.41429535250104	44670.945775655084
10562	20416	256	97.16842304690111	44580.72391755315
10563	20421	256	96.92306546089316	44490.64540656357
10565	20427	256	96.67822172965414	44400.71007341075
10567	20429	256	96.43389098948494	44310.917748958644
10577	20441	256	96.19007237780666	44221.268264209735
10578	20443	256	95.94676503316222	44131.761450305916
10583	20450	256	95.70396809521229	44042.39713852732
10584	20451	256	95.46168070473749	43953.175160293446
10589	20456	256	95.21990200363395	43864.09534716191
10595	20462	256	94.97863113491523	43775.15753082937
10596	20463	256	94.73786724270856	43686.36154313055
10597	20465	256	94.49760947225656	43597.70721603913
10598	20466	256	94.25785696991281	43509.194381666515
10610	20479	256	94.01860888314457	43420.82287226306
10612	20482	256	93.77986436052761	43332.59252021657
10616	20486	256	93.54162255174934	43244.5031580537
10619	20490	256	93.30388260760368	43156.55461843849
10628	20501	256	93.0666436799935	43068.746734173445
10629	20503	256	92.82990492192653	42981.07933819848
10639	20513	256	92.59366548751704	42893.55226359178
10643	20518	256	92.35792453198208	42806.165343568726
10650	20526	256	92.12268121164303	42718.918411482875
10653	20530	256	91.88793468392186	42631.81130082478
10654	20531	256	91.65368410734281	42544.843845223026
10658	20537	256	91.41992864152833	42458.015878442995
10659	20538	256	91.18666744720132	42371.327234388016
10664	20543	256	90.95389968618062	42284.777747098065
10676	20559	256	90.72162452138303	42198.36725075077
10681	20564	256	90.48984111681959	42112.09557966038
10685	20572	256	90.25854863759706	42025.96256827865
10686	20573	256	90.02774624991396	41939.96805119365
10696	20585	256	89.79743312106278	41854.11186313096
10699	20591	256	89.56760841942545	41768.39383895222
10700	20592	256	89.33827131447572	41682.81381365645
10707	20601	256	89.10942097677486	41597.37162237868
10708	20602	256	88.88105657797338	41512.06710039093
10715	20612	256	88.65317729080742	41426.900083101216
10716	20613	256	88.42578228910037	41341.87040605442
10718	20616	256	88.19887074775879	41256.97790493116
10724	20624	256	87.97244184277477	41172.2224155489
10726	20627	256	87.74649475122101	41087.60377386052
10734	20636	256	87.52102865125383	41003.12181595571
10735	20637	256	87.29604272210814	40918.776378059396
10740	20643	256	87.07153614409998	40834.56729653305
10751	20656	256	86.84750809862223	40750.49440787341
10752	20657	256	86.62395776814667	40666.557548713514
10760	20666	256	86.40088433621953	40582.75655582138
10765	20672	256	86.1782869874642	40499.09126610138
10766	20673	256	85.95616490757638	40415.56151659267
10775	20682	256	85.73451728332635	40332.167144470426
10777	20684	256	85.5133433025555	40248.9079870448
10780	20687	256	85.29264215417597	40165.783881761155
10781	20688	256	85.07241302817104	40082.79466620052
10788	20698	256	84.85265511559138	39999.94017807845
10799	20713	256	84.63336760855687	39917.2202552461
10801	20715	256	84.41454970025268	39834.63473568903
10802	20717	256	84.19620058493113	39752.18345752822
10813	20728	256	83.97831945790776	39669.86625901893
10815	20732	256	83.76090551556318	39587.682978551675
10816	20733	256	83.54395795533894	39505.633454651055
10819	20737	256	83.32747597573973	39423.717525976834
10821	20739	256	83.11145877632919	39341.93503132272
10840	20761	256	82.89590555773167	39260.2858096173
10842	20763	256	82.68081552162856	39178.769699923054
10855	20778	256	82.46618787075994	39097.3865414372
10865	20790	256	82.2520218089207	39016.13617349062
10881	20808	256	82.03831654096244	38935.01843554886
10882	20809	256	81.82507127278953	38854.03316721096
10889	20816	256	81.61228521136069	38773.180208210375
10892	20820	256	81.39995756468545	38692.45939841395
10895	20824	256	81.1880875418259	38611.8705778229
10897	20828	256	80.97667435289249	38531.41358657155
10900	20831	256	80.76571720904633	38451.088264928476
10908	20841	256	80.55521532249467	38370.89445329518
10910	20844	256	80.34516790649349	38290.83199220733
10915	20851	256	80.13557417534282	38210.90072233332
10927	20864	256	79.92643334438912	38131.10048447549
10935	20872	256	79.71774463002131	38051.431119568966
10936	20873	256	79.50950724967218	37971.89246868244
10937	20874	256	79.30172042181512	37892.484373017294
10941	20879	256	79.09438336596531	37813.20667390839
10954	20898	256	78.88749530267646	37734.059212823086
10960	20905	256	78.68105545354213	37655.041831362105
10962	20907	256	78.47506304119204	37576.1543712584
10963	20908	256	78.26951728929393	37497.396674378215
10964	20909	256	78.06441742254972	37418.76858271994
10981	20929	256	77.85976266669701	37340.26993841496
10988	20939	256	77.65555224850577	37261.90058372675
10990	20942	256	77.45178539577952	37183.66036105161
10991	20943	256	77.24846133735204	37105.54911291774
10992	20944	256	77.04557930308867	37027.56668198606
10996	20948	256	76.84313852388291	36949.712911049195
11001	20954	256	76.64113823165782	36871.987643032364
11012	20966	256	76.43957765936254	36794.39072099233
11013	20967	256	76.23845604097392	36716.92198811835
11016	20971	256	76.03777261149243	36639.581287730965
11028	20987	256	75.83752660694454	36562.368463283135
11031	20991	256	75.63771726437825	36485.28335835893
11037	20999	256	75.43834382186536	36408.325816674675
11040	21006	256	75.23940551849752	36331.49568207774
11042	21010	256	75.04090159438765	36254.79279854742
11047	21015	256	74.84283129066687	36178.21701019409
11055	21025	256	74.64519384948544	36101.76816125979
11057	21027	256	74.44798851400962	36025.44609611747
11059	21029	256	74.25121452842305	35949.25065927173
11060	21030	256	74.05487113792317	35873.18169535778
11070	21043	256	73.85895758872284	35797.2390491424
11073	21047	256	73.66347312804668	35721.42256552282
11075	21049	256	73.46841700413275	35645.732089527715
11079	21053	256	73.27378846622861	35570.16746631595
11088	21062	256	73.07958676459357	35494.728541177814
11094	21070	256	72.88581115049432	35419.41515953359
11097	21075	256	72.69246087620705	35344.22716693476
11102	21081	256	72.49953519501378	35269.16440906282
11103	21084	256	72.30703336120358	35194.22673173016
11111	21095	256	72.1149546300695	35119.41398087907
11118	21103	256	71.9232982579097	35044.72600258262
11125	21110	256	71.73206350202423	34970.16264304361
11127	21112	256	71.54124962071617	34895.72374859542
11129	21114	256	71.35085587328871	34821.40916570113
11130	21115	256	71.16088152004585	34747.21874095414
11132	21117	256	70.97132582228973	34673.15232107742
11133	21118	256	70.7821880423215	34599.20975292417
11136	21123	256	70.59346744343814	34525.390883476925
11139	21126	256	70.40516328993385	34451.695559848384
11141	21128	256	70.21727484709655	34378.123629280315
11142	21129	256	70.02980138120954	34304.67493914464
11145	21133	256	69.84274215954775	34231.34933694216
11153	21147	256	69.65609645037945	34158.14667030359
11159	21154	256	69.46986352296265	34085.06678698847
11166	21161	256	69.28404264754654	34012.109534886054
11167	21163	256	69.09863309536829	33939.274762014305
11168	21164	256	68.91363413865415	33866.56231652075
11169	21165	256	68.72904505061639	33793.97204668149
11173	21169	256	68.54486510545432	33721.50380090196
11174	21170	256	68.36109357835126	33649.15742771607
11182	21181	256	68.17772974547576	33576.93277578696
11186	21185	256	67.9947728839783	33504.829693906046
11188	21187	256	67.81222227199262	33432.84803099387
11191	21190	256	67.63007718863236	33360.987636099
11195	21194	256	67.44833691399252	33289.24835839908
11204	21203	256	67.26700072914605	33217.63004719965
11206	21205	256	67.08606791614517	33146.13255193504
11210	21209	256	66.90553775801817	33074.755722167465
11221	21223	256	66.72540953877062	33003.499407587726
11225	21227	256	66.5456825433823	32932.363458014384
11233	21238	256	66.36635605780809	32861.3477233944
11234	21239	256	66.18742936897527	32790.452053802364
11246	21252	256	66.00890176478428	32719.676299441155
11248	21254	256	65.83077253410593	32649.020310641095
11251	21258	256	65.65304096678217	32578.48393786063
11252	21259	256	65.47570635362345	32508.067031685518
11262	21272	256	65.29876798640952	32437.769442829554
11263	21273	256	65.12222515788633	32367.59102213358
11275	21288	256	64.94607716176763	32297.53162056645
11278	21291	256	64.7703232927311	32227.59108922384
11292	21308	256	64.59496284642036	32157.76927932931
11297	21313	256	64.419995119441	32088.06604223309
11301	21318	256	64.24541940936248	32018.481229413108
11305	21323	256	64.07123501471465	31949.01469247395
11306	21324	256	63.89744123498902	31879.66628314764
11309	21328	256	63.72403737063551	31810.435853292704
11311	21330	256	63.5510227230638	31741.323254894993
11317	21337	256	63.37839659464013	31672.328340066728
11318	21338	256	63.20615828868858	31603.450961047314
11321	21342	256	63.03430710948764	31534.690970202308
11323	21344	256	62.862842362271905	31466.04822002438
11326	21347	256	62.691763353228495	31397.52256313221
11330	21352	256	62.52106938949852	31329.113852271385
11345	21369	256	62.3507597791737	31260.821940313366
11346	21370	256	62.18083383129801	31192.64668025645
11355	21382	256	62.011290855863926	31124.58792522458
11359	21388	256	61.84213016381423	31056.645528468394
11360	21389	256	61.67335106703851	30988.8193433641
11376	21407	256	61.50495287837453	30921.10922341438
11379	21411	256	61.336934911604914	30853.515022247353
11386	21419	256	61.169296481458716	30786.03659361751
11391	21426	256	61.0020369036079	30718.673791404635
11392	21427	256	60.83515549466876	30651.426469614653
11394	21429	256	60.66865157219872	30584.294482378693
11397	21432	256	60.502524454697735	30517.277683953937
11405	21441	256	60.33677346160482	30450.375928722544
11409	21447	256	60.171397913299494	30383.589071192557
11410	21448	256	60.00639713109872	30316.91696599695
11417	21456	256	59.84177043725795	30250.3594678944
11420	21460	256	59.67751715496805	30183.91643176832
11423	21463	256	59.51363660835662	30117.58771262775
11424	21464	256	59.35012812248476	30051.373165606296
11427	21467	256	59.18699102334822	29985.272645962978
11433	21474	256	59.024224637874475	29919.286009081323
11436	21477	256	58.86182829392398	29853.413110470166
11440	21481	256	58.69980132028666	29787.653805762595
11450	21492	256	58.53814304668362	29722.007950716892
11454	21498	256	58.376852803763676	29656.4754012155
11462	21509	256	58.21592992310481	29591.056013265865
11469	21516	256	58.055373737210815	29525.74964299945
11470	21517	256	57.89518357951288	29460.556146672618
11471	21518	256	57.735358784366035	29395.475380665568
11477	21524	256	57.57589868705072	29330.50720148324
11479	21526	256	57.416802623769854	29265.651465754454
11493	21543	256	57.25806993164847	29200.908030232065
11498	21550	256	57.0996999487341	29136.276751793423
11502	21556	256	56.941692013993475	29071.75748743936
11511	21569	256	56.7840454673138	29007.350094295016
11514	21572	256	56.626759649500016	28943.054429609023
11521	21584	256	56.46983390227554	28878.870350754107
11526	21592	256	56.31326756827949	28814.797715226312
11528	21594	256	56.15705999106786	28750.836380645746
11535	21605	256	56.001210515110294	28686.986204755594
11540	21611	256	55.84571848579149	28623.24704542298
11543	21616	256	55.690583249407894	28559.618760637986
11545	21621	256	55.53580415316914	28496.10120851446
11551	21628	256	55.3813805451948	28432.694247289073
11557	21634	256	55.227311774515705	28369.397735322153
11559	21638	256	55.07359719107093	28306.211531096727
11566	21646	256	54.92023614570866	28243.13549321921
11568	21649	256	54.76722799018361	28180.16948041868
11574	21656	256	54.61457207715786	28117.313351547495
11577	21671	256	54.46226776019791	28054.566965580405
11578	21673	256	54.310314393776025	27991.93018161541
11586	21684	256	54.15871133326688	27929.402858872712
11587	21685	256	54.0074579349491	27866.984856695635
11601	21711	256	53.85655355600183	27804.67603454954
11608	21720	256	53.70599755450641	27742.476252022807
11616	21731	256	53.55578928944283	27680.3853688257
11629	21748	256	53.40592812069122	27618.40324479129
11634	21753	256	53.25641340902886	27556.529739874524
11635	21754	256	53.107244516131175	27494.76471415294
11636	21756	256	52.95842080456872	27433.108027825758
11639	21759	256	52.80994163780855	27371.559541214727
11640	21760	256	52.661806380211054	27310.119114763136
11641	21761	256	52.5140143970311	27248.78660903661
11659	21784	256	52.366565054415204	27187.56188472222
11660	21785	256	52.21945771940248	27126.44480262922
11669	21798	256	52.07269175992174	27065.435223688128
11680	21811	256	51.926266544792675	27004.533008951534
11683	21815	256	51.780181443722974	26943.738019593216
11684	21816	256	51.634435827309176	26883.050116908817
11688	21821	256	51.489029067034004	26822.469162315
11689	21822	256	51.343960535267186	26761.99501735017
11693	21827	256	51.19922960526295	26701.62754367367
11698	21835	256	51.05483565116065	26641.366603066403
11704	21843	256	50.910778047982156	26581.212057430024
11710	21851	256	50.767056171632866	26521.163768787697
11712	21853	256	50.62366939889883	26461.22159928318
11715	21857	256	50.48061710744762	26401.3854111815
11717	21859	256	50.33789867582584	26341.655066868258
11718	21862	256	50.19551348345981	26282.030428850165
11724	21870	256	50.05346091065293	26222.5113597543
11740	21892	256	49.91174033858655	26163.097722328752
11741	21893	256	49.77035114931727	26103.789379441834
11742	21894	256	49.62929272577799	26044.586194082796
11746	21900	256	49.48856445177489	25985.488029360873
11747	21901	256	49.34816571198855	25926.494748506087
11749	21905	256	49.20809589197132	25867.606214868436
11751	21907	256	49.06835437814792	25808.82229191846
11753	21909	256	48.92894055781303	25750.142843246525
11756	21913	256	48.78985381913208	25691.567732563497
11757	21914	256	48.65109355113842	25633.096823699816
11762	21920	256	48.51265914373453	25574.72998060634
11763	21921	256	48.37454998768896	25516.46706735339
11765	21923	256	48.23676547463752	25458.3079481315
11768	21926	256	48.099304997080466	25400.252487250582
11769	21927	256	47.962167948383374	25342.30054914061
11775	21938	256	47.82535372277453	25284.451998350796
11776	21941	256	47.68886171534569	25226.70669955024
11784	21954	256	47.55269132204955	25169.06451752716
11790	21969	256	47.416841939700575	25111.525317189567
11791	21970	256	47.28131296597229	25054.088963564416
11792	21972	256	47.146103799398304	24996.755321798344
11794	21974	256	47.01121383936934	24939.52425715673
11796	21979	256	46.87664248613455	24882.39563502455
11803	21986	256	46.742389140798394	24825.369320905378
11804	21987	256	46.60845320532192	24768.445180422237
11813	22001	256	46.474834082519855	24711.623079316632
11815	22003	256	46.34153117606154	24654.902883449337
11816	22004	256	46.20854389046827	24598.28445879948
11821	22010	256	46.07587163111442	24541.767671465397
11824	22013	256	45.94351380422427	24485.35238766357
11829	22022	256	45.81146981687334	24429.038473729484
11830	22023	256	45.67973907698564	24372.825796116802
11831	22024	256	45.548320993334364	24316.714221397928
11834	22028	256	45.417214975539466	24260.70361626331
11835	22029	256	45.286420434068425	24204.793847522065
11837	22031	256	45.15593678023363	24148.984782101175
11840	22034	256	45.025763426193286	24093.276287046174
11841	22035	256	44.895899784948696	24037.668229520295
11842	22036	256	44.76634527034519	23982.16047680519
11843	22037	256	44.637099297069526	23926.752896300113
11844	22039	256	44.50816128065073	23871.44535552258
11846	22041	256	44.3795306374574	23816.237722107537
11848	22045	256	44.251206784698724	23761.129863808106
11851	22048	256	44.12318914042168	23706.12164849467
11853	22050	256	43.99547712351208	23651.21294415566
11860	22064	256	43.868070153691846	23596.40361889666
11866	22071	256	43.74096765151988	23541.693540941116
11867	22072	256	43.61416903838951	23487.082578629535
11868	22073	256	43.487673736529274	23432.570600420124
11869	22074	256	43.36148116900038	23378.157474888016
11870	22075	256	43.23559075969756	23323.843070725932
11876	22082	256	43.11000193334639	23269.627256743344
11881	22088	256	42.984714115504254	23215.509901867204
11887	22096	256	42.85972673255768	23161.490875141088
11889	22098	256	42.73503921172328	23107.570045725897
11892	22101	256	42.61065098104503	23053.747282899032
11900	22112	256	42.486561469395184	23000.022456055063
11902	22115	256	42.362770106471714	22946.395434704933
11904	22119	256	42.23927632279916	22892.86608847665
11905	22120	256	42.116079549726	22839.43428711443
11906	22121	256	41.99317921942558	22786.09990047943
11908	22124	256	41.87057476489338	22732.86279854885
11924	22144	256	41.74826561994807	22679.722851416725
11925	22145	256	41.626251219228784	22626.67992929302
11929	22150	256	41.50453099819603	22573.73390250435
11930	22151	256	41.3831043931291	22520.88464149316
11934	22155	256	41.26197084112697	22468.132016818414
11935	22156	256	41.141129780105565	22415.475899154728
11939	22163	256	41.020580648798855	22362.916159293134
11943	22167	256	40.90032288675613	22310.452668140217
11948	22175	256	40.7803559343428	22258.085296718767
11949	22176	256	40.66067923273804	22205.81391616705
11952	22179	256	40.54129222393539	22153.63839773939
11964	22193	256	40.422194350740384	22101.558612805427
11973	22206	256	40.3033850567713	22049.57443285076
11975	22209	256	40.184863786456674	21997.685729476176
11982	22222	256	40.066629985036016	21945.892374398245
11984	22224	256	39.948683098557424	21894.194239448603
11985	22225	256	39.83102257387834	21842.591196574584
11987	22227	256	39.71364785866294	21791.08311783838
11990	22232	256	39.59655840138313	21739.669875417792
11993	22235	256	39.4797536513159	21688.35134160537
11994	22236	256	39.36323305854413	21637.127388809065
11995	22237	256	39.24699607395417	21585.997889551494
11998	22240	256	39.13104214923658	21534.962716470556
12000	22242	256	39.01537073688367	21484.021742318655
12004	22246	256	38.899981290190205	21433.17483996334
12006	22249	256	38.7848732632511	21382.421882386545
12014	22266	256	38.67004611096198	21331.76274268521
12016	22268	256	38.555499289016915	21281.197294070542
12020	22274	256	38.44123225390906	21230.725409868603
12025	22280	256	38.32724446292824	21180.34696351959
12033	22292	256	38.21353537416172	21130.061828578433
12035	22294	256	38.10010444649177	21079.869878714057
12036	22296	256	37.98695113959641	21029.770987710002
12041	22301	256	37.874074913946906	20979.765029463644
12046	22309	256	37.76147523080866	20929.851877986865
12053	22316	256	37.64915155223868	20880.03140740524
12055	22319	256	37.53710334108633	20830.30349195872
12063	22331	256	37.42533006099114	20780.668006000913
12065	22334	256	37.31383117638256	20731.124823999296
12067	22336	256	37.20260615247969	20681.67382053543
12069	22338	256	37.091654455289046	20632.314870304228
12071	22340	256	36.980975551605376	20583.047848114667
12075	22344	256	36.870568909009165	20533.872628888956
12083	22357	256	36.76043399586742	20484.789087663194
12084	22358	256	36.65057028133125	20435.7970995866
12085	22360	256	36.54097723533663	20386.89653992219
12090	22367	256	36.43165432860194	20338.087284045923
12092	22369	256	36.32260103262873	20289.369207447402
12094	22372	256	36.213816819699375	20240.742185729116
12096	22374	256	36.10530116287769	20192.20609460701
12098	22376	256	35.99705353600666	20143.760809909792
12100	22379	256	35.88907341370909	20095.40620757952
12101	22380	256	35.78136027138526	20047.14216367085
12103	22382	256	35.67391358521363	19998.968554351693
12107	22388	256	35.56673283214844	19950.885255902394
12110	22393	256	35.459817489920496	19902.89214471643
12111	22396	256	35.35316703703473	19854.989097299596
12113	22399	256	35.24678095277097	19807.175990270687
12115	22406	256	35.14065871718152	19759.452700360674
12125	22419	256	35.034799811091936	19711.819104413396
12130	22425	256	34.92920371609863	19664.275079384763
12135	22430	256	34.82386991456952	19616.820502343377
12137	22433	256	34.71879788964181	19569.455250469808
12141	22440	256	34.613987125222636	19522.179201057214
12143	22444	256	34.50943710598661	19474.992231510543
12144	22445	256	34.40514731737674	19427.894219347218
12146	22447	256	34.301117245601894	19380.88504219635
12148	22450	256	34.19734637763758	19333.964577799346
12149	22451	256	34.09383420122364	19287.132704009207
12153	22455	256	33.99058020486489	19240.389298791095
12154	22457	256	33.88758387782878	19193.73424022161
12158	22462	256	33.78484471014618	19147.167406489425
12160	22464	256	33.68236219260894	19100.688675894493
12161	22465	256	33.58013581677063	19054.29792684871
12164	22469	256	33.478165074944314	19007.99503787516
12165	22470	256	33.37644946020303	18961.77988760868
12173	22480	256	33.274988466377636	18915.652354795202
12174	22481	256	33.17378158805748	18869.612318292286
12175	22482	256	33.072828320588066	18823.659657068456
12176	22483	256	32.97212816007169	18777.794250203726
12177	22484	256	32.87168060336521	18732.015976888924
12183	22493	256	32.771485148080686	18686.324716426287
12184	22494	256	32.671541292583086	18640.7203482287
12185	22495	256	32.57184853599099	18595.202751820347
12187	22497	256	32.47240637817425	18549.77180683592
12188	22499	256	32.37321431975473	18504.42739302129
12192	22503	256	32.274271862103916	18459.169390232717
12193	22504	256	32.175578507343715	18413.997678437474
12199	22516	256	32.077133758344054	18368.912137713127
12207	22526	256	31.978937118723618	18323.91264824813
12217	22538	256	31.880988092847602	18278.99909034109
12218	22539	256	31.783286185828228	18234.17134440136
12225	22552	256	31.68583090352267	18189.429290948334
12226	22553	256	31.58862175253358	18144.772810612038
12230	22557	256	31.491658240206903	18100.201784132398
12231	22558	256	31.39493987463241	18055.716092359817
12232	22559	256	31.298466164641646	18011.315616254506
12235	22563	256	31.202236619808353	17967.000236887023
12236	22564	256	31.106250750446417	17922.76983543759
12238	22569	256	31.01050806761036	17878.62429319666
12243	22580	256	30.915008083093237	17834.563491564222
12253	22596	256	30.819750309427146	17790.58731205036
12254	22597	256	30.724734259881107	17746.69563627457
12255	22598	256	30.629959448461577	17702.88834596631
12264	22609	256	30.535425389910365	17659.165322964338
12265	22612	256	30.441131599705162	17615.526449217243
12266	22613	256	30.347077594057364	17571.971606782787
12269	22616	256	30.253262889912673	17528.500677828433
12272	22620	256	30.15968700494891	17485.113544630673
12275	22623	256	30.06634945757659	17441.81008957559
12276	22624	256	29.973249766936842	17398.590195158187
12280	22630	256	29.88038745290181	17355.453743982893
12281	22631	256	29.78776203607273	17312.400618762964
12283	22633	256	29.69537303778025	17269.430702320944
12285	22635	256	29.60321998008252	17226.54387758806
12291	22642	256	29.51130238576556	17183.740027604734
12292	22643	256	29.419619778341232	17141.019035519905
12297	22649	256	29.328171682047778	17098.380784591613
12299	22651	256	29.236957621847683	17055.82515818628
12302	22655	256	29.145977123428235	17013.3520397793
12304	22657	256	29.055229713199353	16970.961312954318
12308	22664	256	28.964714918294224	16928.65286140383
12312	22670	256	28.874432266567144	16886.426568928477
12314	22673	256	28.78438128659399	16844.28231943758
12315	22674	256	28.694561507670244	16802.21999694851
12317	22678	256	28.604972459811442	16760.239485587197
12322	22687	256	28.515613673751123	16718.34066958749
12323	22688	256	28.426484680941254	16676.523433291644
12326	22692	256	28.33758501355034	16634.787661149745
12328	22694	256	28.24891420446372	16593.133237720154
12329	22695	256	28.160471787281658	16551.560047668907
12330	22697	256	28.072257296319783	16510.06797577023
12331	22698	256	27.984270266607016	16468.656906905875
12332	22699	256	27.896510233886115	16427.326726065658
12333	22701	256	27.808976734611555	16386.077318346794
12336	22705	256	27.72166930595013	16344.908568954464
12342	22713	256	27.634587485778802	16303.82036320111
12345	22716	256	27.54773081268523	16262.812586506983
12350	22722	256	27.461098825965742	16221.885124399501
12353	22725	256	27.374691065625793	16181.037862513767
12354	22726	256	27.288507072378014	16140.270686591934
12358	22730	256	27.20254638764255	16099.583482483682
12362	22734	256	27.116808553545173	16058.97613614564
12369	22744	256	27.031293112917677	16018.448533641844
12372	22748	256	26.945999609295914	15978.000561143144
12376	22755	256	26.86092758692019	15937.632104927674
12382	22764	256	26.776076590733368	15897.343051380258
12397	22784	256	26.691446166381184	15857.133286992876
12398	22786	256	26.607035860210427	15817.002698364087
12405	22793	256	26.52284521926921	15776.951172199468
12408	22796	256	26.43887379130517	15736.978595311064
12415	22804	256	26.35512112476571	15697.084854617804
12416	22806	256	26.27158676879622	15657.269837144955
12420	22811	256	26.188270273240352	15617.533430024554
12421	22812	256	26.10517118863822	15577.875520494863
12422	22813	256	26.02228906622664	15538.295995900779
12423	22815	256	25.939623457937362	15498.794743693294
12424	22816	256	25.857173916397315	15459.37165142991
12428	22821	256	25.77493999492682	15420.026606774112
12432	22826	256	25.69292124753992	15380.759497495786
12434	22828	256	25.61111722894244	15341.570211470636
12440	22835	256	25.529527494532417	15302.45863668067
12441	22836	256	25.448151600398223	15263.424661213608
12444	22839	256	25.366989103318826	15224.468173263313
12446	22842	256	25.286039560762063	15185.589061129258
12448	22844	256	25.205302530884854	15146.787213216943
12450	22846	256	25.124777572531396	15108.06251803732
12452	22848	256	25.044464245233566	15069.414864207298
12455	22851	256	24.964362109208928	15030.844140449086
12459	22855	256	24.88447072536121	14992.350235590706
12460	22856	256	24.80478965527836	14953.933038565398
12461	22857	256	24.725318461232934	14915.59243841207
12462	22858	256	24.646056706180225	14877.328324274733
12465	22863	256	24.56700395375863	14839.140585402947
12468	22868	256	24.488159768287723	14801.02911115123
12497	22916	256	24.40952371476875	14762.993790979559
12500	22921	256	24.331095358882592	14725.03451445273
12501	22922	256	24.25287426699025	14687.151171240856
12502	22923	256	24.174860006130967	14649.343651118794
12508	22931	256	24.097052144022506	14611.61184396656
12515	22941	256	24.01945024905941	14573.955639768803
12516	22942	256	23.942053890313233	14536.3749286152
12519	22947	256	23.864862637530834	14498.869600699956
12524	22953	256	23.787876061134575	14461.439546322186
12526	22957	256	23.711093732220583	14424.084655885374
12530	22962	256	23.634515222559052	14386.80481989783
12537	22971	256	23.55814010459256	14349.59992897216
12539	22973	256	23.481967951435724	14312.469873825423
12541	22975	256	23.40599833687486	14275.414545279236
12543	22977	256	23.330230835366272	14238.43383425929
12547	22981	256	23.25466502203666	14201.527631795783
12551	22986	256	23.179300472681184	14164.695829022852
12555	22991	256	23.104136763763883	14127.938317179029
12556	22992	256	23.02917347241586	14091.254987606664
12557	22993	256	22.954410176435545	14054.645731752382
12559	22995	256	22.87984645428696	14018.110441166504
12561	22999	256	22.805481885099994	13981.649007503507
12562	23000	256	22.731316048668617	13945.261322521435
12569	23008	256	22.657348525451212	13908.947278082378
12570	23009	256	22.58357889656874	13872.70676615186
12577	23019	256	22.510006743805103	13836.539678799338
12579	23022	256	22.43663164960535	13800.445908197597
12580	23023	256	22.36345319707592	13764.4253466232
12583	23026	256	22.29047096998298	13728.477886455948
12585	23030	256	22.217684552752605	13692.603420179292
12586	23032	256	22.145093530469104	13656.801840379794
12587	23033	256	22.072697488875246	13621.073039747547
12589	23035	256	22.00049601437056	13585.416911075641
12595	23044	256	21.92848869401156	13549.833347260572
12602	23052	256	21.856675115510043	13514.322241301707
12608	23061	256	21.785054867233384	13478.883486301731
12609	23062	256	21.71362753820269	13443.516975466033
12610	23064	256	21.642392718093234	13408.222602103226
12613	23069	256	21.571349997232566	13373.000259624518
12615	23071	256	21.500498966600897	13337.849841544188
12616	23072	256	21.429839217829315	13302.77124147903
12617	23075	256	21.35937034320006	13267.764353148761
12618	23076	256	21.289091935644798	13232.829070375496
12620	23079	256	21.219003588744897	13197.965287084162
12623	23082	256	21.149104896729725	13163.172897301967
12624	23083	256	21.07939545447687	13128.451795158813
12626	23086	256	21.009874857510447	13093.801874886745
12628	23088	256	20.940542702001377	13059.223030820407
12629	23089	256	20.871398584765657	13024.715157396462
12630	23090	256	20.802442103264596	12990.278149154025
12636	23097	256	20.73367285560315	12955.91190073414
12638	23099	256	20.665090440530168	12921.616306880187
12640	23101	256	20.596694457436705	12887.391262437348
12642	23104	256	20.528484506356197	12853.23666235301
12645	23108	256	20.46046018796291	12819.152401676265
12646	23109	256	20.39262110357201	12785.138375558272
12652	23116	256	20.324966855138054	12751.19447925178
12656	23123	256	20.2574970452551	12717.32060811151
12657	23124	256	20.190211277155093	12683.516657593624
12658	23125	256	20.123109154708093	12649.78252325615
12665	23134	256	20.05619028242059	12616.118100758446
12670	23139	256	19.989454265435743	12582.523285861602
12675	23146	256	19.92290070953171	12548.997974427926
12676	23147	256	19.856529221121907	12515.542062421355
12680	23153	256	19.790339407253306	12482.155445906912
12681	23154	256	19.724330875606682	12448.83802105113
12688	23165	256	19.65850323449495	12415.589684121498
12690	23167	256	19.592856092863403	12382.410331486924
12695	23175	256	19.527389060288062	12349.299859617155
12698	23178	256	19.46210174697587	12316.258165083209
12699	23179	256	19.39699376376307	12283.285144556841
12700	23180	256	19.332064722115444	12250.380694810974
12702	23182	256	19.26731423412661	12217.54471271914
12710	23194	256	19.20274191251829	12184.777095255899
12712	23196	256	19.138347370638698	12152.077739496344
12713	23198	256	19.074130222462642	12119.446542616455
12719	23207	256	19.010090082590025	12086.883401892617
12720	23208	256	18.94622656624598	12054.388214702012
12721	23209	256	18.882539289279258	12021.960878522093
12723	23212	256	18.81902786816244	11989.601290930992
12724	23214	256	18.755691919990348	11957.309349607016
12728	23220	256	18.692531062480153	11925.084952329002
12731	23228	256	18.62954491396989	11892.927996975859
12734	23231	256	18.566733093418556	11860.83838152692
12735	23233	256	18.504095220404555	11828.81600406146
12737	23236	256	18.44163091512588	11796.860762759075
12739	23238	256	18.3793397983985	11764.972555899165
12740	23239	256	18.31722149165657	11733.151281861346
12747	23251	256	18.25527561695085	11701.396839124944
12755	23259	256	18.193501796948826	11669.709126269345
12757	23264	256	18.131899654933207	11638.088041973542
12762	23269	256	18.070468814802044	11606.533485016493
12777	23288	256	18.009208901067186	11575.045354276617
12778	23290	256	17.948119538854442	11543.623548732203
12786	23301	256	17.887200353902017	11512.267967460883
12788	23303	256	17.826450972560654	11480.978509640021
12791	23306	256	17.765871021792123	11449.755074546236
12792	23307	256	17.705460129169325	11418.597561555753
12795	23310	256	17.645217922874807	11387.505870143934
12796	23311	256	17.585144031700818	11356.479899885622
12798	23315	256	17.525238085047892	11325.519550454703
12800	23318	256	17.46549971292488	11294.624721624417
12801	23319	256	17.405928545947503	11263.795313266923
12803	23322	256	17.34652421533843	11233.031225353641
12805	23324	256	17.287286352925776	11202.332357954765
12809	23328	256	17.228214591143256	11171.698611239655
12810	23330	256	17.16930856302864	11141.129885476334
12811	23332	256	17.110567902223917	11110.626081031864
12812	23333	256	17.051992242973718	11080.187098371855
12818	23340	256	16.993581220125513	11049.812838060834
12819	23341	256	16.935334469128072	11019.503200761785
12822	23346	256	16.877251626031587	10989.258087236478
12824	23349	256	16.819332327486208	10959.077398345025
12827	23354	256	16.761576210742067	10928.96103504621
12832	23359	256	16.70398291364793	10898.908898397047
12833	23360	256	16.64655207465117	10868.920889553106
12834	23361	256	16.58928333279636	10838.996909768062
12835	23362	256	16.532176327725388	10809.136860394061
12837	23364	256	16.475230699675915	10779.340642881212
12840	23367	256	16.418446089481556	10749.608158777983
12843	23370	256	16.361822138570332	10719.939309730702
12851	23379	256	16.305358488964846	10690.33399748393
12853	23384	256	16.24905478328075	10660.792123879986
12854	23386	256	16.19291066472689	10631.313590859301
12855	23388	256	16.136925777103816	10601.898300459947
12857	23390	256	16.081099764803895	10572.546154818005
12859	23392	256	16.025432272809834	10543.257056167067
12865	23398	256	15.969922946694798	10514.030906838636
12869	23405	256	15.914571432620916	10484.8676092616
12870	23407	256	15.859377377339442	10455.767065962646
12871	23409	256	15.804340428189207	10426.729179565742
12873	23411	256	15.749460233096828	10397.753852792534
12874	23413	256	15.694736440575143	10368.840988461836
12878	23419	256	15.640168699723366	10339.990489490014
12881	23423	256	15.58575666022567	10311.202258890522
12882	23424	256	15.531499972351188	10282.476199774223
12884	23426	256	15.47739828695264	10253.812215348955
12886	23428	256	15.423451255466412	10225.210208919869
12887	23429	256	15.36965852991109	10196.670083888965
12897	23443	256	15.316019762887585	10168.191743755448
12900	23447	256	15.262534607577658	10139.775092115258
12903	23453	256	15.209202717744047	10111.42003266143
12906	23459	256	15.156023747728986	10083.12646918361
12912	23466	256	15.10299735245435	10054.894305568436
12914	23470	256	15.05012318742017	10026.723445799045
12915	23471	256	14.99740090870475	9998.613793955443
12916	23472	256	14.944830172963242	9970.565254214041
12920	23478	256	14.892410637427703	9942.57773084799
12923	23481	256	14.840141959905697	9914.65112822673
12924	23482	256	14.788023798780374	9886.785350816344
12927	23485	256	14.736055813009036	9858.980303179083
12928	23488	256	14.68423766212324	9831.235889973728
12929	23491	256	14.632569006227358	9803.552015955122
12930	23492	256	14.581049505998669	9775.928585974512
12931	23493	256	14.529678822685957	9748.36550497911
12933	23496	256	14.478456618109567	9720.862678012416
12938	23501	256	14.42738255466002	9693.420010213778
12941	23504	256	14.376456295298055	9666.037406818721
12943	23506	256	14.325677503553353	9638.714773158554
12945	23510	256	14.275045843524152	9611.452014660466
12946	23511	256	14.224560979876792	9584.249036847594
12951	23517	256	14.174222577844525	9557.105745338666
12956	23523	256	14.124030303227464	9530.022045848284
12959	23526	256	14.073983822391277	9502.997844186526
12961	23529	256	14.024082802267216	9476.033046259245
12962	23530	256	13.974326910350724	9449.127558067645
12967	23536	256	13.924715814701544	9422.281285708608
12969	23540	256	13.875249183942257	9395.49413537424
12972	23543	256	13.825926687258445	9368.766013352226
12974	23545	256	13.776747994397203	9342.09682602536
12975	23546	256	13.727712775667293	9315.486479871895
12976	23547	256	13.67882070193772	9288.9348814651
12980	23551	256	13.630071444637787	9262.441937473572
12981	23602	256	13.58146467575576	9236.007554660828
12987	24580	256	13.53300006783888	9209.631639885602
12990	24583	256	13.484677293992041	9183.31410010142
12991	24584	256	13.436496027877789	9157.054842356927
13000	24596	256	13.388455943715028	9130.853773795458
13001	24597	256	13.340556716279	9104.710801655337
13002	24598	256	13.2927980209	9078.62583326948
13007	24605	256	13.245179533463356	9052.598776065684
13017	24616	256	13.197700930408113	9026.629537566207
13018	24617	256	13.150361888727092	9000.7180253881
13020	24619	256	13.103162085965511	8974.864147242763
13028	24629	256	13.056101200221018	8949.067810936254
13029	24630	256	13.00917891014243	8923.328924368903
13035	24637	256	12.962394894929657	8897.647395535581
13040	24644	256	12.91574883433245	8872.02313252529
13045	24649	256	12.869240408650398	8846.456043521495
13046	24650	256	12.822869298731614	8820.946036801675
13049	24653	256	12.776635185972765	8795.493020737656
13059	24667	256	12.730537752317733	8770.096903795178
13060	24670	256	12.684576680257653	8744.7575945342
13064	24674	256	12.638751652829601	8719.475001608502
13066	24677	256	12.593062353616608	8694.24903376597
13070	24682	256	12.547508466746358	8669.079599848197
13074	24690	256	12.502089676891172	8643.966608790774
13077	24693	256	12.456805669266773	8618.909969622891
13083	24700	256	12.411656129632217	8593.909591467627
13084	24701	256	12.366640744288665	8568.96538354155
13087	24704	256	12.321759200079336	8544.077255155002
13089	24708	256	12.277011184388273	8519.245115711712
13093	24712	256	12.232396385140275	8494.468874709068
13096	24715	256	12.187914490799688	8469.74844173774
13099	24718	256	12.143565190370348	8445.083726481951
13103	24723	256	12.099348173394349	8420.47463871909
13104	24724	256	12.055263129951987	8395.921088319992
13105	24725	256	12.011309750660532	8371.422985248546
13106	24727	256	11.967487726674197	8346.98023956199
13110	24732	256	11.92379674968288	8322.592761410497
13114	24738	256	11.880236511912141	8298.260461037475
13117	24741	256	11.836806706121976	8273.983248779172
13124	24748	256	11.793507025606724	8249.761035064952
13128	24754	256	11.750337164193915	8225.593730416915
13129	24755	256	11.707296816244172	8201.481245450168
13130	24756	256	11.664385676650001	8177.423490872449
13133	24759	256	11.621603440835736	8153.420377484386
13135	24763	256	11.578949804756334	8129.471816179133
13141	24770	256	11.536424464897316	8105.577717942631
13144	24773	256	11.494027118273562	8081.737993853236
13147	24776	256	11.451757462429232	8057.952555081975
13148	24777	256	11.409615195436585	8034.221312892194
13149	24778	256	11.367600015895913	8010.544178639801
13152	24782	256	11.325711622934321	7986.921063772894
13154	24784	256	11.283949716205703	7963.351879832054
13158	24788	256	11.242313995889496	7939.836538449932
13160	24790	256	11.200804162690673	7916.37495135155
13164	24794	256	11.159419917838488	7892.9670303539
13165	24795	256	11.11816096308646	7869.61268736623
13168	24802	256	11.077027000711148	7846.31183438965
13170	24805	256	11.03601773351212	7823.064383517426
13175	24815	256	10.995132864810731	7799.870246934582
13180	24820	256	10.954372098450067	7776.729336918168
13184	24825	256	10.91373513879378	7753.641565836911
13194	24836	256	10.873221690725991	7730.606846151445
13197	24839	256	10.832831459650123	7707.625090413967
13200	24844	256	10.792564151488834	7684.69621126849
13203	24847	256	10.75241947268282	7661.820121450464
13208	24853	256	10.712397130190777	7638.996733787063
13215	24865	256	10.6724968314882	7616.225961196793
13218	24868	256	10.632718284567305	7593.507716689753
13219	24870	256	10.59306119793589	7570.84191336729
13220	24871	256	10.553525280617235	7548.228464422237
13224	24878	256	10.514110242148934	7525.667283138558
13225	24879	256	10.474815792582847	7503.158282891603
13228	24882	256	10.435641642483876	7480.701377147734
13233	24887	256	10.396587502929979	7458.296479464611
13236	24891	256	10.35765308551092	7435.943503490795
13238	24893	256	10.318838102328236	7413.642362966019
13239	24894	256	10.28014226599408	7391.392971720833
13247	24913	256	10.241565289631135	7369.195243676852
13251	24917	256	10.203106886871437	7347.049092846383
13257	24925	256	10.164766771856334	7324.954433332703
13259	24928	256	10.126544659235318	7302.911179329686
13263	24933	256	10.088440264165936	7280.919245122057
13271	24942	256	10.050453302312638	7258.978545085027
13272	24943	256	10.01258348984671	7237.088993684559
13273	24944	256	9.974830543445123	7215.250505476997
13277	24950	256	9.937194180290447	7193.462995109335
13283	24957	256	9.899674118069717	7171.726377318838
13284	24958	256	9.862270074974319	7150.040566933302
13285	24959	256	9.8249817696989	7128.4054788707135
13289	24963	256	9.787808921441233	7106.821028139468
13295	24977	256	9.750751249901109	7085.287129838041
13300	24984	256	9.71380847528025	7063.803699155232
13301	24985	256	9.676980318281153	7042.370651369794
13303	24988	256	9.640266500107035	7020.987901850707
13308	24994	256	9.603666742460687	6999.65536605681
13314	25000	256	9.567180767544357	6978.372959537041
13319	25005	256	9.53080829805868	6957.140597930107
13321	25007	256	9.494549057202537	6935.958196964706
13324	25010	256	9.458402768671968	6914.825672459201
13325	25012	256	9.422369156660043	6893.742940321838
13327	25017	256	9.386447945855778	6872.709916550421
13330	25020	256	9.350638861444015	6851.726517232539
13338	25028	256	9.31494162910432	6830.792658545225
13339	25029	256	9.27935597501089	6809.908256755204
13344	25034	256	9.243881625831428	6789.073228218533
13347	25037	256	9.208518308727047	6768.287489380856
13350	25040	256	9.173265751351165	6747.55095677704
13352	25042	256	9.138123681849418	6726.863547031439
13360	25055	256	9.103091828858535	6706.225176857539
13365	25062	256	9.06816992150623	6685.635763058179
13367	25065	256	9.03335768941015	6665.095222525246
13368	25066	256	8.998654862677707	6644.603472239879
13369	25067	256	8.964061171905028	6624.160429272149
13377	25075	256	8.929576348176825	6603.766010781278
13385	25087	256	8.895200123065312	6583.420134015312
13386	25088	256	8.860932228630094	6563.1227163113535
13387	25089	256	8.826772397417091	6542.873675095224
13388	25090	256	8.792720362458397	6522.6729278816865
13389	25091	256	8.758775857271221	6502.520392274119
13391	25093	256	8.72493861585779	6482.415985964759
13394	25097	256	8.691208372704219	6462.359626734338
13396	25099	256	8.657584862780434	6442.35123245233
13398	25102	256	8.6240678215391	6422.390721076628
13399	25105	256	8.590656984915471	6402.478010653748
13400	25107	256	8.557352089326349	6382.613019318516
13403	25113	256	8.524152871669951	6362.795665294293
13404	25114	256	8.49105906932485	6343.025866892636
13405	25116	256	8.458070420149841	6323.303542513533
13407	25119	256	8.425186662482892	6303.628610645074
13408	25120	256	8.392407535140995	6284.000989863661
13409	25123	256	8.359732777419147	6264.420598833705
13411	25126	256	8.327162129090176	6244.887356307828
13420	25138	256	8.294695330403743	6225.4011811265555
13422	25140	256	8.262332122086153	6205.961992218519
13424	25142	256	8.230072245339397	6186.569708600176
13430	25149	256	8.197915441840745	6167.22424937587
13431	25150	256	8.165861453742293	6147.925533737863
13435	25155	256	8.133910023669989	6128.67348096605
13443	25166	256	8.102060894723522	6109.468010428195
13444	25167	256	8.07031381047525	6090.309041579592
13448	25173	256	8.038668514970077	6071.196493963283
13449	25174	256	8.00712475272443	6052.130287209757
13450	25175	256	7.975682268726079	6033.110341037137
13456	25183	256	7.9443408084331635	6014.136575250893
13458	25185	256	7.913100117773993	5995.208909744028
13461	25190	256	7.881959943146068	5976.327264496787
13463	25194	256	7.850920031415907	5957.491559576856
13467	25200	256	7.819980129918022	5938.701715139041
13471	25210	256	7.789139986454791	5919.957651425494
13475	25219	256	7.7583993492954395	5901.259288765405
13479	25225	256	7.72775796717586	5882.606547575183
13484	25230	256	7.697215589297634	5863.999348358174
13488	25235	256	7.666771965327859	5845.437611704855
13492	25241	256	7.636426845398156	5826.921258292532
13499	25250	256	7.606179980104493	5808.450208885536
13503	25254	256	7.576031120506206	5790.024384334933
13504	25256	256	7.545980018125809	5771.643705578701
13505	25257	256	7.5160264249480315	5753.308093641456
13507	25259	256	7.486170093419621	5735.01746963463
13509	25261	256	7.456410776448394	5716.77175475619
13514	25268	256	7.426748227403016	5698.570870290815
13516	25270	256	7.397182200112058	5680.41473760961
13521	25277	256	7.3677124488638075	5662.3032781703005
13524	25282	256	7.338338728405279	5644.236413516929
13526	25284	256	7.309060793942071	5626.21406528007
13527	25288	256	7.279878401137359	5608.236155176506
13532	25296	256	7.250791306111725	5590.302605009438
13533	25297	256	7.221799265442207	5572.413336668194
13536	25302	256	7.192902036162089	5554.56827212841
13542	25315	256	7.164099375759958	5536.767333451749
13543	25318	256	7.135391042179504	5519.010442786077
13545	25322	256	7.106776793818575	5501.297522365189
13548	25327	256	7.078256389528978	5483.628494508986
13549	25329	256	7.04982958861553	5466.003281623192
13553	25337	256	7.021496150835861	5448.421806199535
13554	25338	256	6.993255836399477	5430.883990815475
13555	25339	256	6.96510840596755	5413.3897581343645
13556	25342	256	6.937053620651979	5395.939030905184
13559	25348	256	6.909091242015214	5378.5317319627275
13562	25352	256	6.881221032069264	5361.167784227291
13564	25356	256	6.853442753275552	5343.847110704891
13566	25359	256	6.825756168543962	5326.569634486964
13568	25361	256	6.798161041232613	5309.33527875054
13579	25383	256	6.770657135146958	5292.14396675798
13583	25388	256	6.74324421453957	5274.995621857144
13585	25390	256	6.715922044109205	5257.890167481115
13591	25397	256	6.688690389000612	5240.827527148379
13598	25407	256	6.661549014803587	5223.807624462538
13600	25409	256	6.634497687552792	5206.830383112504
13608	25419	256	6.607536173726809	5189.895726872203
13610	25422	256	6.580664240247959	5173.003579600777
13613	25425	256	6.553881654481342	5156.153865242269
13615	25430	256	6.527188184234669	5139.346507825839
13623	25443	256	6.500583597757333	5122.581431465472
13627	25451	256	6.474067663740179	5105.858560360139
13629	25457	256	6.447640151314629	5089.177818793553
13630	25458	256	6.421300830052428	5072.5391311343155
13635	25469	256	6.395049469964758	5055.942421835655
13639	25475	256	6.368885841502044	5039.387615435612
13643	25480	256	6.342809715552992	5022.874636556738
13652	25499	256	6.316820863444427	5006.40340990629
13653	25500	256	6.29091905694037	4989.97386027596
13657	25506	256	6.265104068241824	4973.585912542035
13659	25510	256	6.239375669985859	4957.239491665129
13665	25523	256	6.213733635245421	4940.934522690363
13675	25557	256	6.188177737528411	4924.67093074708
13677	25559	256	6.162707750777501	4908.44864104904
13679	25566	256	6.137323449369178	4892.267578894112
13680	25573	256	6.112024608113599	4876.12766966449
13681	25574	256	6.086811002253637	4860.028838826385
13682	25577	256	6.061682407464715	4843.971011930225
13683	25578	256	6.036638599853857	4827.9541146103575
13684	25600	256	6.011679355959522	4811.978072585245
13687	25604	256	5.986804452750689	4796.0428116571875
13692	25611	256	5.962013667626639	4780.148257712481
13694	25613	256	5.937306778416074	4764.2943367211665
13698	25617	256	5.912683563376893	4748.480974737189
13700	25621	256	5.888143801195313	4732.708097898137
13701	25622	256	5.863687270985642	4716.975632425397
13705	25627	256	5.839313752289408	4701.283504623913
13708	25633	256	5.815023025075122	4685.631640882323
13712	25639	256	5.7908148697374155	4670.019967672721
13716	25643	256	5.7666890670968005	4654.448411550799
13718	25645	256	5.742645398398814	4638.916899155608
13720	25647	256	5.718683645313776	4623.425357209699
13722	25654	256	5.694803589935932	4607.973712518883
13723	25655	256	5.671005014783216	4592.561891972377
13727	25662	256	5.647287702796387	4577.189822542554
13731	25666	256	5.623651437338797	4561.857431285096
13735	25670	256	5.600096002195532	4546.564645338743
13736	25672	256	5.576621181573188	4531.311391925456
13737	25673	256	5.553226760098985	4516.097598350141
13738	25674	256	5.529912522820567	4500.923192000836
13739	25675	256	5.506678255205121	4485.788100348431
13741	25677	256	5.483523743139159	4470.692250946838
13742	25679	256	5.460448772927648	4455.635571432731
13744	25681	256	5.437453131293793	4440.617989525711
13745	25682	256	5.41453660537817	4425.639433028036
13747	25684	256	5.3916989827385	4410.699829824795
13749	25686	256	5.3689400513488055	4395.799107883652
13750	25687	256	5.346259599599154	4380.937195254985
13758	25703	256	5.323657416294831	4366.114020071655
13759	25704	256	5.301133290656093	4351.329510549146
13762	25708	256	5.278687012317326	4336.583594985321
13765	25713	256	5.256318371326818	4321.876201760575
13768	25717	256	5.2340271581458895	4307.207259337581
13769	25718	256	5.2118131636486895	4292.576696261444
13773	25724	256	5.189676179121333	4277.98444115946
13774	25725	256	5.167615996261675	4263.430422741256
13780	25735	256	5.145632407178458	4248.914569798546
13781	25736	256	5.1237252043910955	4234.436811205287
13784	25740	256	5.101894180828818	4219.997075917427
13785	25742	256	5.080139129830436	4205.59529297305
13786	25743	256	5.058459845143514	4191.231391492143
13787	25744	256	5.036856120924131	4176.9053006767335
13800	25762	256	5.015327751736043	4162.616949810652
13802	25765	256	4.993874532550455	4148.36626825968
13810	25777	256	4.972496258745165	4134.153185471289
13812	25779	256	4.951192726104353	4119.977630974817
13816	25785	256	4.929963730817752	4105.839534381206
13819	25790	256	4.90880906948038	4091.738825383148
13820	25791	256	4.887728539091747	4077.6754337548523
13822	25796	256	4.866721937055598	4063.649289352187
13828	25802	256	4.845789061179087	4049.6603221124315
13829	25803	256	4.824929709672548	4035.7084620544338
13830	25805	256	4.804143681148668	4021.7936392783577
13831	25806	256	4.783430774622244	4007.915783965839
13832	25807	256	4.762790789509362	3994.0748263797345
13833	25808	256	4.742223525627162	3980.270696864271
13838	25815	256	4.721728783193021	3966.5033258448093
13841	25819	256	4.701306362824297	3952.7726438279774
13844	25822	256	4.680956065537544	3939.0785814014494
13845	25823	256	4.660677692748226	3925.4210692340635
13846	25824	256	4.640471046269956	3911.8000380756143
13850	25833	256	4.620335928314197	3898.21541875696
13851	25834	256	4.600272141489509	3884.6671421898222
13852	25835	256	4.580279488801256	3871.1551393668965
13853	25836	256	4.560357773650828	3857.679341361631
13854	25837	256	4.540506799835391	3844.2396793283724
13855	25838	256	4.520726371547066	3830.8360845021098
13857	25840	256	4.501016293372714	3817.4684881986427
13860	25848	256	4.481376370293097	3804.1368218143184
13861	25849	256	4.461806407682665	3790.8410168261926
13865	25855	256	4.44230621130876	3777.5810047918035
13866	25856	256	4.422875587331231	3764.35671734921
13869	25861	256	4.403514342301977	3751.168086216997
13874	25868	256	4.384222283164222	3738.0150431940806
13875	25870	256	4.36499921725223	3724.897520159832
13876	25871	256	4.34584495229054	3711.815449073859
13878	25878	256	4.326759296393704	3698.768761976132
13879	25879	256	4.307742058065501	3685.7573909867615
13881	25883	256	4.288793046198677	3672.781268306127
13883	25885	256	4.269912070074172	3659.8403262146535
13884	25886	256	4.2510989393608485	3646.934497072937
13885	25887	256	4.232353464114728	3634.063713321527
13887	25889	256	4.213675454778727	3621.2279074810567
13889	25891	256	4.195064722181864	3608.427012152006
13891	25893	256	4.176521077539032	3595.6609600148518
13893	25895	256	4.158044332450195	3582.9296838298255
13899	25902	256	4.139634298900144	3570.233116437055
13902	25906	256	4.121290789257719	3557.5711907563345
13903	25907	256	4.103013616275547	3544.943839787254
13906	25911	256	4.08480259308928	3532.3509966089823
13907	25912	256	4.066657533217322	3519.7925943803893
13908	25913	256	4.048578250560074	3507.2685663398242
13909	25917	256	4.030564559399663	3494.77884580525
13911	25920	256	4.012616274399177	3482.323366174011
13915	25924	256	3.9947332106024094	3469.9020609229738
13916	25925	256	3.9769151834330922	3457.514863608295
13927	25942	256	3.95916200869463	3445.161707865554
13930	25947	256	3.9414735025693393	3432.842527409528
13931	25948	256	3.923849481618199	3420.5572560343307
13932	25949	256	3.9062897627800637	3408.305827613173
13934	25951	256	3.888794163371432	3396.0881760985076
13935	25952	256	3.871362501085659	3383.9042355217957
13937	25954	256	3.8539945939927187	3371.7539399936427
13938	25955	256	3.836690260538434	3359.637223703577
13943	25962	256	3.8194493195442125	3347.5540209201713
13945	25964	256	3.8022715902063053	3335.504265990831
13956	25980	256	3.785156892095522	3323.4878933419077
13957	25982	256	3.7681050451565037	3311.5048374784974
13961	25986	256	3.7511158697074363	3299.5550329845514
13962	25987	256	3.7341891864393206	3287.638414522669
13963	25989	256	3.7173248164156845	3275.7549168342093
13966	25992	256	3.7005225810718625	3263.9044747390894
13971	25998	256	3.683782302214709	3252.0870231358995
13973	26000	256	3.6671038020218645	3240.302497001686
13978	26006	256	3.6504869030414837	3228.550831392078
13979	26009	256	3.633931428191491	3216.831961441069
13980	26010	256	3.617437200759325	3205.1458223611435
13981	26011	256	3.601004044401189	3193.4923494430595
13982	26012	256	3.584631783141778	3181.8714780559676
13983	26013	256	3.5683202413735606	3170.2831436472084
13984	26014	256	3.552069243856484	3158.7272817424123
13985	26016	256	3.5358786157172606	3147.2038279453113
13986	26018	256	3.519748182449088	3135.712717937843
13987	26019	256	3.503677769910924	3124.253887479946
13988	26020	256	3.487667204327197	3112.8272724096682
13989	26021	256	3.471716312287107	3101.432808642976
13990	26022	256	3.4558249207443223	3090.0704321738517
13992	26024	256	3.4399928570162746	3078.7400790740962
13993	26025	256	3.424219948783875	3067.441685493442
13995	26027	256	3.4085060240907987	3056.1751876593485
13996	26029	256	3.3928509113431957	3044.9405218771103
13998	26034	256	3.3772544393089863	3033.7376245296578
14000	26036	256	3.3617164371175736	3022.5664320776673
14001	26037	256	3.346236734259134	3011.426881059358
14002	26040	256	3.330815160584337	3000.318908090606
14004	26042	256	3.315451546303619	2989.2424498647333
14005	26043	256	3.3001457219869237	2978.197443152626
14007	26048	256	3.2848975185629854	2967.1838248025383
14008	26052	256	3.2697067673190294	2956.2015317401815
14011	26055	256	3.254573299900093	2945.2505009685474
14012	26056	256	3.2394969483087235	2934.3306695680017
14015	26059	256	3.224477544904278	2923.4419746960884
14017	26061	256	3.2095149224026396	2912.584353587639
14019	26064	256	3.1946089138755216	2901.757743554576
14020	26065	256	3.1797593527501684	2890.9620819860115
14021	26066	256	3.164966072808673	2880.1973063480586
14023	26069	256	3.15022890818768	2869.4633541839357
14026	26073	256	3.135547693377687	2858.7601631137627
14028	26075	256	3.120922263222769	2848.087670834676
14031	26078	256	3.1063524529198765	2837.44581512063
14034	26084	256	3.0918380980185414	2826.8345338224917
14036	26086	256	3.0773790344201983	2816.253764867862
14037	26087	256	3.0629750983778923	2805.70344626117
14041	26093	256	3.048626126495581	2795.183516083479
14042	26095	256	3.034331955727858	2784.693912492593
14045	26101	256	3.0200924233792517	2774.234573722859
14046	26102	256	3.005907367103946	2763.805438085271
14053	26111	256	2.991776624905094	2753.406443967284
14055	26113	256	2.9777000351345264	2743.037529832905
14058	26117	256	2.9636774364920613	2732.698634222508
14064	26128	256	2.949708668025224	2722.389695752932
14066	26132	256	2.935793569128563	2712.1106531172936
14068	26134	256	2.921931979543353	2701.8614450850823
14070	26136	256	2.9081237393569226	2691.642010501975
14071	26137	256	2.8943686890023637	2681.4522882899355
14072	26141	256	2.880666669257843	2671.2922174470173
14073	26142	256	2.867017521246328	2661.161737047476
14074	26144	256	2.853421086434894	2651.060786241569
14075	26145	256	2.839877206634444	2640.98930425566
14078	26148	256	2.826385723999024	2630.9472303920234
14081	26151	256	2.8129464810255507	2620.9345040289595
14085	26158	256	2.7995593205531137	2610.951064620584
14087	26160	256	2.7862240857627043	2600.9968516969443
14088	26161	256	2.7729406201765325	2591.071804863822
14090	26165	256	2.7597087676577416	2581.1758638028327
14091	26167	256	2.7465283724097382	2571.308968271244
14092	26169	256	2.733399278975894	2561.471058102062
14094	26172	256	2.720321332238888	2551.662073203857
14098	26176	256	2.707294377420411	2541.8819535608527
14099	26177	256	2.6943182600804914	2532.13063923274
14100	26178	256	2.6813928261172153	2522.408070354776
14101	26179	256	2.6685179217660617	2512.714187137604
14102	26180	256	2.655693393599598	2503.048929867335
14103	26182	256	2.6429190885268308	2493.4122389053773
14104	26183	256	2.6301948537929034	2483.804054688521
14106	26187	256	2.6175205369784447	2474.224317728762
14108	26189	256	2.604895985999272	2464.6729686133954
14110	26192	256	2.5923210491057267	2455.1499480048237
14111	26193	256	2.57979557488239	2445.655196640662
14112	26195	256	2.5673194122474228	2436.188655333549
14113	26196	256	2.554892410452276	2426.7502649712465
14114	26197	256	2.542514419081024	2417.339966516446
14116	26201	256	2.5301852880500806	2407.957701006871
14121	26208	256	2.517904867607552	2398.6034095550986
14124	26214	256	2.505673008332924	2389.2770333486374
14131	26224	256	2.4934895611364256	2379.9785136497626
14133	26227	256	2.481354377258736	2370.7077917956008
14140	26235	256	2.469267308270321	2361.464809197947
14141	26236	256	2.4572282060711546	2352.249507343362
14147	26246	256	2.445236922890058	2343.0618277929884
14149	26248	256	2.4332933112844177	2333.901712182645
14150	26250	256	2.421397224139525	2324.7691022226427
14152	26253	256	2.4095485146682964	2315.663939697884
14158	26263	256	2.397747036410619	2306.5861664676736
14160	26266	256	2.385992643233054	2297.5357244658153
14161	26267	256	2.374285189328204	2288.512555700432
14164	26272	256	2.3626245292144112	2279.5166022540575
14167	26278	256	2.351010517735117	2270.547806283455
14170	26285	256	2.339443010058568	2261.6061100197117
14173	26289	256	2.3279218616771713	2252.691455768053
14174	26290	256	2.3164469284072102	2243.8037859079427
14178	26296	256	2.3050180663882007	2234.943042892901
14186	26307	256	2.2936351320825876	2226.109169250587
14191	26318	256	2.2822979822751255	2217.302107582636
14194	26324	256	2.271006474072564	2208.521800564731
14195	26326	256	2.2597604649030347	2199.768190946447
14196	26327	256	2.2485598125157367	2191.0412215513197
14199	26330	256	2.2374043749803176	2182.3408352766855
14200	26332	256	2.226294010686561	2173.6669750937535
14208	26343	256	2.2152285783437966	2165.0195840474626
14213	26349	256	2.2042079369804877	2156.398605256479
14214	26352	256	2.1932319459438303	2147.8039819131996
14217	26358	256	2.182300464899153	2139.2356572836015
14218	26359	256	2.171413353829613	2130.693574707321
14222	26366	256	2.160570473035572	2122.1776775974845
14223	26367	256	2.149771683134301	2113.6879094407914
14224	26368	256	2.1390168450593583	2105.2242137973485
14225	26369	256	2.128305820060279	2096.786534300741
14226	26370	256	2.117638469701974	2088.3748146578814
14227	26372	256	2.10701465586441	2079.988998649071
14231	26377	256	2.0964342407420062	2071.629030127849
14232	26378	256	2.0858970868433233	2063.2948530210597
14233	26379	256	2.075403056990455	2054.9864113286953
14235	26384	256	2.0649520143187208	2046.7036491239705
14237	26386	256	2.0545438222760604	2038.4465105531624
14240	26393	256	2.044178344622716	2030.214939835675
14241	26395	256	2.0338554454306412	2022.008881263893
14244	26399	256	2.0235749890831776	2013.8282792032455
14245	26400	256	2.0133368402744667	2005.6730780920527
14246	26401	256	2.003140864009123	1997.5432224415893
14247	26402	256	1.9929869256016504	1989.4386568359394
14249	26404	256	1.9828748906761164	1981.3593259320537
14250	26406	256	1.9728046251655627	1973.3051744596014
14258	26414	256	1.962775995311694	1965.276147221041
14259	26415	256	1.9527888676642755	1957.272189091457
14260	26416	256	1.9428431090808254	1949.293245018636
14262	26418	256	1.9329385867260218	1941.339260022911
14270	26430	256	1.9230751680713831	1933.4101791972225
14272	26432	256	1.9132527208946866	1925.5059477069765
14273	26433	256	1.903471113279643	1917.6265107901002
14275	26436	256	1.89373021361532	1909.7718137568993
14276	26440	256	1.8840298905958146	1901.9418019901166
14277	26441	256	1.8743700132196714	1894.136420944781
14278	26442	256	1.8647504507895762	1886.3556161482823
14279	26443	256	1.8551710729117536	1878.5993332002058
14280	26444	256	1.8456317494956644	1870.8675177724085
14284	26450	256	1.83613235075342	1863.1601156088648
14286	26453	256	1.8266727471994568	1855.477072525727
14287	26454	256	1.8172528096499707	1847.8183344111826
14288	26455	256	1.8078724092225915	1840.183847225518
14289	26459	256	1.7985314173357998	1832.5735570009604
14291	26461	256	1.7892297057086155	1824.9874098417486
14293	26464	256	1.7799671463600253	1817.4253519239876
14294	26465	256	1.7707436116086512	1809.8873294957002
14296	26467	256	1.7615589740721884	1802.3732888766906
14297	26468	256	1.7524131066670812	1794.883176458602
14300	26471	256	1.743305882607947	1787.4169387047655
14301	26472	256	1.7342371754072645	1779.9745221502674
14302	26474	256	1.7252068588747977	1772.5558734018034
14305	26477	256	1.7162148071172783	1765.160939137734
14306	26481	256	1.7072608945378334	1757.789666107942
14311	26489	256	1.6983449958356696	1750.4420011338932
14314	26493	256	1.689466986005508	1743.1178911084942
14316	26496	256	1.680626740337252	1735.8172829961425
14317	26497	256	1.6718241344154374	1728.5401238325949
14322	26504	256	1.6630590441189013	1721.2863607250163
14324	26509	256	1.6543313456202189	1714.055940851841
14326	26512	256	1.6456409153853915	1706.848811462832
14328	26515	256	1.636987630173272	1699.6649198789348
14329	26516	256	1.6283713670352529	1692.5042134923376
14337	26527	256	1.6197920033147024	1685.366639766328
14341	26532	256	1.6112494166466436	1678.2521462353516
14343	26535	256	1.6027434849571973	1671.16068050487
14344	26536	256	1.5942740864632574	1664.0921902514167
14345	26537	256	1.585841099671936	1657.0466232224567
14349	26542	256	1.5774444033802417	1650.0239272364431
14351	26544	256	1.569083876674523	1643.0240501826768
14352	26545	256	1.56075939893015	1636.0469400213624
14353	26547	256	1.5524708498109547	1629.0925447834677
14356	26552	256	1.5442181092689113	1622.1608125707774
14357	26553	256	1.536001057543589	1615.2516915557596
14359	26555	256	1.5278195751618229	1608.3651299816152
14361	26559	256	1.5196735429371675	1601.501076162141
14362	26561	256	1.5115628419695715	1594.6594784817844
14364	26564	256	1.503487353644831	1587.8402853955042
14365	26565	256	1.495446959634266	1581.0434454288259
14366	26568	256	1.4874415418941753	1574.2689071777052
14370	26572	256	1.4794709826655117	1567.5166193085784
14371	26573	256	1.4715351644733332	1560.7865305582266
14373	26575	256	1.4636339701264882	1554.078589733831
14375	26580	256	1.4557672827170614	1547.3927457128307
14376	26581	256	1.4479349856200596	1540.7289474429829
14378	26583	256	1.4401369624928664	1534.0871439422235
14380	26587	256	1.432373097274916	1527.4672842987168
14389	26601	256	1.424643274187153	1520.869317670721
14400	26628	256	1.4169473777317139	1514.2931932866445
14401	26631	256	1.409285292691383	1507.7388604449063
14403	26634	256	1.4016569041292688	1501.206268513988
14405	26637	256	1.3940620973882696	1494.6953669323016
14407	26642	256	1.386500758090746	1488.2061052082365
14411	26647	256	1.3789727721379896	1481.7384329200313
14415	26651	256	1.3714780257098922	1475.292299715818
14416	26652	256	1.3640164052644186	1468.867655313494
14418	26654	256	1.3565877975372769	1462.4644495007678
14419	26655	256	1.349192089541389	1456.08263213503
14420	26656	256	1.341829168566565	1449.7221531434
14421	26658	256	1.3344989221789714	1443.382962522594
14423	26660	256	1.3272012382208076	1437.0650103389767
14425	26664	256	1.3199360048097768	1430.7682467284274
14426	26668	256	1.3127031103387592	1424.4926218963878
14428	26671	256	1.3055024434752858	1418.2380861177337
14431	26676	256	1.298333893161212	1412.0045897368198
14433	26681	256	1.291197348612194	1405.792083167353
14435	26687	256	1.28409269931736	1399.6005168924364
14438	26690	256	1.2770198350387882	1393.4298414644416
14441	26694	256	1.2699786458111793	1387.2800075050545
14442	26695	256	1.262969021941336	1381.1509657051483
14452	26713	256	1.2559908540078348	1375.042666824826
14453	26714	256	1.2490440328605064	1368.9550616932963
14454	26715	256	1.2421284496201086	1362.8881012089162
14455	26716	256	1.235243995677807	1356.8417363390647
14456	26720	256	1.2283905626948488	1350.8159181201872
14457	26723	256	1.2215680426020459	1344.8105976576708
14458	26724	256	1.2147763275994456	1338.8257261258839
14459	26726	256	1.2080153101558169	1332.8612547680548
14460	26727	256	1.2012848830083234	1326.9171348963139
14464	26735	256	1.1945849391620067	1320.9933178915678
14465	26738	256	1.187915371889462	1315.089755203542
14467	26740	256	1.1812760747303217	1309.2063983506562
14468	26741	256	1.1746669414909339	1303.34319892007
14478	26755	256	1.1680878662438428	1297.5001085675533
14479	26756	256	1.1615387433274689	1291.6770790175328
14480	26757	256	1.155019467345595	1285.8740620629671
14482	26759	256	1.1485299331670393	1280.091009565387
14484	26761	256	1.1420700359251479	1274.3278734547746
14485	26762	256	1.1356396710174659	1268.5846057296026
14487	26768	256	1.1292387341052321	1262.8611584567136
14488	26770	256	1.122867121113048	1257.157483771358
14489	26772	256	1.1165247282283777	1251.4735338770768
14491	26777	256	1.1102114519012152	1245.809261045736
14492	26778	256	1.103927188843582	1240.16461761741
14494	26783	256	1.0976718360292006	1234.5395560004183
14495	26784	256	1.0914452906929892	1228.9340286712065
14503	26799	256	1.0852474503307374	1223.3479881743854
14510	26808	256	1.0790782126986025	1217.7813871226099
14512	26811	256	1.0729374758127797	1212.234178196617
14515	26817	256	1.066825137949008	1206.7063141451101
14519	26825	256	1.0607410976422365	1201.1977477847913
14524	26832	256	1.05468525368613	1195.708432000248
14525	26833	256	1.0486575051327398	1190.2383197439874
14526	26834	256	1.0426577512920046	1184.787364036319
14530	26840	256	1.0366858917314261	1179.3555179653918
14531	26842	256	1.0307418262755708	1173.9427346870755
14532	26843	256	1.0248254550057436	1168.5489674249993
14533	26846	256	1.0189366782594924	1163.1741694704338
14534	26848	256	1.0130753966302806	1157.8182941823254
14535	26849	256	1.0072415109670045	1152.4812949871914
14537	26853	256	1.0014349223736145	1147.1631253791081
14540	26858	256	0.9956555322087355	1141.8637389196983
14544	26864	256	0.9899032420851852	1136.5830892380231
14545	26868	256	0.9841779538696491	1131.321130030622
14548	26872	256	0.9784795696821889	1126.0778150613921
14550	26880	256	0.972807991895913	1120.8530981616254
14551	26881	256	0.9671631231364922	1115.6469332298936
14561	26898	256	0.9615448662818296	1110.459274232084
14565	26907	256	0.9559531244615731	1105.2900752012813
14566	26908	256	0.9503878010567891	1100.1392902378047
14578	26936	256	0.9448487996994762	1095.0068735090938
14581	26941	256	0.939336024272238	1089.8927792497407
14582	26943	256	0.9338493789077975	1084.7969617613765
14583	26944	256	0.9283887679886708	1079.719375412706
14584	26945	256	0.9229540961466836	1074.6599746393947
14590	26958	256	0.9175452682626443	1069.6187139440992
14597	26997	256	0.9121621894658596	1064.595547896357
14601	27018	256	0.9068047651338118	1059.5904311326185
14603	27161	256	0.9014729008916729	1054.603318356134
14604	27648	256	0.8961665026119817	1049.6341643369867
14605	27658	256	0.8908854764141618	1044.682923911981
14606	27659	256	0.8856297286641952	1039.7495519846734
14607	27660	256	0.880399165974144	1034.8340035252618
14630	27683	256	0.875193695201824	1029.9362335706167
14631	27684	256	0.8700132234503284	1025.0561972241726
14656	27709	256	0.8648576580676971	1020.1938496559538
14662	27715	256	0.8597269066464462	1015.3491461024701
14663	27716	256	0.8546208770232379	1010.522041866743
14664	27717	256	0.8495394772784071	1005.7124923181991
14666	27719	256	0.8444826157356334	1000.9204528926964
14667	27720	256	0.8394502009614708	996.1458790924198
14668	27721	256	0.8344421417650176	991.3887264859065
14669	27722	256	0.8294583471974467	986.6489507079399
14670	27723	256	0.8244987265516789	981.9265074595788
14671	27724	256	0.8195631893619115	977.2213525080477
14672	27725	256	0.8146516454032912	972.5334416867657
14673	27726	256	0.8097640046914469	967.8627308952421
14674	27727	256	0.8049001774821609	963.2091760990992
14675	27728	256	0.8000600742709028	958.5727333299709
14676	27729	256	0.7952436057925004	953.9533586855257
14677	27730	256	0.790450683020676	949.3510083293637
14678	27731	256	0.7856812171677188	944.7656384910433
14679	27732	256	0.7809351196840181	940.1972054659733
14680	27733	256	0.7762123022577384	935.6456656154417
14681	27734	256	0.7715126768143552	931.1109753665099
14682	27735	256	0.7668361555163278	926.593091212039
14683	27736	256	0.7621826507626372	922.0919697105853
14684	27737	256	0.7575520751884594	917.6075674864254
14686	27739	256	0.7529443416647028	913.1398412294525
14687	27740	256	0.7483593632976845	908.6887476952023
14688	27741	256	0.7437970534286681	904.2542437047495
14689	27742	256	0.7392573256335363	899.8362861447303
14690	27743	256	0.7347400937223354	895.434831967243
14691	27744	256	0.730245271738945	891.0498381898692
14693	27746	256	0.7257727739606239	886.6812618955743
14704	27757	256	0.7213225148976811	882.3290602327287
14707	27760	256	0.7168944092930207	877.9931904150075
14708	27761	256	0.7124883721218159	873.6736097214138
14709	27762	256	0.7081043185910534	869.370275496177
14710	27763	256	0.7037421641392066	865.0831451487758
14726	27779	256	0.6994018244357829	860.8121761538375
14728	27781	256	0.6950832153809963	856.5573260511604
14730	27783	256	0.6907862531053172	852.3185524456147
14731	27784	256	0.6865108539691421	848.0958130071621
14732	27785	256	0.6822569345623472	843.8890654707586
14733	27786	256	0.6780244117039583	839.6982676363756
14734	27787	256	0.6738132024417034	835.5233773688988
14735	27788	256	0.6696232240516848	831.3643525981521
14736	27789	256	0.6654543940379316	827.2211513187967
14738	27791	256	0.6613066301320725	823.0937315903534
14739	27792	256	0.6571798502928904	818.9820515371044
14740	27793	256	0.6530739727059932	814.8860693481117
14741	27794	256	0.648988915783371	810.8057432771224
14742	27795	256	0.6449245981630668	806.7410316425857
14743	27796	256	0.6408809387087352	802.6918928275583
14744	27797	256	0.6368578565093128	798.6582852797223
14745	27798	256	0.6328552708785774	794.6401675112893
14746	27799	256	0.6288731013548189	790.637498099018
14748	27801	256	0.6249112677004017	786.6502356841213
14749	27802	256	0.6209696899014333	782.6783389722809
14750	27803	256	0.6170482881673276	778.7217667335553
14753	27806	256	0.6131469829304756	774.7804778023951
14754	27807	256	0.609265694845809	770.8544310775507
14755	27808	256	0.6054043447904706	766.9435855220873
14757	27810	256	0.6015628538633786	763.0479001632924
14758	27811	256	0.5977411433848993	759.1673340926917
14759	27812	256	0.5939391348964099	755.3018464659566
14760	27813	256	0.5901567501599737	751.4513965029197
14761	27814	256	0.5863939111579026	747.6159434874819
14762	27815	256	0.582650540092431	743.7954467676284
14764	27817	256	0.5789265593852843	739.9898657553374
14765	27818	256	0.575221891677348	736.199159926593
14766	27819	256	0.5715364598282386	732.4232888212957
14767	27820	256	0.5678701869159754	728.6622120432766
14768	27821	256	0.5642229962365493	724.915889260206
14769	27822	256	0.5605948113035949	721.1842802036066
14770	27823	256	0.5569855558479635	717.4673446687657
14771	27824	256	0.5533951538173938	713.7650425147472
14772	27825	256	0.5498235293760829	710.0773336643003
14773	27826	256	0.5462706069043618	706.4041781038765
14774	27827	256	0.5427363109982658	702.7455358835363
14775	27828	256	0.5392205664692088	699.101367116965
14777	27830	256	0.5357232983435563	695.4716319813814
14797	27850	256	0.5322444318623001	691.8562907175531
14799	27852	256	0.528783892480631	688.255303629704
14800	27853	256	0.5253416058676148	684.6686310855315
14802	27855	256	0.5219174979057664	681.0962335161136
14808	27861	256	0.5185114946907242	677.5380714159243
14816	27869	256	0.515123522530827	673.9941053427434
14820	27873	256	0.5117535079467882	670.4642959176698
14821	27874	256	0.5084013776712735	666.9486038250336
14822	27875	256	0.5050670586485745	663.4469898124064
14823	27876	256	0.5017504780341896	659.9594146905164
14825	27878	256	0.49845156319449635	656.485839333257
14827	27880	256	0.4951702417063325	653.026224677602
14828	27881	256	0.4919064413566711	649.5805317236163
14829	27882	256	0.48866009014220035	646.1487215343676
14867	27920	256	0.4854311162689992	642.7307552359392
14877	27930	256	0.48221944815212037	639.3265940173437
14881	27934	256	0.47902501441526296	635.936199130531
14930	27983	256	0.4758477438903584	632.5595318903057
14931	27984	256	0.47268756561724407	629.1965536743359
14933	27986	256	0.469544408843248	625.8472259230666
14934	27987	256	0.46641820302286435	622.511510139732
14935	27988	256	0.4633088778173383	619.1893678902677
14936	27989	256	0.4602163630943424	615.8807608033227
14937	27990	256	0.45714058892756304	612.5856505701736
14938	27991	256	0.4540814855963747	609.303998944733
14939	27992	256	0.45103898358542993	606.0357677434678
14940	27993	256	0.4480130135843326	602.7809188454048
14941	27994	256	0.445003506487229	599.5394141920498
14942	27995	256	0.4420103933924815	596.311215787394
14943	27996	256	0.43903360560226096	593.0962856978323
14944	27997	256	0.4360730746222204	589.8945860521704
14945	27998	256	0.4331287321610866	586.7060790415418
14947	28000	256	0.43020051013033805	583.5307269194167
14948	28001	256	0.42728834064379406	580.3684920015179
14962	28015	256	0.42439215601729363	577.21933666583
14963	28016	256	0.4215118887682875	574.0832233525165
14964	28017	256	0.4186474716155139	570.9601145639258
14967	28020	256	0.415798837478595	567.8499728645122
14977	28030	256	0.4129659194777106	564.7527608808398
14978	28031	256	0.41014865093319675	561.6684413015041
14979	28032	256	0.40734696536521886	558.5969768771353
14982	28035	256	0.40456079649337184	555.5383304203206
14983	28036	256	0.40179007823635376	552.4924648056079
14984	28037	256	0.3990347447115658	549.4593429694271
14992	28045	256	0.39629473023478784	546.438927910095
15004	28057	256	0.3935699693197826	543.4311826877406
15012	28065	256	0.3908603966779479	540.4360704242841
15014	28067	256	0.3881659472179706	537.4535543034164
15015	28068	256	0.38548655604543086	534.4835975705236
15016	28069	256	0.38282215846247947	531.5261635326931
15017	28070	256	0.38017268996743997	528.5812155586343
15019	28072	256	0.37753808625448526	525.6487170786831
15028	28081	256	0.3749182832132405	522.7286315847232
15029	28082	256	0.37231321692846064	519.8209226301908
15030	28083	256	0.36972282367963416	516.9255538299966
15031	28084	256	0.36714703994066056	514.0424888605293
15032	28085	256	0.36458580237945454	511.1716914595776
15033	28086	256	0.3620390478576255	508.3131254263351
15034	28087	256	0.35950671343008056	505.4667546213212
15035	28088	256	0.35698873634470574	502.63254296638655
15036	28089	256	0.35448505404196984	499.8104544446338
15037	28090	256	0.35199560415460485	497.0004531004227
15038	28091	256	0.3495203245072125	494.2025030392926
15039	28092	256	0.34705915311594226	491.41656842796397
15040	28093	256	0.3446120281881023	488.6426134942652
15041	28094	256	0.34217888812183517	485.8806025271323
15042	28095	256	0.33975967150572983	483.13049987653415
15043	28096	256	0.3373543171184995	480.3922699534748
15044	28097	256	0.3349627639285923	477.66587722991756
15045	28098	256	0.33258495109387126	474.95128623878776
15046	28099	256	0.330220817961225	472.2484615738965
15047	28100	256	0.3278703040662472	469.5573678899426
15048	28101	256	0.32553334913285	466.87796990243856
15049	28102	256	0.3232098930729429	464.2102323877112
15050	28103	256	0.3208998759860462	461.5541201828269
15051	28104	256	0.3186032381589716	458.90959818559406
15052	28105	256	0.31631992006543624	456.2766313544875
15053	28106	256	0.31404986236574295	453.65518470865044
15054	28107	256	0.3117930059063956	451.04522332781994
15055	28108	256	0.30954929171977913	448.44671235232784
15056	28109	256	0.3073186610237773	445.85961698302793
15057	28110	256	0.30510105522145137	443.2839024812947
15058	28111	256	0.30289641590065924	440.71953416895184
15059	28112	256	0.30070468483373514	438.1664774282718
15060	28113	256	0.29852580397710843	435.62469770190245
15063	28116	256	0.2963597154709846	433.0941604928681
15064	28117	256	0.2942063616389648	430.5748313644958
15065	28118	256	0.2920656849877262	428.0666759404156
15066	28119	256	0.28993762820664415	425.56965990448884
15067	28120	256	0.2878221341674716	423.0837490008065
15068	28121	256	0.28571914592396125	420.608909033618
15069	28122	256	0.2836286067115477	418.14510586733013
15070	28123	256	0.2815504599469695	415.6923054264366
15071	28124	256	0.27948464922794986	413.2504736955144
15072	28125	256	0.2774311183328218	410.8195767191556
15073	28126	256	0.27538981122020895	408.3995806019642
15074	28127	256	0.2733606720286499	405.99045150848536
15075	28128	256	0.2713436450762811	403.5921556632046
15076	28129	256	0.2693386748604617	401.20465935047696
15077	28130	256	0.26734570605745533	398.8279289145239
15078	28131	256	0.265364683522058	396.461930759366
15079	28132	256	0.2633955522872789	394.10663134881753
15080	28133	256	0.26143825756396905	391.76199720641904
15081	28134	256	0.25949274474050316	389.42799491543366
15082	28135	256	0.25755895938240875	387.10459111877867
15083	28136	256	0.25563684723204777	384.79175251902103
15084	28137	256	0.2537263542082475	382.48944587831085
15085	28138	256	0.2518274264059827	380.1976380183763
15086	28139	256	0.2499400100960057	377.9162958204554
15087	28140	256	0.24806405172453044	375.6453862252934
15088	28141	256	0.24619949791286316	373.38487623307367
15089	28142	256	0.24434629545708605	371.13473290341454
15092	28145	256	0.24250439132768978	368.89492335530144
15094	28147	256	0.24067373266925665	366.6654147670825
15095	28148	256	0.23885426680009408	364.44617437640153
15096	28149	256	0.2370459412119184	362.237169480193
15097	28150	256	0.23524870356948943	360.03836743461636
15098	28151	256	0.23346250171029392	357.84973565505
15099	28152	256	0.23168728364418079	355.6712416160248
15100	28153	256	0.22992299755304615	353.50285285122015
15101	28154	256	0.2281695917904681	351.3445369533964
15104	28157	256	0.22642701488139302	349.1962615743911
15105	28158	256	0.22469521552177046	347.0579944250513
15106	28159	256	0.2229741425782397	344.9297032752292
15107	28160	256	0.22126374508776647	342.81135595371666
15108	28161	256	0.2195639722573286	340.7029203482384
15109	28162	256	0.21787477346355483	338.6043644053883
15110	28163	256	0.21619609825240943	336.51565613062144
15111	28164	256	0.21452789633883296	334.4367635881911
15112	28165	256	0.21287011760642705	332.3676549011417
15114	28167	256	0.2112227121070946	330.3082982512429
15116	28169	256	0.20958563006072709	328.2586618789857
15117	28170	256	0.20795882185484443	326.21871408351626
15118	28171	256	0.20634223804428195	324.18842322262924
15120	28173	256	0.2047358293508323	322.1677577127045
15121	28174	256	0.2031395466629327	320.15668602870034
15122	28175	256	0.20155334103530662	318.1551767040887
15123	28176	256	0.19997716368865198	316.1631983308489
15125	28178	256	0.1984109660092837	314.1807195594036
15127	28180	256	0.19685469954882262	312.2077090986124
15128	28181	256	0.19530831602383814	310.24413571570756
15129	28182	256	0.19377176731553736	308.28996823628705
15134	28187	256	0.19224500546940937	306.3451755442516
15138	28191	256	0.19072798269491442	304.40972658179726
15148	28201	256	0.18922065136512828	302.4835903493515
15155	28208	256	0.18772296401643276	300.5667359055674
15156	28209	256	0.18623487334816066	298.6591323672593
15157	28210	256	0.1847563322222856	296.76074890939566
15158	28211	256	0.18328729366306953	294.87155476503716
15159	28212	256	0.1818277108567516	292.9915192253277
15160	28213	256	0.18037753715119648	291.120611639433
15161	28214	256	0.1789367260555841	289.2588014145318
15162	28215	256	0.17750523124005915	287.40605801575515
15163	28216	256	0.17608300653541997	285.5623509661765
15164	28217	256	0.17467000593276935	283.72764984675104
15165	28218	256	0.17326618358320434	281.9019242963072
15166	28219	256	0.17187149379746716	280.08514401148483
15167	28220	256	0.1704858910456356	278.27727874672667
15168	28221	256	0.16910932995677466	276.47829831421734
15169	28222	256	0.1677417653186273	274.6881725838743
15170	28223	256	0.16638315207726712	272.90687148328743
15173	28226	256	0.16503344533678876	271.1343649977088
15176	28229	256	0.1636926003589622	269.37062316999373
15181	28234	256	0.16236057256292288	267.6156161005898
15182	28235	256	0.16103731752482692	265.86931394747785
15183	28236	256	0.15972279097754252	264.1316869261621
15184	28237	256	0.15841694881030421	262.40270530961
15185	28238	256	0.1571197470684056	260.68233942824196
15186	28239	256	0.15583114195285483	258.9705596698733
15187	28240	256	0.15455108982006677	257.26733647970235
15188	28241	256	0.1532795471815197	255.57264036025242
15189	28242	256	0.1520164707034477	253.88644187136077
15190	28243	256	0.15076181720649845	252.20871163012038
15191	28244	256	0.14951554366542572	250.5394203108688
15193	28246	256	0.14827760720874741	248.8785386451294
15194	28247	256	0.14704796511843934	247.2260374216012
15195	28248	256	0.14582657482959357	245.58188748610013
15196	28249	256	0.14461339393011274	243.94605974154817
15197	28250	256	0.1434083801603687	242.31852514791504
15198	28251	256	0.1422114914128973	240.69925472220706
15199	28252	256	0.14102268573205856	239.08821953840987
15200	28253	256	0.13984192131373113	237.48539072747644
15202	28255	256	0.1386691565049731	235.89073947726973
15203	28256	256	0.13750434980371676	234.30423703255084
15204	28257	256	0.13634745985843108	232.72585469492273
15205	28258	256	0.13519844546781606	231.1555638228171
15206	28259	256	0.13405726558046568	229.59333583143842
15208	28261	256	0.13292387929456317	228.03914219275111
15209	28262	256	0.13179824585754485	226.49295443542408
15211	28264	256	0.13068032466579524	224.95474414481706
15212	28265	256	0.12957007526431172	223.4244829629252
15213	28266	256	0.12846745734640047	221.90214258836625
15214	28267	256	0.12737243075334145	220.38769477632485
15219	28272	256	0.12628495547408464	218.88111133853917
15220	28273	256	0.1252049916449177	217.38236414324814
15221	28274	256	0.12413249954915367	215.89142511516596
15225	28278	256	0.12306743961681779	214.40826623545462
15226	28279	256	0.12200977242431613	212.93285954167163
15227	28280	256	0.1209594586941336	211.46517712775727
15228	28281	256	0.11991645929450073	210.00519114397872
15229	28282	256	0.11888073523909205	208.55287379691768
15230	28283	256	0.11785224768669371	207.10819734941438
15231	28284	256	0.1168309579409018	205.6711341205547
15233	28286	256	0.11581682744979174	204.2416564856159
15234	28287	256	0.1148098178056159	202.81973687605193
15235	28288	256	0.11380989074447426	201.40534777944026
15236	28289	256	0.11281700814601209	199.9984617394665
15237	28290	256	0.11183113203309139	198.5990513558719
15238	28291	256	0.11085222457148969	197.2070892844382
15239	28292	256	0.10988024806957107	195.82254823693432
15240	28293	256	0.10891516497798574	194.44540098110173
15241	28294	256	0.10795693788934206	193.07562034060095
15242	28295	256	0.1070055295379064	191.71317919499762
15243	28296	256	0.10606090279927564	190.35805047970834
15244	28297	256	0.10512302069007741	189.01020718598662
15245	28298	256	0.10419184636764366	187.66962236086974
15246	28299	256	0.10326734312971085	186.33626910716362
15247	28300	256	0.10234947441409459	185.01012058339055
15248	28301	256	0.10143820379838997	183.69115000377369
15249	28302	256	0.10053349499964674	182.37933063818465
15250	28303	256	0.0996353118740707	181.07463581212878
15251	28304	256	0.09874361841669882	179.77703890669204
15252	28305	256	0.09785837876110119	178.48651335852625
15253	28306	256	0.0969795571790572	177.2030326597968
15254	28307	256	0.09610711808025775	175.92657035816762
15255	28308	256	0.09524102601198174	174.65710005674825
15256	28309	256	0.09438124565879874	173.39459541407922
15257	28310	256	0.09352774184224702	172.13903014408038
15258	28311	256	0.09268047952053554	170.89037801603445
15259	28312	256	0.09183942378822277	169.64861285453577
15263	28316	256	0.09100453987591983	168.413708539475
15269	28322	256	0.09017579314996961	167.18563900598747
15276	28329	256	0.08935314911214987	165.96437824443686
15277	28330	256	0.08853657339935347	164.7499003003647
15278	28331	256	0.08772603178329183	163.5421792744737
15279	28332	256	0.08692149017017585	162.34118932257755
15280	28333	256	0.08612291460041971	161.14690465558417
15281	28334	256	0.08533027124832233	159.959299539445
15282	28335	256	0.08454352642177183	158.7783482951391
15285	28338	256	0.08376264656192738	157.6040252986221
15286	28339	256	0.08298759824292419	156.43630498081006
15287	28340	256	0.08221834817155625	155.27516182752936
15288	28341	256	0.08145486318698134	154.12057037949953
15292	28345	256	0.08069711026040456	152.97250523228365
15294	28347	256	0.0799450564947837	151.83094103627118
15295	28348	256	0.07919866912451384	150.69585249662896
15296	28349	256	0.07845791551513252	149.56721437328295
15297	28350	256	0.07772276316300514	148.44500148086976
15299	28352	256	0.076993179695031	147.3291886887192
15301	28354	256	0.07626913286832882	146.21975092080473
15302	28355	256	0.07555059056994333	145.11666315572643
15303	28356	256	0.07483752081653151	144.01990042666162
15304	28357	256	0.07412989175406959	142.9294378213478
15305	28358	256	0.07342767165753991	141.8452504820334
15306	28359	256	0.07273082893063827	140.7673136054604
15307	28360	256	0.07203933210546164	139.69560244281575
15308	28361	256	0.07135314984221565	138.63009229971343
15309	28362	256	0.07067225092890296	137.57075853614597
15311	28364	256	0.06999660428103131	136.51757656646666
15312	28365	256	0.06932617894130275	135.47052185934163
15313	28366	256	0.06866094407932144	134.4295699377311
15314	28367	256	0.06800086899128409	133.39469637884224
15315	28368	256	0.06734592309968811	132.3658768141103
15316	28369	256	0.06669607595302224	131.34308692915107
15318	28371	256	0.0660512972254757	130.32630246374268
15320	28373	256	0.0654115567166292	129.31549921177802
15321	28374	256	0.06477682435116418	128.31065302124566
15322	28375	256	0.06414707017855509	127.31173979418371
15323	28376	256	0.06352226437277872	126.31873548666006
15324	28377	256	0.06290237723200676	125.33161610872573
15325	28378	256	0.06228737917831622	124.35035772439618
15326	28379	256	0.06167724075738218	123.3749364516042
15327	28380	256	0.061071932638188664	122.40532846218112
15329	28382	256	0.06047142561272207	121.44150998180992
15335	28388	256	0.059875690595682624	120.48345729000667
15336	28389	256	0.05928469862417823	119.53114672007344
15339	28392	256	0.0586984208574361	118.58455465907932
15340	28393	256	0.05811682857649788	117.64365754781443
15341	28394	256	0.05753989318393122	116.7084318807702
15343	28396	256	0.05696758620352541	115.77885420609346
15344	28397	256	0.056399879280003895	114.85490112556712
15345	28398	256	0.05583674417871996	113.93654929456389
15346	28399	256	0.05527815278537	113.02377542202721
15347	28400	256	0.05472407710568984	112.11655627042518
15348	28401	256	0.05417448926516808	111.21486865573105
15349	28402	256	0.053629361508743555	110.31868944737779
15350	28403	256	0.05308866620051852	109.42799556823788
15351	28404	256	0.052552375823457134	108.54276399457855
15352	28405	256	0.05202046297909896	107.66297175604143
15353	28406	256	0.051492900387258005	106.78859593559768
15354	28407	256	0.05096966088573656	105.9196136695276
15355	28408	256	0.05045071743002516	105.05600214737645
15356	28409	256	0.049936043093016476	104.19773861193308
15357	28410	256	0.04942561106470603	103.3448003591865
15358	28411	256	0.048919394651906714	102.49716473830463
15359	28412	256	0.0484173672779496	101.65480915159017
15360	28413	256	0.047919502482399304	100.81771105446003
15361	28414	256	0.047425773920755476	99.98584795540131
15362	28415	256	0.04693615536416823	99.15919741595025
15363	28416	256	0.04645062069914019	98.33773705064831
15364	28417	256	0.04596914392724292	97.52144452702186
15365	28418	256	0.04549169916481897	96.7102975655374
15366	28419	256	0.04501826064269892	95.90427393958174
15367	28420	256	0.0445488027059042	95.10335147541738
15369	28422	256	0.044083299813364216	94.30750805216216
15370	28423	256	0.0436217265376201	93.51672160174546
15371	28424	256	0.043164057564542	92.73097010888713
15372	28425	256	0.042710267693033654	91.95023161105433
15373	28426	256	0.04226033183474984	91.17448419844003
15375	28428	256	0.04181422501380169	90.40370601392013
15376	28429	256	0.04137192236647466	89.63787525303205
15377	28430	256	0.04093339914093425	88.87697016393173
15378	28431	256	0.04049863069694443	88.12096904737223
15379	28432	256	0.040067592505574026	87.36985025666098
15380	28433	256	0.039640260148915515	86.62359219763817
15381	28434	256	0.03921660931979202	85.88217332863421
15383	28436	256	0.03879661582147651	85.14557216044811
15385	28438	256	0.038380255567399345	84.41376725630482
15387	28440	256	0.03796750458086798	83.68673723183389
15388	28441	256	0.03755833899477502	82.9644607550268
15389	28442	256	0.03715273505131839	82.24691654621542
15394	28447	256	0.03675066910171	81.5340833780297
15395	28448	256	0.03635211760589619	80.82594007537591
15396	28449	256	0.03595705713226711	80.12246551539448
15399	28452	256	0.0355654643573776	79.42363862743822
15400	28453	256	0.03517731606565711	78.72943839303045
15401	28454	256	0.03479258914913091	78.03984384584271
15402	28455	256	0.03441126060713068	77.35483407165341
15403	28456	256	0.03403330754601624	76.67438820832554
15404	28457	256	0.03365870717888655	75.99848544576508
15405	28458	256	0.03328743682530184	75.32710502589885
15407	28460	256	0.03291947391099533	74.66022624263312
15408	28461	256	0.032554795967595744	73.99782844183132
15409	28462	256	0.03219338063233955	73.33989102127279
15410	28463	256	0.03183520564779389	72.68639343063043
15411	28464	256	0.03148024886156946	72.03731517142955
15412	28465	256	0.031128488226043756	71.39263579702543
15413	28466	256	0.03077990179807467	70.75233491256249
15414	28467	256	0.030434467738724047	70.11639217495159
15415	28468	256	0.03009216431297186	69.48478729282932
15416	28469	256	0.029752969889440244	68.85750002653545
15419	28472	256	0.02941686294010817	68.23451018807218
15420	28473	256	0.029083822040035914	67.6157976410814
15421	28474	256	0.028753825867080942	67.0013423008055
15422	28475	256	0.028426853201619858	66.39112413405901
15426	28479	256	0.028102882926270566	65.78512315920007
15427	28480	256	0.027781894025609058	65.1833194460917
15428	28481	256	0.02746386558589477	64.58569311607845
15429	28482	256	0.027148776794787402	63.992224341946546
15430	28483	256	0.02683660694107278	63.40289334790089
15431	28484	256	0.02652733541438012	62.81768040952503
15432	28485	256	0.02622094170490832	62.23656585375804
15433	28486	256	0.02591740540314386	61.65953005885484
15434	28487	256	0.025616706199587492	61.086553454362985
15435	28488	256	0.02531882388447266	60.51761652108304
15436	28489	256	0.025023738347492594	59.95269979104519
15437	28490	256	0.02473142957751937	59.391783847470016
15438	28491	256	0.02444187766233137	58.8348493247449
15440	28493	256	0.024155062788332876	58.28187690838481
15441	28494	256	0.023870965240282024	57.73284733500887
15442	28495	256	0.023589565401010884	57.187741392301234
15445	28498	256	0.023310843751153835	56.64653991898737
15446	28499	256	0.023034780868868256	56.10922380479531
15447	28500	256	0.02276135742956329	55.57577399043185
15448	28501	256	0.022490554205621058	55.04617146754375
15449	28502	256	0.02222235206612588	54.52039727869407
15450	28503	256	0.02195673197658605	53.998432517323444
15451	28504	256	0.021693674998663395	53.480258327726226
15452	28505	256	0.021433162289895714	52.96585590501206
15453	28506	256	0.021175175103426713	52.45520649508197
15454	28507	256	0.020919694787728906	51.948291394589866
15455	28508	256	0.020666702786334108	51.44509195091874
15458	28511	256	0.020416180637556826	50.945589562142345
15459	28512	256	0.020168109974225093	50.44976567700112
15463	28516	256	0.01992247252340456	49.957601794864196
15464	28517	256	0.019679250106129625	49.46907946570517
15465	28518	256	0.019438424637128093	48.984180290064266
15466	28519	256	0.019199978124552784	48.50288591902404
15467	28520	256	0.01896389266970664	48.02517805417159
15468	28521	256	0.018730150466774845	47.55103844757437
15469	28522	256	0.018498733802550422	47.0804489017424
15472	28525	256	0.018269625056166774	46.613391269604065
15473	28526	256	0.018042806698823844	46.14984745446844
15474	28527	256	0.017818261293521053	45.68979941000104
15475	28528	256	0.01759597149478399	45.233229140186204
15476	28529	256	0.017375920048397813	44.78011869930289
15479	28532	256	0.017158089791134454	44.33045019188719
15480	28533	256	0.01694246365048638	43.884205772707894
15484	28537	256	0.01672902464439445	43.44136764672937
15486	28539	256	0.016517755880982008	43.00191806908688
15487	28540	256	0.016308640558283294	42.56583934504969
15488	28541	256	0.016101661963977974	42.13311382999631
15489	28542	256	0.015896803475120045	41.70372392937764
15490	28543	256	0.015694048557872833	41.27765209869228
15491	28544	256	0.015493380767238435	40.854880843449784
15492	28545	256	0.015294783746793042	40.435392719145796
15493	28546	256	0.01509824122841701	40.01917033122554
15494	28547	256	0.014903737032030582	39.606196335058875
15499	28552	256	0.014711255065324466	39.1964534359039
15500	28553	256	0.014520779323495986	38.78992438888195
15501	28554	256	0.014332293888980167	38.38659199894129
15502	28555	256	0.014145782931186358	37.98643912083216
15504	28557	256	0.013961230706229783	37.58944865907044
15505	28558	256	0.013778621556668619	37.19560356791276
15506	28559	256	0.01359793991123608	36.80488685132032
15508	28561	256	0.013419170284577857	36.41728156293372
15509	28562	256	0.013242297276984798	36.032770806037156
15510	28563	256	0.013067305574130736	35.65133773353312
15511	28564	256	0.012894179946805662	35.2729655479066
15512	28565	256	0.012722905250654018	34.897637501199874
15513	28566	256	0.012553466425908367	34.52533689497676
15515	28568	256	0.012385848497128116	34.15604708029737
15517	28570	256	0.012220036572933687	33.78975145768245
15518	28571	256	0.01205601584574567	33.426433477088146
15521	28574	256	0.01189377159151953	33.066076637870424
15522	28575	256	0.011733289169485149	32.70866448875976
15524	28577	256	0.011574554021882063	32.354180627825734
15526	28579	256	0.01141755167369943	32.002608702451624
15528	28581	256	0.011262267732411744	31.653932409299063
15529	28582	256	0.011108687887719291	31.308135494282777
15533	28586	256	0.010956797911284332	30.965201752535172
15534	28587	256	0.010806583656471948	30.625115028381018
15535	28588	256	0.010658031058086817	30.287859215302316
15537	28590	256	0.010511126132114407	29.953418255912784
15538	28591	256	0.01036585497545829	29.621776141922883
15539	28592	256	0.010222203765681762	29.29291691411426
15540	28593	256	0.010080158760745656	28.9668246623049
15546	28599	256	0.00993970629875037	28.64348352532347
15547	28600	256	0.009800832797674203	28.322877690974636
15549	28602	256	0.00966352475511583	28.004991396013395
15551	28604	256	0.009527768748033091	27.689808926110395
15552	28605	256	0.009393551432485889	27.377314615826258
15554	28607	256	0.00926085954337555	27.067492848577114
15555	28608	256	0.009129679894188053	26.760328056608724
15560	28613	256	0.00899999937673396	26.455804720962224
15562	28615	256	0.008871804960892047	26.153907371448195
15567	28620	256	0.008745083694349681	25.854620586612427
15570	28623	256	0.008619822702346992	25.557928993710128
15594	28647	256	0.008496009187417632	25.2638172686716
15597	28650	256	0.008373630429133411	24.97227013607649
15599	28652	256	0.008252673783845584	24.683272369119628
15604	28657	256	0.008133126684429861	24.396808789585133
15608	28661	256	0.008014976640028213	24.112864267812412
15611	28664	256	0.007898211235794306	23.83142372267025
15612	28665	256	0.007782818132635809	23.552472121522865
15613	28666	256	0.00766878506696021	23.275994480203945
15616	28669	256	0.00755609985041765	23.001975862982857
15617	28670	256	0.007444750369647182	22.730401382538673
15618	28671	256	0.007334724586020048	22.461256199926392
15619	28672	256	0.007226010535386378	22.19452552455095
15620	28673	256	0.007118596327818985	21.93019461413362
15621	28674	256	0.007012470147360436	21.668248774685882
15622	28675	256	0.006907620251767378	21.408673360475998
15623	28676	256	0.006804034972258021	21.15145377400283
15624	28677	256	0.006701702713256934	20.8965754659625
15625	28678	256	0.0066006119521429705	20.64402393522217
15631	28684	256	0.006500751238994534	20.393784728786787
15632	28685	256	0.006402109196337936	20.145843441772897
15633	28686	256	0.006304674518893168	19.900185717375447
15635	28688	256	0.0062084359733226265	19.656797246841506
15636	28689	256	0.006113382397977415	19.41566376943727
15637	28690	256	0.006019502702646479	19.17677107242169
15642	28695	256	0.005926785868303376	18.940104991013555
15645	28698	256	0.005835220946855866	18.705651408365174
15649	28702	256	0.005744797060893122	18.473396255529448
15653	28706	256	0.005655503403435767	18.243325511433586
15654	28707	256	0.005567329237683559	18.015425202846256
15655	28708	256	0.0054802638967658465	17.789681404351274
15656	28709	256	0.0053942967834897495	17.566080238314864
15658	28711	256	0.005309417370091008	17.344607874859282
15664	28717	256	0.005225615197982656	17.125250531830172
15696	65066	256	0.005142879877506293	16.90799447477019
3867	9865	192	0.005061201087681234	16.692826016886453
3977	10034	144	0.004980568575956195	16.479731519024096
3655	9567	128	0.004900972157958932	16.268697389633864
3799	9779	128	0.004822401717248329	16.059710084745593
11335	21359	128	0.004744847205064528	15.852756107935923
12606	23059	128	0.004668298640081428	15.647822010301745
14184	26303	128	0.004592746108157289	15.444894390427995
15133	28186	128	0.004518179762087659	15.243959894361096
4223	10490	125	0.004444589821356436	15.045005215576811
8940	17869	96	0.0043719665718892345	14.848017094953704
3733	9685	64	0.004300300365804899	14.652982320741017
3986	10054	64	0.004229581621169307	14.459887728532182
11530	21596	64	0.004159800821747335	14.268720201232725
9510	18776	48	0.0040909485167570986	14.079466669033774
1056	4118	40	0.00402301532062238	13.892114109380067
3693	9624	32	0.003955991912727283	13.706649546943423
8898	17815	32	0.0038898690371691434	13.523060053590832
2387	7515	16	0.003824637502513572	13.341332748357878
8746	17579	12	0.0037602881815479855	13.161454797417315
526	2184	9	0.0036968120110364784	12.9834134140508
506	2128	8	0.003634199991474944	12.80719585862073
2194	7082	4	0.00357244318684527	12.63278943853887
79	140	0	0.0035115327243714295	12.460181508239707
93	186	0	0.0034514597942740567	12.289359469148923
118	264	0	0.0033922156495269353	12.120310769656683
139	374	0	0.0033337916056120284	11.953022905086144
162	589	0	0.0032761790402764104	11.787483417666811
227	838	0	0.0032193693932877562	11.623679896503118
259	1240	0	0.0031633541661916665	11.461599977547698
265	1252	0	0.003108124922067638	11.301231343570093
383	1744	0	0.0030536732852868053	11.142561724130013
410	1829	0	0.0029999909412683576	10.985578895546084
416	1840	0	0.002947069636237724	10.830270680869155
433	1883	0	0.0028949011769834228	10.67662494985107
527	2188	0	0.0028434774306156747	10.524629618917968
549	2493	0	0.002792790324323715	10.374272651139163
626	2679	0	0.002742831845134809	10.225542056200393
680	2871	0	0.0026935940396720396	10.078425890372799
738	3211	0	0.0026450690139137277	9.932912256486153
780	3294	0	0.002597248932951674	9.788989303897916
824	3368	0	0.002550126020751002	9.646645228466442
847	3429	0	0.002503692559908855	9.505868272520129
862	3465	0	0.0024579408914146496	9.366646724830598
993	3840	0	0.0024128634144092356	9.228968920581936
997	3850	0	0.002368452585945553	9.092823241343831
1003	3878	0	0.0023247009207482466	8.958198115040895
1097	4258	0	0.0022816009909747558	8.825082015925842
1142	4447	0	0.002239145425975358	8.693463464548799
1152	4474	0	0.0021973269120546864	8.56333102773054
1188	4600	0	0.0021561381922322294	8.43467331853186
1202	4635	0	0.0021155720660042438	8.307478996226747
1346	4923	0	0.0020756213891047204	8.181736766271886
1447	5405	0	0.0020362790732677072	8.057435380279797
1451	5413	0	0.001997538085988731	7.934563635988442
1494	5496	0	0.0019593914502875195	7.813110377234291
1556	5600	0	0.0019218322444698778	7.6930644939220345
1562	5607	0	0.0018848536018908361	7.574414921997674
1684	5976	0	0.0018484487107169566	7.457150643418255
1692	6026	0	0.0018126108136898988	7.341260686124951
1695	6038	0	0.0017773332078891816	7.226734124012909
1732	6124	0	0.0017426092444961536	7.113560076904291
1768	6224	0	0.0017084323285572012	7.0017277105181925
1774	6241	0	0.0016747959187481342	6.891226236443687
1894	6492	0	0.0016416935271378313	6.7820449121097885
1924	6555	0	0.0016091187189530543	6.67417304075854
1933	6579	0	0.0015770651123425223	6.567599971415
1966	6664	0	0.001545526378142137	6.46231509886032
1968	6666	0	0.0015144962396395109	6.35830786360183
2020	6745	0	0.0014839684723396004	6.25556775184611
2034	6770	0	0.001453936903729667	6.1540842954691035
2232	7173	0	0.0014243954130453308	6.053847071989213
2243	7194	0	0.0013953379310359768	5.954845704537504
2280	7290	0	0.0013667584397312048	5.85706986183073
2281	7292	0	0.0013386509722066846	5.760509258141653
2401	7533	0	0.0013110096123510212	5.6651536532720685
2523	7707	0	0.0012838284946320392	5.570992852523152
2564	7783	0	0.0012571018038640624	5.478016706668509
2599	7860	0	0.0012308237749746398	5.386215111924586
2637	7939	0	0.0012049886927722284	5.2955780099237
2840	8306	0	0.001179590891713362	5.206095387684535
2899	8384	0	0.0011546247556707434	5.117757277585155
3048	8631	0	0.0011300847177008425	5.030553757333556
3078	8683	0	0.001105965259812409	4.94447494994071
3138	8764	0	0.0010822609127344967	4.859511023691143
3327	9057	0	0.0010589662556853886	4.775652192115991
3421	9193	0	0.001036075916141057	4.692888713963652
3519	9350	0	0.0010135845696044939	4.611210893172824
3560	9420	0	9.914869393746093E-4	4.530609078843232
3570	9438	0	9.69777796315964E-4	4.451073665208645
3620	9514	0	9.484519586281051E-4	4.37259509160769
3725	9670	0	9.275042916157073E-4	4.295163842456861
3827	9813	0	9.069297074583355E-4	4.218770447221377
3924	9963	0	8.867231649809985E-4	4.143405480388213
4003	10084	0	8.668796694243384E-4	4.069059561437004
4156	10349	0	8.473942722155966E-4	3.995723354813086
4215	10476	0	8.28262070739228E-4	3.923387569898453
4230	10508	0	8.094782081082778E-4	3.852042960984805
4292	10631	0	7.910378729354217E-4	3.781680327244558
4341	10718	0	7.729362991047524E-4	3.7122905127038974
4369	10770	0	7.551687655432464E-4	3.6438644062138494
4412	10851	0	7.377305959929547E-4	3.5763929414233244
4460	10953	0	7.206171587829017E-4	3.509867096750264
4486	10991	0	7.03823866601679E-4	3.444277895354678
4522	11056	0	6.873461762697683E-4	3.3796164051098394
4546	11095	0	6.711795885125464E-4	3.315873738575344
4713	11379	0	6.553196477330292E-4	3.25304105296835
4764	11466	0	6.397619417852838E-4	3.1911095501366433
4842	11588	0	6.245021017475963E-4	3.1300704765299305
4851	11602	0	6.095358016962906E-4	3.0699151231729185
4856	11607	0	5.948587584793172E-4	3.0106348256366537
4901	11678	0	5.804667314904785E-4	2.952220964011605
5023	11855	0	5.663555224434399E-4	2.894664962879067
5045	11890	0	5.5252097514636E-4	2.8379582912842434
5113	11987	0	5.389589752763229E-4	2.782092462707704
5124	12004	0	5.256654501543724E-4	2.727059035038473
5181	12093	0	5.126363685203656E-4	2.672849610545545
5191	12110	0	4.998677403084109E-4	2.6194558358509736
5198	12118	0	4.8735561642214176E-4	2.5668694019014455
5220	12148	0	4.7509608851055755E-4	2.515082043941373
5243	12182	0	4.6308528874371624E-4	2.4640855414845184
5725	12887	0	4.5131938958898E-4	2.413871718287104
6058	13329	0	4.3979460358712453E-4	2.364432442319478
6079	13366	0	4.2850718312898844E-4	2.3157596257392354
6140	13470	0	4.1745342023199886E-4	2.267845224862939
6147	13477	0	4.066296463172242E-4	2.2206812401392417
6346	13796	0	3.960322319863168E-4	2.1742597161206696
6353	13809	0	3.856575867989656E-4	2.1285727414367406
6371	13835	0	3.7550215905025696E-4	2.083612448765805
6387	13856	0	3.6556243554852834E-4	2.0393710148081756
6454	13965	0	3.558349413931419E-4	1.9958406602580099
6578	14183	0	3.46316239752743E-4	1.9530136497764583
6611	14238	0	3.3700293164344526E-4	1.9108822919635915
6621	14262	0	3.2789165570749126E-4	1.869438939331561
6695	14368	0	3.1897908799185013E-4	1.828675988276573
6807	14550	0	3.102619417272788E-4	1.788585879052059
6869	14661	0	3.0173696710733284E-4	1.7491610957407044
7033	14954	0	2.9340095106782744E-4	1.7103941662276245
7037	14959	0	2.852507170662592E-4	1.6722776621724398
7284	15383	0	2.772831248616679E-4	1.6348041989824678
7286	15385	0	2.694950702944684E-4	1.597966435784845
7461	15622	0	2.618834850667124E-4	1.5617570753997294
7463	15624	0	2.5444533652232943E-4	1.5261688643124671
7631	15839	0	2.471776274277887E-4	1.4911945926468135
7655	15870	0	2.400773957527488E-4	1.456827094137142
7791	16060	0	2.3314171445111762E-4	1.4230592461016751
7890	16183	0	2.2636769124211145E-4	1.3898839694147485
7934	16244	0	2.1975246839171239E-4	1.357294228480045
7967	16287	0	2.1329322249413553E-4	1.3252830312029114
8094	16488	0	2.069871642536835E-4	1.2938434289636016
8347	16905	0	2.0083153826662127E-4	1.2629685165896412
8394	17000	0	1.9482362280342805E-4	1.2326514323290851
8396	17008	0	1.8896072959107712E-4	1.2028853578229233
8423	17047	0	1.8324020359568576E-4	1.1736635180783543
8462	17118	0	1.7765942280519994E-4	1.144979181441237
8534	17238	0	1.7221579801244159E-4	1.1168256595693793
8664	17462	0	1.6690677259819636E-4	1.0891963074050295
8687	17498	0	1.6172982231465788E-4	1.062084523148182
8778	17624	0	1.5668245506891997E-4	1.0354837482291155
8837	17713	0	1.5176221070681506E-4	1.0093874672817085
8856	17748	0	1.4696666079681058E-4	0.9837892081160242
8937	17866	0	1.4229340841424244E-4	0.95868254169164
8993	17943	0	1.3774008792561342E-4	0.9340610820902764
9061	18047	0	1.3330436477322204E-4	0.9099184864891431
9294	18392	0	1.289839352598614E-4	0.8862484551336047
9344	18511	0	1.2477652633384372E-4	0.8630447313105506
9348	18517	0	1.2067989537409967E-4	0.8403011013211005
9430	18656	0	1.1669182997559595E-4	0.8180113944539854
9450	18688	0	1.1281014773484256E-4	0.7961694829583391
9585	18890	0	1.0903269603566997E-4	0.7747692820169048
9643	18989	0	1.053573518352022E-4	0.7538047497192445
9668	19035	0	1.017820214499621E-4	0.7332698870345907
9719	19120	0	9.830464034227238E-5	0.7131587377852704
9798	19244	0	9.492317290675258E-5	0.69346538861956
9899	19410	0	9.163561225711211E-5	0.6741839689851251
10057	19655	0	8.843998001304462E-5	0.6553086511019147
10232	19938	0	8.533432608741328E-5	0.6368336499356203
10287	20011	0	8.231672847354231E-5	0.6187532231706122
10340	20089	0	7.938529303279298E-5	0.6010616711834115
10394	20162	0	7.653815328225179E-5	0.5837533370156707
10458	20264	0	7.377347018269759E-5	0.566822606347663
10484	20306	0	7.108943192668465E-5	0.5502639074712999
10524	20367	0	6.848425372690094E-5	0.5340717112636421
10679	20562	0	6.595617760464581E-5	0.5182405311599552
10712	20606	0	6.350347217857803E-5	0.5027649231272386
10741	20645	0	6.112443245358788E-5	0.487639485637321
10774	20681	0	5.881737960993465E-5	0.47285885964040747
11151	21142	0	5.65806607925123E-5	0.45841772853821494
11276	21289	0	5.441264890037591E-5	0.4443108181575374
11307	21325	0	5.2311742376400026E-5	0.4305328967234191
11367	21396	0	5.0276364997193844E-5	0.4170787748327399
11431	21471	0	4.830496566315167E-5	0.40394330542742685
11656	21780	0	4.6396018188756336E-5	0.3911213837680601
11678	21809	0	4.4548021093020737E-5	0.3786079474071191
11687	21820	0	4.275949739017899E-5	0.3663979761626104
11696	21831	0	4.102899438051913E-5	0.3544864920913524
11823	22012	0	3.935508344146093E-5	0.3428685594626212
11856	22057	0	3.773635981877887E-5	0.3315392847314731
11923	22143	0	3.617144241806665E-5	0.32049381651241116
12211	22530	0	3.465897359634961E-5	0.30972734555274445
12296	22648	0	3.319761895393534E-5	0.29923510470627485
12383	22766	0	3.178606712641498E-5	0.28901236890669335
12385	22769	0	3.042302957689943E-5	0.2790544551412873
12392	22778	0	2.9107240388408795E-5	0.2693567224243726
12400	22788	0	2.7837456056493854E-5	0.259914571771023
12414	22803	0	2.6612455282012945E-5	0.2507234461705376
12550	22985	0	2.543103876413805E-5	0.24177883056019112
12554	22990	0	2.4292028993518666E-5	0.23307625179873748
12558	22994	0	2.3194270045672024E-5	0.22461127864018207
12611	23067	0	2.213662737453313E-5	0.21637952170731956
12655	23122	0	2.1117987606228654E-5	0.20837663346552848
12701	23181	0	2.0137258333012714E-5	0.20059830819634475
12738	23237	0	1.919336790742373E-5	0.1930402819712769
12782	23294	0	1.828526523660529E-5	0.18569833262541524
12839	23366	0	1.741191957684561E-5	0.17856827973126918
12845	23372	0	1.65723203282828E-5	0.17164598457241084
12919	23477	0	1.576547682982641E-5	0.16492735011733473
12973	23544	0	1.4990418154246428E-5	0.15840832099313545
13100	24720	0	1.4246192903476496E-5	0.1520848834593903
13217	24867	0	1.353186900408596E-5	0.1459530653818706
13393	25095	0	1.2846533502964225E-5	0.1400089362064474
13669	25534	0	1.2189292363175329E-5	0.13424860693283638
13672	25547	0	1.1559270260022829E-5	0.12866823008852654
13696	25615	0	1.0955610377286315E-5	0.12326399970255847
13706	25631	0	1.0377474203666345E-5	0.11803215127947639
13724	25656	0	9.824041329402257E-6	0.11296896177313966
13752	25689	0	9.29450924309664E-6	0.10807074956069795
13859	25847	0	8.788093128713835E-6	0.10333387441643584
13872	25866	0	8.304025662783426E-6	0.09875473748577152
13905	25910	0	7.841556811778861E-6	0.09432978125913442
13948	25968	0	7.399953629699389E-6	0.09005548954598702
14082	26154	0	6.978500055828197E-6	0.08592838744873539
14201	26333	0	6.5764967126923524E-6	0.08194504133677492
14215	26353	0	6.193260704199772E-6	0.07810205882043285
14229	26375	0	5.82812541397666E-6	0.07439608872503818
14268	26425	0	5.480440303882776E-6	0.07082382106489649
14315	26494	0	5.149570712725798E-6	0.06738198701738368
14323	26507	0	4.834897655154261E-6	0.06406735889695266
14346	26538	0	4.535817620748382E-6	0.060876750129251735
14347	26539	0	4.2517423732900814E-6	0.057807015225162676
14414	26650	0	3.982098750229701E-6	0.054855049754943666
14443	26696	0	3.7263284623325395E-6	0.05201779032229881
14445	26699	0	3.483887893520942E-6	0.049292214538545626
14451	26709	0	3.254247900896755E-6	0.04667534099671584
14502	26798	0	3.036893614958282E-6	0.044164229245747734
14522	26830	0	2.8313242399980596E-6	0.041755979764617895
14576	26934	0	2.6370528546941397E-6	0.03944773393655836
14577	26935	0	2.4536062128826225E-6	0.037236674023219334
14596	26995	0	2.280524544522741E-6	0.03512002313891134
14602	27022	0	2.117361356843558E-6	0.033095045224798565
15670	64606	0	1.9636832356823378E-6	0.031159045023166226
15671	64616	0	1.8190696470048164E-6	0.0293093680516442
15672	64621	0	1.6831127386163453E-6	0.02754340057749992
15673	64626	0	1.5554171420551536E-6	0.02585856959189206
15674	64628	0	1.4355997746757276E-6	0.02425234278418895
15675	64633	0	1.3232896419145136E-6	0.022722228516252406
15676	64634	0	1.2181276397449829E-6	0.021265775796781506
15677	64635	0	1.1197663573152071E-6	0.019880574255626452
15678	64637	0	1.0278698797740903E-6	0.018564254118157975
15679	64638	0	9.421135912802364E-7	0.01731448617961088
15680	64732	0	8.621839781988236E-7	0.016128981779479246
15681	64733	0	7.877784324811982E-7	0.015005492775889568
15682	64734	0	7.186050552318559E-7	0.01394181152002175
15683	64737	0	6.543824604581979E-7	0.01293577083051166
15684	64738	0	5.948395790070925E-7	0.011985243967898122
15685	64740	0	5.397154626842269E-7	0.011088144609054709
15686	64746	0	4.887590885597174E-7	0.010242426821662744
15687	64747	0	4.4172916345649703E-7	0.009446085038672237
15688	65006	0	3.9839392862444123E-7	0.00869715403280099
15689	65035	0	3.5853096459723316E-7	0.007993708891024501
15690	65037	0	3.219269962344739E-7	0.007333864989101289
15691	65038	0	2.883776979464662E-7	0.006715777966091616
15692	65051	0	2.576874991037767E-7	0.0061376436989090755
15693	65053	0	2.296693896293825E-7	0.0055976982768680275
15697	65067	0	2.0414472577515462E-7	0.005094217976261537
15700	65076	0	1.8094303608081277E-7	0.004625519234937365
15701	65078	0	1.5990182751679593E-7	0.004189958626902328
15702	65103	0	1.4086639180947395E-7	0.003785932836926727
15703	65115	0	1.2368961194987305E-7	0.003411878635175182
15704	65120	0	1.0823176888459325E-7	0.0030662728518393912
15705	65121	0	9.436034838985569E-8	0.0027476323517954945
15706	65125	0	8.194984812757666E-8	0.0024545140092650337
15707	65126	0	7.088158488420443E-8	0.002185514682498909
15708	65131	0	6.104350199140229E-8	0.0019392711884664345
15709	65132	0	5.232997692914213E-8	0.001714460277565937
15710	65133	0	4.464162911044973E-8	0.00150979860834178
15711	65134	0	3.788512784822282E-8	0.0013240427222216617
15712	65139	0	3.197300050349446E-8	0.0011559890182615165
15713	65141	0	2.6823440815442353E-8	0.0010044737279095385
15714	65142	0	2.2360117412627264E-8	8.683728897788624E-4
15715	65143	0	1.8511982505661085E-8	7.466023244383549E-4
15716	65146	0	1.521308076087862E-8	6.381176092129776E-4
15717	65147	0	1.2402358355131895E-8	5.41914053001378E-4
15718	65148	0	1.0023472211354951E-8	4.570266711038459E-4
15719	65149	0	8.024599414952233E-9	3.8253016006673386E-4
15720	65153	0	6.358246810717199E-9	3.175388725379156E-4
15721	65157	0	4.9810607802828585E-9	2.612067921380635E-4
15722	65158	0	3.853637199856512E-9	2.1272750834352893E-4
15723	65161	0	2.940331578200534E-9	1.7133419138449398E-4
15724	65170	0	2.209069374646808E-9	1.3629956715519715E-4
15725	65175	0	1.6311564970762705E-9	1.069358921389743E-4
15726	65215	0	1.181089979677731E-9	8.259492834575798E-5
15727	65398	0	8.363688403950596E-10	6.26679182640183E-5
15728	65400	0	5.773051178962088E-10	4.658555982546675E-5
15729	65401	0	3.868350879573289E-10	3.381798138390427E-5
15730	65402	0	2.50330659108929E-10	2.3874716707065795E-5
15731	65403	0	1.5541094742661064E-10	1.6304679982377424E-5
15732	65404	0	9.175403032237537E-11	1.0696140835882399E-5
15733	65406	0	5.090887921214653E-11	6.676699364905224E-6
15734	65408	0	2.6107470921240125E-11	3.913261184004163E-6
15735	65411	0	1.2077077699359279E-11	2.1120124845356783E-6
15736	65416	0	4.85273571022204E-12	1.0183951075830428E-6
15737	65419	0	1.5898918652657885E-12	4.1708163041006385E-7
15738	65425	0	3.772288683565236E-13	1.3195046631985408E-7
15739	65444	0	4.9668340037261965E-14	2.606097798249177E-8
15740	65454	0	1.5518891302193893E-15	1.6286041823436156E-9
15741	65526	0	-0.0	0.0
